kotlin version: 2.0.21
error message: org.jetbrains.kotlin.backend.common.BackendException: Backend Internal error: Exception during IR lowering
File being compiled: D:/Projects/voronkov/MonteLang/src/app/src/main/java/com/crnogorski/trener/ui/StoryScreen.kt
The root cause java.lang.RuntimeException was thrown at: org.jetbrains.kotlin.backend.jvm.codegen.FunctionCodegen.generate(FunctionCodegen.kt:47)
	at org.jetbrains.kotlin.backend.common.CodegenUtil.reportBackendException(CodegenUtil.kt:253)
	at org.jetbrains.kotlin.backend.common.CodegenUtil.reportBackendException$default(CodegenUtil.kt:236)
	at org.jetbrains.kotlin.backend.common.phaser.PerformByIrFilePhase.invokeSequential(performByIrFile.kt:65)
	at org.jetbrains.kotlin.backend.common.phaser.PerformByIrFilePhase.invoke(performByIrFile.kt:52)
	at org.jetbrains.kotlin.backend.common.phaser.PerformByIrFilePhase.invoke(performByIrFile.kt:38)
	at org.jetbrains.kotlin.backend.common.phaser.NamedCompilerPhase.phaseBody(CompilerPhase.kt:166)
	at org.jetbrains.kotlin.backend.common.phaser.AbstractNamedCompilerPhase.invoke(CompilerPhase.kt:113)
	at org.jetbrains.kotlin.backend.common.phaser.CompositePhase.invoke(PhaseBuilders.kt:27)
	at org.jetbrains.kotlin.backend.common.phaser.CompositePhase.invoke(PhaseBuilders.kt:14)
	at org.jetbrains.kotlin.backend.common.phaser.NamedCompilerPhase.phaseBody(CompilerPhase.kt:166)
	at org.jetbrains.kotlin.backend.common.phaser.AbstractNamedCompilerPhase.invoke(CompilerPhase.kt:113)
	at org.jetbrains.kotlin.backend.common.phaser.CompilerPhaseKt.invokeToplevel(CompilerPhase.kt:62)
	at org.jetbrains.kotlin.backend.jvm.JvmIrCodegenFactory.invokeCodegen(JvmIrCodegenFactory.kt:371)
	at org.jetbrains.kotlin.codegen.CodegenFactory.generateModule(CodegenFactory.kt:47)
	at org.jetbrains.kotlin.backend.jvm.JvmIrCodegenFactory.generateModuleInFrontendIRMode(JvmIrCodegenFactory.kt:433)
	at org.jetbrains.kotlin.cli.jvm.compiler.pipeline.JvmCompilerPipelineKt.generateCodeFromIr(jvmCompilerPipeline.kt:246)
	at org.jetbrains.kotlin.cli.jvm.compiler.pipeline.JvmCompilerPipelineKt.compileModulesUsingFrontendIrAndLightTree(jvmCompilerPipeline.kt:142)
	at org.jetbrains.kotlin.cli.jvm.K2JVMCompiler.doExecute(K2JVMCompiler.kt:148)
	at org.jetbrains.kotlin.cli.jvm.K2JVMCompiler.doExecute(K2JVMCompiler.kt:43)
	at org.jetbrains.kotlin.cli.common.CLICompiler.execImpl(CLICompiler.kt:103)
	at org.jetbrains.kotlin.cli.common.CLICompiler.execImpl(CLICompiler.kt:49)
	at org.jetbrains.kotlin.cli.common.CLITool.exec(CLITool.kt:101)
	at org.jetbrains.kotlin.incremental.IncrementalJvmCompilerRunner.runCompiler(IncrementalJvmCompilerRunner.kt:464)
	at org.jetbrains.kotlin.incremental.IncrementalJvmCompilerRunner.runCompiler(IncrementalJvmCompilerRunner.kt:73)
	at org.jetbrains.kotlin.incremental.IncrementalCompilerRunner.doCompile(IncrementalCompilerRunner.kt:506)
	at org.jetbrains.kotlin.incremental.IncrementalCompilerRunner.compileImpl(IncrementalCompilerRunner.kt:423)
	at org.jetbrains.kotlin.incremental.IncrementalCompilerRunner.tryCompileIncrementally$lambda$9$compile(IncrementalCompilerRunner.kt:249)
	at org.jetbrains.kotlin.incremental.IncrementalCompilerRunner.tryCompileIncrementally(IncrementalCompilerRunner.kt:267)
	at org.jetbrains.kotlin.incremental.IncrementalCompilerRunner.compile(IncrementalCompilerRunner.kt:120)
	at org.jetbrains.kotlin.daemon.CompileServiceImplBase.execIncrementalCompiler(CompileServiceImpl.kt:675)
	at org.jetbrains.kotlin.daemon.CompileServiceImplBase.access$execIncrementalCompiler(CompileServiceImpl.kt:92)
	at org.jetbrains.kotlin.daemon.CompileServiceImpl.compile(CompileServiceImpl.kt:1660)
	at java.base/jdk.internal.reflect.DirectMethodHandleAccessor.invoke(DirectMethodHandleAccessor.java:103)
	at java.base/java.lang.reflect.Method.invoke(Method.java:580)
	at java.rmi/sun.rmi.server.UnicastServerRef.dispatch(UnicastServerRef.java:360)
	at java.rmi/sun.rmi.transport.Transport$1.run(Transport.java:200)
	at java.rmi/sun.rmi.transport.Transport$1.run(Transport.java:197)
	at java.base/java.security.AccessController.doPrivileged(AccessController.java:714)
	at java.rmi/sun.rmi.transport.Transport.serviceCall(Transport.java:196)
	at java.rmi/sun.rmi.transport.tcp.TCPTransport.handleMessages(TCPTransport.java:598)
	at java.rmi/sun.rmi.transport.tcp.TCPTransport$ConnectionHandler.run0(TCPTransport.java:844)
	at java.rmi/sun.rmi.transport.tcp.TCPTransport$ConnectionHandler.lambda$run$0(TCPTransport.java:721)
	at java.base/java.security.AccessController.doPrivileged(AccessController.java:400)
	at java.rmi/sun.rmi.transport.tcp.TCPTransport$ConnectionHandler.run(TCPTransport.java:720)
	at java.base/java.util.concurrent.ThreadPoolExecutor.runWorker(ThreadPoolExecutor.java:1144)
	at java.base/java.util.concurrent.ThreadPoolExecutor$Worker.run(ThreadPoolExecutor.java:642)
	at java.base/java.lang.Thread.run(Thread.java:1583)
Caused by: java.lang.RuntimeException: Exception while generating code for:
FUN name:MaskedText-FNF3uiM visibility:private modality:FINAL <> (text:kotlin.String, style:androidx.compose.ui.text.TextStyle, color:androidx.compose.ui.graphics.Color, onReveal:kotlin.Function0<kotlin.Unit>, $composer:androidx.compose.runtime.Composer?, $changed:kotlin.Int) returnType:kotlin.Unit
  annotations:
    OptIn(markerClass = [CLASS_REFERENCE 'CLASS IR_EXTERNAL_DECLARATION_STUB ANNOTATION_CLASS name:ExperimentalLayoutApi modality:OPEN visibility:public superTypes:[kotlin.Annotation]' type=kotlin.reflect.KClass<androidx.compose.foundation.layout.ExperimentalLayoutApi>])
    Composable
    ComposableTarget(applier = "androidx.compose.ui.UiComposable")
  VALUE_PARAMETER name:text index:0 type:kotlin.String
  VALUE_PARAMETER name:style index:1 type:androidx.compose.ui.text.TextStyle
  VALUE_PARAMETER name:color index:2 type:androidx.compose.ui.graphics.Color
  VALUE_PARAMETER name:onReveal index:3 type:kotlin.Function0<kotlin.Unit>
  VALUE_PARAMETER name:$composer index:4 type:androidx.compose.runtime.Composer? [assignable]
  VALUE_PARAMETER name:$changed index:5 type:kotlin.Int
  BLOCK_BODY
    BLOCK type=kotlin.Unit origin=null
      SET_VAR '$composer: androidx.compose.runtime.Composer? [assignable] declared in com.crnogorski.trener.ui.StoryScreenKt.MaskedText-FNF3uiM' type=androidx.compose.runtime.Composer? origin=null
        CALL 'public abstract fun startRestartGroup (key: kotlin.Int): androidx.compose.runtime.Composer declared in androidx.compose.runtime.Composer' type=androidx.compose.runtime.Composer origin=null
          $this: GET_VAR '$composer: androidx.compose.runtime.Composer? [assignable] declared in com.crnogorski.trener.ui.StoryScreenKt.MaskedText-FNF3uiM' type=androidx.compose.runtime.Composer? origin=null
          key: CONST Int type=kotlin.Int value=-1441647731
      CALL 'public final fun sourceInformation (composer: androidx.compose.runtime.Composer, sourceInformation: kotlin.String): kotlin.Unit declared in androidx.compose.runtime.ComposerKt' type=kotlin.Unit origin=null
        composer: GET_VAR '$composer: androidx.compose.runtime.Composer? [assignable] declared in com.crnogorski.trener.ui.StoryScreenKt.MaskedText-FNF3uiM' type=androidx.compose.runtime.Composer? origin=null
        sourceInformation: CONST String type=kotlin.String value="C(MaskedText)P(3,2,0:c#ui.graphics.Color)665@27690L22,666@27744L7,667@27768L61,675@28178L1288,672@28046L1420:StoryScreen.kt#wmtq84"
    VAR name:$dirty type:kotlin.Int [val]
      GET_VAR '$changed: kotlin.Int declared in com.crnogorski.trener.ui.StoryScreenKt.MaskedText-FNF3uiM' type=kotlin.Int origin=null
    WHEN type=kotlin.Unit origin=IF
      BRANCH
        if: CALL 'public final fun EQEQ (arg0: kotlin.Any?, arg1: kotlin.Any?): kotlin.Boolean declared in kotlin.internal.ir' type=kotlin.Boolean origin=null
          arg0: CALL 'public final fun and (other: kotlin.Int): kotlin.Int [infix] declared in kotlin.Int' type=kotlin.Int origin=null
            $this: GET_VAR '$changed: kotlin.Int declared in com.crnogorski.trener.ui.StoryScreenKt.MaskedText-FNF3uiM' type=kotlin.Int origin=null
            other: CONST Int type=kotlin.Int value=6
          arg1: CONST Int type=kotlin.Int value=0
        then: SET_VAR 'val $dirty: kotlin.Int [val] declared in com.crnogorski.trener.ui.StoryScreenKt.MaskedText-FNF3uiM' type=kotlin.Unit origin=null
          CALL 'public final fun or (other: kotlin.Int): kotlin.Int [infix] declared in kotlin.Int' type=kotlin.Int origin=null
            $this: GET_VAR 'val $dirty: kotlin.Int [val] declared in com.crnogorski.trener.ui.StoryScreenKt.MaskedText-FNF3uiM' type=kotlin.Int origin=null
            other: WHEN type=kotlin.Int origin=IF
              BRANCH
                if: CALL 'public abstract fun changed (value: kotlin.Any?): kotlin.Boolean declared in androidx.compose.runtime.Composer' type=kotlin.Boolean origin=null
                  $this: GET_VAR '$composer: androidx.compose.runtime.Composer? [assignable] declared in com.crnogorski.trener.ui.StoryScreenKt.MaskedText-FNF3uiM' type=androidx.compose.runtime.Composer? origin=null
                  value: GET_VAR 'text: kotlin.String declared in com.crnogorski.trener.ui.StoryScreenKt.MaskedText-FNF3uiM' type=kotlin.String origin=null
                then: CONST Int type=kotlin.Int value=4
              BRANCH
                if: CONST Boolean type=kotlin.Boolean value=true
                then: CONST Int type=kotlin.Int value=2
    WHEN type=kotlin.Unit origin=IF
      BRANCH
        if: CALL 'public final fun EQEQ (arg0: kotlin.Any?, arg1: kotlin.Any?): kotlin.Boolean declared in kotlin.internal.ir' type=kotlin.Boolean origin=null
          arg0: CALL 'public final fun and (other: kotlin.Int): kotlin.Int [infix] declared in kotlin.Int' type=kotlin.Int origin=null
            $this: GET_VAR '$changed: kotlin.Int declared in com.crnogorski.trener.ui.StoryScreenKt.MaskedText-FNF3uiM' type=kotlin.Int origin=null
            other: CONST Int type=kotlin.Int value=48
          arg1: CONST Int type=kotlin.Int value=0
        then: SET_VAR 'val $dirty: kotlin.Int [val] declared in com.crnogorski.trener.ui.StoryScreenKt.MaskedText-FNF3uiM' type=kotlin.Unit origin=null
          CALL 'public final fun or (other: kotlin.Int): kotlin.Int [infix] declared in kotlin.Int' type=kotlin.Int origin=null
            $this: GET_VAR 'val $dirty: kotlin.Int [val] declared in com.crnogorski.trener.ui.StoryScreenKt.MaskedText-FNF3uiM' type=kotlin.Int origin=null
            other: WHEN type=kotlin.Int origin=IF
              BRANCH
                if: CALL 'public abstract fun changed (value: kotlin.Any?): kotlin.Boolean declared in androidx.compose.runtime.Composer' type=kotlin.Boolean origin=null
                  $this: GET_VAR '$composer: androidx.compose.runtime.Composer? [assignable] declared in com.crnogorski.trener.ui.StoryScreenKt.MaskedText-FNF3uiM' type=androidx.compose.runtime.Composer? origin=null
                  value: GET_VAR 'style: androidx.compose.ui.text.TextStyle declared in com.crnogorski.trener.ui.StoryScreenKt.MaskedText-FNF3uiM' type=androidx.compose.ui.text.TextStyle origin=null
                then: CONST Int type=kotlin.Int value=32
              BRANCH
                if: CONST Boolean type=kotlin.Boolean value=true
                then: CONST Int type=kotlin.Int value=16
    WHEN type=kotlin.Unit origin=IF
      BRANCH
        if: CALL 'public final fun EQEQ (arg0: kotlin.Any?, arg1: kotlin.Any?): kotlin.Boolean declared in kotlin.internal.ir' type=kotlin.Boolean origin=null
          arg0: CALL 'public final fun and (other: kotlin.Int): kotlin.Int [infix] declared in kotlin.Int' type=kotlin.Int origin=null
            $this: GET_VAR '$changed: kotlin.Int declared in com.crnogorski.trener.ui.StoryScreenKt.MaskedText-FNF3uiM' type=kotlin.Int origin=null
            other: CONST Int type=kotlin.Int value=384
          arg1: CONST Int type=kotlin.Int value=0
        then: SET_VAR 'val $dirty: kotlin.Int [val] declared in com.crnogorski.trener.ui.StoryScreenKt.MaskedText-FNF3uiM' type=kotlin.Unit origin=null
          CALL 'public final fun or (other: kotlin.Int): kotlin.Int [infix] declared in kotlin.Int' type=kotlin.Int origin=null
            $this: GET_VAR 'val $dirty: kotlin.Int [val] declared in com.crnogorski.trener.ui.StoryScreenKt.MaskedText-FNF3uiM' type=kotlin.Int origin=null
            other: WHEN type=kotlin.Int origin=IF
              BRANCH
                if: CALL 'public open fun changed (value: kotlin.Long): kotlin.Boolean declared in androidx.compose.runtime.Composer' type=kotlin.Boolean origin=null
                  $this: GET_VAR '$composer: androidx.compose.runtime.Composer? [assignable] declared in com.crnogorski.trener.ui.StoryScreenKt.MaskedText-FNF3uiM' type=androidx.compose.runtime.Composer? origin=null
                  value: CALL 'public final fun <unsafe-coerce> <T, R> (v: T of kotlin.jvm.internal.<unsafe-coerce>): R of kotlin.jvm.internal.<unsafe-coerce> declared in kotlin.jvm.internal' type=kotlin.Long origin=null
                    <T>: androidx.compose.ui.graphics.Color
                    <R>: kotlin.Long
                    v: GET_VAR 'color: androidx.compose.ui.graphics.Color declared in com.crnogorski.trener.ui.StoryScreenKt.MaskedText-FNF3uiM' type=androidx.compose.ui.graphics.Color origin=null
                then: CONST Int type=kotlin.Int value=256
              BRANCH
                if: CONST Boolean type=kotlin.Boolean value=true
                then: CONST Int type=kotlin.Int value=128
    WHEN type=kotlin.Unit origin=IF
      BRANCH
        if: CALL 'public final fun EQEQ (arg0: kotlin.Any?, arg1: kotlin.Any?): kotlin.Boolean declared in kotlin.internal.ir' type=kotlin.Boolean origin=null
          arg0: CALL 'public final fun and (other: kotlin.Int): kotlin.Int [infix] declared in kotlin.Int' type=kotlin.Int origin=null
            $this: GET_VAR '$changed: kotlin.Int declared in com.crnogorski.trener.ui.StoryScreenKt.MaskedText-FNF3uiM' type=kotlin.Int origin=null
            other: CONST Int type=kotlin.Int value=3072
          arg1: CONST Int type=kotlin.Int value=0
        then: SET_VAR 'val $dirty: kotlin.Int [val] declared in com.crnogorski.trener.ui.StoryScreenKt.MaskedText-FNF3uiM' type=kotlin.Unit origin=null
          CALL 'public final fun or (other: kotlin.Int): kotlin.Int [infix] declared in kotlin.Int' type=kotlin.Int origin=null
            $this: GET_VAR 'val $dirty: kotlin.Int [val] declared in com.crnogorski.trener.ui.StoryScreenKt.MaskedText-FNF3uiM' type=kotlin.Int origin=null
            other: WHEN type=kotlin.Int origin=IF
              BRANCH
                if: CALL 'public open fun changedInstance (value: kotlin.Any?): kotlin.Boolean declared in androidx.compose.runtime.Composer' type=kotlin.Boolean origin=null
                  $this: GET_VAR '$composer: androidx.compose.runtime.Composer? [assignable] declared in com.crnogorski.trener.ui.StoryScreenKt.MaskedText-FNF3uiM' type=androidx.compose.runtime.Composer? origin=null
                  value: GET_VAR 'onReveal: kotlin.Function0<kotlin.Unit> declared in com.crnogorski.trener.ui.StoryScreenKt.MaskedText-FNF3uiM' type=kotlin.Function0<kotlin.Unit> origin=null
                then: CONST Int type=kotlin.Int value=2048
              BRANCH
                if: CONST Boolean type=kotlin.Boolean value=true
                then: CONST Int type=kotlin.Int value=1024
    WHEN type=kotlin.Unit origin=IF
      BRANCH
        if: CALL 'public final fun OROR (arg0: kotlin.Boolean, arg1: kotlin.Boolean): kotlin.Boolean declared in kotlin.internal.ir' type=kotlin.Boolean origin=null
          arg0: CALL 'public final fun not (): kotlin.Boolean [operator] declared in kotlin.Boolean' type=kotlin.Boolean origin=null
            $this: CALL 'public final fun EQEQ (arg0: kotlin.Any?, arg1: kotlin.Any?): kotlin.Boolean declared in kotlin.internal.ir' type=kotlin.Boolean origin=null
              arg0: CALL 'public final fun and (other: kotlin.Int): kotlin.Int [infix] declared in kotlin.Int' type=kotlin.Int origin=null
                $this: GET_VAR 'val $dirty: kotlin.Int [val] declared in com.crnogorski.trener.ui.StoryScreenKt.MaskedText-FNF3uiM' type=kotlin.Int origin=null
                other: CONST Int type=kotlin.Int value=1171
              arg1: CONST Int type=kotlin.Int value=1170
          arg1: CALL 'public final fun not (): kotlin.Boolean [operator] declared in kotlin.Boolean' type=kotlin.Boolean origin=null
            $this: CALL 'public abstract fun <get-skipping> (): kotlin.Boolean declared in androidx.compose.runtime.Composer' type=kotlin.Boolean origin=null
              $this: GET_VAR '$composer: androidx.compose.runtime.Composer? [assignable] declared in com.crnogorski.trener.ui.StoryScreenKt.MaskedText-FNF3uiM' type=androidx.compose.runtime.Composer? origin=null
        then: BLOCK type=kotlin.Unit origin=null
          WHEN type=kotlin.Unit origin=IF
            BRANCH
              if: CALL 'public final fun isTraceInProgress (): kotlin.Boolean declared in androidx.compose.runtime.ComposerKt' type=kotlin.Boolean origin=null
              then: CALL 'public final fun traceEventStart (key: kotlin.Int, dirty1: kotlin.Int, dirty2: kotlin.Int, info: kotlin.String): kotlin.Unit declared in androidx.compose.runtime.ComposerKt' type=kotlin.Unit origin=null
                key: CONST Int type=kotlin.Int value=-1441647731
                dirty1: GET_VAR 'val $dirty: kotlin.Int [val] declared in com.crnogorski.trener.ui.StoryScreenKt.MaskedText-FNF3uiM' type=kotlin.Int origin=null
                dirty2: CONST Int type=kotlin.Int value=-1
                info: CONST String type=kotlin.String value="com.crnogorski.trener.ui.MaskedText (StoryScreen.kt:664)"
          VAR name:measurer type:androidx.compose.ui.text.TextMeasurer [val]
            CALL 'public final fun rememberTextMeasurer (cacheSize: kotlin.Int, $composer: androidx.compose.runtime.Composer?, $changed: kotlin.Int, $default: kotlin.Int): androidx.compose.ui.text.TextMeasurer declared in androidx.compose.ui.text.TextMeasurerHelperKt' type=androidx.compose.ui.text.TextMeasurer origin=null
              cacheSize: COMPOSITE type=kotlin.Int origin=DEFAULT_VALUE
                CONST Int type=kotlin.Int value=0
              $composer: GET_VAR '$composer: androidx.compose.runtime.Composer? [assignable] declared in com.crnogorski.trener.ui.StoryScreenKt.MaskedText-FNF3uiM' type=androidx.compose.runtime.Composer? origin=null
              $changed: CONST Int type=kotlin.Int value=0
              $default: CONST Int type=kotlin.Int value=1
          VAR name:density type:androidx.compose.ui.unit.Density [val]
            CALL 'public final fun <get-current> ($composer: androidx.compose.runtime.Composer?, $changed: kotlin.Int): T of androidx.compose.runtime.CompositionLocal [inline] declared in androidx.compose.runtime.CompositionLocal' type=androidx.compose.ui.unit.Density origin=GET_PROPERTY
              $this: TYPE_OP type=androidx.compose.runtime.CompositionLocal<T of androidx.compose.runtime.CompositionLocal> origin=IMPLICIT_CAST typeOperand=androidx.compose.runtime.CompositionLocal<T of androidx.compose.runtime.CompositionLocal>
                CALL 'public final fun <get-LocalDensity> (): androidx.compose.runtime.ProvidableCompositionLocal<androidx.compose.ui.unit.Density> declared in androidx.compose.ui.platform.CompositionLocalsKt' type=androidx.compose.runtime.ProvidableCompositionLocal<androidx.compose.ui.unit.Density> origin=GET_PROPERTY
              $composer: GET_VAR '$composer: androidx.compose.runtime.Composer? [assignable] declared in com.crnogorski.trener.ui.StoryScreenKt.MaskedText-FNF3uiM' type=androidx.compose.runtime.Composer? origin=null
              $changed: CONST Int type=kotlin.Int value=0
          VAR name:words type:kotlin.collections.List<kotlin.String> [val]
            BLOCK type=kotlin.collections.List<kotlin.String> origin=null
              BLOCK type=kotlin.Unit origin=null
                CALL 'public abstract fun startReplaceGroup (key: kotlin.Int): kotlin.Unit declared in androidx.compose.runtime.Composer' type=kotlin.Unit origin=null
                  $this: GET_VAR '$composer: androidx.compose.runtime.Composer? [assignable] declared in com.crnogorski.trener.ui.StoryScreenKt.MaskedText-FNF3uiM' type=androidx.compose.runtime.Composer? origin=null
                  key: CONST Int type=kotlin.Int value=1156940639
                CALL 'public final fun sourceInformation (composer: androidx.compose.runtime.Composer, sourceInformation: kotlin.String): kotlin.Unit declared in androidx.compose.runtime.ComposerKt' type=kotlin.Unit origin=null
                  composer: GET_VAR '$composer: androidx.compose.runtime.Composer? [assignable] declared in com.crnogorski.trener.ui.StoryScreenKt.MaskedText-FNF3uiM' type=androidx.compose.runtime.Composer? origin=null
                  sourceInformation: CONST String type=kotlin.String value="CC(remember):StoryScreen.kt#9igjgp"
              VAR IR_TEMPORARY_VARIABLE name:tmp0_group type:kotlin.collections.List<kotlin.String> [val]
                CALL 'public final fun cache <T> (invalid: kotlin.Boolean, block: @[DisallowComposableCalls] kotlin.Function0<T of androidx.compose.runtime.ComposerKt.cache>): T of androidx.compose.runtime.ComposerKt.cache [inline] declared in androidx.compose.runtime.ComposerKt' type=kotlin.collections.List<kotlin.String> origin=null
                  <T>: kotlin.collections.List<kotlin.String>
                  $receiver: GET_VAR '$composer: androidx.compose.runtime.Composer? [assignable] declared in com.crnogorski.trener.ui.StoryScreenKt.MaskedText-FNF3uiM' type=androidx.compose.runtime.Composer? origin=null
                  invalid: CALL 'public final fun EQEQ (arg0: kotlin.Any?, arg1: kotlin.Any?): kotlin.Boolean declared in kotlin.internal.ir' type=kotlin.Boolean origin=null
                    arg0: CALL 'public final fun and (other: kotlin.Int): kotlin.Int [infix] declared in kotlin.Int' type=kotlin.Int origin=null
                      $this: GET_VAR 'val $dirty: kotlin.Int [val] declared in com.crnogorski.trener.ui.StoryScreenKt.MaskedText-FNF3uiM' type=kotlin.Int origin=null
                      other: CONST Int type=kotlin.Int value=14
                    arg1: CONST Int type=kotlin.Int value=4
                  block: BLOCK type=kotlin.Function0<kotlin.collections.List<kotlin.String>> origin=LAMBDA
                    COMPOSITE type=kotlin.Unit origin=null
                    FUNCTION_REFERENCE 'private final fun MaskedText_FNF3uiM$lambda$70 ($text: kotlin.String): kotlin.collections.List<kotlin.String> declared in com.crnogorski.trener.ui.StoryScreenKt' type=kotlin.Function0<kotlin.collections.List<kotlin.String>> origin=INLINE_LAMBDA reflectionTarget=null
                      $text: GET_VAR 'text: kotlin.String declared in com.crnogorski.trener.ui.StoryScreenKt.MaskedText-FNF3uiM' type=kotlin.String origin=null
              CALL 'public abstract fun endReplaceGroup (): kotlin.Unit declared in androidx.compose.runtime.Composer' type=kotlin.Unit origin=null
                $this: GET_VAR '$composer: androidx.compose.runtime.Composer? [assignable] declared in com.crnogorski.trener.ui.StoryScreenKt.MaskedText-FNF3uiM' type=androidx.compose.runtime.Composer? origin=null
              GET_VAR 'val tmp0_group: kotlin.collections.List<kotlin.String> [val] declared in com.crnogorski.trener.ui.StoryScreenKt.MaskedText-FNF3uiM' type=kotlin.collections.List<kotlin.String> origin=null
          VAR name:tall type:androidx.compose.ui.unit.Dp [val]
            CALL 'public final fun with <T, R> (receiver: T of kotlin.StandardKt.with, block: @[ExtensionFunctionType] kotlin.Function1<T of kotlin.StandardKt.with, R of kotlin.StandardKt.with>): R of kotlin.StandardKt.with [inline] declared in kotlin.StandardKt' type=androidx.compose.ui.unit.Dp origin=null
              <T>: androidx.compose.ui.unit.Density
              <R>: androidx.compose.ui.unit.Dp
              receiver: GET_VAR 'val density: androidx.compose.ui.unit.Density [val] declared in com.crnogorski.trener.ui.StoryScreenKt.MaskedText-FNF3uiM' type=androidx.compose.ui.unit.Density origin=null
              block: BLOCK type=@[ExtensionFunctionType] kotlin.Function1<androidx.compose.ui.unit.Density, androidx.compose.ui.unit.Dp> origin=LAMBDA
                COMPOSITE type=kotlin.Unit origin=null
                FUNCTION_REFERENCE 'private final fun MaskedText_FNF3uiM$lambda$71 ($measurer: androidx.compose.ui.text.TextMeasurer, $style: androidx.compose.ui.text.TextStyle): androidx.compose.ui.unit.Dp declared in com.crnogorski.trener.ui.StoryScreenKt' type=@[ExtensionFunctionType] kotlin.Function1<androidx.compose.ui.unit.Density, androidx.compose.ui.unit.Dp> origin=INLINE_LAMBDA reflectionTarget=null
                  $measurer: GET_VAR 'val measurer: androidx.compose.ui.text.TextMeasurer [val] declared in com.crnogorski.trener.ui.StoryScreenKt.MaskedText-FNF3uiM' type=androidx.compose.ui.text.TextMeasurer origin=null
                  $style: GET_VAR 'style: androidx.compose.ui.text.TextStyle declared in com.crnogorski.trener.ui.StoryScreenKt.MaskedText-FNF3uiM' type=androidx.compose.ui.text.TextStyle origin=null
          CALL 'public final fun FlowRow (modifier: androidx.compose.ui.Modifier?, horizontalArrangement: androidx.compose.foundation.layout.Arrangement.Horizontal?, verticalArrangement: androidx.compose.foundation.layout.Arrangement.Vertical?, maxItemsInEachRow: kotlin.Int, maxLines: kotlin.Int, overflow: androidx.compose.foundation.layout.FlowRowOverflow?, content: @[ExtensionFunctionType] kotlin.Function3<androidx.compose.foundation.layout.FlowRowScope, androidx.compose.runtime.Composer, kotlin.Int, kotlin.Unit>, $composer: androidx.compose.runtime.Composer?, $changed: kotlin.Int, $default: kotlin.Int): kotlin.Unit declared in androidx.compose.foundation.layout.FlowLayoutKt' type=kotlin.Unit origin=null
            modifier: COMPOSITE type=kotlin.Nothing? origin=DEFAULT_VALUE
              CONST Null type=kotlin.Nothing? value=null
            horizontalArrangement: CALL 'public final fun spacedBy-0680j_4 (space: androidx.compose.ui.unit.Dp): androidx.compose.foundation.layout.Arrangement.HorizontalOrVertical declared in androidx.compose.foundation.layout.Arrangement' type=androidx.compose.foundation.layout.Arrangement.HorizontalOrVertical origin=null
              $this: GET_FIELD 'FIELD FIELD_FOR_OBJECT_INSTANCE name:INSTANCE type:androidx.compose.foundation.layout.Arrangement visibility:public [final,static] declared in androidx.compose.foundation.layout.Arrangement' type=androidx.compose.foundation.layout.Arrangement origin=null
              space: CALL 'public final fun <get-dp> (): androidx.compose.ui.unit.Dp [inline] declared in androidx.compose.ui.unit.DpKt' type=androidx.compose.ui.unit.Dp origin=GET_PROPERTY
                $receiver: CONST Int type=kotlin.Int value=8
            verticalArrangement: CALL 'public final fun spacedBy-0680j_4 (space: androidx.compose.ui.unit.Dp): androidx.compose.foundation.layout.Arrangement.HorizontalOrVertical declared in androidx.compose.foundation.layout.Arrangement' type=androidx.compose.foundation.layout.Arrangement.HorizontalOrVertical origin=null
              $this: GET_FIELD 'FIELD FIELD_FOR_OBJECT_INSTANCE name:INSTANCE type:androidx.compose.foundation.layout.Arrangement visibility:public [final,static] declared in androidx.compose.foundation.layout.Arrangement' type=androidx.compose.foundation.layout.Arrangement origin=null
              space: CALL 'public final fun <get-dp> (): androidx.compose.ui.unit.Dp [inline] declared in androidx.compose.ui.unit.DpKt' type=androidx.compose.ui.unit.Dp origin=GET_PROPERTY
                $receiver: CONST Int type=kotlin.Int value=6
            maxItemsInEachRow: COMPOSITE type=kotlin.Int origin=DEFAULT_VALUE
              CONST Int type=kotlin.Int value=0
            maxLines: COMPOSITE type=kotlin.Int origin=DEFAULT_VALUE
              CONST Int type=kotlin.Int value=0
            overflow: COMPOSITE type=kotlin.Nothing? origin=DEFAULT_VALUE
              CONST Null type=kotlin.Nothing? value=null
            content: CALL 'public final fun rememberComposableLambda (key: kotlin.Int, tracked: kotlin.Boolean, block: kotlin.Any, $composer: androidx.compose.runtime.Composer?, $changed: kotlin.Int): androidx.compose.runtime.internal.ComposableLambda declared in androidx.compose.runtime.internal.ComposableLambdaKt' type=androidx.compose.runtime.internal.ComposableLambda origin=null
              key: CONST Int type=kotlin.Int value=-188430862
              tracked: CONST Boolean type=kotlin.Boolean value=true
              block: BLOCK type=com.crnogorski.trener.ui.StoryScreenKt.MaskedText-FNF3uiM.<no name provided> origin=null
                CLASS LAMBDA_IMPL CLASS name:<no name provided> modality:FINAL visibility:public/*package*/ superTypes:[kotlin.Any; kotlin.Function3<androidx.compose.foundation.layout.FlowRowScope, androidx.compose.runtime.Composer, kotlin.Int, kotlin.Unit>]
                  $this: VALUE_PARAMETER INSTANCE_RECEIVER name:<this> type:com.crnogorski.trener.ui.StoryScreenKt.MaskedText-FNF3uiM.<no name provided>
                  CONSTRUCTOR GENERATED_MEMBER_IN_CALLABLE_REFERENCE visibility:public/*package*/ <> ($words:kotlin.collections.List<kotlin.String>, $color:androidx.compose.ui.graphics.Color, $style:androidx.compose.ui.text.TextStyle, $tmp0_marker:kotlin.Int, $density:androidx.compose.ui.unit.Density, $tall:androidx.compose.ui.unit.Dp, $onReveal:kotlin.Function0<kotlin.Unit>, $measurer:androidx.compose.ui.text.TextMeasurer) returnType:com.crnogorski.trener.ui.StoryScreenKt.MaskedText-FNF3uiM.<no name provided> [primary]
                    VALUE_PARAMETER BOUND_VALUE_PARAMETER name:$words index:0 type:kotlin.collections.List<kotlin.String>
                    VALUE_PARAMETER BOUND_VALUE_PARAMETER name:$color index:1 type:androidx.compose.ui.graphics.Color
                    VALUE_PARAMETER BOUND_VALUE_PARAMETER name:$style index:2 type:androidx.compose.ui.text.TextStyle
                    VALUE_PARAMETER BOUND_VALUE_PARAMETER name:$tmp0_marker index:3 type:kotlin.Int
                    VALUE_PARAMETER BOUND_VALUE_PARAMETER name:$density index:4 type:androidx.compose.ui.unit.Density
                    VALUE_PARAMETER BOUND_VALUE_PARAMETER name:$tall index:5 type:androidx.compose.ui.unit.Dp
                    VALUE_PARAMETER BOUND_VALUE_PARAMETER name:$onReveal index:6 type:kotlin.Function0<kotlin.Unit>
                    VALUE_PARAMETER BOUND_VALUE_PARAMETER name:$measurer index:7 type:androidx.compose.ui.text.TextMeasurer
                    BLOCK_BODY
                      SET_FIELD 'FIELD FIELD_FOR_CAPTURED_VALUE name:$words type:kotlin.collections.List<kotlin.String> visibility:public/*package*/ [final] declared in com.crnogorski.trener.ui.StoryScreenKt.MaskedText-FNF3uiM.<no name provided>' type=kotlin.Unit origin=INITIALIZER_OF_FIELD_FOR_CAPTURED_VALUE
                        receiver: GET_VAR '<this>: com.crnogorski.trener.ui.StoryScreenKt.MaskedText-FNF3uiM.<no name provided> declared in com.crnogorski.trener.ui.StoryScreenKt.MaskedText-FNF3uiM.<no name provided>' type=com.crnogorski.trener.ui.StoryScreenKt.MaskedText-FNF3uiM.<no name provided> origin=null
                        value: GET_VAR '$words: kotlin.collections.List<kotlin.String> declared in com.crnogorski.trener.ui.StoryScreenKt.MaskedText-FNF3uiM.<no name provided>.<init>' type=kotlin.collections.List<kotlin.String> origin=null
                      SET_FIELD 'FIELD FIELD_FOR_CAPTURED_VALUE name:$color type:androidx.compose.ui.graphics.Color visibility:public/*package*/ [final] declared in com.crnogorski.trener.ui.StoryScreenKt.MaskedText-FNF3uiM.<no name provided>' type=kotlin.Unit origin=INITIALIZER_OF_FIELD_FOR_CAPTURED_VALUE
                        receiver: GET_VAR '<this>: com.crnogorski.trener.ui.StoryScreenKt.MaskedText-FNF3uiM.<no name provided> declared in com.crnogorski.trener.ui.StoryScreenKt.MaskedText-FNF3uiM.<no name provided>' type=com.crnogorski.trener.ui.StoryScreenKt.MaskedText-FNF3uiM.<no name provided> origin=null
                        value: GET_VAR '$color: androidx.compose.ui.graphics.Color declared in com.crnogorski.trener.ui.StoryScreenKt.MaskedText-FNF3uiM.<no name provided>.<init>' type=androidx.compose.ui.graphics.Color origin=null
                      SET_FIELD 'FIELD FIELD_FOR_CAPTURED_VALUE name:$style type:androidx.compose.ui.text.TextStyle visibility:public/*package*/ [final] declared in com.crnogorski.trener.ui.StoryScreenKt.MaskedText-FNF3uiM.<no name provided>' type=kotlin.Unit origin=INITIALIZER_OF_FIELD_FOR_CAPTURED_VALUE
                        receiver: GET_VAR '<this>: com.crnogorski.trener.ui.StoryScreenKt.MaskedText-FNF3uiM.<no name provided> declared in com.crnogorski.trener.ui.StoryScreenKt.MaskedText-FNF3uiM.<no name provided>' type=com.crnogorski.trener.ui.StoryScreenKt.MaskedText-FNF3uiM.<no name provided> origin=null
                        value: GET_VAR '$style: androidx.compose.ui.text.TextStyle declared in com.crnogorski.trener.ui.StoryScreenKt.MaskedText-FNF3uiM.<no name provided>.<init>' type=androidx.compose.ui.text.TextStyle origin=null
                      SET_FIELD 'FIELD FIELD_FOR_CAPTURED_VALUE name:$tmp0_marker type:kotlin.Int visibility:public/*package*/ [final] declared in com.crnogorski.trener.ui.StoryScreenKt.MaskedText-FNF3uiM.<no name provided>' type=kotlin.Unit origin=INITIALIZER_OF_FIELD_FOR_CAPTURED_VALUE
                        receiver: GET_VAR '<this>: com.crnogorski.trener.ui.StoryScreenKt.MaskedText-FNF3uiM.<no name provided> declared in com.crnogorski.trener.ui.StoryScreenKt.MaskedText-FNF3uiM.<no name provided>' type=com.crnogorski.trener.ui.StoryScreenKt.MaskedText-FNF3uiM.<no name provided> origin=null
                        value: GET_VAR '$tmp0_marker: kotlin.Int declared in com.crnogorski.trener.ui.StoryScreenKt.MaskedText-FNF3uiM.<no name provided>.<init>' type=kotlin.Int origin=null
                      SET_FIELD 'FIELD FIELD_FOR_CAPTURED_VALUE name:$density type:androidx.compose.ui.unit.Density visibility:public/*package*/ [final] declared in com.crnogorski.trener.ui.StoryScreenKt.MaskedText-FNF3uiM.<no name provided>' type=kotlin.Unit origin=INITIALIZER_OF_FIELD_FOR_CAPTURED_VALUE
                        receiver: GET_VAR '<this>: com.crnogorski.trener.ui.StoryScreenKt.MaskedText-FNF3uiM.<no name provided> declared in com.crnogorski.trener.ui.StoryScreenKt.MaskedText-FNF3uiM.<no name provided>' type=com.crnogorski.trener.ui.StoryScreenKt.MaskedText-FNF3uiM.<no name provided> origin=null
                        value: GET_VAR '$density: androidx.compose.ui.unit.Density declared in com.crnogorski.trener.ui.StoryScreenKt.MaskedText-FNF3uiM.<no name provided>.<init>' type=androidx.compose.ui.unit.Density origin=null
                      SET_FIELD 'FIELD FIELD_FOR_CAPTURED_VALUE name:$tall type:androidx.compose.ui.unit.Dp visibility:public/*package*/ [final] declared in com.crnogorski.trener.ui.StoryScreenKt.MaskedText-FNF3uiM.<no name provided>' type=kotlin.Unit origin=INITIALIZER_OF_FIELD_FOR_CAPTURED_VALUE
                        receiver: GET_VAR '<this>: com.crnogorski.trener.ui.StoryScreenKt.MaskedText-FNF3uiM.<no name provided> declared in com.crnogorski.trener.ui.StoryScreenKt.MaskedText-FNF3uiM.<no name provided>' type=com.crnogorski.trener.ui.StoryScreenKt.MaskedText-FNF3uiM.<no name provided> origin=null
                        value: GET_VAR '$tall: androidx.compose.ui.unit.Dp declared in com.crnogorski.trener.ui.StoryScreenKt.MaskedText-FNF3uiM.<no name provided>.<init>' type=androidx.compose.ui.unit.Dp origin=null
                      SET_FIELD 'FIELD FIELD_FOR_CAPTURED_VALUE name:$onReveal type:kotlin.Function0<kotlin.Unit> visibility:public/*package*/ [final] declared in com.crnogorski.trener.ui.StoryScreenKt.MaskedText-FNF3uiM.<no name provided>' type=kotlin.Unit origin=INITIALIZER_OF_FIELD_FOR_CAPTURED_VALUE
                        receiver: GET_VAR '<this>: com.crnogorski.trener.ui.StoryScreenKt.MaskedText-FNF3uiM.<no name provided> declared in com.crnogorski.trener.ui.StoryScreenKt.MaskedText-FNF3uiM.<no name provided>' type=com.crnogorski.trener.ui.StoryScreenKt.MaskedText-FNF3uiM.<no name provided> origin=null
                        value: GET_VAR '$onReveal: kotlin.Function0<kotlin.Unit> declared in com.crnogorski.trener.ui.StoryScreenKt.MaskedText-FNF3uiM.<no name provided>.<init>' type=kotlin.Function0<kotlin.Unit> origin=null
                      SET_FIELD 'FIELD FIELD_FOR_CAPTURED_VALUE name:$measurer type:androidx.compose.ui.text.TextMeasurer visibility:public/*package*/ [final] declared in com.crnogorski.trener.ui.StoryScreenKt.MaskedText-FNF3uiM.<no name provided>' type=kotlin.Unit origin=INITIALIZER_OF_FIELD_FOR_CAPTURED_VALUE
                        receiver: GET_VAR '<this>: com.crnogorski.trener.ui.StoryScreenKt.MaskedText-FNF3uiM.<no name provided> declared in com.crnogorski.trener.ui.StoryScreenKt.MaskedText-FNF3uiM.<no name provided>' type=com.crnogorski.trener.ui.StoryScreenKt.MaskedText-FNF3uiM.<no name provided> origin=null
                        value: GET_VAR '$measurer: androidx.compose.ui.text.TextMeasurer declared in com.crnogorski.trener.ui.StoryScreenKt.MaskedText-FNF3uiM.<no name provided>.<init>' type=androidx.compose.ui.text.TextMeasurer origin=null
                      DELEGATING_CONSTRUCTOR_CALL 'public constructor <init> () [primary] declared in kotlin.Any'
                      BLOCK type=kotlin.Unit origin=null
                  FUN name:invoke visibility:public modality:FINAL <> ($this:com.crnogorski.trener.ui.StoryScreenKt.MaskedText-FNF3uiM.<no name provided>, $this$FlowRow:androidx.compose.foundation.layout.FlowRowScope, $composer:androidx.compose.runtime.Composer?, $changed:kotlin.Int) returnType:kotlin.Unit
                    annotations:
                      Composable
                      ComposableTarget(applier = "androidx.compose.ui.UiComposable")
                    overridden:
                      public abstract fun invoke (p1: P1 of kotlin.Function3, p2: P2 of kotlin.Function3, p3: P3 of kotlin.Function3): R of kotlin.Function3 [operator] declared in kotlin.Function3
                    $this: VALUE_PARAMETER INSTANCE_RECEIVER name:<this> type:com.crnogorski.trener.ui.StoryScreenKt.MaskedText-FNF3uiM.<no name provided>
                    VALUE_PARAMETER name:$this$FlowRow index:0 type:androidx.compose.foundation.layout.FlowRowScope
                    VALUE_PARAMETER name:$composer index:1 type:androidx.compose.runtime.Composer? [assignable]
                    VALUE_PARAMETER name:$changed index:2 type:kotlin.Int
                    BLOCK_BODY
                      CALL 'public final fun sourceInformation (composer: androidx.compose.runtime.Composer, sourceInformation: kotlin.String): kotlin.Unit declared in androidx.compose.runtime.ComposerKt' type=kotlin.Unit origin=null
                        composer: GET_VAR '$composer: androidx.compose.runtime.Composer? [assignable] declared in com.crnogorski.trener.ui.StoryScreenKt.MaskedText-FNF3uiM.<no name provided>.invoke' type=androidx.compose.runtime.Composer? origin=null
                        sourceInformation: CONST String type=kotlin.String value="C*680@28422L1028:StoryScreen.kt#wmtq84"
                      WHEN type=kotlin.Unit origin=IF
                        BRANCH
                          if: CALL 'public final fun OROR (arg0: kotlin.Boolean, arg1: kotlin.Boolean): kotlin.Boolean declared in kotlin.internal.ir' type=kotlin.Boolean origin=null
                            arg0: CALL 'public final fun not (): kotlin.Boolean [operator] declared in kotlin.Boolean' type=kotlin.Boolean origin=null
                              $this: CALL 'public final fun EQEQ (arg0: kotlin.Any?, arg1: kotlin.Any?): kotlin.Boolean declared in kotlin.internal.ir' type=kotlin.Boolean origin=null
                                arg0: CALL 'public final fun and (other: kotlin.Int): kotlin.Int [infix] declared in kotlin.Int' type=kotlin.Int origin=null
                                  $this: GET_VAR '$changed: kotlin.Int declared in com.crnogorski.trener.ui.StoryScreenKt.MaskedText-FNF3uiM.<no name provided>.invoke' type=kotlin.Int origin=null
                                  other: CONST Int type=kotlin.Int value=17
                                arg1: CONST Int type=kotlin.Int value=16
                            arg1: CALL 'public final fun not (): kotlin.Boolean [operator] declared in kotlin.Boolean' type=kotlin.Boolean origin=null
                              $this: CALL 'public abstract fun <get-skipping> (): kotlin.Boolean declared in androidx.compose.runtime.Composer' type=kotlin.Boolean origin=null
                                $this: GET_VAR '$composer: androidx.compose.runtime.Composer? [assignable] declared in com.crnogorski.trener.ui.StoryScreenKt.MaskedText-FNF3uiM.<no name provided>.invoke' type=androidx.compose.runtime.Composer? origin=null
                          then: BLOCK type=kotlin.Unit origin=null
                            WHEN type=kotlin.Unit origin=IF
                              BRANCH
                                if: CALL 'public final fun isTraceInProgress (): kotlin.Boolean declared in androidx.compose.runtime.ComposerKt' type=kotlin.Boolean origin=null
                                then: CALL 'public final fun traceEventStart (key: kotlin.Int, dirty1: kotlin.Int, dirty2: kotlin.Int, info: kotlin.String): kotlin.Unit declared in androidx.compose.runtime.ComposerKt' type=kotlin.Unit origin=null
                                  key: CONST Int type=kotlin.Int value=-188430862
                                  dirty1: GET_VAR '$changed: kotlin.Int declared in com.crnogorski.trener.ui.StoryScreenKt.MaskedText-FNF3uiM.<no name provided>.invoke' type=kotlin.Int origin=null
                                  dirty2: CONST Int type=kotlin.Int value=-1
                                  info: CONST String type=kotlin.String value="com.crnogorski.trener.ui.MaskedText.<anonymous> (StoryScreen.kt:676)"
                            BLOCK type=kotlin.Unit origin=null
                              COMPOSITE type=kotlin.Unit origin=null
                              CALL 'public final fun forEach <T> (action: kotlin.Function1<T of kotlin.collections.CollectionsKt.forEach, kotlin.Unit>): kotlin.Unit [inline] declared in kotlin.collections.CollectionsKt' type=kotlin.Unit origin=null
                                <T>: kotlin.String
                                $receiver: GET_FIELD 'FIELD FIELD_FOR_CAPTURED_VALUE name:$words type:kotlin.collections.List<kotlin.String> visibility:public/*package*/ [final] declared in com.crnogorski.trener.ui.StoryScreenKt.MaskedText-FNF3uiM.<no name provided>' type=kotlin.collections.List<kotlin.String> origin=null
                                  receiver: GET_VAR '<this>: com.crnogorski.trener.ui.StoryScreenKt.MaskedText-FNF3uiM.<no name provided> declared in com.crnogorski.trener.ui.StoryScreenKt.MaskedText-FNF3uiM.<no name provided>.invoke' type=com.crnogorski.trener.ui.StoryScreenKt.MaskedText-FNF3uiM.<no name provided> origin=null
                                action: BLOCK type=kotlin.Function1<kotlin.String, kotlin.Unit> origin=LAMBDA
                                  COMPOSITE type=kotlin.Unit origin=null
                                  FUNCTION_REFERENCE 'private final fun invoke$lambda$3 ($$composer: androidx.compose.runtime.Composer?, $color: androidx.compose.ui.graphics.Color, $style: androidx.compose.ui.text.TextStyle, $tmp0_marker: kotlin.Int, $density: androidx.compose.ui.unit.Density, $tall: androidx.compose.ui.unit.Dp, $onReveal: kotlin.Function0<kotlin.Unit>, $measurer: androidx.compose.ui.text.TextMeasurer, word: kotlin.String): kotlin.Unit declared in com.crnogorski.trener.ui.StoryScreenKt.MaskedText-FNF3uiM.<no name provided>' type=kotlin.Function1<kotlin.String, kotlin.Unit> origin=INLINE_LAMBDA reflectionTarget=null
                                    $$composer: GET_VAR '$composer: androidx.compose.runtime.Composer? [assignable] declared in com.crnogorski.trener.ui.StoryScreenKt.MaskedText-FNF3uiM.<no name provided>.invoke' type=androidx.compose.runtime.Composer? origin=null
                                    $color: GET_FIELD 'FIELD FIELD_FOR_CAPTURED_VALUE name:$color type:androidx.compose.ui.graphics.Color visibility:public/*package*/ [final] declared in com.crnogorski.trener.ui.StoryScreenKt.MaskedText-FNF3uiM.<no name provided>' type=androidx.compose.ui.graphics.Color origin=null
                                      receiver: GET_VAR '<this>: com.crnogorski.trener.ui.StoryScreenKt.MaskedText-FNF3uiM.<no name provided> declared in com.crnogorski.trener.ui.StoryScreenKt.MaskedText-FNF3uiM.<no name provided>.invoke' type=com.crnogorski.trener.ui.StoryScreenKt.MaskedText-FNF3uiM.<no name provided> origin=null
                                    $style: GET_FIELD 'FIELD FIELD_FOR_CAPTURED_VALUE name:$style type:androidx.compose.ui.text.TextStyle visibility:public/*package*/ [final] declared in com.crnogorski.trener.ui.StoryScreenKt.MaskedText-FNF3uiM.<no name provided>' type=androidx.compose.ui.text.TextStyle origin=null
                                      receiver: GET_VAR '<this>: com.crnogorski.trener.ui.StoryScreenKt.MaskedText-FNF3uiM.<no name provided> declared in com.crnogorski.trener.ui.StoryScreenKt.MaskedText-FNF3uiM.<no name provided>.invoke' type=com.crnogorski.trener.ui.StoryScreenKt.MaskedText-FNF3uiM.<no name provided> origin=null
                                    $tmp0_marker: GET_FIELD 'FIELD FIELD_FOR_CAPTURED_VALUE name:$tmp0_marker type:kotlin.Int visibility:public/*package*/ [final] declared in com.crnogorski.trener.ui.StoryScreenKt.MaskedText-FNF3uiM.<no name provided>' type=kotlin.Int origin=null
                                      receiver: GET_VAR '<this>: com.crnogorski.trener.ui.StoryScreenKt.MaskedText-FNF3uiM.<no name provided> declared in com.crnogorski.trener.ui.StoryScreenKt.MaskedText-FNF3uiM.<no name provided>.invoke' type=com.crnogorski.trener.ui.StoryScreenKt.MaskedText-FNF3uiM.<no name provided> origin=null
                                    $density: GET_FIELD 'FIELD FIELD_FOR_CAPTURED_VALUE name:$density type:androidx.compose.ui.unit.Density visibility:public/*package*/ [final] declared in com.crnogorski.trener.ui.StoryScreenKt.MaskedText-FNF3uiM.<no name provided>' type=androidx.compose.ui.unit.Density origin=null
                                      receiver: GET_VAR '<this>: com.crnogorski.trener.ui.StoryScreenKt.MaskedText-FNF3uiM.<no name provided> declared in com.crnogorski.trener.ui.StoryScreenKt.MaskedText-FNF3uiM.<no name provided>.invoke' type=com.crnogorski.trener.ui.StoryScreenKt.MaskedText-FNF3uiM.<no name provided> origin=null
                                    $tall: GET_FIELD 'FIELD FIELD_FOR_CAPTURED_VALUE name:$tall type:androidx.compose.ui.unit.Dp visibility:public/*package*/ [final] declared in com.crnogorski.trener.ui.StoryScreenKt.MaskedText-FNF3uiM.<no name provided>' type=androidx.compose.ui.unit.Dp origin=null
                                      receiver: GET_VAR '<this>: com.crnogorski.trener.ui.StoryScreenKt.MaskedText-FNF3uiM.<no name provided> declared in com.crnogorski.trener.ui.StoryScreenKt.MaskedText-FNF3uiM.<no name provided>.invoke' type=com.crnogorski.trener.ui.StoryScreenKt.MaskedText-FNF3uiM.<no name provided> origin=null
                                    $onReveal: GET_FIELD 'FIELD FIELD_FOR_CAPTURED_VALUE name:$onReveal type:kotlin.Function0<kotlin.Unit> visibility:public/*package*/ [final] declared in com.crnogorski.trener.ui.StoryScreenKt.MaskedText-FNF3uiM.<no name provided>' type=kotlin.Function0<kotlin.Unit> origin=null
                                      receiver: GET_VAR '<this>: com.crnogorski.trener.ui.StoryScreenKt.MaskedText-FNF3uiM.<no name provided> declared in com.crnogorski.trener.ui.StoryScreenKt.MaskedText-FNF3uiM.<no name provided>.invoke' type=com.crnogorski.trener.ui.StoryScreenKt.MaskedText-FNF3uiM.<no name provided> origin=null
                                    $measurer: GET_FIELD 'FIELD FIELD_FOR_CAPTURED_VALUE name:$measurer type:androidx.compose.ui.text.TextMeasurer visibility:public/*package*/ [final] declared in com.crnogorski.trener.ui.StoryScreenKt.MaskedText-FNF3uiM.<no name provided>' type=androidx.compose.ui.text.TextMeasurer origin=null
                                      receiver: GET_VAR '<this>: com.crnogorski.trener.ui.StoryScreenKt.MaskedText-FNF3uiM.<no name provided> declared in com.crnogorski.trener.ui.StoryScreenKt.MaskedText-FNF3uiM.<no name provided>.invoke' type=com.crnogorski.trener.ui.StoryScreenKt.MaskedText-FNF3uiM.<no name provided> origin=null
                              COMPOSITE type=kotlin.Unit origin=null
                            WHEN type=kotlin.Unit origin=IF
                              BRANCH
                                if: CALL 'public final fun isTraceInProgress (): kotlin.Boolean declared in androidx.compose.runtime.ComposerKt' type=kotlin.Boolean origin=null
                                then: CALL 'public final fun traceEventEnd (): kotlin.Unit declared in androidx.compose.runtime.ComposerKt' type=kotlin.Unit origin=null
                        BRANCH
                          if: CONST Boolean type=kotlin.Boolean value=true
                          then: CALL 'public abstract fun skipToGroupEnd (): kotlin.Unit declared in androidx.compose.runtime.Composer' type=kotlin.Unit origin=null
                            $this: GET_VAR '$composer: androidx.compose.runtime.Composer? [assignable] declared in com.crnogorski.trener.ui.StoryScreenKt.MaskedText-FNF3uiM.<no name provided>.invoke' type=androidx.compose.runtime.Composer? origin=null
                  FIELD FIELD_FOR_CAPTURED_VALUE name:$words type:kotlin.collections.List<kotlin.String> visibility:public/*package*/ [final]
                  FIELD FIELD_FOR_CAPTURED_VALUE name:$color type:androidx.compose.ui.graphics.Color visibility:public/*package*/ [final]
                  FIELD FIELD_FOR_CAPTURED_VALUE name:$style type:androidx.compose.ui.text.TextStyle visibility:public/*package*/ [final]
                  FIELD FIELD_FOR_CAPTURED_VALUE name:$tmp0_marker type:kotlin.Int visibility:public/*package*/ [final]
                  FIELD FIELD_FOR_CAPTURED_VALUE name:$density type:androidx.compose.ui.unit.Density visibility:public/*package*/ [final]
                  FIELD FIELD_FOR_CAPTURED_VALUE name:$tall type:androidx.compose.ui.unit.Dp visibility:public/*package*/ [final]
                  FIELD FIELD_FOR_CAPTURED_VALUE name:$onReveal type:kotlin.Function0<kotlin.Unit> visibility:public/*package*/ [final]
                  FIELD FIELD_FOR_CAPTURED_VALUE name:$measurer type:androidx.compose.ui.text.TextMeasurer visibility:public/*package*/ [final]
                  FUN INLINE_LAMBDA name:invoke$lambda$3$lambda$0 visibility:private modality:FINAL <> (it:kotlin.Char) returnType:kotlin.Boolean
                    VALUE_PARAMETER name:it index:0 type:kotlin.Char
                    BLOCK_BODY
                      VAR name:$i$a$-trim-StoryScreenKt$MaskedText$1$1$core$1 type:kotlin.Int [val]
                        CONST Int type=kotlin.Int value=0
                      BLOCK type=kotlin.Nothing origin=null
                        VAR IR_TEMPORARY_VARIABLE name:tmp0_return type:kotlin.Boolean [val]
                          CALL 'public final fun not (): kotlin.Boolean [operator] declared in kotlin.Boolean' type=kotlin.Boolean origin=null
                            $this: CALL 'public final fun isLetterOrDigit (): kotlin.Boolean [inline] declared in kotlin.text.CharsKt' type=kotlin.Boolean origin=null
                              $receiver: GET_VAR 'it: kotlin.Char declared in com.crnogorski.trener.ui.StoryScreenKt.MaskedText-FNF3uiM.<no name provided>.invoke$lambda$3$lambda$0' type=kotlin.Char origin=null
                        COMPOSITE type=kotlin.Unit origin=null
                        RETURN type=kotlin.Nothing from='private final fun invoke$lambda$3$lambda$0 (it: kotlin.Char): kotlin.Boolean declared in com.crnogorski.trener.ui.StoryScreenKt.MaskedText-FNF3uiM.<no name provided>'
                          GET_VAR 'val tmp0_return: kotlin.Boolean [val] declared in com.crnogorski.trener.ui.StoryScreenKt.MaskedText-FNF3uiM.<no name provided>.invoke$lambda$3$lambda$0' type=kotlin.Boolean origin=null
                  FUN INLINE_LAMBDA name:invoke$lambda$3$lambda$2$lambda$1 visibility:private modality:FINAL <> ($receiver:androidx.compose.ui.unit.Density, $measurer:androidx.compose.ui.text.TextMeasurer, $core:kotlin.String, $style:androidx.compose.ui.text.TextStyle) returnType:androidx.compose.ui.unit.Dp
                    $receiver: VALUE_PARAMETER name:$this$with type:androidx.compose.ui.unit.Density
                    VALUE_PARAMETER BOUND_VALUE_PARAMETER name:$measurer index:0 type:androidx.compose.ui.text.TextMeasurer
                    VALUE_PARAMETER BOUND_VALUE_PARAMETER name:$core index:1 type:kotlin.String
                    VALUE_PARAMETER BOUND_VALUE_PARAMETER name:$style index:2 type:androidx.compose.ui.text.TextStyle
                    BLOCK_BODY
                      VAR name:$i$a$-with-StoryScreenKt$MaskedText$1$1$1$wide$1 type:kotlin.Int [val]
                        CONST Int type=kotlin.Int value=0
                      BLOCK type=kotlin.Nothing origin=null
                        VAR IR_TEMPORARY_VARIABLE name:tmp0_return type:androidx.compose.ui.unit.Dp [val]
                          CALL 'public open fun toDp-u2uoSUM (): androidx.compose.ui.unit.Dp declared in androidx.compose.ui.unit.Density' type=androidx.compose.ui.unit.Dp origin=null
                            $this: GET_VAR '$this$with: androidx.compose.ui.unit.Density declared in com.crnogorski.trener.ui.StoryScreenKt.MaskedText-FNF3uiM.<no name provided>.invoke$lambda$3$lambda$2$lambda$1' type=androidx.compose.ui.unit.Density origin=null
                            $receiver: CALL 'public final fun getWidth-impl (arg0: androidx.compose.ui.unit.IntSize): kotlin.Int declared in androidx.compose.ui.unit.IntSize' type=kotlin.Int origin=GET_PROPERTY
                              arg0: CALL 'public final fun getSize-YbymL2g (): androidx.compose.ui.unit.IntSize declared in androidx.compose.ui.text.TextLayoutResult' type=androidx.compose.ui.unit.IntSize origin=GET_PROPERTY
                                $this: CALL 'public final fun measure-wNUYSr0$default ($this: androidx.compose.ui.text.TextMeasurer, text: kotlin.String, style: androidx.compose.ui.text.TextStyle?, overflow: androidx.compose.ui.text.style.TextOverflow, softWrap: kotlin.Boolean, maxLines: kotlin.Int, constraints: androidx.compose.ui.unit.Constraints, layoutDirection: androidx.compose.ui.unit.LayoutDirection?, density: androidx.compose.ui.unit.Density?, fontFamilyResolver: androidx.compose.ui.text.font.FontFamily.Resolver?, skipCache: kotlin.Boolean, $mask0: kotlin.Int, $handler: kotlin.Any?): androidx.compose.ui.text.TextLayoutResult declared in androidx.compose.ui.text.TextMeasurer' type=androidx.compose.ui.text.TextLayoutResult origin=DEFAULT_DISPATCH_CALL
                                  $this: GET_VAR '$measurer: androidx.compose.ui.text.TextMeasurer declared in com.crnogorski.trener.ui.StoryScreenKt.MaskedText-FNF3uiM.<no name provided>.invoke$lambda$3$lambda$2$lambda$1' type=androidx.compose.ui.text.TextMeasurer origin=null
                                  text: GET_VAR '$core: kotlin.String declared in com.crnogorski.trener.ui.StoryScreenKt.MaskedText-FNF3uiM.<no name provided>.invoke$lambda$3$lambda$2$lambda$1' type=kotlin.String origin=null
                                  style: GET_VAR '$style: androidx.compose.ui.text.TextStyle declared in com.crnogorski.trener.ui.StoryScreenKt.MaskedText-FNF3uiM.<no name provided>.invoke$lambda$3$lambda$2$lambda$1' type=androidx.compose.ui.text.TextStyle origin=null
                                  overflow: COMPOSITE type=androidx.compose.ui.text.style.TextOverflow origin=DEFAULT_VALUE
                                    CALL 'public final fun <unsafe-coerce> <T, R> (v: T of kotlin.jvm.internal.<unsafe-coerce>): R of kotlin.jvm.internal.<unsafe-coerce> declared in kotlin.jvm.internal' type=androidx.compose.ui.text.style.TextOverflow origin=null
                                      <T>: kotlin.Int
                                      <R>: androidx.compose.ui.text.style.TextOverflow
                                      v: CONST Int type=kotlin.Int value=0
                                  softWrap: COMPOSITE type=kotlin.Boolean origin=DEFAULT_VALUE
                                    CONST Boolean type=kotlin.Boolean value=false
                                  maxLines: COMPOSITE type=kotlin.Int origin=DEFAULT_VALUE
                                    CONST Int type=kotlin.Int value=0
                                  constraints: COMPOSITE type=androidx.compose.ui.unit.Constraints origin=DEFAULT_VALUE
                                    CALL 'public final fun <unsafe-coerce> <T, R> (v: T of kotlin.jvm.internal.<unsafe-coerce>): R of kotlin.jvm.internal.<unsafe-coerce> declared in kotlin.jvm.internal' type=androidx.compose.ui.unit.Constraints origin=null
                                      <T>: kotlin.Long
                                      <R>: androidx.compose.ui.unit.Constraints
                                      v: CONST Long type=kotlin.Long value=0
                                  layoutDirection: COMPOSITE type=androidx.compose.ui.unit.LayoutDirection? origin=DEFAULT_VALUE
                                    CONST Null type=androidx.compose.ui.unit.LayoutDirection? value=null
                                  density: COMPOSITE type=androidx.compose.ui.unit.Density? origin=DEFAULT_VALUE
                                    CONST Null type=androidx.compose.ui.unit.Density? value=null
                                  fontFamilyResolver: COMPOSITE type=androidx.compose.ui.text.font.FontFamily.Resolver? origin=DEFAULT_VALUE
                                    CONST Null type=androidx.compose.ui.text.font.FontFamily.Resolver? value=null
                                  skipCache: COMPOSITE type=kotlin.Boolean origin=DEFAULT_VALUE
                                    CONST Boolean type=kotlin.Boolean value=false
                                  $mask0: CONST Int type=kotlin.Int value=1020
                                  $handler: CONST Null type=kotlin.Any? value=null
                        COMPOSITE type=kotlin.Unit origin=null
                        RETURN type=kotlin.Nothing from='private final fun invoke$lambda$3$lambda$2$lambda$1 ($measurer: androidx.compose.ui.text.TextMeasurer, $core: kotlin.String, $style: androidx.compose.ui.text.TextStyle): androidx.compose.ui.unit.Dp declared in com.crnogorski.trener.ui.StoryScreenKt.MaskedText-FNF3uiM.<no name provided>'
                          GET_VAR 'val tmp0_return: androidx.compose.ui.unit.Dp [val] declared in com.crnogorski.trener.ui.StoryScreenKt.MaskedText-FNF3uiM.<no name provided>.invoke$lambda$3$lambda$2$lambda$1' type=androidx.compose.ui.unit.Dp origin=null
                  FUN INLINE_LAMBDA name:invoke$lambda$3$lambda$2 visibility:private modality:FINAL <> ($receiver:androidx.compose.foundation.layout.RowScope, $core:kotlin.String, $word:kotlin.String, $color:androidx.compose.ui.graphics.Color, $style:androidx.compose.ui.text.TextStyle, $tmp0_marker:kotlin.Int, $head:kotlin.String, $density:androidx.compose.ui.unit.Density, $tall:androidx.compose.ui.unit.Dp, $onReveal:kotlin.Function0<kotlin.Unit>, $tail:kotlin.String, $measurer:androidx.compose.ui.text.TextMeasurer, $composer:androidx.compose.runtime.Composer?, $changed:kotlin.Int) returnType:kotlin.Unit
                    annotations:
                      Composable
                      ComposableTarget(applier = "androidx.compose.ui.UiComposable")
                    $receiver: VALUE_PARAMETER name:$this$Row type:androidx.compose.foundation.layout.RowScope
                    VALUE_PARAMETER BOUND_VALUE_PARAMETER name:$core index:0 type:kotlin.String
                    VALUE_PARAMETER BOUND_VALUE_PARAMETER name:$word index:1 type:kotlin.String
                    VALUE_PARAMETER BOUND_VALUE_PARAMETER name:$color index:2 type:androidx.compose.ui.graphics.Color
                    VALUE_PARAMETER BOUND_VALUE_PARAMETER name:$style index:3 type:androidx.compose.ui.text.TextStyle
                    VALUE_PARAMETER BOUND_VALUE_PARAMETER name:$tmp0_marker index:4 type:kotlin.Int
                    VALUE_PARAMETER BOUND_VALUE_PARAMETER name:$head index:5 type:kotlin.String
                    VALUE_PARAMETER BOUND_VALUE_PARAMETER name:$density index:6 type:androidx.compose.ui.unit.Density
                    VALUE_PARAMETER BOUND_VALUE_PARAMETER name:$tall index:7 type:androidx.compose.ui.unit.Dp
                    VALUE_PARAMETER BOUND_VALUE_PARAMETER name:$onReveal index:8 type:kotlin.Function0<kotlin.Unit>
                    VALUE_PARAMETER BOUND_VALUE_PARAMETER name:$tail index:9 type:kotlin.String
                    VALUE_PARAMETER BOUND_VALUE_PARAMETER name:$measurer index:10 type:androidx.compose.ui.text.TextMeasurer
                    VALUE_PARAMETER name:$composer index:11 type:androidx.compose.runtime.Composer? [assignable]
                    VALUE_PARAMETER name:$changed index:12 type:kotlin.Int
                    BLOCK_BODY
                      VAR name:$i$a$-Row-StoryScreenKt$MaskedText$1$1$1 type:kotlin.Int [val]
                        CONST Int type=kotlin.Int value=0
                      BLOCK type=kotlin.Unit origin=null
                        BLOCK type=kotlin.Unit origin=null
                          CALL 'public abstract fun startReplaceGroup (key: kotlin.Int): kotlin.Unit declared in androidx.compose.runtime.Composer' type=kotlin.Unit origin=null
                            $this: GET_VAR '$composer: androidx.compose.runtime.Composer? [assignable] declared in com.crnogorski.trener.ui.StoryScreenKt.MaskedText-FNF3uiM.<no name provided>.invoke$lambda$3$lambda$2' type=androidx.compose.runtime.Composer? origin=null
                            key: CONST Int type=kotlin.Int value=55176604
                          CALL 'public final fun sourceInformation (composer: androidx.compose.runtime.Composer, sourceInformation: kotlin.String): kotlin.Unit declared in androidx.compose.runtime.ComposerKt' type=kotlin.Unit origin=null
                            composer: GET_VAR '$composer: androidx.compose.runtime.Composer? [assignable] declared in com.crnogorski.trener.ui.StoryScreenKt.MaskedText-FNF3uiM.<no name provided>.invoke$lambda$3$lambda$2' type=androidx.compose.runtime.Composer? origin=null
                            sourceInformation: CONST String type=kotlin.String value="C:StoryScreen.kt#wmtq84"
                        COMPOSITE type=kotlin.Unit origin=null
                          BLOCK type=kotlin.Unit origin=null
                            COMPOSITE type=kotlin.Unit origin=null
                              BLOCK type=kotlin.Unit origin=null
                                CALL 'public abstract fun startReplaceGroup (key: kotlin.Int): kotlin.Unit declared in androidx.compose.runtime.Composer' type=kotlin.Unit origin=null
                                  $this: GET_VAR '$composer: androidx.compose.runtime.Composer? [assignable] declared in com.crnogorski.trener.ui.StoryScreenKt.MaskedText-FNF3uiM.<no name provided>.invoke$lambda$3$lambda$2' type=androidx.compose.runtime.Composer? origin=null
                                  key: CONST Int type=kotlin.Int value=694515878
                                CALL 'public final fun sourceInformation (composer: androidx.compose.runtime.Composer, sourceInformation: kotlin.String): kotlin.Unit declared in androidx.compose.runtime.ComposerKt' type=kotlin.Unit origin=null
                                  composer: GET_VAR '$composer: androidx.compose.runtime.Composer? [assignable] declared in com.crnogorski.trener.ui.StoryScreenKt.MaskedText-FNF3uiM.<no name provided>.invoke$lambda$3$lambda$2' type=androidx.compose.runtime.Composer? origin=null
                                  sourceInformation: CONST String type=kotlin.String value="684@28670L40"
                            WHEN type=kotlin.Unit origin=IF
                              BRANCH
                                if: CALL 'public final fun isEmpty (): kotlin.Boolean [inline] declared in kotlin.text.StringsKt' type=kotlin.Boolean origin=null
                                  $receiver: GET_VAR '$core: kotlin.String declared in com.crnogorski.trener.ui.StoryScreenKt.MaskedText-FNF3uiM.<no name provided>.invoke$lambda$3$lambda$2' type=kotlin.String origin=null
                                then: BLOCK type=kotlin.Unit origin=null
                                  CALL 'public final fun Text--4IGK_g (text: kotlin.String, modifier: androidx.compose.ui.Modifier?, color: androidx.compose.ui.graphics.Color, fontSize: androidx.compose.ui.unit.TextUnit, fontStyle: androidx.compose.ui.text.font.FontStyle?, fontWeight: androidx.compose.ui.text.font.FontWeight?, fontFamily: androidx.compose.ui.text.font.FontFamily?, letterSpacing: androidx.compose.ui.unit.TextUnit, textDecoration: androidx.compose.ui.text.style.TextDecoration?, textAlign: androidx.compose.ui.text.style.TextAlign?, lineHeight: androidx.compose.ui.unit.TextUnit, overflow: androidx.compose.ui.text.style.TextOverflow, softWrap: kotlin.Boolean, maxLines: kotlin.Int, minLines: kotlin.Int, onTextLayout: kotlin.Function1<androidx.compose.ui.text.TextLayoutResult, kotlin.Unit>?, style: androidx.compose.ui.text.TextStyle?, $composer: androidx.compose.runtime.Composer?, $changed: kotlin.Int, $changed1: kotlin.Int, $default: kotlin.Int): kotlin.Unit declared in androidx.compose.material3.TextKt' type=kotlin.Unit origin=null
                                    text: GET_VAR '$word: kotlin.String declared in com.crnogorski.trener.ui.StoryScreenKt.MaskedText-FNF3uiM.<no name provided>.invoke$lambda$3$lambda$2' type=kotlin.String origin=null
                                    modifier: COMPOSITE type=kotlin.Nothing? origin=DEFAULT_VALUE
                                      CONST Null type=kotlin.Nothing? value=null
                                    color: GET_VAR '$color: androidx.compose.ui.graphics.Color declared in com.crnogorski.trener.ui.StoryScreenKt.MaskedText-FNF3uiM.<no name provided>.invoke$lambda$3$lambda$2' type=androidx.compose.ui.graphics.Color origin=null
                                    fontSize: COMPOSITE type=androidx.compose.ui.unit.TextUnit origin=DEFAULT_VALUE
                                      CALL 'public final fun <unsafe-coerce> <T, R> (v: T of kotlin.jvm.internal.<unsafe-coerce>): R of kotlin.jvm.internal.<unsafe-coerce> declared in kotlin.jvm.internal' type=androidx.compose.ui.unit.TextUnit origin=null
                                        <T>: kotlin.Long
                                        <R>: androidx.compose.ui.unit.TextUnit
                                        v: CONST Long type=kotlin.Long value=0
                                    fontStyle: COMPOSITE type=kotlin.Nothing? origin=DEFAULT_VALUE
                                      CONST Null type=kotlin.Nothing? value=null
                                    fontWeight: COMPOSITE type=kotlin.Nothing? origin=DEFAULT_VALUE
                                      CONST Null type=kotlin.Nothing? value=null
                                    fontFamily: COMPOSITE type=kotlin.Nothing? origin=DEFAULT_VALUE
                                      CONST Null type=kotlin.Nothing? value=null
                                    letterSpacing: COMPOSITE type=androidx.compose.ui.unit.TextUnit origin=DEFAULT_VALUE
                                      CALL 'public final fun <unsafe-coerce> <T, R> (v: T of kotlin.jvm.internal.<unsafe-coerce>): R of kotlin.jvm.internal.<unsafe-coerce> declared in kotlin.jvm.internal' type=androidx.compose.ui.unit.TextUnit origin=null
                                        <T>: kotlin.Long
                                        <R>: androidx.compose.ui.unit.TextUnit
                                        v: CONST Long type=kotlin.Long value=0
                                    textDecoration: COMPOSITE type=kotlin.Nothing? origin=DEFAULT_VALUE
                                      CONST Null type=kotlin.Nothing? value=null
                                    textAlign: COMPOSITE type=kotlin.Nothing? origin=DEFAULT_VALUE
                                      CONST Null type=kotlin.Nothing? value=null
                                    lineHeight: COMPOSITE type=androidx.compose.ui.unit.TextUnit origin=DEFAULT_VALUE
                                      CALL 'public final fun <unsafe-coerce> <T, R> (v: T of kotlin.jvm.internal.<unsafe-coerce>): R of kotlin.jvm.internal.<unsafe-coerce> declared in kotlin.jvm.internal' type=androidx.compose.ui.unit.TextUnit origin=null
                                        <T>: kotlin.Long
                                        <R>: androidx.compose.ui.unit.TextUnit
                                        v: CONST Long type=kotlin.Long value=0
                                    overflow: COMPOSITE type=androidx.compose.ui.text.style.TextOverflow origin=DEFAULT_VALUE
                                      CALL 'public final fun <unsafe-coerce> <T, R> (v: T of kotlin.jvm.internal.<unsafe-coerce>): R of kotlin.jvm.internal.<unsafe-coerce> declared in kotlin.jvm.internal' type=androidx.compose.ui.text.style.TextOverflow origin=null
                                        <T>: kotlin.Int
                                        <R>: androidx.compose.ui.text.style.TextOverflow
                                        v: CONST Int type=kotlin.Int value=0
                                    softWrap: COMPOSITE type=kotlin.Boolean origin=DEFAULT_VALUE
                                      CONST Boolean type=kotlin.Boolean value=false
                                    maxLines: COMPOSITE type=kotlin.Int origin=DEFAULT_VALUE
                                      CONST Int type=kotlin.Int value=0
                                    minLines: COMPOSITE type=kotlin.Int origin=DEFAULT_VALUE
                                      CONST Int type=kotlin.Int value=0
                                    onTextLayout: COMPOSITE type=kotlin.Nothing? origin=DEFAULT_VALUE
                                      CONST Null type=kotlin.Nothing? value=null
                                    style: GET_VAR '$style: androidx.compose.ui.text.TextStyle declared in com.crnogorski.trener.ui.StoryScreenKt.MaskedText-FNF3uiM.<no name provided>.invoke$lambda$3$lambda$2' type=androidx.compose.ui.text.TextStyle origin=null
                                    $composer: GET_VAR '$composer: androidx.compose.runtime.Composer? [assignable] declared in com.crnogorski.trener.ui.StoryScreenKt.MaskedText-FNF3uiM.<no name provided>.invoke$lambda$3$lambda$2' type=androidx.compose.runtime.Composer? origin=null
                                    $changed: CONST Int type=kotlin.Int value=0
                                    $changed1: CONST Int type=kotlin.Int value=0
                                    $default: CONST Int type=kotlin.Int value=65530
                                  BLOCK type=kotlin.Nothing origin=null
                                    COMPOSITE type=kotlin.Unit origin=null
                                      CALL 'public abstract fun endToMarker (marker: kotlin.Int): kotlin.Unit declared in androidx.compose.runtime.Composer' type=kotlin.Unit origin=null
                                        $this: GET_VAR '$composer: androidx.compose.runtime.Composer? [assignable] declared in com.crnogorski.trener.ui.StoryScreenKt.MaskedText-FNF3uiM.<no name provided>.invoke$lambda$3$lambda$2' type=androidx.compose.runtime.Composer? origin=null
                                        marker: GET_VAR '$tmp0_marker: kotlin.Int declared in com.crnogorski.trener.ui.StoryScreenKt.MaskedText-FNF3uiM.<no name provided>.invoke$lambda$3$lambda$2' type=kotlin.Int origin=null
                                    RETURN type=kotlin.Nothing from='private final fun invoke$lambda$3 ($$composer: androidx.compose.runtime.Composer?, $color: androidx.compose.ui.graphics.Color, $style: androidx.compose.ui.text.TextStyle, $tmp0_marker: kotlin.Int, $density: androidx.compose.ui.unit.Density, $tall: androidx.compose.ui.unit.Dp, $onReveal: kotlin.Function0<kotlin.Unit>, $measurer: androidx.compose.ui.text.TextMeasurer, word: kotlin.String): kotlin.Unit declared in com.crnogorski.trener.ui.StoryScreenKt.MaskedText-FNF3uiM.<no name provided>'
                                      GET_FIELD 'FIELD FIELD_FOR_OBJECT_INSTANCE name:INSTANCE type:kotlin.Unit visibility:public [final,static] declared in kotlin.Unit' type=kotlin.Unit origin=null
                            COMPOSITE type=kotlin.Unit origin=null
                              CALL 'public abstract fun endReplaceGroup (): kotlin.Unit declared in androidx.compose.runtime.Composer' type=kotlin.Unit origin=null
                                $this: GET_VAR '$composer: androidx.compose.runtime.Composer? [assignable] declared in com.crnogorski.trener.ui.StoryScreenKt.MaskedText-FNF3uiM.<no name provided>.invoke$lambda$3$lambda$2' type=androidx.compose.runtime.Composer? origin=null
                          BLOCK type=kotlin.Unit origin=null
                            COMPOSITE type=kotlin.Unit origin=null
                              BLOCK type=kotlin.Unit origin=null
                                CALL 'public abstract fun startReplaceGroup (key: kotlin.Int): kotlin.Unit declared in androidx.compose.runtime.Composer' type=kotlin.Unit origin=null
                                  $this: GET_VAR '$composer: androidx.compose.runtime.Composer? [assignable] declared in com.crnogorski.trener.ui.StoryScreenKt.MaskedText-FNF3uiM.<no name provided>.invoke$lambda$3$lambda$2' type=androidx.compose.runtime.Composer? origin=null
                                  key: CONST Int type=kotlin.Int value=694520670
                                CALL 'public final fun sourceInformation (composer: androidx.compose.runtime.Composer, sourceInformation: kotlin.String): kotlin.Unit declared in androidx.compose.runtime.ComposerKt' type=kotlin.Unit origin=null
                                  composer: GET_VAR '$composer: androidx.compose.runtime.Composer? [assignable] declared in com.crnogorski.trener.ui.StoryScreenKt.MaskedText-FNF3uiM.<no name provided>.invoke$lambda$3$lambda$2' type=androidx.compose.runtime.Composer? origin=null
                                  sourceInformation: CONST String type=kotlin.String value="687@28803L40"
                            WHEN type=kotlin.Unit origin=IF
                              BRANCH
                                if: CALL 'public final fun isNotEmpty (): kotlin.Boolean [inline] declared in kotlin.text.StringsKt' type=kotlin.Boolean origin=null
                                  $receiver: GET_VAR '$head: kotlin.String declared in com.crnogorski.trener.ui.StoryScreenKt.MaskedText-FNF3uiM.<no name provided>.invoke$lambda$3$lambda$2' type=kotlin.String origin=null
                                then: CALL 'public final fun Text--4IGK_g (text: kotlin.String, modifier: androidx.compose.ui.Modifier?, color: androidx.compose.ui.graphics.Color, fontSize: androidx.compose.ui.unit.TextUnit, fontStyle: androidx.compose.ui.text.font.FontStyle?, fontWeight: androidx.compose.ui.text.font.FontWeight?, fontFamily: androidx.compose.ui.text.font.FontFamily?, letterSpacing: androidx.compose.ui.unit.TextUnit, textDecoration: androidx.compose.ui.text.style.TextDecoration?, textAlign: androidx.compose.ui.text.style.TextAlign?, lineHeight: androidx.compose.ui.unit.TextUnit, overflow: androidx.compose.ui.text.style.TextOverflow, softWrap: kotlin.Boolean, maxLines: kotlin.Int, minLines: kotlin.Int, onTextLayout: kotlin.Function1<androidx.compose.ui.text.TextLayoutResult, kotlin.Unit>?, style: androidx.compose.ui.text.TextStyle?, $composer: androidx.compose.runtime.Composer?, $changed: kotlin.Int, $changed1: kotlin.Int, $default: kotlin.Int): kotlin.Unit declared in androidx.compose.material3.TextKt' type=kotlin.Unit origin=null
                                  text: GET_VAR '$head: kotlin.String declared in com.crnogorski.trener.ui.StoryScreenKt.MaskedText-FNF3uiM.<no name provided>.invoke$lambda$3$lambda$2' type=kotlin.String origin=null
                                  modifier: COMPOSITE type=kotlin.Nothing? origin=DEFAULT_VALUE
                                    CONST Null type=kotlin.Nothing? value=null
                                  color: GET_VAR '$color: androidx.compose.ui.graphics.Color declared in com.crnogorski.trener.ui.StoryScreenKt.MaskedText-FNF3uiM.<no name provided>.invoke$lambda$3$lambda$2' type=androidx.compose.ui.graphics.Color origin=null
                                  fontSize: COMPOSITE type=androidx.compose.ui.unit.TextUnit origin=DEFAULT_VALUE
                                    CALL 'public final fun <unsafe-coerce> <T, R> (v: T of kotlin.jvm.internal.<unsafe-coerce>): R of kotlin.jvm.internal.<unsafe-coerce> declared in kotlin.jvm.internal' type=androidx.compose.ui.unit.TextUnit origin=null
                                      <T>: kotlin.Long
                                      <R>: androidx.compose.ui.unit.TextUnit
                                      v: CONST Long type=kotlin.Long value=0
                                  fontStyle: COMPOSITE type=kotlin.Nothing? origin=DEFAULT_VALUE
                                    CONST Null type=kotlin.Nothing? value=null
                                  fontWeight: COMPOSITE type=kotlin.Nothing? origin=DEFAULT_VALUE
                                    CONST Null type=kotlin.Nothing? value=null
                                  fontFamily: COMPOSITE type=kotlin.Nothing? origin=DEFAULT_VALUE
                                    CONST Null type=kotlin.Nothing? value=null
                                  letterSpacing: COMPOSITE type=androidx.compose.ui.unit.TextUnit origin=DEFAULT_VALUE
                                    CALL 'public final fun <unsafe-coerce> <T, R> (v: T of kotlin.jvm.internal.<unsafe-coerce>): R of kotlin.jvm.internal.<unsafe-coerce> declared in kotlin.jvm.internal' type=androidx.compose.ui.unit.TextUnit origin=null
                                      <T>: kotlin.Long
                                      <R>: androidx.compose.ui.unit.TextUnit
                                      v: CONST Long type=kotlin.Long value=0
                                  textDecoration: COMPOSITE type=kotlin.Nothing? origin=DEFAULT_VALUE
                                    CONST Null type=kotlin.Nothing? value=null
                                  textAlign: COMPOSITE type=kotlin.Nothing? origin=DEFAULT_VALUE
                                    CONST Null type=kotlin.Nothing? value=null
                                  lineHeight: COMPOSITE type=androidx.compose.ui.unit.TextUnit origin=DEFAULT_VALUE
                                    CALL 'public final fun <unsafe-coerce> <T, R> (v: T of kotlin.jvm.internal.<unsafe-coerce>): R of kotlin.jvm.internal.<unsafe-coerce> declared in kotlin.jvm.internal' type=androidx.compose.ui.unit.TextUnit origin=null
                                      <T>: kotlin.Long
                                      <R>: androidx.compose.ui.unit.TextUnit
                                      v: CONST Long type=kotlin.Long value=0
                                  overflow: COMPOSITE type=androidx.compose.ui.text.style.TextOverflow origin=DEFAULT_VALUE
                                    CALL 'public final fun <unsafe-coerce> <T, R> (v: T of kotlin.jvm.internal.<unsafe-coerce>): R of kotlin.jvm.internal.<unsafe-coerce> declared in kotlin.jvm.internal' type=androidx.compose.ui.text.style.TextOverflow origin=null
                                      <T>: kotlin.Int
                                      <R>: androidx.compose.ui.text.style.TextOverflow
                                      v: CONST Int type=kotlin.Int value=0
                                  softWrap: COMPOSITE type=kotlin.Boolean origin=DEFAULT_VALUE
                                    CONST Boolean type=kotlin.Boolean value=false
                                  maxLines: COMPOSITE type=kotlin.Int origin=DEFAULT_VALUE
                                    CONST Int type=kotlin.Int value=0
                                  minLines: COMPOSITE type=kotlin.Int origin=DEFAULT_VALUE
                                    CONST Int type=kotlin.Int value=0
                                  onTextLayout: COMPOSITE type=kotlin.Nothing? origin=DEFAULT_VALUE
                                    CONST Null type=kotlin.Nothing? value=null
                                  style: GET_VAR '$style: androidx.compose.ui.text.TextStyle declared in com.crnogorski.trener.ui.StoryScreenKt.MaskedText-FNF3uiM.<no name provided>.invoke$lambda$3$lambda$2' type=androidx.compose.ui.text.TextStyle origin=null
                                  $composer: GET_VAR '$composer: androidx.compose.runtime.Composer? [assignable] declared in com.crnogorski.trener.ui.StoryScreenKt.MaskedText-FNF3uiM.<no name provided>.invoke$lambda$3$lambda$2' type=androidx.compose.runtime.Composer? origin=null
                                  $changed: CONST Int type=kotlin.Int value=0
                                  $changed1: CONST Int type=kotlin.Int value=0
                                  $default: CONST Int type=kotlin.Int value=65530
                            COMPOSITE type=kotlin.Unit origin=null
                              CALL 'public abstract fun endReplaceGroup (): kotlin.Unit declared in androidx.compose.runtime.Composer' type=kotlin.Unit origin=null
                                $this: GET_VAR '$composer: androidx.compose.runtime.Composer? [assignable] declared in com.crnogorski.trener.ui.StoryScreenKt.MaskedText-FNF3uiM.<no name provided>.invoke$lambda$3$lambda$2' type=androidx.compose.runtime.Composer? origin=null
                          BLOCK type=kotlin.Unit origin=null
                            COMPOSITE type=kotlin.Unit origin=null
                              BLOCK type=kotlin.Unit origin=null
                                CALL 'public abstract fun startReplaceGroup (key: kotlin.Int): kotlin.Unit declared in androidx.compose.runtime.Composer' type=kotlin.Unit origin=null
                                  $this: GET_VAR '$composer: androidx.compose.runtime.Composer? [assignable] declared in com.crnogorski.trener.ui.StoryScreenKt.MaskedText-FNF3uiM.<no name provided>.invoke$lambda$3$lambda$2' type=androidx.compose.runtime.Composer? origin=null
                                  key: CONST Int type=kotlin.Int value=694523663
                                CALL 'public final fun sourceInformation (composer: androidx.compose.runtime.Composer, sourceInformation: kotlin.String): kotlin.Unit declared in androidx.compose.runtime.ComposerKt' type=kotlin.Unit origin=null
                                  composer: GET_VAR '$composer: androidx.compose.runtime.Composer? [assignable] declared in com.crnogorski.trener.ui.StoryScreenKt.MaskedText-FNF3uiM.<no name provided>.invoke$lambda$3$lambda$2' type=androidx.compose.runtime.Composer? origin=null
                                  sourceInformation: CONST String type=kotlin.String value="690@29002L336"
                            WHEN type=kotlin.Unit origin=IF
                              BRANCH
                                if: CALL 'public final fun isNotEmpty (): kotlin.Boolean [inline] declared in kotlin.text.StringsKt' type=kotlin.Boolean origin=null
                                  $receiver: GET_VAR '$core: kotlin.String declared in com.crnogorski.trener.ui.StoryScreenKt.MaskedText-FNF3uiM.<no name provided>.invoke$lambda$3$lambda$2' type=kotlin.String origin=null
                                then: BLOCK type=kotlin.Unit origin=null
                                  VAR name:wide type:androidx.compose.ui.unit.Dp [val]
                                    CALL 'public final fun with <T, R> (receiver: T of kotlin.StandardKt.with, block: @[ExtensionFunctionType] kotlin.Function1<T of kotlin.StandardKt.with, R of kotlin.StandardKt.with>): R of kotlin.StandardKt.with [inline] declared in kotlin.StandardKt' type=androidx.compose.ui.unit.Dp origin=null
                                      <T>: androidx.compose.ui.unit.Density
                                      <R>: androidx.compose.ui.unit.Dp
                                      receiver: GET_VAR '$density: androidx.compose.ui.unit.Density declared in com.crnogorski.trener.ui.StoryScreenKt.MaskedText-FNF3uiM.<no name provided>.invoke$lambda$3$lambda$2' type=androidx.compose.ui.unit.Density origin=null
                                      block: BLOCK type=@[ExtensionFunctionType] kotlin.Function1<androidx.compose.ui.unit.Density, androidx.compose.ui.unit.Dp> origin=LAMBDA
                                        COMPOSITE type=kotlin.Unit origin=null
                                        FUNCTION_REFERENCE 'private final fun invoke$lambda$3$lambda$2$lambda$1 ($measurer: androidx.compose.ui.text.TextMeasurer, $core: kotlin.String, $style: androidx.compose.ui.text.TextStyle): androidx.compose.ui.unit.Dp declared in com.crnogorski.trener.ui.StoryScreenKt.MaskedText-FNF3uiM.<no name provided>' type=@[ExtensionFunctionType] kotlin.Function1<androidx.compose.ui.unit.Density, androidx.compose.ui.unit.Dp> origin=INLINE_LAMBDA reflectionTarget=null
                                          $measurer: GET_VAR '$measurer: androidx.compose.ui.text.TextMeasurer declared in com.crnogorski.trener.ui.StoryScreenKt.MaskedText-FNF3uiM.<no name provided>.invoke$lambda$3$lambda$2' type=androidx.compose.ui.text.TextMeasurer origin=null
                                          $core: GET_VAR '$core: kotlin.String declared in com.crnogorski.trener.ui.StoryScreenKt.MaskedText-FNF3uiM.<no name provided>.invoke$lambda$3$lambda$2' type=kotlin.String origin=null
                                          $style: GET_VAR '$style: androidx.compose.ui.text.TextStyle declared in com.crnogorski.trener.ui.StoryScreenKt.MaskedText-FNF3uiM.<no name provided>.invoke$lambda$3$lambda$2' type=androidx.compose.ui.text.TextStyle origin=null
                                  CALL 'public final fun Box (modifier: androidx.compose.ui.Modifier, $composer: androidx.compose.runtime.Composer?, $changed: kotlin.Int): kotlin.Unit declared in androidx.compose.foundation.layout.BoxKt' type=kotlin.Unit origin=null
                                    modifier: CALL 'public final fun clickable-XHw0xAI$default (enabled: kotlin.Boolean, onClickLabel: kotlin.String?, role: androidx.compose.ui.semantics.Role?, onClick: kotlin.Function0<kotlin.Unit>, $mask0: kotlin.Int, $handler: kotlin.Any?): androidx.compose.ui.Modifier declared in androidx.compose.foundation.ClickableKt' type=androidx.compose.ui.Modifier origin=DEFAULT_DISPATCH_CALL
                                      $receiver: CALL 'public final fun background-bw27NRU$default (color: androidx.compose.ui.graphics.Color, shape: androidx.compose.ui.graphics.Shape?, $mask0: kotlin.Int, $handler: kotlin.Any?): androidx.compose.ui.Modifier declared in androidx.compose.foundation.BackgroundKt' type=androidx.compose.ui.Modifier origin=DEFAULT_DISPATCH_CALL
                                        $receiver: CALL 'public final fun clip (shape: androidx.compose.ui.graphics.Shape): androidx.compose.ui.Modifier declared in androidx.compose.ui.draw.ClipKt' type=androidx.compose.ui.Modifier origin=null
                                          $receiver: CALL 'public final fun height-3ABfNKs (height: androidx.compose.ui.unit.Dp): androidx.compose.ui.Modifier declared in androidx.compose.foundation.layout.SizeKt' type=androidx.compose.ui.Modifier origin=null
                                            $receiver: CALL 'public final fun width-3ABfNKs (width: androidx.compose.ui.unit.Dp): androidx.compose.ui.Modifier declared in androidx.compose.foundation.layout.SizeKt' type=androidx.compose.ui.Modifier origin=null
                                              $receiver: GET_FIELD 'FIELD FIELD_FOR_OBJECT_INSTANCE name:Companion type:androidx.compose.ui.Modifier.Companion visibility:public [final,static] declared in androidx.compose.ui.Modifier' type=androidx.compose.ui.Modifier.Companion origin=null
                                              width: GET_VAR 'val wide: androidx.compose.ui.unit.Dp [val] declared in com.crnogorski.trener.ui.StoryScreenKt.MaskedText-FNF3uiM.<no name provided>.invoke$lambda$3$lambda$2' type=androidx.compose.ui.unit.Dp origin=null
                                            height: CALL 'public final fun times-u2uoSUM (arg0: androidx.compose.ui.unit.Dp, other: kotlin.Float): androidx.compose.ui.unit.Dp [inline,operator] declared in androidx.compose.ui.unit.Dp' type=androidx.compose.ui.unit.Dp origin=MUL
                                              arg0: GET_VAR '$tall: androidx.compose.ui.unit.Dp declared in com.crnogorski.trener.ui.StoryScreenKt.MaskedText-FNF3uiM.<no name provided>.invoke$lambda$3$lambda$2' type=androidx.compose.ui.unit.Dp origin=null
                                              other: CONST Float type=kotlin.Float value=0.72
                                          shape: CALL 'public final fun RoundedCornerShape-0680j_4 (size: androidx.compose.ui.unit.Dp): androidx.compose.foundation.shape.RoundedCornerShape declared in androidx.compose.foundation.shape.RoundedCornerShapeKt' type=androidx.compose.foundation.shape.RoundedCornerShape origin=null
                                            size: CALL 'public final fun <get-dp> (): androidx.compose.ui.unit.Dp [inline] declared in androidx.compose.ui.unit.DpKt' type=androidx.compose.ui.unit.Dp origin=GET_PROPERTY
                                              $receiver: CONST Int type=kotlin.Int value=4
                                        color: CALL 'public final fun copy-wmQWz5c$default (arg0: androidx.compose.ui.graphics.Color, alpha: kotlin.Float, red: kotlin.Float, green: kotlin.Float, blue: kotlin.Float, $mask0: kotlin.Int, $handler: kotlin.Any?): androidx.compose.ui.graphics.Color declared in androidx.compose.ui.graphics.Color' type=androidx.compose.ui.graphics.Color origin=DEFAULT_DISPATCH_CALL
                                          arg0: GET_VAR '$color: androidx.compose.ui.graphics.Color declared in com.crnogorski.trener.ui.StoryScreenKt.MaskedText-FNF3uiM.<no name provided>.invoke$lambda$3$lambda$2' type=androidx.compose.ui.graphics.Color origin=null
                                          alpha: CONST Float type=kotlin.Float value=0.3
                                          red: COMPOSITE type=kotlin.Float origin=DEFAULT_VALUE
                                            CONST Float type=kotlin.Float value=0.0
                                          green: COMPOSITE type=kotlin.Float origin=DEFAULT_VALUE
                                            CONST Float type=kotlin.Float value=0.0
                                          blue: COMPOSITE type=kotlin.Float origin=DEFAULT_VALUE
                                            CONST Float type=kotlin.Float value=0.0
                                          $mask0: CONST Int type=kotlin.Int value=14
                                          $handler: CONST Null type=kotlin.Any? value=null
                                        shape: COMPOSITE type=androidx.compose.ui.graphics.Shape? origin=DEFAULT_VALUE
                                          CONST Null type=androidx.compose.ui.graphics.Shape? value=null
                                        $mask0: CONST Int type=kotlin.Int value=2
                                        $handler: CONST Null type=kotlin.Any? value=null
                                      enabled: COMPOSITE type=kotlin.Boolean origin=DEFAULT_VALUE
                                        CONST Boolean type=kotlin.Boolean value=false
                                      onClickLabel: COMPOSITE type=kotlin.String? origin=DEFAULT_VALUE
                                        CONST Null type=kotlin.String? value=null
                                      role: COMPOSITE type=androidx.compose.ui.semantics.Role? origin=DEFAULT_VALUE
                                        CONST Null type=androidx.compose.ui.semantics.Role? value=null
                                      onClick: GET_VAR '$onReveal: kotlin.Function0<kotlin.Unit> declared in com.crnogorski.trener.ui.StoryScreenKt.MaskedText-FNF3uiM.<no name provided>.invoke$lambda$3$lambda$2' type=kotlin.Function0<kotlin.Unit> origin=null
                                      $mask0: CONST Int type=kotlin.Int value=7
                                      $handler: CONST Null type=kotlin.Any? value=null
                                    $composer: GET_VAR '$composer: androidx.compose.runtime.Composer? [assignable] declared in com.crnogorski.trener.ui.StoryScreenKt.MaskedText-FNF3uiM.<no name provided>.invoke$lambda$3$lambda$2' type=androidx.compose.runtime.Composer? origin=null
                                    $changed: CONST Int type=kotlin.Int value=0
                            COMPOSITE type=kotlin.Unit origin=null
                              CALL 'public abstract fun endReplaceGroup (): kotlin.Unit declared in androidx.compose.runtime.Composer' type=kotlin.Unit origin=null
                                $this: GET_VAR '$composer: androidx.compose.runtime.Composer? [assignable] declared in com.crnogorski.trener.ui.StoryScreenKt.MaskedText-FNF3uiM.<no name provided>.invoke$lambda$3$lambda$2' type=androidx.compose.runtime.Composer? origin=null
                          BLOCK type=kotlin.Unit origin=null
                            COMPOSITE type=kotlin.Unit origin=null
                              BLOCK type=kotlin.Unit origin=null
                                CALL 'public abstract fun startReplaceGroup (key: kotlin.Int): kotlin.Unit declared in androidx.compose.runtime.Composer' type=kotlin.Unit origin=null
                                  $this: GET_VAR '$composer: androidx.compose.runtime.Composer? [assignable] declared in com.crnogorski.trener.ui.StoryScreenKt.MaskedText-FNF3uiM.<no name provided>.invoke$lambda$3$lambda$2' type=androidx.compose.runtime.Composer? origin=null
                                  key: CONST Int type=kotlin.Int value=694539646
                                CALL 'public final fun sourceInformation (composer: androidx.compose.runtime.Composer, sourceInformation: kotlin.String): kotlin.Unit declared in androidx.compose.runtime.ComposerKt' type=kotlin.Unit origin=null
                                  composer: GET_VAR '$composer: androidx.compose.runtime.Composer? [assignable] declared in com.crnogorski.trener.ui.StoryScreenKt.MaskedText-FNF3uiM.<no name provided>.invoke$lambda$3$lambda$2' type=androidx.compose.runtime.Composer? origin=null
                                  sourceInformation: CONST String type=kotlin.String value="699@29396L40"
                            WHEN type=kotlin.Unit origin=IF
                              BRANCH
                                if: CALL 'public final fun isNotEmpty (): kotlin.Boolean [inline] declared in kotlin.text.StringsKt' type=kotlin.Boolean origin=null
                                  $receiver: GET_VAR '$tail: kotlin.String declared in com.crnogorski.trener.ui.StoryScreenKt.MaskedText-FNF3uiM.<no name provided>.invoke$lambda$3$lambda$2' type=kotlin.String origin=null
                                then: CALL 'public final fun Text--4IGK_g (text: kotlin.String, modifier: androidx.compose.ui.Modifier?, color: androidx.compose.ui.graphics.Color, fontSize: androidx.compose.ui.unit.TextUnit, fontStyle: androidx.compose.ui.text.font.FontStyle?, fontWeight: androidx.compose.ui.text.font.FontWeight?, fontFamily: androidx.compose.ui.text.font.FontFamily?, letterSpacing: androidx.compose.ui.unit.TextUnit, textDecoration: androidx.compose.ui.text.style.TextDecoration?, textAlign: androidx.compose.ui.text.style.TextAlign?, lineHeight: androidx.compose.ui.unit.TextUnit, overflow: androidx.compose.ui.text.style.TextOverflow, softWrap: kotlin.Boolean, maxLines: kotlin.Int, minLines: kotlin.Int, onTextLayout: kotlin.Function1<androidx.compose.ui.text.TextLayoutResult, kotlin.Unit>?, style: androidx.compose.ui.text.TextStyle?, $composer: androidx.compose.runtime.Composer?, $changed: kotlin.Int, $changed1: kotlin.Int, $default: kotlin.Int): kotlin.Unit declared in androidx.compose.material3.TextKt' type=kotlin.Unit origin=null
                                  text: GET_VAR '$tail: kotlin.String declared in com.crnogorski.trener.ui.StoryScreenKt.MaskedText-FNF3uiM.<no name provided>.invoke$lambda$3$lambda$2' type=kotlin.String origin=null
                                  modifier: COMPOSITE type=kotlin.Nothing? origin=DEFAULT_VALUE
                                    CONST Null type=kotlin.Nothing? value=null
                                  color: GET_VAR '$color: androidx.compose.ui.graphics.Color declared in com.crnogorski.trener.ui.StoryScreenKt.MaskedText-FNF3uiM.<no name provided>.invoke$lambda$3$lambda$2' type=androidx.compose.ui.graphics.Color origin=null
                                  fontSize: COMPOSITE type=androidx.compose.ui.unit.TextUnit origin=DEFAULT_VALUE
                                    CALL 'public final fun <unsafe-coerce> <T, R> (v: T of kotlin.jvm.internal.<unsafe-coerce>): R of kotlin.jvm.internal.<unsafe-coerce> declared in kotlin.jvm.internal' type=androidx.compose.ui.unit.TextUnit origin=null
                                      <T>: kotlin.Long
                                      <R>: androidx.compose.ui.unit.TextUnit
                                      v: CONST Long type=kotlin.Long value=0
                                  fontStyle: COMPOSITE type=kotlin.Nothing? origin=DEFAULT_VALUE
                                    CONST Null type=kotlin.Nothing? value=null
                                  fontWeight: COMPOSITE type=kotlin.Nothing? origin=DEFAULT_VALUE
                                    CONST Null type=kotlin.Nothing? value=null
                                  fontFamily: COMPOSITE type=kotlin.Nothing? origin=DEFAULT_VALUE
                                    CONST Null type=kotlin.Nothing? value=null
                                  letterSpacing: COMPOSITE type=androidx.compose.ui.unit.TextUnit origin=DEFAULT_VALUE
                                    CALL 'public final fun <unsafe-coerce> <T, R> (v: T of kotlin.jvm.internal.<unsafe-coerce>): R of kotlin.jvm.internal.<unsafe-coerce> declared in kotlin.jvm.internal' type=androidx.compose.ui.unit.TextUnit origin=null
                                      <T>: kotlin.Long
                                      <R>: androidx.compose.ui.unit.TextUnit
                                      v: CONST Long type=kotlin.Long value=0
                                  textDecoration: COMPOSITE type=kotlin.Nothing? origin=DEFAULT_VALUE
                                    CONST Null type=kotlin.Nothing? value=null
                                  textAlign: COMPOSITE type=kotlin.Nothing? origin=DEFAULT_VALUE
                                    CONST Null type=kotlin.Nothing? value=null
                                  lineHeight: COMPOSITE type=androidx.compose.ui.unit.TextUnit origin=DEFAULT_VALUE
                                    CALL 'public final fun <unsafe-coerce> <T, R> (v: T of kotlin.jvm.internal.<unsafe-coerce>): R of kotlin.jvm.internal.<unsafe-coerce> declared in kotlin.jvm.internal' type=androidx.compose.ui.unit.TextUnit origin=null
                                      <T>: kotlin.Long
                                      <R>: androidx.compose.ui.unit.TextUnit
                                      v: CONST Long type=kotlin.Long value=0
                                  overflow: COMPOSITE type=androidx.compose.ui.text.style.TextOverflow origin=DEFAULT_VALUE
                                    CALL 'public final fun <unsafe-coerce> <T, R> (v: T of kotlin.jvm.internal.<unsafe-coerce>): R of kotlin.jvm.internal.<unsafe-coerce> declared in kotlin.jvm.internal' type=androidx.compose.ui.text.style.TextOverflow origin=null
                                      <T>: kotlin.Int
                                      <R>: androidx.compose.ui.text.style.TextOverflow
                                      v: CONST Int type=kotlin.Int value=0
                                  softWrap: COMPOSITE type=kotlin.Boolean origin=DEFAULT_VALUE
                                    CONST Boolean type=kotlin.Boolean value=false
                                  maxLines: COMPOSITE type=kotlin.Int origin=DEFAULT_VALUE
                                    CONST Int type=kotlin.Int value=0
                                  minLines: COMPOSITE type=kotlin.Int origin=DEFAULT_VALUE
                                    CONST Int type=kotlin.Int value=0
                                  onTextLayout: COMPOSITE type=kotlin.Nothing? origin=DEFAULT_VALUE
                                    CONST Null type=kotlin.Nothing? value=null
                                  style: GET_VAR '$style: androidx.compose.ui.text.TextStyle declared in com.crnogorski.trener.ui.StoryScreenKt.MaskedText-FNF3uiM.<no name provided>.invoke$lambda$3$lambda$2' type=androidx.compose.ui.text.TextStyle origin=null
                                  $composer: GET_VAR '$composer: androidx.compose.runtime.Composer? [assignable] declared in com.crnogorski.trener.ui.StoryScreenKt.MaskedText-FNF3uiM.<no name provided>.invoke$lambda$3$lambda$2' type=androidx.compose.runtime.Composer? origin=null
                                  $changed: CONST Int type=kotlin.Int value=0
                                  $changed1: CONST Int type=kotlin.Int value=0
                                  $default: CONST Int type=kotlin.Int value=65530
                            COMPOSITE type=kotlin.Unit origin=null
                              CALL 'public abstract fun endReplaceGroup (): kotlin.Unit declared in androidx.compose.runtime.Composer' type=kotlin.Unit origin=null
                                $this: GET_VAR '$composer: androidx.compose.runtime.Composer? [assignable] declared in com.crnogorski.trener.ui.StoryScreenKt.MaskedText-FNF3uiM.<no name provided>.invoke$lambda$3$lambda$2' type=androidx.compose.runtime.Composer? origin=null
                        CALL 'public abstract fun endReplaceGroup (): kotlin.Unit declared in androidx.compose.runtime.Composer' type=kotlin.Unit origin=null
                          $this: GET_VAR '$composer: androidx.compose.runtime.Composer? [assignable] declared in com.crnogorski.trener.ui.StoryScreenKt.MaskedText-FNF3uiM.<no name provided>.invoke$lambda$3$lambda$2' type=androidx.compose.runtime.Composer? origin=null
                  FUN INLINE_LAMBDA name:invoke$lambda$3 visibility:private modality:FINAL <> ($$composer:androidx.compose.runtime.Composer?, $color:androidx.compose.ui.graphics.Color, $style:androidx.compose.ui.text.TextStyle, $tmp0_marker:kotlin.Int, $density:androidx.compose.ui.unit.Density, $tall:androidx.compose.ui.unit.Dp, $onReveal:kotlin.Function0<kotlin.Unit>, $measurer:androidx.compose.ui.text.TextMeasurer, word:kotlin.String) returnType:kotlin.Unit
                    VALUE_PARAMETER BOUND_VALUE_PARAMETER name:$$composer index:0 type:androidx.compose.runtime.Composer?
                    VALUE_PARAMETER BOUND_VALUE_PARAMETER name:$color index:1 type:androidx.compose.ui.graphics.Color
                    VALUE_PARAMETER BOUND_VALUE_PARAMETER name:$style index:2 type:androidx.compose.ui.text.TextStyle
                    VALUE_PARAMETER BOUND_VALUE_PARAMETER name:$tmp0_marker index:3 type:kotlin.Int
                    VALUE_PARAMETER BOUND_VALUE_PARAMETER name:$density index:4 type:androidx.compose.ui.unit.Density
                    VALUE_PARAMETER BOUND_VALUE_PARAMETER name:$tall index:5 type:androidx.compose.ui.unit.Dp
                    VALUE_PARAMETER BOUND_VALUE_PARAMETER name:$onReveal index:6 type:kotlin.Function0<kotlin.Unit>
                    VALUE_PARAMETER BOUND_VALUE_PARAMETER name:$measurer index:7 type:androidx.compose.ui.text.TextMeasurer
                    VALUE_PARAMETER name:word index:8 type:kotlin.String
                    BLOCK_BODY
                      VAR name:$i$a$-forEach-StoryScreenKt$MaskedText$1$1 type:kotlin.Int [val]
                        CONST Int type=kotlin.Int value=0
                      VAR name:core type:kotlin.String [val]
                        CALL 'public final fun trim (predicate: kotlin.Function1<kotlin.Char, kotlin.Boolean>): kotlin.String [inline] declared in kotlin.text.StringsKt' type=kotlin.String origin=null
                          $receiver: GET_VAR 'word: kotlin.String declared in com.crnogorski.trener.ui.StoryScreenKt.MaskedText-FNF3uiM.<no name provided>.invoke$lambda$3' type=kotlin.String origin=null
                          predicate: BLOCK type=kotlin.Function1<kotlin.Char, kotlin.Boolean> origin=LAMBDA
                            COMPOSITE type=kotlin.Unit origin=null
                            FUNCTION_REFERENCE 'private final fun invoke$lambda$3$lambda$0 (it: kotlin.Char): kotlin.Boolean declared in com.crnogorski.trener.ui.StoryScreenKt.MaskedText-FNF3uiM.<no name provided>' type=kotlin.Function1<kotlin.Char, kotlin.Boolean> origin=INLINE_LAMBDA reflectionTarget=null
                      VAR name:head type:kotlin.String [val]
                        CALL 'public final fun substringBefore (delimiter: kotlin.String, missingDelimiterValue: kotlin.String): kotlin.String declared in kotlin.text.StringsKt' type=kotlin.String origin=null
                          $receiver: GET_VAR 'word: kotlin.String declared in com.crnogorski.trener.ui.StoryScreenKt.MaskedText-FNF3uiM.<no name provided>.invoke$lambda$3' type=kotlin.String origin=null
                          delimiter: GET_VAR 'val core: kotlin.String [val] declared in com.crnogorski.trener.ui.StoryScreenKt.MaskedText-FNF3uiM.<no name provided>.invoke$lambda$3' type=kotlin.String origin=null
                          missingDelimiterValue: CONST String type=kotlin.String value=""
                      VAR name:tail type:kotlin.String [val]
                        WHEN type=kotlin.String origin=IF
                          BRANCH
                            if: CALL 'public final fun isEmpty (): kotlin.Boolean [inline] declared in kotlin.text.StringsKt' type=kotlin.Boolean origin=null
                              $receiver: GET_VAR 'val core: kotlin.String [val] declared in com.crnogorski.trener.ui.StoryScreenKt.MaskedText-FNF3uiM.<no name provided>.invoke$lambda$3' type=kotlin.String origin=null
                            then: CONST String type=kotlin.String value=""
                          BRANCH
                            if: CONST Boolean type=kotlin.Boolean value=true
                            then: CALL 'public final fun substringAfterLast (delimiter: kotlin.String, missingDelimiterValue: kotlin.String): kotlin.String declared in kotlin.text.StringsKt' type=kotlin.String origin=null
                              $receiver: GET_VAR 'word: kotlin.String declared in com.crnogorski.trener.ui.StoryScreenKt.MaskedText-FNF3uiM.<no name provided>.invoke$lambda$3' type=kotlin.String origin=null
                              delimiter: GET_VAR 'val core: kotlin.String [val] declared in com.crnogorski.trener.ui.StoryScreenKt.MaskedText-FNF3uiM.<no name provided>.invoke$lambda$3' type=kotlin.String origin=null
                              missingDelimiterValue: CONST String type=kotlin.String value=""
                      CALL 'public final fun Row (modifier: androidx.compose.ui.Modifier?, horizontalArrangement: androidx.compose.foundation.layout.Arrangement.Horizontal?, verticalAlignment: androidx.compose.ui.Alignment.Vertical?, content: @[ExtensionFunctionType] kotlin.Function3<androidx.compose.foundation.layout.RowScope, androidx.compose.runtime.Composer, kotlin.Int, kotlin.Unit>, $composer: androidx.compose.runtime.Composer?, $changed: kotlin.Int, $default: kotlin.Int): kotlin.Unit [inline] declared in androidx.compose.foundation.layout.RowKt' type=kotlin.Unit origin=null
                        modifier: COMPOSITE type=kotlin.Nothing? origin=DEFAULT_VALUE
                          CONST Null type=kotlin.Nothing? value=null
                        horizontalArrangement: COMPOSITE type=kotlin.Nothing? origin=DEFAULT_VALUE
                          CONST Null type=kotlin.Nothing? value=null
                        verticalAlignment: CALL 'public final fun <get-CenterVertically> (): androidx.compose.ui.Alignment.Vertical declared in androidx.compose.ui.Alignment.Companion' type=androidx.compose.ui.Alignment.Vertical origin=GET_PROPERTY
                          $this: GET_FIELD 'FIELD FIELD_FOR_OBJECT_INSTANCE name:Companion type:androidx.compose.ui.Alignment.Companion visibility:public [final,static] declared in androidx.compose.ui.Alignment' type=androidx.compose.ui.Alignment.Companion origin=null
                        content: BLOCK type=@[ExtensionFunctionType] kotlin.Function3<androidx.compose.foundation.layout.RowScope, androidx.compose.runtime.Composer, kotlin.Int, kotlin.Unit> origin=LAMBDA
                          COMPOSITE type=kotlin.Unit origin=null
                          FUNCTION_REFERENCE 'private final fun invoke$lambda$3$lambda$2 ($core: kotlin.String, $word: kotlin.String, $color: androidx.compose.ui.graphics.Color, $style: androidx.compose.ui.text.TextStyle, $tmp0_marker: kotlin.Int, $head: kotlin.String, $density: androidx.compose.ui.unit.Density, $tall: androidx.compose.ui.unit.Dp, $onReveal: kotlin.Function0<kotlin.Unit>, $tail: kotlin.String, $measurer: androidx.compose.ui.text.TextMeasurer, $composer: androidx.compose.runtime.Composer?, $changed: kotlin.Int): kotlin.Unit declared in com.crnogorski.trener.ui.StoryScreenKt.MaskedText-FNF3uiM.<no name provided>' type=@[ExtensionFunctionType] kotlin.Function3<androidx.compose.foundation.layout.RowScope, androidx.compose.runtime.Composer, kotlin.Int, kotlin.Unit> origin=INLINE_LAMBDA reflectionTarget=null
                            $core: GET_VAR 'val core: kotlin.String [val] declared in com.crnogorski.trener.ui.StoryScreenKt.MaskedText-FNF3uiM.<no name provided>.invoke$lambda$3' type=kotlin.String origin=null
                            $word: GET_VAR 'word: kotlin.String declared in com.crnogorski.trener.ui.StoryScreenKt.MaskedText-FNF3uiM.<no name provided>.invoke$lambda$3' type=kotlin.String origin=null
                            $color: GET_VAR '$color: androidx.compose.ui.graphics.Color declared in com.crnogorski.trener.ui.StoryScreenKt.MaskedText-FNF3uiM.<no name provided>.invoke$lambda$3' type=androidx.compose.ui.graphics.Color origin=null
                            $style: GET_VAR '$style: androidx.compose.ui.text.TextStyle declared in com.crnogorski.trener.ui.StoryScreenKt.MaskedText-FNF3uiM.<no name provided>.invoke$lambda$3' type=androidx.compose.ui.text.TextStyle origin=null
                            $tmp0_marker: GET_VAR '$tmp0_marker: kotlin.Int declared in com.crnogorski.trener.ui.StoryScreenKt.MaskedText-FNF3uiM.<no name provided>.invoke$lambda$3' type=kotlin.Int origin=null
                            $head: GET_VAR 'val head: kotlin.String [val] declared in com.crnogorski.trener.ui.StoryScreenKt.MaskedText-FNF3uiM.<no name provided>.invoke$lambda$3' type=kotlin.String origin=null
                            $density: GET_VAR '$density: androidx.compose.ui.unit.Density declared in com.crnogorski.trener.ui.StoryScreenKt.MaskedText-FNF3uiM.<no name provided>.invoke$lambda$3' type=androidx.compose.ui.unit.Density origin=null
                            $tall: GET_VAR '$tall: androidx.compose.ui.unit.Dp declared in com.crnogorski.trener.ui.StoryScreenKt.MaskedText-FNF3uiM.<no name provided>.invoke$lambda$3' type=androidx.compose.ui.unit.Dp origin=null
                            $onReveal: GET_VAR '$onReveal: kotlin.Function0<kotlin.Unit> declared in com.crnogorski.trener.ui.StoryScreenKt.MaskedText-FNF3uiM.<no name provided>.invoke$lambda$3' type=kotlin.Function0<kotlin.Unit> origin=null
                            $tail: GET_VAR 'val tail: kotlin.String [val] declared in com.crnogorski.trener.ui.StoryScreenKt.MaskedText-FNF3uiM.<no name provided>.invoke$lambda$3' type=kotlin.String origin=null
                            $measurer: GET_VAR '$measurer: androidx.compose.ui.text.TextMeasurer declared in com.crnogorski.trener.ui.StoryScreenKt.MaskedText-FNF3uiM.<no name provided>.invoke$lambda$3' type=androidx.compose.ui.text.TextMeasurer origin=null
                        $composer: GET_VAR '$$composer: androidx.compose.runtime.Composer? declared in com.crnogorski.trener.ui.StoryScreenKt.MaskedText-FNF3uiM.<no name provided>.invoke$lambda$3' type=androidx.compose.runtime.Composer? origin=null
                        $changed: CONST Int type=kotlin.Int value=384
                        $default: CONST Int type=kotlin.Int value=3
                  FUN BRIDGE name:invoke visibility:public modality:OPEN <> ($this:com.crnogorski.trener.ui.StoryScreenKt.MaskedText-FNF3uiM.<no name provided>, p1:kotlin.Any?, p2:kotlin.Any?, p3:kotlin.Any?) returnType:kotlin.Any?
                    $this: VALUE_PARAMETER INSTANCE_RECEIVER name:<this> type:com.crnogorski.trener.ui.StoryScreenKt.MaskedText-FNF3uiM.<no name provided>
                    VALUE_PARAMETER BRIDGE name:p1 index:0 type:kotlin.Any?
                    VALUE_PARAMETER BRIDGE name:p2 index:1 type:kotlin.Any?
                    VALUE_PARAMETER BRIDGE name:p3 index:2 type:kotlin.Any?
                    EXPRESSION_BODY
                      RETURN type=kotlin.Nothing from='public open fun invoke (p1: kotlin.Any?, p2: kotlin.Any?, p3: kotlin.Any?): kotlin.Any? declared in com.crnogorski.trener.ui.StoryScreenKt.MaskedText-FNF3uiM.<no name provided>'
                        CALL 'public final fun invoke ($this$FlowRow: androidx.compose.foundation.layout.FlowRowScope, $composer: androidx.compose.runtime.Composer?, $changed: kotlin.Int): kotlin.Unit declared in com.crnogorski.trener.ui.StoryScreenKt.MaskedText-FNF3uiM.<no name provided>' type=kotlin.Unit origin=BRIDGE_DELEGATION
                          $this: GET_VAR '<this>: com.crnogorski.trener.ui.StoryScreenKt.MaskedText-FNF3uiM.<no name provided> declared in com.crnogorski.trener.ui.StoryScreenKt.MaskedText-FNF3uiM.<no name provided>.invoke' type=com.crnogorski.trener.ui.StoryScreenKt.MaskedText-FNF3uiM.<no name provided> origin=null
                          $this$FlowRow: TYPE_OP type=androidx.compose.foundation.layout.FlowRowScope origin=IMPLICIT_CAST typeOperand=androidx.compose.foundation.layout.FlowRowScope
                            GET_VAR 'p1: kotlin.Any? declared in com.crnogorski.trener.ui.StoryScreenKt.MaskedText-FNF3uiM.<no name provided>.invoke' type=kotlin.Any? origin=null
                          $composer: TYPE_OP type=androidx.compose.runtime.Composer origin=IMPLICIT_CAST typeOperand=androidx.compose.runtime.Composer
                            GET_VAR 'p2: kotlin.Any? declared in com.crnogorski.trener.ui.StoryScreenKt.MaskedText-FNF3uiM.<no name provided>.invoke' type=kotlin.Any? origin=null
                          $changed: TYPE_OP type=kotlin.Int origin=IMPLICIT_CAST typeOperand=kotlin.Int
                            GET_VAR 'p3: kotlin.Any? declared in com.crnogorski.trener.ui.StoryScreenKt.MaskedText-FNF3uiM.<no name provided>.invoke' type=kotlin.Any? origin=null
                CONSTRUCTOR_CALL 'public/*package*/ constructor <init> ($words: kotlin.collections.List<kotlin.String>, $color: androidx.compose.ui.graphics.Color, $style: androidx.compose.ui.text.TextStyle, $tmp0_marker: kotlin.Int, $density: androidx.compose.ui.unit.Density, $tall: androidx.compose.ui.unit.Dp, $onReveal: kotlin.Function0<kotlin.Unit>, $measurer: androidx.compose.ui.text.TextMeasurer) [primary] declared in com.crnogorski.trener.ui.StoryScreenKt.MaskedText-FNF3uiM.<no name provided>' type=com.crnogorski.trener.ui.StoryScreenKt.MaskedText-FNF3uiM.<no name provided> origin=null
                  $words: GET_VAR 'val words: kotlin.collections.List<kotlin.String> [val] declared in com.crnogorski.trener.ui.StoryScreenKt.MaskedText-FNF3uiM' type=kotlin.collections.List<kotlin.String> origin=null
                  $color: GET_VAR 'color: androidx.compose.ui.graphics.Color declared in com.crnogorski.trener.ui.StoryScreenKt.MaskedText-FNF3uiM' type=androidx.compose.ui.graphics.Color origin=null
                  $style: GET_VAR 'style: androidx.compose.ui.text.TextStyle declared in com.crnogorski.trener.ui.StoryScreenKt.MaskedText-FNF3uiM' type=androidx.compose.ui.text.TextStyle origin=null
                  $tmp0_marker: GET_VAR 'val tmp0_marker: kotlin.Int [val] declared in <no parent>' type=kotlin.Int origin=null
                  $density: GET_VAR 'val density: androidx.compose.ui.unit.Density [val] declared in com.crnogorski.trener.ui.StoryScreenKt.MaskedText-FNF3uiM' type=androidx.compose.ui.unit.Density origin=null
                  $tall: GET_VAR 'val tall: androidx.compose.ui.unit.Dp [val] declared in com.crnogorski.trener.ui.StoryScreenKt.MaskedText-FNF3uiM' type=androidx.compose.ui.unit.Dp origin=null
                  $onReveal: GET_VAR 'onReveal: kotlin.Function0<kotlin.Unit> declared in com.crnogorski.trener.ui.StoryScreenKt.MaskedText-FNF3uiM' type=kotlin.Function0<kotlin.Unit> origin=null
                  $measurer: GET_VAR 'val measurer: androidx.compose.ui.text.TextMeasurer [val] declared in com.crnogorski.trener.ui.StoryScreenKt.MaskedText-FNF3uiM' type=androidx.compose.ui.text.TextMeasurer origin=null
              $composer: GET_VAR '$composer: androidx.compose.runtime.Composer? [assignable] declared in com.crnogorski.trener.ui.StoryScreenKt.MaskedText-FNF3uiM' type=androidx.compose.runtime.Composer? origin=null
              $changed: CONST Int type=kotlin.Int value=54
            $composer: GET_VAR '$composer: androidx.compose.runtime.Composer? [assignable] declared in com.crnogorski.trener.ui.StoryScreenKt.MaskedText-FNF3uiM' type=androidx.compose.runtime.Composer? origin=null
            $changed: CONST Int type=kotlin.Int value=1573296
            $default: CONST Int type=kotlin.Int value=57
          WHEN type=kotlin.Unit origin=IF
            BRANCH
              if: CALL 'public final fun isTraceInProgress (): kotlin.Boolean declared in androidx.compose.runtime.ComposerKt' type=kotlin.Boolean origin=null
              then: CALL 'public final fun traceEventEnd (): kotlin.Unit declared in androidx.compose.runtime.ComposerKt' type=kotlin.Unit origin=null
      BRANCH
        if: CONST Boolean type=kotlin.Boolean value=true
        then: CALL 'public abstract fun skipToGroupEnd (): kotlin.Unit declared in androidx.compose.runtime.Composer' type=kotlin.Unit origin=null
          $this: GET_VAR '$composer: androidx.compose.runtime.Composer? [assignable] declared in com.crnogorski.trener.ui.StoryScreenKt.MaskedText-FNF3uiM' type=androidx.compose.runtime.Composer? origin=null
    BLOCK type=kotlin.Unit origin=null
      BLOCK type=kotlin.Unit origin=FOLDED_SAFE_CALL
        WHEN type=kotlin.Unit origin=FOLDED_SAFE_CALL
          BRANCH
            if: COMPOSITE type=kotlin.Boolean origin=null
              VAR IR_TEMPORARY_VARIABLE name:tmp1_safe_receiver type:androidx.compose.runtime.ScopeUpdateScope? [val]
                CALL 'public abstract fun endRestartGroup (): androidx.compose.runtime.ScopeUpdateScope? declared in androidx.compose.runtime.Composer' type=androidx.compose.runtime.ScopeUpdateScope? origin=null
                  $this: GET_VAR '$composer: androidx.compose.runtime.Composer? [assignable] declared in com.crnogorski.trener.ui.StoryScreenKt.MaskedText-FNF3uiM' type=androidx.compose.runtime.Composer? origin=null
              CALL 'public final fun not (): kotlin.Boolean [operator] declared in kotlin.Boolean' type=kotlin.Boolean origin=null
                $this: CALL 'public final fun EQEQ (arg0: kotlin.Any?, arg1: kotlin.Any?): kotlin.Boolean declared in kotlin.internal.ir' type=kotlin.Boolean origin=null
                  arg0: GET_VAR 'val tmp1_safe_receiver: androidx.compose.runtime.ScopeUpdateScope? [val] declared in com.crnogorski.trener.ui.StoryScreenKt.MaskedText-FNF3uiM' type=androidx.compose.runtime.ScopeUpdateScope? origin=null
                  arg1: CONST Null type=kotlin.Nothing? value=null
            then: CALL 'public abstract fun updateScope (block: kotlin.Function2<androidx.compose.runtime.Composer, kotlin.Int, kotlin.Unit>): kotlin.Unit declared in androidx.compose.runtime.ScopeUpdateScope' type=kotlin.Unit origin=null
              $this: GET_VAR 'val tmp1_safe_receiver: androidx.compose.runtime.ScopeUpdateScope? [val] declared in com.crnogorski.trener.ui.StoryScreenKt.MaskedText-FNF3uiM' type=androidx.compose.runtime.ScopeUpdateScope? origin=null
              block: BLOCK type=kotlin.Function2<androidx.compose.runtime.Composer?, kotlin.Int, kotlin.Unit> origin=LAMBDA
                COMPOSITE type=kotlin.Unit origin=null
                CALL 'public final fun <jvm-indy> <T> (dynamicCall: T of kotlin.jvm.internal.<jvm-indy>, bootstrapMethodHandle: kotlin.Any, vararg bootstrapMethodArguments: kotlin.Any): T of kotlin.jvm.internal.<jvm-indy> declared in kotlin.jvm.internal' type=kotlin.Function2<androidx.compose.runtime.Composer?, kotlin.Int, kotlin.Unit> origin=null
                  <T>: kotlin.Function2<androidx.compose.runtime.Composer?, kotlin.Int, kotlin.Unit>
                  dynamicCall: CALL 'public final fun invoke (p0: kotlin.String, p1: androidx.compose.ui.text.TextStyle, p2: androidx.compose.ui.graphics.Color, p3: kotlin.Function0<kotlin.Unit>, p4: kotlin.Int): kotlin.Function2<androidx.compose.runtime.Composer?, kotlin.Int, kotlin.Unit> declared in kotlin.jvm.internal.invokeDynamic' type=kotlin.Function2<androidx.compose.runtime.Composer?, kotlin.Int, kotlin.Unit> origin=null
                    p0: GET_VAR 'text: kotlin.String declared in com.crnogorski.trener.ui.StoryScreenKt.MaskedText-FNF3uiM' type=kotlin.String origin=null
                    p1: GET_VAR 'style: androidx.compose.ui.text.TextStyle declared in com.crnogorski.trener.ui.StoryScreenKt.MaskedText-FNF3uiM' type=androidx.compose.ui.text.TextStyle origin=null
                    p2: GET_VAR 'color: androidx.compose.ui.graphics.Color declared in com.crnogorski.trener.ui.StoryScreenKt.MaskedText-FNF3uiM' type=androidx.compose.ui.graphics.Color origin=null
                    p3: GET_VAR 'onReveal: kotlin.Function0<kotlin.Unit> declared in com.crnogorski.trener.ui.StoryScreenKt.MaskedText-FNF3uiM' type=kotlin.Function0<kotlin.Unit> origin=null
                    p4: GET_VAR '$changed: kotlin.Int declared in com.crnogorski.trener.ui.StoryScreenKt.MaskedText-FNF3uiM' type=kotlin.Int origin=null
                  bootstrapMethodHandle: CALL 'public final fun <jvm-method-handle> (tag: kotlin.Int, owner: kotlin.String, name: kotlin.String, descriptor: kotlin.String, isInterface: kotlin.Boolean): kotlin.Any declared in kotlin.jvm.internal' type=kotlin.Any origin=null
                    tag: CONST Int type=kotlin.Int value=6
                    owner: CONST String type=kotlin.String value="java/lang/invoke/LambdaMetafactory"
                    name: CONST String type=kotlin.String value="metafactory"
                    descriptor: CONST String type=kotlin.String value="(Ljava/lang/invoke/MethodHandles$Lookup;Ljava/lang/String;Ljava/lang/invoke/MethodType;Ljava/lang/invoke/MethodType;Ljava/lang/invoke/MethodHandle;Ljava/lang/invoke/MethodType;)Ljava/lang/invoke/CallSite;"
                    isInterface: CONST Boolean type=kotlin.Boolean value=false
                  bootstrapMethodArguments: VARARG type=kotlin.Array<kotlin.Any> varargElementType=kotlin.Any
                    CALL 'public final fun <jvm-original-method-type> (method: kotlin.Any): kotlin.Any declared in kotlin.jvm.internal' type=kotlin.Any origin=null
                      method: RAW_FUNCTION_REFERENCE 'public abstract fun invoke (p1: P1 of kotlin.Function2, p2: P2 of kotlin.Function2): R of kotlin.Function2 [operator] declared in kotlin.Function2' type=kotlin.Any
                    RAW_FUNCTION_REFERENCE 'private final fun MaskedText_FNF3uiM$lambda$72 ($text: kotlin.String, $style: androidx.compose.ui.text.TextStyle, $color: androidx.compose.ui.graphics.Color, $onReveal: kotlin.Function0<kotlin.Unit>, $$changed: kotlin.Int, $composer: androidx.compose.runtime.Composer?, $force: kotlin.Int): kotlin.Unit? declared in com.crnogorski.trener.ui.StoryScreenKt' type=kotlin.Any
                    CALL 'public final fun <jvm-original-method-type> (method: kotlin.Any): kotlin.Any declared in kotlin.jvm.internal' type=kotlin.Any origin=null
                      method: RAW_FUNCTION_REFERENCE 'public abstract fun invoke (p1: androidx.compose.runtime.Composer?, p2: kotlin.Int?): kotlin.Unit? [fake_override,operator] declared in kotlin.jvm.internal.invokeDynamic.<fake>' type=kotlin.Any
          BRANCH
            if: CONST Boolean type=kotlin.Boolean value=true
            then: CONST Null type=kotlin.Any? value=null

	at org.jetbrains.kotlin.backend.jvm.codegen.FunctionCodegen.generate(FunctionCodegen.kt:47)
	at org.jetbrains.kotlin.backend.jvm.codegen.FunctionCodegen.generate$default(FunctionCodegen.kt:40)
	at org.jetbrains.kotlin.backend.jvm.codegen.ClassCodegen.generateMethodNode(ClassCodegen.kt:406)
	at org.jetbrains.kotlin.backend.jvm.codegen.ClassCodegen.generateMethod(ClassCodegen.kt:423)
	at org.jetbrains.kotlin.backend.jvm.codegen.ClassCodegen.generate(ClassCodegen.kt:168)
	at org.jetbrains.kotlin.backend.jvm.FileCodegen.lower(JvmPhases.kt:39)
	at org.jetbrains.kotlin.backend.common.phaser.PhaseFactoriesKt.createFilePhase$lambda$4(PhaseFactories.kt:71)
	at org.jetbrains.kotlin.backend.common.phaser.PhaseBuildersKt$createSimpleNamedCompilerPhase$1.phaseBody(PhaseBuilders.kt:69)
	at org.jetbrains.kotlin.backend.common.phaser.SimpleNamedCompilerPhase.phaseBody(CompilerPhase.kt:226)
	at org.jetbrains.kotlin.backend.common.phaser.AbstractNamedCompilerPhase.invoke(CompilerPhase.kt:113)
	at org.jetbrains.kotlin.backend.common.phaser.PerformByIrFilePhase.invokeSequential(performByIrFile.kt:62)
	... 44 more
Caused by: java.lang.IllegalStateException: No mapping for symbol: VAR IR_TEMPORARY_VARIABLE name:tmp0_marker type:kotlin.Int [val]
	at org.jetbrains.kotlin.backend.jvm.codegen.IrFrameMap.typeOf(irCodegenUtils.kt:59)
	at org.jetbrains.kotlin.backend.jvm.codegen.ExpressionCodegen.visitGetValue(ExpressionCodegen.kt:807)
	at org.jetbrains.kotlin.backend.jvm.codegen.ExpressionCodegen.visitGetValue(ExpressionCodegen.kt:138)
	at org.jetbrains.kotlin.ir.expressions.IrGetValue.accept(IrGetValue.kt:18)
	at org.jetbrains.kotlin.backend.jvm.codegen.ExpressionCodegen.gen(ExpressionCodegen.kt:217)
	at org.jetbrains.kotlin.backend.jvm.codegen.ExpressionCodegen.generateConstructorArguments(ExpressionCodegen.kt:771)
	at org.jetbrains.kotlin.backend.jvm.codegen.ExpressionCodegen.visitConstructorCall(ExpressionCodegen.kt:759)
	at org.jetbrains.kotlin.backend.jvm.codegen.ExpressionCodegen.visitConstructorCall(ExpressionCodegen.kt:138)
	at org.jetbrains.kotlin.ir.expressions.IrConstructorCall.accept(IrConstructorCall.kt:27)
	at org.jetbrains.kotlin.backend.jvm.codegen.ExpressionCodegen.visitStatementContainer(ExpressionCodegen.kt:579)
	at org.jetbrains.kotlin.backend.jvm.codegen.ExpressionCodegen.visitContainerExpression(ExpressionCodegen.kt:593)
	at org.jetbrains.kotlin.backend.jvm.codegen.ExpressionCodegen.visitContainerExpression(ExpressionCodegen.kt:138)
	at org.jetbrains.kotlin.ir.visitors.IrElementVisitor$DefaultImpls.visitBlock(IrElementVisitor.kt:122)
	at org.jetbrains.kotlin.backend.jvm.codegen.ExpressionCodegen.visitBlock(ExpressionCodegen.kt:413)
	at org.jetbrains.kotlin.backend.jvm.codegen.ExpressionCodegen.visitBlock(ExpressionCodegen.kt:138)
	at org.jetbrains.kotlin.ir.expressions.IrBlock.accept(IrBlock.kt:18)
	at org.jetbrains.kotlin.backend.jvm.codegen.ExpressionCodegen.gen(ExpressionCodegen.kt:217)
	at org.jetbrains.kotlin.backend.jvm.codegen.IrCallGenerator.genValueAndPut(IrCallGenerator.kt:48)
	at org.jetbrains.kotlin.backend.jvm.codegen.ExpressionCodegen.visitCall$handleParameter(ExpressionCodegen.kt:616)
	at org.jetbrains.kotlin.backend.jvm.codegen.ExpressionCodegen.visitCall(ExpressionCodegen.kt:644)
	at org.jetbrains.kotlin.backend.jvm.codegen.ExpressionCodegen.visitCall(ExpressionCodegen.kt:138)
	at org.jetbrains.kotlin.ir.expressions.IrCall.accept(IrCall.kt:24)
	at org.jetbrains.kotlin.backend.jvm.codegen.ExpressionCodegen.gen(ExpressionCodegen.kt:217)
	at org.jetbrains.kotlin.backend.jvm.codegen.IrCallGenerator.genValueAndPut(IrCallGenerator.kt:48)
	at org.jetbrains.kotlin.backend.jvm.codegen.ExpressionCodegen.visitCall$handleParameter(ExpressionCodegen.kt:616)
	at org.jetbrains.kotlin.backend.jvm.codegen.ExpressionCodegen.visitCall(ExpressionCodegen.kt:644)
	at org.jetbrains.kotlin.backend.jvm.codegen.ExpressionCodegen.visitCall(ExpressionCodegen.kt:138)
	at org.jetbrains.kotlin.ir.expressions.IrCall.accept(IrCall.kt:24)
	at org.jetbrains.kotlin.backend.jvm.codegen.ExpressionCodegen.visitStatementContainer(ExpressionCodegen.kt:579)
	at org.jetbrains.kotlin.backend.jvm.codegen.ExpressionCodegen.visitContainerExpression(ExpressionCodegen.kt:593)
	at org.jetbrains.kotlin.backend.jvm.codegen.ExpressionCodegen.visitContainerExpression(ExpressionCodegen.kt:138)
	at org.jetbrains.kotlin.ir.visitors.IrElementVisitor$DefaultImpls.visitBlock(IrElementVisitor.kt:122)
	at org.jetbrains.kotlin.backend.jvm.codegen.ExpressionCodegen.visitBlock(ExpressionCodegen.kt:413)
	at org.jetbrains.kotlin.backend.jvm.codegen.ExpressionCodegen.visitBlock(ExpressionCodegen.kt:138)
	at org.jetbrains.kotlin.ir.expressions.IrBlock.accept(IrBlock.kt:18)
	at org.jetbrains.kotlin.backend.jvm.codegen.ExpressionCodegen.visitWhen(ExpressionCodegen.kt:1101)
	at org.jetbrains.kotlin.backend.jvm.codegen.ExpressionCodegen.visitWhen(ExpressionCodegen.kt:138)
	at org.jetbrains.kotlin.ir.expressions.IrWhen.accept(IrWhen.kt:24)
	at org.jetbrains.kotlin.backend.jvm.codegen.ExpressionCodegen.visitStatementContainer(ExpressionCodegen.kt:579)
	at org.jetbrains.kotlin.backend.jvm.codegen.ExpressionCodegen.visitBlockBody(ExpressionCodegen.kt:584)
	at org.jetbrains.kotlin.backend.jvm.codegen.ExpressionCodegen.visitBlockBody(ExpressionCodegen.kt:138)
	at org.jetbrains.kotlin.ir.expressions.IrBlockBody.accept(IrBlockBody.kt:20)
	at org.jetbrains.kotlin.backend.jvm.codegen.ExpressionCodegen.generate(ExpressionCodegen.kt:240)
	at org.jetbrains.kotlin.backend.jvm.codegen.FunctionCodegen.doGenerate(FunctionCodegen.kt:123)
	at org.jetbrains.kotlin.backend.jvm.codegen.FunctionCodegen.generate(FunctionCodegen.kt:44)
	... 54 more


