level	score	vocab	morph	len	clauses	sr	ru	sr_id
1	0.00	0.00	0	2	1	Zašto ne?	Почему нет?	1946216
1	0.00	0.00	0	2	1	Zašto to?	Почему так?	6307691
1	0.15	0.13	0	2	1	Još ne.	Ещё нет.	6895821
1	0.32	0.27	0	2	1	I ja.	И я.	3390858
1	0.32	0.27	0	2	1	Zašto ja?	Почему я?	6314412
1	0.49	0.41	0	3	1	Gde sam sada?	Где я сейчас?	5843312
1	0.50	0.42	0	2	1	I šta?	И что?	5577303
1	0.50	0.42	0	2	1	Nego šta!	Безусловно!	8846192
1	0.50	0.42	0	2	1	Pa šta?	И что?	3243822
1	0.50	0.42	0	3	1	Šta je to?	Что это?	2057027
1	0.54	0.45	0	3	1	Šta je ovo?	Что это?	468730
1	0.64	0.54	0	3	1	Šta on radi?	Чем он занимается?	5806674
1	0.64	0.54	0	3	1	Šta on radi?	Что он делает?	5806674
1	0.67	0.56	0	3	1	Zašto uvek ja?	Почему всегда я?	924317
1	0.70	0.58	0	3	1	Šta je tu?	Что тут?	1175646
1	0.77	0.64	0	2	1	Dobro je.	Это хорошо.	3644358
1	0.77	0.64	0	2	1	Dobro je.	Оно хорошее.	3644358
1	0.77	0.64	0	2	1	Dobro sam.	У меня всё хорошо.	4248516
1	0.77	0.64	0	2	1	Veoma dobro!	Очень хорошо!	5552596
1	0.77	0.64	0	3	1	Ja sam dobro.	Я в порядке.	3311719
1	0.77	0.64	0	3	1	On dobro radi.	Он хорошо работает.	1185030
1	0.78	0.65	0	2	1	Ovde sam.	Я здесь.	4999268
1	0.78	0.65	0	3	1	Sve je ovde.	Всё здесь.	4997565
1	0.78	0.65	0	3	1	Zašto sam ovde?	Почему я здесь?	4324468
1	0.78	0.65	0	3	1	Zašto sam ovde?	Для чего я здесь?	4324468
1	0.82	0.27	0	4	1	Ja sam samo prevodilac.	Я всего лишь переводчик.	6533016
1	0.83	0.70	0	2	1	Koji broj?	Какое число?	1214488
1	0.83	0.70	0	2	1	Koji broj?	Какой номер?	1214488
1	0.83	0.69	0	3	1	Šta to znači?	Что это значит?	3362008
1	0.84	0.70	0	2	1	A sad?	А сейчас?	397572
1	0.84	0.70	0	2	1	A sad?	А теперь?	397572
1	0.84	0.70	0	3	1	Gde sam sad?	Где я сейчас?	5843314
1	0.95	0.80	0	2	1	Ne znam.	Я не знаю.	3243810
1	0.95	0.80	0	2	1	Ne znam.	Не знаю.	3243810
1	0.95	0.80	0	2	1	Sve znam.	Я всё знаю.	3245813
1	0.95	0.80	0	2	1	Znam ga.	Я его знаю.	8847981
1	0.95	0.80	0	3	1	Ja sve znam.	Я знаю всё.	392447
1	0.95	0.80	0	3	1	Ja sve znam.	Я все знаю.	475316
1	0.95	0.80	0	3	1	Ja sve znam.	Я всё знаю.	392447
1	0.98	0.82	0	3	1	Zašto baš ja?	Почему я?	6314414
1	1.00	0.00	0	2	2	Ali zašto?	Но почему?	4264018
1	1.00	0.84	0	2	1	Tamo je.	Это там.	4993351
1	1.00	0.84	0	2	1	Tamo je.	Там.	4993351
1	1.00	0.00	0	2	2	Za što?	Для чего?	1157214
1	1.00	0.00	0	3	2	Da ili ne?	Да или нет?	3334520
1	1.00	0.84	0	3	1	Šta je problem?	В чем проблема?	3650921
1	1.04	0.87	0	2	1	Kako si?	Как ты?	1076696
1	1.04	0.87	0	3	1	Gde si sad?	Где ты сейчас?	5843305
1	1.04	0.87	0	3	1	Gde si sada?	Где ты сейчас?	5039825
1	1.10	0.91	0	2	1	Dobro pitanje.	Хороший вопрос.	3263627
1	1.13	0.95	0	2	1	Teško je.	Тяжело.	1060932
1	1.13	0.95	0	2	1	Teško je.	Это тяжело.	1060932
1	1.13	0.95	0	2	1	Teško je.	Оно тяжёлое.	1060932
1	1.13	0.94	0	3	1	Ovo je život.	Это жизнь.	5819528
1	1.13	0.94	0	3	1	To je život.	Это жизнь.	5819529
1	1.15	0.96	0	2	1	Nije moguće!	Не может быть!	1221185
1	1.15	0.96	0	3	1	To nije moguće.	Это невозможно.	1097804
1	1.16	0.96	0	3	1	Niko ne zna.	Никто не знает.	3282784
1	1.20	1.00	0	2	1	Imam bicikl.	У меня есть велосипед.	1457600
1	1.20	1.00	0	2	1	Imam pitanje.	У меня есть вопрос.	5248269
1	1.20	1.00	0	2	1	Imam pitanje.	У меня вопрос.	3424927
1	1.20	1.00	0	2	1	Imam problem.	У меня проблема.	5635284
1	1.20	1.00	0	2	1	Imam problem.	У меня есть проблема.	5635284
1	1.20	1.00	0	2	1	Ne govori.	Не говори.	4996840
1	1.20	1.00	0	3	1	Ja imam problem.	У меня проблема.	3650927
1	1.20	1.00	0	3	1	Već imam posao.	У меня уже есть работа.	8834803
1	1.21	1.01	0	3	1	Kako ide posao?	Как идёт работа?	5843375
1	1.22	0.60	0	4	1	To je veoma opasno.	Это очень опасно.	4782974
1	1.23	1.03	0	2	1	Lako je.	Это легко.	1133783
1	1.23	1.03	0	2	1	Lako je.	Оно лёгкое.	1133783
1	1.24	0.37	1	2	1	Ne mogu.	Я не могу.	1056515
1	1.24	0.37	1	2	1	Ne mogu.	Не могу.	1056515
1	1.24	1.03	0	3	1	Kako ona izgleda?	Как она выглядит?	3495054
1	1.25	1.04	0	3	1	Bicikl je moj.	Велосипед мой.	3478048
1	1.27	1.06	0	2	1	Govori jasno.	Говори ясно.	3654415
1	1.28	0.65	0	4	1	Zašto sam ja ovde?	Зачем я здесь?	4324466
1	1.28	0.65	0	4	1	Zašto sam ja ovde?	Почему я здесь?	4324466
1	1.29	0.41	1	3	1	Gde smo sada?	Где мы сейчас?	5843307
1	1.33	1.11	0	2	1	Kako brzo!	Как быстро!	4246036
1	1.33	1.11	0	3	1	Evo šta mislim.	Вот что я думаю.	5002292
1	1.33	1.11	0	3	1	Ne tako brzo!	Не так быстро!	6878868
1	1.33	0.69	0	4	1	Šta znači to sve?	Что это всё значит?	4251197
1	1.33	0.69	0	4	1	Šta znači to sve?	Что это всё означает?	4251197
1	1.35	1.12	0	3	1	Video sam ga.	Я сам его видел.	1714773
1	1.37	1.14	0	2	1	Vidim to.	Я это вижу.	4250468
1	1.37	1.14	0	3	1	Ne vidim ništa.	Я ничего не вижу.	3300894
1	1.37	1.14	0	3	1	Sad ili nikad!	Сейчас или никогда!	6937645
1	1.38	1.15	0	2	1	Hvala lepo!	Большое спасибо!	6369107
1	1.38	0.49	1	2	1	Kako ste?	Как поживаете?	400925
1	1.38	0.49	1	2	1	Kako ste?	Как дела?	400925
1	1.38	0.49	1	2	1	Kako ste?	Как вы?	400925
1	1.38	1.15	0	2	1	Mnogo hvala!	Большое спасибо!	1157180
1	1.38	1.15	0	3	1	Hvala. Dobro sam.	Спасибо, хорошо.	884783
1	1.38	1.15	0	3	1	On lepo piše.	Он красиво пишет.	3412943
1	1.38	1.15	0	3	1	Ovo nije važno.	Это не важно.	3292863
1	1.38	1.15	0	3	1	Sve je važno.	Всё важно.	6535746
1	1.38	1.15	0	3	1	To nije važno.	Это неважно.	4993324
1	1.39	0.74	0	4	1	I ja tako mislim.	И я так думаю.	6580728
1	1.39	0.74	0	4	1	I ja tako mislim.	Я тоже так думаю.	6580730
1	1.39	0.74	0	4	1	Ja ne mislim tako.	Я так не думаю.	3441057
1	1.41	1.17	0	2	1	Dobar dan!	Добрый день!	3314350
1	1.41	1.17	0	2	1	Dobar je.	Он хороший.	2271285
1	1.41	1.17	0	2	1	Dobar je.	Он добрый.	2271285
1	1.41	1.17	0	3	1	On je dobar.	Он хороший.	2271283
1	1.41	1.17	0	3	1	On je dobar.	Он добрый.	2271283
1	1.42	1.18	0	3	1	Gde on živi?	Где он живёт?	3295056
1	1.46	1.22	0	3	1	Ona radi sama.	Она работает одна.	3342337
1	1.50	0.58	1	2	1	Tu smo.	Мы тут.	4993214
1	1.50	0.00	0	4	2	Ne, ne i ne!	Нет, нет и нет!	5785693
1	1.50	0.84	0	4	1	Šta je tu problem?	В чём тут проблема?	4976068
1	1.51	1.26	0	3	1	Kao i obično.	Как обычно.	3327882
1	1.51	1.26	0	3	1	On traži posao.	Он ищет работу.	3288638
1	1.52	1.27	0	2	1	Tačno je.	Точно.	4248672
1	1.52	1.27	0	2	1	Tačno je.	Правильно.	4248672
1	1.52	1.27	0	3	1	To je tačno.	Это точно.	3425034
1	1.54	1.28	0	2	1	Svako zna.	Все знают.	4996917
1	1.55	1.29	0	3	1	Gde je žena?	Где женщина?	6960614
1	1.55	1.29	0	3	1	Novac nije sve.	Деньги - не всё.	3535703
1	1.55	1.29	0	3	1	Takav je on.	Он такой.	3313590
1	1.55	0.88	0	4	1	To je zaista problem.	Это действительно проблема.	3243201
1	1.56	1.30	0	3	1	Uvek postoji sutra.	Всегда существует завтра.	5848723
1	1.56	0.88	0	4	1	Koji je danas dan?	Какой сегодня день?	3267229
1	1.58	0.65	1	2	1	Ovde smo.	Мы здесь.	4993212
1	1.58	0.65	1	3	1	Dobro. A vi?	Хорошо. А вы?	476817
1	1.58	1.32	0	3	1	Gde je knjiga?	Где книга?	3334500
1	1.58	1.32	0	3	1	Knjiga je ovde.	Книга здесь.	3438804
1	1.58	1.32	0	3	1	Ovo je knjiga.	Это книга.	482796
1	1.58	0.65	1	3	1	Svi su ovde.	Все здесь.	4997545
1	1.58	0.90	0	4	1	Kako si samo veliki!	Какой же ты большой!	3247767
1	1.59	1.32	0	3	1	Ovo nije istina.	Это неправда.	409221
1	1.60	0.91	0	4	1	To je dobro pitanje.	Это хороший вопрос.	3334431
1	1.61	1.34	0	3	1	Odgovor na pitanje.	Ответь на вопрос.	1090479
1	1.61	1.34	0	3	1	Policija me traži.	Полиция ищет меня.	8931038
1	1.61	1.34	0	3	1	Policija me traži.	Полиция меня ищет.	8931038
1	1.62	1.35	0	2	1	Dobra ideja!	Хорошая идея!	1098561
1	1.62	1.35	0	3	1	Veoma dobra ideja.	Это хорошая идея.	1052564
1	1.64	1.37	0	2	1	Nemam broj.	У меня нет номера.	3357657
1	1.64	1.37	0	2	1	Nemam odgovor.	У меня нет ответа.	3357592
1	1.64	0.70	1	3	1	Gde smo sad?	Где мы сейчас?	5843310
1	1.65	0.54	0	2	2	Ja, takođe.	Я тоже.	3390861
1	1.65	1.37	0	3	1	Ovo je slika.	Это картина.	8931014
1	1.65	0.96	0	4	1	To zaista nije moguće.	Это правда невозможно.	3387287
1	1.66	1.38	0	3	1	Ja nisam profesor.	Я не учитель.	2332087
1	1.66	1.38	0	3	1	Ja sam profesor.	Я профессор.	478981
1	1.66	1.38	0	3	1	Ja sam profesor.	Я учитель.	2332076
1	1.66	0.96	0	4	1	Niko ne zna ništa.	Никто ничего не знает.	3387040
1	1.67	0.72	1	3	1	Nešto je iskrslo.	Что-то появилось.	6893043
1	1.67	0.97	0	4	1	Ne znam tu reč.	Я не знаю это слово.	3357650
1	1.67	0.97	0	4	1	Šta znači ova reč?	Что означает это слово?	4644911
1	1.68	1.40	0	3	1	Nije teško raditi.	Работать не тяжело.	3305531
1	1.68	0.98	0	4	1	To uopšte nije problem.	Это вообще не проблема.	925345
1	1.69	1.41	0	2	1	Nisam vlasnik.	Я не собственник.	4972113
1	1.69	1.41	0	3	1	Ja nisam vlasnik.	Я не хозяин.	4972114
1	1.69	1.41	0	3	1	Kako je škola?	Как школа?	5843373
1	1.69	0.99	0	4	1	Ne znam gde ću.	Я не знаю, где я буду.	3440938
1	1.70	1.42	0	2	1	Imam izbor.	У меня есть выбор.	8823877
1	1.70	1.41	0	2	1	Volim te.	Я люблю тебя!	565947
1	1.70	1.41	0	2	1	Volim te.	Я люблю тебя.	3253181
1	1.70	1.41	0	3	1	Volim ovu školu.	Я люблю эту школу.	3430868
1	1.70	1.00	0	4	1	Niko ne govori ništa.	Никто ничего не говорит.	8880542
1	1.71	1.01	0	4	1	Niko ga ne vidi.	Никто его не видит.	8849361
1	1.72	1.43	0	3	1	Sve je bitno.	Всё имеет значение.	6535747
1	1.73	1.44	0	3	1	Kako se zove?	Как его зовут?	476810
1	1.73	1.44	0	3	1	Kako se zove?	Как её зовут?	476810
1	1.73	1.44	0	3	1	Neko te zove.	Тебя кто-то зовёт.	1116812
1	1.73	1.03	0	4	1	Ovo je veoma lako!	Это очень легко!	4246064
1	1.74	1.45	0	3	1	Ovo nije kraj.	Это не конец.	4246098
1	1.75	1.46	0	3	1	Ona ga voli.	Она его любит.	3314321
1	1.75	1.46	0	3	1	Voli me sutra!	Люби меня завтра!	3334730
1	1.76	1.47	0	2	1	Imam knjigu.	У меня есть книга.	3434499
1	1.76	1.47	0	2	1	Moje je.	Это моё.	4993374
1	1.76	1.47	0	2	1	Moje je.	Оно моё.	4993374
1	1.76	1.47	0	2	1	Vrati se.	Вернись.	6947932
1	1.76	1.47	0	3	1	To je moje.	Это моё.	8847896
1	1.77	1.48	0	2	1	Ja radim.	Я работаю.	5577304
1	1.77	1.48	0	3	1	Ja radim ovde.	Я работаю здесь.	1097793
1	1.77	1.48	0	3	1	Knjiga je mala.	Книга маленькая.	2155080
1	1.79	1.49	0	3	1	Koja je razlika?	В чём разница?	6369061
1	1.79	1.49	0	3	1	Koja je razlika?	Какая разница?	6369061
1	1.79	1.07	0	4	1	Koji je njegov posao?	Какая у него работа?	5919309
1	1.80	0.00	1	2	2	O, ne!	О нет!	6535682
1	1.80	1.50	0	3	1	Koliko to košta?	Сколько это стоит?	3242663
1	1.80	0.84	1	3	1	Svi su tamo.	Все там.	4997551
1	1.81	1.51	0	2	1	Bog zna.	Бог знает.	5874298
1	1.81	0.84	1	2	1	Tom je.	Это Том.	4993349
1	1.81	1.51	0	3	1	Bog je veliki.	Бог велик.	5557564
1	1.81	0.84	1	3	1	Gde je Tom?	Где Том?	12402898
1	1.81	0.84	1	3	1	Tom nije ovde.	Том не здесь.	3314362
1	1.81	0.84	1	3	1	Tom nije ovde.	Тома здесь нет.	3314362
1	1.81	1.09	0	4	1	Njujork je veliki grad.	Нью-Йорк - большой город.	6954498
1	1.82	1.51	0	2	1	Imaš pravo.	Ты прав.	3243480
1	1.82	1.52	0	2	1	Odakle si?	Откуда ты?	3334516
1	1.82	1.52	0	2	1	Uradi to!	Сделай это!	8851424
1	1.82	1.51	0	2	1	Šta imaš?	Что у тебя?	1113403
1	1.82	1.51	0	2	1	Šta imaš?	Что у тебя есть?	1113403
1	1.82	1.51	0	3	1	Koliko imaš knjiga?	Сколько у тебя книг?	3284534
1	1.82	1.52	0	3	1	Uradi to sada!	Сделай это сейчас!	3304430
1	1.82	1.51	0	3	1	Šta imaš tamo?	Что у тебя там?	4258332
1	1.83	1.52	0	2	1	Nije loše.	Неплохо.	5003550
1	1.83	1.11	0	4	1	Evo šta ja mislim.	Вот что я думаю.	5002291
1	1.83	1.11	0	4	1	Ne govori tako brzo.	Не говори так быстро.	898450
1	1.84	1.53	0	2	1	Imam kuću.	У меня есть дом.	8829996
1	1.84	0.87	1	3	1	Gde si bio?	Где ты был?	3429996
1	1.84	0.87	1	3	1	Šta si rekao?	Что ты сказал?	3440707
1	1.85	1.12	0	4	1	Gde si je video?	Где ты её видел?	888471
1	1.85	1.12	0	4	1	Gde si je video?	Где ты его видел?	888471
1	1.85	1.12	0	4	1	Nisam te video tamo.	Я тебя там не видел.	3380010
1	1.86	1.55	0	3	1	Imam ozbiljno pitanje.	У меня есть серьёзный вопрос.	5024423
1	1.86	1.55	0	3	1	Imam ozbiljno pitanje.	У меня серьёзный вопрос.	5024423
1	1.86	1.55	0	3	1	Čiji je red?	Чья очередь?	1056864
1	1.87	1.56	0	2	1	Drži ovo.	Держи это.	8831007
1	1.87	1.56	0	3	1	Odakle znaš to?	Откуда ты это знаешь?	4243492
1	1.88	1.56	0	3	1	Život se nastavlja!	Жизнь продолжается!	5894339
1	1.88	1.15	0	4	1	Danas je lepo vreme.	Сегодня хорошая погода.	1221198
1	1.88	1.15	0	4	1	Hvala puno za sve!	Большое спасибо за всё!	5806645
1	1.88	1.15	0	4	1	Ovo je važno pitanje.	Это важный вопрос.	3484616
1	1.88	1.15	0	4	1	Važno je za mene.	Это важно для меня.	4250184
1	1.90	0.50	1	4	1	Svi oni su Kanađani.	Все они канадцы.	3267449
1	1.91	1.59	0	2	1	Imam ideju.	У меня есть идея.	2925861
1	1.91	1.59	0	2	1	Imam ideju.	У меня идея.	2925861
1	1.93	0.94	1	2	1	Ništa više?	Больше ничего?	6368381
1	1.93	1.61	0	3	1	Konačno je petak.	Наконец-то пятница.	3651134
1	1.94	1.61	0	2	1	Nešto novo?	Что-нибудь новое?	5003549
1	1.94	1.61	0	2	1	Nešto novo?	Что-то новое?	5003549
1	1.94	1.61	0	2	1	Novo je.	Оно новое.	2263886
1	1.94	1.62	0	2	1	Veliko hvala!	Большое спасибо!	5553211
1	1.94	1.61	0	3	1	Šta ima novo?	Что нового?	2332060
1	1.94	1.20	0	4	1	Ovo je moja zemlja.	Это моя страна.	12222244
1	1.95	1.63	0	2	1	Gde ćeš?	Где ты будешь?	3387240
1	1.95	1.62	0	2	1	Ko zna?	Кто знает?	1178208
1	1.95	1.62	0	3	1	Ko je prva?	Кто первая?	4993204
1	1.95	1.62	0	3	1	Ko je prvi?	Кто первый?	4993203
1	1.95	1.62	0	3	1	Ko je tamo?	Кто там стоит?	3243207
1	1.95	1.62	0	3	1	Ko je to?	Кто это?	3425087
1	1.95	0.80	0	5	1	Ja znam gde je on.	Я знаю, где он.	3391945
1	1.95	0.80	0	5	1	Znam kako se to radi.	Я знаю, как это делается.	4250608
1	1.97	1.64	0	2	1	On pokušava.	Он пытается.	5003653
1	2.00	1.67	0	2	1	Pada grad.	Идёт град.	3267007
1	2.00	1.66	0	2	1	Spreman sam!	Я готов!	4992614
1	2.00	1.66	0	2	1	Spreman sam.	Я готов.	5043584
1	2.00	1.00	1	3	1	Nema na čemu.	Пожалуйста.	399224
1	2.00	1.66	0	3	1	Nisam još spreman.	Я ещё не готов.	6895798
1	2.00	1.67	0	3	1	Stalno govorim to.	Я постоянно это говорю.	5029162
1	2.00	1.00	1	3	1	Tom nema posao.	У Тома нет работы.	4247149
1	2.00	0.58	1	4	1	Oni su već tu.	Они уже тут.	1102228
1	2.01	1.01	1	3	1	On ide dalje.	Он идёт дальше.	3478712
1	2.01	1.01	1	3	1	On ide dalje.	Он едет дальше.	3478712
1	2.01	1.26	0	4	1	Čiji je ovo bicikl?	Чей это велосипед?	3286424
1	2.02	1.69	0	2	1	Imam auto.	У меня есть машина.	6960920
1	2.02	1.69	0	2	1	Imam auto.	У меня есть автомобиль.	6960920
1	2.02	1.68	0	2	1	Koliko duboko?	Как глубоко?	5003570
1	2.03	1.69	0	2	1	Ne razumem.	Я не понимаю.	3242664
1	2.03	1.69	0	2	1	Ne razumem.	Не понимаю.	6369065
1	2.03	1.69	0	2	1	Završi ovo.	Закончи это.	4997588
1	2.03	1.69	0	3	1	Ne razumem problem.	Я не понимаю проблему.	5955187
1	2.03	1.69	0	3	1	Ne znam istinu.	Я не знаю правду.	3432858
1	2.03	1.03	1	3	1	Tom ga koristi.	Том им пользуется.	8835502
1	2.03	1.69	0	3	1	Uvek govori istinu.	Всегда говори правду.	3334401
1	2.04	1.70	0	3	1	Ja se slažem.	Я согласен.	3267413
1	2.04	1.70	0	3	1	Kakav je osećaj?	Как ощущения?	5848023
1	2.04	1.03	1	3	1	Svi kažu tako.	Все так говорят.	5944899
1	2.04	1.03	1	3	1	Svi kažu to.	Все это говорят.	4250672
1	2.05	1.04	1	3	1	Bio si moj.	Ты был моим.	11055431
1	2.05	1.29	0	4	1	On je takav uvek.	Он такой всегда.	1153348
1	2.06	1.72	0	3	1	Danas je ponedeljak.	Сегодня понедельник.	1051837
1	2.06	1.30	0	4	1	Koji je dan sutra?	Какой день завтра?	5874138
1	2.06	1.30	0	4	1	Koji je sutra dan?	Какой завтра день?	5874141
1	2.07	1.73	0	3	1	Gde je hotel?	Где гостиница?	2499652
1	2.07	1.73	0	3	1	Ja sam Marija.	Я Мария.	12217473
1	2.08	1.74	0	3	1	Odgovori na pitanje!	Ответь на вопрос!	895165
1	2.08	1.74	0	3	1	Odgovori na pitanje!	Отвечай на вопрос!	895165
1	2.08	1.32	0	4	1	Gde je moja knjiga?	Где моя книга?	3391152
1	2.08	1.32	0	4	1	Ja imam mnogo knjiga.	У меня много книг.	1232303
1	2.08	1.32	0	4	1	Ovde je neka knjiga.	Здесь какая-то книга.	3438805
1	2.08	1.32	0	4	1	Sve ima svoju cenu.	Всё имеет свою цену.	5785632
1	2.09	1.32	0	4	1	To je nažalost istina.	К сожалению это правда.	3414831
1	2.09	1.32	0	4	1	Zašto niko ne odgovara?	Почему никто не отвечает?	3410279
1	2.10	1.75	0	2	1	Samo gledam.	Я просто смотрю.	6473747
1	2.10	1.75	0	2	1	Samo gledam.	Я только смотрю.	3425923
1	2.10	1.75	0	3	1	Dan se završava.	День заканчивается.	3314326
1	2.10	1.75	0	3	1	Volim ovu pesmu.	Я люблю эту песню.	2763043
1	2.10	1.75	0	3	1	Čije je ovo?	Чьё это?	3281750
1	2.11	1.34	0	4	1	Svako pitanje ima odgovor.	На каждый вопрос есть ответ.	1449010
1	2.11	1.34	0	4	1	Tako je previše lako.	Так слишком легко.	5028958
1	2.11	1.34	0	4	1	To je dobar odgovor.	Это хороший ответ.	5594071
1	2.11	1.34	0	4	1	To je njihova knjiga.	Это их книга.	471057
1	2.12	1.76	0	2	1	Imam porodicu.	У меня есть семья.	2499654
1	2.12	1.35	0	4	1	Eto šta se dešava.	Вот что происходит.	4259757
1	2.12	1.35	0	4	1	To je moja ideja.	Это моя идея.	396701
1	2.13	1.78	0	2	1	Pokušaj opet.	Попробуй снова.	3278264
1	2.13	1.78	0	2	1	Pokušaj ponovo.	Попробуй снова.	2263892
1	2.13	1.78	0	3	1	Ja sam student.	Я студент.	2332068
1	2.13	1.78	0	3	1	Sloboda nema cenu.	У свободы нет цены.	13559440
1	2.13	1.78	0	3	1	Sloboda nema cenu.	Свобода бесценна.	13559440
1	2.13	1.11	1	3	1	Šta imate tamo?	Что у вас там?	4258333
1	2.15	1.79	0	2	1	Koga briga?	Кого это волнует?	6369051
1	2.15	1.80	0	2	1	Volim sport.	Я люблю спорт.	1113746
1	2.15	1.12	1	3	1	Oni su deca.	Они дети.	3535459
1	2.16	1.80	0	2	1	Imam dušu.	У меня есть душа.	8892088
1	2.16	1.38	0	4	1	On je njen otac.	Он её отец.	1179895
1	2.16	1.38	0	4	1	Ovo je moj otac.	Это мой отец.	6533010
1	2.17	1.14	1	2	1	Svi znaju.	Все знают.	4996916
1	2.17	1.81	0	2	1	Volim sunce.	Я люблю солнце.	3293196
1	2.17	1.81	0	2	1	Volim sunce.	Люблю солнце.	3293196
1	2.17	1.81	0	3	1	Ja sam novinar.	Я журналист.	2708802
1	2.17	1.81	0	3	1	Pobeda ili smrt!	Победа или смерть!	6937633
1	2.17	1.81	0	3	1	Put je dug.	Путь долог.	1076692
1	2.17	1.81	0	3	1	Put je dug.	Дорога длинная.	1076692
1	2.17	1.81	0	3	1	Put je dug.	Дорога долгая.	1076692
1	2.17	1.81	0	3	1	Sunce je zvezda.	Солнце - звезда.	3394794
1	2.17	1.81	0	3	1	Sunce je zvezda.	Солнце - это звезда.	3394794
1	2.17	1.14	1	3	1	Svi znaju zakon.	Все знают закон.	3243826
1	2.18	1.40	0	4	1	To nije teško raditi.	Это не трудно делать.	3305532
1	2.19	1.82	0	2	1	Nešto nedostaje.	Чего-то не хватает.	3494449
1	2.19	1.41	0	4	1	To je dobra škola.	Это хорошая школа.	3410448
1	2.19	0.74	1	4	1	Uvek mislim o tome.	Я всегда об этом думаю.	5002950
1	2.20	1.41	0	4	1	Ja volim svoju školu.	Я люблю свою школу.	6533011
1	2.20	1.00	0	5	1	I ja imam taj problem.	И у меня такая же проблема.	8845677
1	2.21	1.84	0	2	1	Spremna sam!	Я готова!	4992615
1	2.21	1.84	0	2	1	Spremna sam.	Я готова.	5043585
1	2.21	1.84	0	3	1	Baš si visok!	Ну и высокий же ты!	1091404
1	2.21	1.84	0	3	1	Ja nisam lekar.	Я не врач.	2634771
1	2.21	1.84	0	3	1	Ja sam lekar.	Я врач.	3440822
1	2.21	1.84	0	3	1	Ja sam lekar.	Я доктор.	3440822
1	2.21	1.84	0	3	1	Ja sam lekar.	Я медик.	3440822
1	2.21	1.84	0	3	1	Ja sam lekar.	Врач — это я.	3440822
1	2.21	1.84	0	3	1	Nisam još spremna.	Я ещё не готова.	6895796
1	2.21	1.84	0	3	1	Vidiš li to?	Ты это видишь?	3246664
1	2.22	1.85	0	2	1	Čisto je.	Оно чистое.	4992604
1	2.22	1.18	1	3	1	Bila si moja.	Ты была моей.	11055433
1	2.22	1.85	0	3	1	Je li čisto?	Оно чистое?	6924611
1	2.22	1.85	0	3	1	Ništa nije besplatno.	Ничто не бесплатно.	3256178
1	2.22	1.85	0	3	1	Sve je besplatno.	Всё бесплатно.	4997563
1	2.22	1.85	0	3	1	Sve je besplatno.	Все бесплатно.	4997563
1	2.22	1.85	0	3	1	To je besplatno.	Это бесплатно.	1097782
1	2.23	1.86	0	2	1	Nisam lepa.	Я не красивая.	4246555
1	2.23	1.86	0	3	1	Doktor zna sve.	Доктор знает всё.	5396806
1	2.23	1.86	0	3	1	Doktor zna sve.	Доктор всё знает.	5396806
1	2.23	1.86	0	3	1	Ja sam doktor.	Я доктор.	3392021
1	2.23	1.86	0	3	1	Kako lepa kuća!	Какой красивый дом!	5002949
1	2.23	1.86	0	3	1	On nije doktor.	Он не доктор.	665383
1	2.23	1.86	0	3	1	Veoma si lepa.	Ты очень красивая.	4967423
1	2.23	1.44	0	4	1	Kako se ovo zove?	Как это называется?	5843361
1	2.23	0.78	1	4	1	Neko je bio ovde.	Кто-то здесь был.	4976038
1	2.23	1.02	0	5	1	Zašto je ovo naš problem?	Почему это наша проблема?	5039823
1	2.24	1.86	0	2	1	Mama radi.	Мама работает.	3430877
1	2.24	1.87	0	3	1	Ne gubi nadu.	Не теряй надежды.	1392042
1	2.24	1.45	0	4	1	Njegova majka je Jugoslovenka.	Его мать югославка.	3486165
1	2.24	1.45	0	4	1	Znam samo njegovo ime.	Я знаю только его имя.	3265450
1	2.24	1.03	0	5	1	Vreme će reći svoju reč.	Время скажет своё слово.	1070681
1	2.26	1.88	0	2	1	Tvoj sam.	Я – твой.	5043653
1	2.26	1.88	0	2	1	Tvoj sam.	Я твой.	5043653
1	2.26	1.88	0	2	1	Vidim nekoga.	Я кого-то вижу.	3424903
1	2.26	1.88	0	3	1	Nisam loš student.	Я не плохой студент.	4972173
1	2.26	1.47	0	4	1	Imam samo jednu knjigu.	У меня только одна книга.	4292441
1	2.26	1.47	0	4	1	Ja volim tu sliku.	Я люблю ту картину.	1042302
1	2.26	1.47	0	4	1	Ovo je moje pitanje.	Это мой вопрос.	476590
1	2.27	1.89	0	2	1	On čita.	Он читает.	6960923
1	2.27	1.89	0	2	1	Ona čita.	Она читает.	13420943
1	2.27	1.89	0	3	1	Šta je sreća?	Что такое счастье?	3440313
1	2.27	0.64	0	4	2	Dobro, kao i uvek.	Хорошо, как и всегда.	5806618
1	2.27	1.48	0	4	1	I ja to radim.	И я это делаю.	6532994
1	2.27	1.48	0	4	1	Šta ja radim ovde?	Что я здесь делаю?	6391077
1	2.27	1.48	0	4	1	Šta ja radim ovde?	Что я делаю здесь?	6391076
1	2.28	1.90	0	2	1	Nemam kartu.	У меня нет карты.	3247840
1	2.28	1.90	0	2	1	Nemam kartu.	У меня нет билета.	3247840
1	2.28	1.90	0	2	1	Teška je.	Она тяжёлая.	4992594
1	2.29	1.91	0	2	1	Mlada sam.	Я молода.	6905822
1	2.29	1.91	0	2	1	Tako misliš?	Ты так думаешь?	5785654
1	2.29	1.91	0	3	1	Zašto to misliš?	Почему ты так думаешь?	5990937
1	2.29	1.91	0	3	1	Znam šta misliš.	Я знаю, что ты думаешь.	3425224
1	2.30	1.92	0	2	1	Nisam lep.	Я не красивый.	4246554
1	2.30	1.25	1	2	1	Znamo dovoljno.	Мы знаем достаточно.	5626291
1	2.30	1.25	1	2	1	Znamo ga.	Мы его знаем.	1085887
1	2.30	1.92	0	3	1	Bog ili priroda.	Бог или природа.	6937670
1	2.30	1.92	0	3	1	Danas sam slobodan.	Сегодня я свободен.	3307021
1	2.30	1.92	0	3	1	Kako lep automobil!	Какой красивый автомобиль!	5039827
1	2.30	1.91	0	3	1	Loš sam glumac.	Я плохой актёр.	3340748
1	2.30	1.91	0	3	1	On je glumac.	Он актёр.	1047180
1	2.30	1.25	1	3	1	Oni žive tamo.	Они живут там.	3434989
1	2.30	1.92	0	3	1	Veoma si lep.	Ты очень красивый.	4967424
1	2.30	1.50	0	4	1	Kakav si to čovek!	Что ты за человек!	5848203
1	2.30	0.84	1	4	1	Svi su još tamo.	Все ещё там.	3395312
1	2.30	0.42	1	5	1	To može biti bilo šta.	Это может быть что угодно.	5919506
1	2.31	1.93	0	2	1	Budi spreman.	Будь готов.	6535749
1	2.31	1.93	0	2	1	Budi tamo.	Будь там.	6897319
1	2.31	1.93	0	3	1	Gde je muzej?	Где музей?	1053787
1	2.31	1.51	0	4	1	Ovo je moja kuća.	Это мой дом.	12411995
1	2.31	1.51	0	4	1	Ta kuća je velika.	Тот дом большой.	3318212
1	2.31	1.50	0	4	1	To je moj savet.	Это мой совет.	3267432
1	2.31	1.51	0	4	1	To je moja kuća.	Это мой дом.	3425908
1	2.31	0.84	1	4	1	Tom sada zna to.	Том сейчас это знает.	4250915
1	2.31	1.51	0	4	1	Vaša kuća je velika.	Ваш дом большой.	3402937
1	2.32	1.93	0	2	1	Kasno je.	Поздно.	4960967
1	2.32	1.94	0	3	1	Ne volim kafu.	Я не люблю кофе.	3425928
1	2.32	1.94	0	3	1	On voli kafu.	Он любит кофе.	2149661
1	2.33	1.94	0	2	1	Napad je.	Это нападение.	4246925
1	2.33	1.94	0	2	1	Šta hoćeš?	Чего ты хочешь?	3303668
1	2.33	1.94	0	2	1	Šta hoćeš?	Что ты хочешь?	3303668
1	2.33	1.28	1	3	1	Sve u redu.	Всё в порядке.	396999
1	2.34	1.95	0	2	1	Tvoja sam.	Я твоя.	5043654
1	2.34	1.95	0	3	1	Cena nije bitna.	Цена не имеет значения.	665363
1	2.34	1.29	1	3	1	Gde si radio?	Где ты работал?	4986884
1	2.34	1.95	0	3	1	Ima oko trideset.	Ему около тридцати.	7310239
1	2.34	1.95	0	3	1	Ima oko trideset.	Ей около тридцати.	7310239
1	2.34	1.29	1	3	1	Ne znamo razlog.	Мы не знаем причину.	8882187
1	2.34	1.29	1	3	1	Šta si radio?	Что ты делал?	4258320
1	2.34	0.87	1	4	1	Šta? Šta si rekao?	Что? Что ты сказал?	3412964
1	2.35	1.96	0	3	1	Ne razumem Nemački.	Я не понимаю по-немецки.	6369084
1	2.35	1.96	0	3	1	Pas je moj.	Собака моя.	493299
1	2.35	1.12	0	5	1	Zašto ja to nisam video?	Почему я этого не видел?	3357161
1	2.36	1.96	0	3	1	Ne želim meso.	Я не хочу мяса.	1111644
1	2.36	1.96	0	3	1	Pas voli meso.	Собака любит мясо.	2067603
1	2.37	1.31	1	2	1	Žene rade.	Женщины работают.	2499852
1	2.37	1.31	1	3	1	Šta žele žene?	Чего хотят женщины?	5874249
1	2.37	1.31	1	3	1	Šta žene žele?	Чего хотят женщины?	5874247
1	2.37	1.56	0	4	1	Uvek mislim na hranu.	Я всегда думаю о еде.	8822164
1	2.38	1.15	0	2	2	Ne, hvala.	Нет, спасибо.	3254031
1	2.38	1.32	1	3	1	Svi imamo cenu.	Мы все имеем свою цену.	4324330
1	2.39	1.99	0	2	1	Nisam pevačica.	Я не певица.	8874150
1	2.39	1.99	0	2	1	Srećan put.	Счастливого пути.	3244087
1	2.39	1.99	0	3	1	Boli me glava.	У меня болит голова.	3243462
1	2.39	1.99	0	3	1	Boli te glava?	У тебя болит голова?	7014785
1	2.39	1.99	0	3	1	Ona je pevačica.	Она певица.	1474313
1	2.39	1.99	0	3	1	Ona nije pevačica.	Она не певица.	3245572
1	2.39	1.99	0	3	1	Šta je umetnost?	Что такое искусство?	4238036
1	2.39	1.99	0	3	1	Šta je umetnost?	Что есть искусство?	4238036
1	2.40	2.00	0	2	1	Volim prirodu.	Я люблю природу.	3535441
1	2.40	2.00	0	2	1	Šta pije?	Что она пьёт?	4243505
1	2.40	2.00	0	2	1	Šta pije?	Что он пьёт?	4243505
1	2.40	2.00	0	3	1	Italija nije Grčka.	Италия не Греция.	4995353
1	2.40	2.00	0	3	1	Ja imam računar.	У меня есть компьютер.	1124496
1	2.40	2.00	0	3	1	Ja nisam učenik.	Я не ученик.	797466
1	2.40	2.00	0	3	1	Ja sam učenik.	Я ученик.	2332066
1	2.40	2.00	0	3	1	On kupuje računar.	Он покупает компьютер.	3770317
1	2.40	2.00	0	3	1	Ona kupuje računar.	Она покупает компьютер.	3770318
1	2.40	2.00	0	3	1	Računar je novi.	Компьютер новый.	3284118
1	2.40	2.00	0	3	1	Šta ona pije?	Что она пьёт?	4243506
1	2.40	2.00	0	3	1	Šta pije ona?	Что она пьёт?	4243507
1	2.40	1.58	0	4	1	Niko ne voli rat.	Никто не любит войну.	3287634
1	2.40	1.59	0	4	1	On retko dolazi ovde.	Он редко сюда приходит.	1280714
1	2.41	2.01	0	2	1	Bojim se.	Я боюсь.	4999356
1	2.41	2.01	0	3	1	Nada nije strategija.	Надежда - не стратегия.	3245392
1	2.41	2.01	0	3	1	Čekam vaš odgovor.	Я жду Вашего ответа.	2243883
1	2.41	1.17	0	5	1	Šta je to dobar život?	Что такое хорошая жизнь?	3368907
1	2.42	2.01	0	3	1	On govori francuski.	Он говорит по-французски.	1195477
1	2.42	2.01	0	3	1	On nije mašina.	Он не машина.	3476228
1	2.42	2.01	0	3	1	On razume francuski.	Он понимает французский.	8842782
1	2.42	2.01	0	3	1	On razume francuski.	Он понимает по-французски.	8842782
1	2.42	2.01	0	3	1	Znaš li Francuski?	Ты знаешь французский?	3318259
1	2.43	1.36	1	2	1	Vidimo se!	До встречи!	6369112
1	2.43	1.36	1	3	1	Svi su ostali.	Все остались.	4996930
1	2.43	1.36	1	3	1	Vidimo se sutra.	Увидимся завтра.	3791345
1	2.43	0.94	1	4	1	Još ništa nisam rekao.	Я ещё ничего не сказал.	4364000
1	2.44	1.36	1	3	1	Imate li pitanja?	У вас есть вопросы?	3253699
1	2.45	1.37	1	3	1	Tom brzo misli.	Том быстро соображает.	4253937
1	2.45	1.62	0	4	1	Ko je ovaj čovek?	Кто этот человек?	488787
1	2.45	1.62	0	4	1	Ko je taj čovek?	Кто этот человек?	493338
1	2.45	1.62	0	4	1	Ko to ne radi?	Кто этого не делает?	3650920
1	2.45	1.62	0	4	1	Ko to ne radi?	Кто этим не занимается?	3650920
1	2.45	0.80	0	4	2	Mislim da znam zašto.	Думаю, я знаю почему.	3410518
1	2.45	1.62	0	4	1	Njegov posao brzo raste.	Его бизнес быстро растёт.	1081751
1	2.45	1.62	0	4	1	To je prvi korak.	Это первый шаг.	4250211
1	2.45	1.63	0	4	1	Šta ćeš danas raditi?	Что ты собираешься сегодня делать?	6314279
1	2.45	1.63	0	4	1	Šta ćeš raditi danas?	Что ты собираешься сегодня делать?	6314280
1	2.45	0.80	0	6	1	Ja ne znam šta je to.	Я не знаю, что это.	1080579
1	2.46	2.05	0	2	1	Pada kiša.	Идёт дождь.	3242666
1	2.46	2.05	0	3	1	Kiša jako pada.	Идёт сильный дождь.	3384136
1	2.46	0.96	1	4	1	Niko nije ništa rekao.	Никто ничего не сказал.	6147438
1	2.47	2.06	0	2	1	Dobro radiš.	Ты хорошо работаешь.	4273226
1	2.47	2.06	0	2	1	Prijatno veče.	Приятного вечера.	3245710
1	2.47	2.05	0	2	1	Tražim posao.	Я ищу работу.	892219
1	2.47	2.06	0	2	1	Šta radiš?	Что ты делаешь?	2332057
1	2.47	2.05	0	3	1	On je šampion.	Он является чемпионом.	4261998
1	2.47	2.06	0	3	1	To je sjajno!	Это замечательно!	6885519
1	2.47	2.05	0	3	1	Tražim moj sat.	Я ищу свои часы.	3334771
1	2.47	2.06	0	3	1	Šta radiš ovde?	Что ты здесь делаешь?	5848076
1	2.47	2.06	0	3	1	Šta sada radiš?	Что ты сейчас делаешь?	5778950
1	2.47	1.64	0	4	1	Ona živi veoma blizu.	Она живёт очень близко.	3382611
1	2.48	1.40	1	2	1	Svi idu.	Все идут.	4997544
1	2.48	2.07	0	2	1	Tata radi.	Папа работает.	3430878
1	2.48	1.40	1	3	1	Gde svi idu?	Куда все идут?	3357152
1	2.48	1.65	0	4	1	Moja majka voli muziku.	Моя мама любит музыку.	2424525
1	2.48	1.65	0	4	1	On mnogo voli muziku.	Он очень любит музыку.	3245270
1	2.48	1.65	0	4	1	On puno voli muziku.	Он очень любит музыку.	3284685
1	2.49	2.08	0	2	1	Čekam brod.	Я жду корабль.	5396784
1	2.49	2.08	0	2	1	Čekam brod.	Я жду корабля.	5396784
1	2.49	1.41	1	3	1	Gde su roditelji?	Где родители?	3344183
1	2.49	2.08	0	3	1	On će razumeti.	Он поймёт.	5955193
1	2.50	1.42	1	3	1	Nisam imao izbor.	У меня не было выбора.	940178
1	2.50	1.42	1	3	1	Uvek imamo izbor.	У нас всегда есть выбор.	4256597
1	2.50	0.84	0	4	2	Da li je tamo?	Это там?	3402173
1	2.50	0.84	0	4	2	Da li je tamo?	Она там?	3402173
1	2.50	0.84	0	4	2	Da li je tamo?	Он там?	3402173
1	2.50	0.84	0	4	2	Da li je tamo?	Оно там?	3402173
1	2.50	0.00	0	4	3	I da, i ne.	И да и нет.	5944927
1	2.50	1.67	0	4	1	Ja još uvek govorim.	Я всё ещё говорю.	6971814
1	2.50	1.67	0	4	1	Ja to govorim stalno.	Я говорю это постоянно.	5029160
1	2.50	1.67	0	4	1	Ja to stalno govorim.	Я это постоянно говорю.	5029161
1	2.51	2.09	0	2	1	Spava li?	Спит?	8854949
1	2.51	2.09	0	3	1	Evo nešto interesantno.	Вот кое-что интересное.	3395326
1	2.51	1.67	0	4	1	Teško je uraditi ovo.	Это трудно сделать.	8882094
1	2.52	2.10	0	2	1	Imaš temperaturu.	У тебя температура.	3650677
1	2.52	2.10	0	2	1	Mlad sam.	Я молод.	6905813
1	2.52	2.10	0	2	1	Mlad sam.	Я молодой.	6905813
1	2.52	2.10	0	2	1	Nemaš temperaturu.	У тебя нет температуры.	3292426
1	2.52	2.10	0	3	1	On nije mlad.	Он немолод.	2149676
1	2.52	1.69	0	4	1	Ja imam ovo auto.	У меня есть эта машина.	1271510
1	2.52	1.68	0	4	1	Koliko košta ovaj telefon?	Сколько стоит этот телефон?	6535541
1	2.52	1.69	0	4	1	To nije moj auto.	Это не моя машина.	4783019
1	2.53	1.69	0	4	1	Imam nešto za tebe.	У меня для тебя кое-что есть.	3371261
1	2.53	1.69	0	4	1	Imam nešto za tebe.	У меня есть кое-что для тебя.	3371261
1	2.53	1.69	0	4	1	Ja to ne razumem.	Я этого не понимаю.	1046457
1	2.53	1.69	0	4	1	Ne razumem ovu reč.	Я не понимаю этого слова.	3061354
1	2.53	1.69	0	4	1	Ne razumem ovu reč.	Я не понимаю это слово.	3061354
1	2.53	1.69	0	4	1	On uvek govori istinu.	Он всегда говорит правду.	4967555
1	2.54	2.12	0	3	1	Devojčica ima temperaturu.	У девочки температура.	1484569
1	2.54	2.11	0	3	1	Istorija se ponavlja.	История повторяется.	1073913
1	2.54	2.12	0	3	1	Jesi li spreman?	Ты готов?	4371149
1	2.54	2.11	0	3	1	Svetlost je život.	Свет — это жизнь.	12696537
1	2.54	0.87	0	4	2	Da li si dobro?	Ты в порядке?	3478062
1	2.54	1.70	0	4	1	Gde je moj sat?	Где мои часы?	3425863
1	2.55	2.12	0	3	1	Idem na putovanje.	Я еду путешествовать.	4782117
1	2.55	1.46	1	3	1	Tom voli Meri.	Том любит Мэри.	4644929
1	2.55	1.46	1	3	1	Volim okcitanski jezik.	Я люблю окситанский язык.	1091305
1	2.55	1.29	0	5	1	Lepo je videti te ovde.	Приятно видеть тебя здесь.	3494430
1	2.56	2.13	0	2	1	Nisam bogat.	Я не богат.	6900204
1	2.56	1.47	1	2	1	Nisam znao.	Я не знал.	5955339
1	2.56	1.47	1	2	1	Nisu moje.	Они не мои.	5002922
1	2.56	2.13	0	3	1	Ja nisam bogat.	Я не богат.	6900203
1	2.56	1.47	1	3	1	One nisu moje.	Они не мои.	5002923
1	2.56	1.47	1	3	1	Svako je znao.	Все знали.	4996915
1	2.56	1.47	1	3	1	Takav primer nemamo.	У нас нет такого примера.	6173418
1	2.56	1.47	1	3	1	Tom ide kući.	Том идёт домой.	3301080
1	2.56	1.30	0	5	1	Ima samo jedno moguće rešenje.	Есть только одно возможное решение.	12959287
1	2.56	1.30	0	5	1	Postoji samo jedno moguće rešenje.	Есть только одно возможное решение.	12959286
1	2.56	1.30	0	5	1	Zar je ona već ovde?	Она уже здесь?	1484552
1	2.57	2.15	0	2	1	Budi zdrav!	Будь здоров!	1111663
1	2.57	2.14	0	2	1	Sve teče.	Всё течёт.	5691391
1	2.57	2.14	0	3	1	Ona je bogata.	Она богата.	11955383
1	2.57	1.73	0	4	1	Ana veoma voli muziku.	Анна очень любит музыку.	3356490
1	2.57	1.73	0	4	1	Marija te zaista voli.	Мария тебя действительно любит.	3429945
1	2.58	2.15	0	2	1	Riba je.	Это рыба.	4243589
1	2.58	2.15	0	3	1	On govori engleski.	Он говорит по-английски?	1266653
1	2.58	2.15	0	3	1	On govori engleski.	Он говорит по-английски.	3366867
1	2.58	2.15	0	3	1	To je riba.	Это рыба.	4243590
1	2.58	2.15	0	3	1	Znaš li Engleski?	Ты знаешь английский?	3263527
1	2.58	0.65	1	5	1	On ne radi više ovde.	Он больше не работает здесь.	1054926
1	2.59	1.49	1	2	1	Mene vole.	Меня любят.	2175402
1	2.59	2.16	0	2	1	Reka teče.	Река течёт.	1533431
1	2.59	1.32	0	3	2	Kada počinje film?	Когда начинается фильм?	3418915
1	2.59	1.49	1	3	1	Oni to vole.	Они это любят.	3484430
1	2.59	1.49	1	3	1	Svi je vole.	Все её любят.	1387053
1	2.59	2.16	0	3	1	Život je kratak.	Жизнь коротка.	4649511
1	2.59	0.24	1	4	2	Kada je to bilo?	Когда это было?	3384582
1	2.59	1.74	0	4	1	On ima dobro srce.	У него доброе сердце.	6791479
1	2.59	1.74	0	4	1	Ona ima dobro srce.	У неё доброе сердце.	1127259
1	2.60	2.16	0	2	1	Pametan sam.	Я умный.	5043614
1	2.61	2.17	0	2	1	Pada sneg.	Идет снег.	3264898
1	2.61	2.17	0	2	1	Pada sneg.	Идёт снег.	6673719
1	2.61	2.17	0	3	1	Danas pada sneg.	Сегодня идёт снег.	2135763
1	2.61	2.17	0	3	1	Ja preporučujem engleski.	Я предпочитаю английский.	1127257
1	2.61	2.17	0	3	1	Lepota nije važna.	Красота не важна.	3357521
1	2.61	1.76	0	4	1	Crvena kuća je nova.	Красный дом новый.	1054005
1	2.62	1.52	1	3	1	Nešto se desilo.	Что-то случилось.	6535706
1	2.62	1.52	1	3	1	Šta se desilo?	Что случилось?	5003686
1	2.62	1.76	0	4	1	On ima veliku porodicu.	У него большая семья.	3334341
1	2.62	1.76	0	4	1	On je moj brat.	Он мой брат.	3244095
1	2.63	1.53	1	3	1	Jeste li spremni?	Вы готовы?	4371150
1	2.63	1.36	0	3	2	Kada počinje igra?	Когда начинается матч?	1221171
1	2.63	1.53	1	3	1	Svi su spremni.	Все готовы.	3287650
1	2.63	1.77	0	4	1	Vreme prolazi veoma brzo.	Время проходит очень быстро.	1195451
1	2.64	2.20	0	2	1	Težak je.	Он тяжёлый.	4992595
1	2.64	2.20	0	2	1	Uključi svetlo.	Включи свет.	3425922
1	2.64	2.20	0	3	1	Imam težak dan.	У меня тяжёлый день.	4258205
1	2.64	2.20	0	3	1	On priča glasno.	Он разговаривает громко.	3369410
1	2.64	2.20	0	3	1	On priča glasno.	Он громко разговаривает.	3369410
1	2.65	2.21	0	2	1	Volim hleb.	Я люблю хлеб.	4781352
1	2.65	2.21	0	3	1	Devojka jede hleb.	Девочка ест хлеб.	6334110
1	2.65	2.21	0	3	1	Sada je ručak.	Сейчас обед.	3387086
1	2.65	2.21	0	3	1	Žena jede hleb.	Женщина ест хлеб.	6334112
1	2.65	1.12	1	4	1	Gde si ih video?	Где ты их видел?	3438991
1	2.65	1.12	1	4	1	Ja sam vas video.	Я вас видел.	1776385
1	2.65	1.12	1	4	1	Tom nije video ništa.	Том ничего не видел.	4784572
1	2.66	2.22	0	2	1	Govori tiho.	Говори тихо.	6976046
1	2.66	2.22	0	2	1	Srećan rođendan!	С днём рождения!	398928
1	2.66	2.22	0	3	1	Ja sam inženjer.	Я инженер.	397590
1	2.66	1.13	1	4	1	Ona je rekla nešto.	Она что-то сказала.	3414591
1	2.66	1.80	0	4	1	Temperatura ukazuje na bolest.	Температура указывает на болезнь.	11057696
1	2.66	1.38	0	5	1	Moj otac ima dobar posao.	У моего отца хорошая работа.	3370988
1	2.67	2.22	0	2	1	Nisam učitelj.	Я не учитель.	2925858
1	2.67	2.22	0	3	1	Ja nisam učitelj.	Я не учитель.	2332083
1	2.67	2.22	0	3	1	Ja sam učitelj.	Я учитель.	2332072
1	2.67	2.22	0	3	1	Ja sam učitelj.	Я - учитель.	2332072
1	2.67	2.22	0	3	1	On je učitelj.	Он учитель.	3392019
1	2.67	2.22	0	3	1	On je učitelj.	Он является учителем.	6960619
1	2.67	2.22	0	3	1	Učitelj čita knjigu.	Учитель читает книгу.	3440640
1	2.67	1.81	0	4	1	Ne znam njeno ime.	Я не знаю её имени.	899824
1	2.67	0.97	0	6	1	Prevestu ovu reč veoma je teško.	Это слово перевести очень трудно.	1090460
1	2.68	2.24	0	2	1	Sporo čitam.	Я медленно читаю.	5628180
1	2.68	2.24	0	3	1	Ja sporo čitam.	Я медленно читаю.	5628175
1	2.68	2.24	0	3	1	On radi sporo.	Он работает медленно.	3278467
1	2.68	2.24	0	3	1	On radi sporo.	Он медленно работает.	3278467
1	2.68	2.23	0	3	1	Ovo je rečenica.	Это предложение.	396739
1	2.68	2.23	0	3	1	Papir trpi sve.	Бумага терпит всё.	5687892
1	2.68	2.23	0	3	1	Server ne radi.	Сервер не работает.	3402655
1	2.68	1.15	1	4	1	Bilo je oko deset.	Было около десяти.	3359302
1	2.68	1.81	0	4	1	Ovo je važno pismo.	Это важное письмо.	1232296
1	2.69	2.24	0	2	1	Slušam muziku.	Я слушаю музыку.	1168695
1	2.69	1.83	0	4	1	Ovo more je duboko.	Это море глубокое.	3439317
1	2.70	2.25	0	3	1	Ne zaboravi me!	Не забывай меня!	1214508
1	2.70	2.25	0	3	1	Zemlja se okreće.	Земля вращается.	11057686
1	2.70	1.00	0	4	2	Ne govori ništa, OK?	Не говори ничего, OK?	4248502
1	2.71	2.25	0	2	1	Nisam pevač.	Я не певец.	8874148
1	2.71	1.59	1	2	1	Odlučio sam.	Я решил.	5043659
1	2.71	2.26	0	2	1	Prirodna sam.	Я естественная.	5043570
1	2.71	2.25	0	3	1	Ja nisam pevač.	Я не певец.	8874149
1	2.71	1.59	1	3	1	Ja sam odlučio.	Я решил.	3298950
1	2.71	2.26	0	3	1	Volim ovaj restoran.	Я люблю этот ресторан.	3440957
1	2.71	1.17	1	4	1	Bio je dobar dan.	Хороший был день.	4238281
1	2.71	1.17	1	4	1	Bio je dobar dan.	Это был хороший день.	4238281
1	2.71	1.17	1	4	1	Imao sam dobar život.	У меня была хорошая жизнь.	3368904
1	2.71	1.17	1	4	1	Vi ste dobar čovek.	Вы хороший человек.	1080604
1	2.71	1.84	0	4	1	Znaš li gde živim?	Ты знаешь, где я живу?	10689070
1	2.72	2.27	0	3	1	Hoće neko pivo?	Кто-нибудь хочет пива?	4324607
1	2.72	2.27	0	3	1	Hoće neko pivo?	Кто-нибудь хочет пиво?	4324607
1	2.72	2.27	0	3	1	Ja nisam nastavnik.	Я не учитель.	2332085
1	2.72	2.27	0	3	1	Ja nisam nastavnik.	Я не преподаватель.	2332085
1	2.72	2.27	0	3	1	Ja sam nastavnik.	Я преподаватель.	2332074
1	2.72	1.43	0	3	2	Samo vodu, molim.	Только воду, пожалуйста.	11055429
1	2.72	2.27	0	3	1	Tamo je izlaz.	Там выход.	4262033
1	2.72	1.60	1	3	1	Zašto tako mislite?	Почему вы так думаете?	5990939
1	2.72	1.18	1	4	1	O čemu on priča?	О чём он говорит?	1133591
1	2.72	1.18	1	4	1	On živi u Osaki.	Он живёт в Осаке.	3311725
1	2.72	1.85	0	4	1	Ona ima čisto srce.	У неё чистое сердце.	1232260
1	2.72	1.85	0	4	1	Ona ima čisto srce.	У нее чистое сердце.	1232260
1	2.72	1.18	1	4	1	Ona živi u Njujorku.	Она живёт в Нью-Йорке.	3307967
1	2.72	1.19	1	4	1	Tom stvarno zna mnogo.	Том действительно много знает.	5029154
1	2.73	2.28	0	2	1	Nisam vojnik.	Я не солдат.	12405859
1	2.73	2.28	0	2	1	Srećan Božić!	Счастливого Рождества!	5003507
1	2.73	2.28	0	3	1	Ja nisam vojnik.	Я не солдат.	12405813
1	2.73	2.27	0	3	1	Niko nije savršen.	Никто не совершенен.	3324380
1	2.73	2.28	0	3	1	Sutra je Božić.	Завтра Рождество.	3287647
1	2.73	1.86	0	4	1	Pišem skoro svaki dan.	Я пишу почти каждый день.	4248717
1	2.73	1.86	0	4	1	To je lepa kuća.	Это красивый дом.	1045228
1	2.74	2.29	0	2	1	Mrtav si.	Ты мёртв.	4243583
1	2.74	2.28	0	2	1	Tačan je.	Он пунктуален.	11057720
1	2.74	2.28	0	3	1	Imaš li psa?	У тебя есть собака?	4784591
1	2.74	2.29	0	3	1	Ja sam snažan.	Я сильный.	3343547
1	2.74	2.29	0	3	1	Pas je mrtav.	Пёс мёртв.	3395183
1	2.74	2.29	0	3	1	Pas je mrtav.	Собака мёртвая.	3395183
1	2.74	2.29	0	3	1	Pas je mrtav.	Собака дохлая.	3395183
1	2.74	1.86	0	4	1	Moj motocikl je nov.	Мой мотоцикл новый.	5024376
1	2.74	1.87	0	4	1	Nikad ne gubi nadu.	Никогда не теряй надежду.	5894332
1	2.74	1.45	0	5	1	On je moja prva ljubav.	Он моя первая любовь.	3370594
1	2.74	1.45	0	5	1	Ona je moja prva ljubav.	Она моя первая любовь.	3370592
1	2.75	1.62	1	3	1	Ko ste vi?	Кто вы?	490796
1	2.75	2.29	0	3	1	Lav jede meso.	Лев ест мясо.	3284678
1	2.75	2.29	0	3	1	Ovo je glupost.	Это глупость.	3503797
1	2.75	2.29	0	3	1	To je glupost.	Это глупость.	3503241
1	2.75	2.29	0	3	1	To je glupost.	Это чушь.	3503241
1	2.75	2.29	0	3	1	Čestitam Dan žena.	Поздравляю с международным женским днём.	1474331
1	2.76	1.63	1	3	1	Oni će znati.	Они узнают.	4993315
1	2.76	1.63	1	3	1	Tom će znati.	Том узнает.	4993244
1	2.76	1.88	0	4	1	Gde je tvoj otac?	Где твой отец?	3384150
1	2.76	1.88	0	4	1	Gde je tvoj prijatelj?	Где твой друг?	3380092
1	2.76	1.88	0	4	1	Koji je tvoj auto?	Которая машина твоя?	4251415
1	2.76	1.88	0	4	1	Ovo je tvoj izbor.	Это твой выбор.	1243594
1	2.76	1.88	0	4	1	To je loš znak.	Это плохой знак.	6147431
1	2.76	1.88	0	4	1	To nije moj automobil.	Это не мой автомобиль.	4783021
1	2.76	1.88	0	4	1	Tvoj plan zvuči odlično.	Твой план звучит отлично.	1457607
1	2.76	1.88	0	4	1	Čiji je ovo automobil?	Чей это автомобиль?	5843370
1	2.76	1.88	0	4	1	Šta je tvoj posao?	Какая у тебя работа?	5806711
1	2.76	0.22	0	6	2	Je li to da ili ne?	Это "да" или "нет"?	4324261
1	2.77	1.48	0	2	2	Račun, molim.	Счёт, пожалуйста.	5003535
1	2.77	1.48	0	3	2	Želim da radim.	Я хочу работать.	13745776
1	2.78	2.31	0	2	1	Plašim se.	Я боюсь.	4999357
1	2.78	2.32	0	2	1	Popravi sat.	Почини часы.	1065882
1	2.78	2.31	0	3	1	Ja volim sir.	Я люблю сыр.	2152882
1	2.78	2.32	0	3	1	Kafu ili čaj?	Кофе или чай?	1179827
1	2.78	1.90	0	4	1	Ona ga veoma poštuje.	Она его очень уважает.	3392265
1	2.79	2.33	0	2	1	Dobro jutro!	Доброе утро!	3384118
1	2.79	1.49	0	3	2	Da li siguran?	Ты уверен?	3243718
1	2.79	1.91	0	4	1	Znam na šta misliš.	Я знаю, о чём ты думаешь.	3425225
1	2.79	1.49	0	5	1	Ona često menja svoje mišljenje.	Она часто меняет своё мнение.	10042652
1	2.80	2.34	0	3	1	Kafa ili čaj?	Кофе или чай?	3437801
1	2.80	1.00	2	3	1	Koliko vremena imam?	Сколько у меня времени?	5800253
1	2.80	1.67	1	3	1	Šta si kupio?	Что ты купил?	1166857
1	2.80	1.66	1	3	1	Živimo u kući.	Мы живём в доме.	3333561
1	2.80	1.92	0	4	1	Ja sam slobodan čovek.	Я свободный человек.	3426473
1	2.80	1.92	0	4	1	Kakvo je vreme tamo?	Какая там погода?	1076605
1	2.81	2.34	0	2	1	Budi zahvalan.	Будь благодарен.	11170926
1	2.81	2.34	0	2	1	Ostala sam.	Я осталась.	4992627
1	2.81	1.67	1	3	1	Živimo u Rusiji.	Мы живём в России.	13765047
1	2.81	1.92	0	4	1	Moja supruga je Poljakinja.	Моя супруга — полька.	1088272
1	2.81	1.51	0	5	1	Ono tamo je naša kuća.	Вон там наш дом.	3440843
1	2.81	0.84	1	5	1	Znam zašto Tom to radi.	Я знаю, зачем Том это делает.	3435392
1	2.82	2.35	0	2	1	Imam dvorište.	У меня есть двор.	8840301
1	2.82	2.35	0	2	1	Imam rečnik.	У меня есть словарь.	3425851
1	2.82	2.35	0	2	1	Koga voliš?	Кого ты любишь?	8888761
1	2.82	2.35	0	3	1	Ja nisam profesorka.	Я не учительница.	2332088
1	2.82	2.35	0	3	1	Ja sam profesorka.	Я профессор.	479035
1	2.82	2.35	0	3	1	Ja sam profesorka.	Я учительница.	2332077
1	2.82	2.35	0	3	1	Koliko me voliš?	Как сильно ты меня любишь?	5909359
1	2.82	2.35	0	3	1	On je naučnik.	Он учёный.	486838
1	2.82	2.35	0	3	1	Ona izgleda srećno.	Она выглядит счастливой.	8917469
1	2.82	1.93	0	4	1	Ja čitam ovu knjigu.	Я читаю эту книгу.	3314345
1	2.82	1.27	1	4	1	Ne verujem u to.	Я в это не верю.	3494429
1	2.83	2.35	0	2	1	Ona plače.	Она плачет.	3438837
1	2.83	1.69	1	3	1	Gde si radila?	Где ты работала?	4986885
1	2.83	1.69	1	3	1	Ne razumem vas.	Я не понимаю вас.	3478051
1	2.83	1.69	1	3	1	Ne razumem vas.	Я вас не понимаю.	6369071
1	2.83	1.69	1	3	1	Šta si radila?	Что ты делала?	4258321
1	2.83	1.28	1	4	1	Sve je u redu.	Всё в порядке.	3644357
1	2.84	2.37	0	2	1	Imam ćerku.	У меня есть дочь.	3266425
1	2.84	2.37	0	3	1	Ja nisam popularan.	Я не популярен.	3644851
1	2.84	0.87	1	3	2	Kako si, Tome?	Как ты, Том?	4258406
1	2.84	1.70	1	3	1	Nešto se dogodilo.	Что-то случилось.	3244899
1	2.84	2.36	0	3	1	On se približava.	Он подходит ближе.	11171921
1	2.84	1.70	1	3	1	Šta se dogodilo?	Что случилось?	5003687
1	2.84	1.95	0	4	1	Gde je tvoja škola?	Где твоя школа?	3306998
1	2.84	1.95	0	4	1	Koja je tvoja knjiga?	Которая книга твоя?	3425926
1	2.84	1.95	0	4	1	Koja je tvoja knjiga?	Какая книга твоя?	3425926
1	2.84	1.29	1	4	1	Šta si radio danas?	Что ты сегодня делал?	897888
1	2.85	2.38	0	2	1	Gde ideš?	Куда ты идёшь?	1232300
1	2.85	2.37	0	2	1	Nisam star.	Я не старый.	3434501
1	2.85	2.38	0	2	1	Ona puca.	Она стреляет.	3478714
1	2.85	2.37	0	2	1	Zatvori prozor.	Закрой окно.	664836
1	2.85	1.96	0	4	1	Grčka je stara zemlja.	Греция — древняя страна.	3935503
1	2.85	1.96	0	4	1	Ja ne govorim nemački.	Я не говорю по-немецки.	1055740
1	2.85	1.96	0	4	1	Moj pas me gleda.	Моя собака смотрит на меня.	3470198
1	2.85	1.96	0	4	1	Moja sestra je lepa.	Моя сестра красивая.	3451158
1	2.85	1.95	0	4	1	Ovaj auto dobro vozi.	Эта машина хорошо ездит.	4250433
1	2.85	1.96	0	4	1	Pas zove se Ken.	Собаку зовут Кен.	476813
1	2.85	1.96	0	4	1	Pas zove se Ken.	Пса зовут Кен.	476813
1	2.85	1.96	0	4	1	To je mali pas.	Это маленькая собака.	2709227
1	2.85	1.96	0	4	1	To je mali pas.	Это маленькая собачка.	2709227
1	2.85	1.96	0	4	1	Vaš pas je ovde.	Ваша собака здесь.	1982480
1	2.86	2.39	0	2	1	Stiže voz!	Поезд прибывает!	3303906
1	2.86	1.72	1	3	1	Možete li govoriti?	Вы можете говорить?	5819413
1	2.86	1.72	1	3	1	Tom će govoriti.	Том будет говорить.	4993232
1	2.86	2.38	0	3	1	Vreme je užasno.	Погода ужасная.	1113726
1	2.86	1.96	0	4	1	Konferencija će završiti sutra.	Конференция завтра кончится.	405730
1	2.86	1.96	0	4	1	On će uskoro završiti.	Он скоро закончит.	410781
1	2.87	2.39	0	2	1	Glup si.	Ты глуп.	3243180
1	2.87	2.39	0	2	1	Imam kompjuter.	У меня есть компьютер.	8892045
1	2.87	2.39	0	2	1	Ne trči.	Не беги.	4996805
1	2.87	2.39	0	2	1	Ne trči.	Не бегай.	4996805
1	2.87	2.39	0	2	1	On trči.	Он бежит.	2263846
1	2.87	2.39	0	2	1	On trči.	Он бегает.	2263846
1	2.87	2.39	0	3	1	Imam sopstveni kompjuter.	У меня есть собственный компьютер.	8895236
1	2.87	2.39	0	3	1	Imam svoj kompjuter.	У меня есть свой компьютер.	8895234
1	2.87	2.39	0	3	1	Kompjuter je nov.	Компьютер новый.	888583
1	2.87	2.39	0	3	1	Ne budi glup.	Не будь глупым.	3307039
1	2.87	2.39	0	3	1	On brzo trči.	Он быстро бегает.	2813086
1	2.87	2.39	0	3	1	Zovem se Saša.	Меня зовут Саша.	1069050
1	2.87	1.97	0	4	1	On ima slabo srce.	У него слабое сердце.	3369629
1	2.87	1.97	0	4	1	On poznaje moju ženu.	Он знаком с моей женой.	3484572
1	2.87	1.31	1	4	1	Šta žene zaista žele?	Чего на самом деле хотят женщины?	5874257
1	2.87	0.72	0	5	2	Da li to znači nešto?	Это что-то значит?	6877261
1	2.88	2.40	0	2	1	Ja plaćam.	Я плачу.	6825062
1	2.88	2.40	0	2	1	Plaćam unapred.	Я заплачу вперёд.	893558
1	2.88	2.40	0	3	1	Ja sam opasan.	Я опасен.	3370609
1	2.88	2.40	0	3	1	On nije opasan.	Он не опасен.	3464214
1	2.88	1.73	1	3	1	Oni gledaju film.	Они смотрят фильм.	3438833
1	2.88	2.40	0	3	1	Sve je spremno.	Всё готово.	6860949
1	2.88	1.15	0	4	2	Hvala, to je sve.	Спасибо, это всё.	1089855
1	2.89	1.74	1	2	1	Idemo kući.	Мы идём домой.	5599964
1	2.89	2.41	0	2	1	Volim Francusku.	Я люблю Францию.	8890372
1	2.89	1.74	1	3	1	Idemo li kući?	Мы идём домой?	4333664
1	2.89	2.41	0	3	1	Ja pijem kafu.	Я пью кофе.	1113734
1	2.89	2.41	0	3	1	Kompjuter štedi vreme.	Компьютер экономит время.	1052561
1	2.89	1.99	0	4	1	Moj pas je srećan.	Моя собака счастлива.	3470205
1	2.89	1.99	0	4	1	Nemački nije jednostavan jezik.	Немецкий - не простой язык.	3535699
1	2.90	2.42	0	2	1	Dolazi autobus.	Автобус подходит.	3279785
1	2.90	2.42	0	2	1	Mačka jede.	Кошка ест.	1228507
1	2.90	2.41	0	2	1	Prazna je.	Она пуста.	4992589
1	2.90	2.41	0	2	1	Prazna je.	Она пустая.	4992589
1	2.90	1.75	1	2	1	Svi čekaju.	Все ждут.	4997552
1	2.90	2.42	0	2	1	Čekam autobus.	Я жду автобус.	6475473
1	2.90	2.41	0	3	1	Imaš li Fejsbuk?	У тебя есть Фейсбук?	4246899
1	2.90	2.42	0	3	1	Mačka nije čovek!	Кошка не человек!	481569
1	2.90	2.41	0	3	1	On me izbegava.	Он меня избегает.	4993479
1	2.90	2.42	0	3	1	Video sam autobus.	Я видел автобус.	5841985
1	2.90	2.00	0	4	1	Gde je tvoj računar?	Где твой компьютер?	3357160
1	2.90	2.00	0	4	1	Ovo je moj računar.	Это мой компьютер.	2346894
1	2.90	2.00	0	4	1	Ovo je čudno pismo.	Это странное письмо.	3284654
1	2.91	2.43	0	3	1	Ja sam heroj.	Я герой.	3285959
1	2.91	2.43	0	3	1	On je Amerikanac.	Он американец.	481660
1	2.91	2.43	0	3	1	On je heroj.	Он герой.	3334506
1	2.91	1.17	0	4	2	Dobar dan, kako si?	Добрый день, как дела?	476800
1	2.91	2.01	0	4	1	Čekam na svoj red.	Я жду своей очереди.	4324571
1	2.91	1.59	0	5	1	Imaš li neku drugu ideju?	У тебя есть какая-нибудь другая идея?	3370088
1	2.92	2.43	0	2	1	Jedem ovde.	Я ем здесь.	1054923
1	2.92	2.01	0	4	1	On sam uči francuski.	Он самостоятельно учит французский.	1046006
1	2.92	2.01	0	4	1	Samo jedna mašina radi.	Только одна машина работает.	3413846
1	2.93	2.44	0	2	1	Hladno je.	Холодно.	3242667
1	2.93	2.44	0	2	1	Nije hladno.	Не холодно.	1243595
1	2.93	2.44	0	3	1	Danas je hladno.	Сегодня холодно.	3503790
1	2.93	1.11	2	3	1	Koliko imate dece?	Сколько у вас детей?	3424525
1	2.93	2.44	0	3	1	Ne govorim turski.	Я не говорю по-турецки.	4249198
1	2.93	1.78	1	3	1	Niko nije gledao.	Никто не смотрел.	6537000
1	2.93	2.44	0	3	1	Ovde je hladno.	Здесь холодно.	3410447
1	2.93	2.44	0	3	1	Prilično je hladno.	Достаточно холодно.	3285955
1	2.93	1.36	1	4	1	Radio sam ceo dan.	Я целый день работал.	3298922
1	2.93	1.36	1	4	1	Radio sam ceo dan.	Я весь день работал.	3298922
1	2.94	2.45	0	2	1	Mrzim te.	Ненавижу тебя.	805594
1	2.94	2.45	0	2	1	Mrzim školu.	Я ненавижу школу.	4781399
1	2.94	2.45	0	2	1	Mrzim školu.	Ненавижу школу.	4781399
1	2.94	2.45	0	2	1	Prazan je.	Он пуст.	4992590
1	2.94	2.45	0	2	1	Prazan je.	Он пустой.	4992590
1	2.94	2.45	0	3	1	Kakvo glupo pitanje!	Какой глупый вопрос!	3429749
1	2.94	2.45	0	3	1	Osećam se glupo.	Я чувствую себя глупо.	3469778
1	2.94	2.45	0	3	1	Večera je spremna!	Ужин готов!	4995944
1	2.94	1.78	1	3	1	Šta si odgovorio?	Что ты ответил?	3318211
1	2.94	1.36	1	4	1	Imam još dva pitanja.	У меня ещё два вопроса.	3366327
1	2.94	1.36	1	4	1	Imam još dva pitanja.	У меня есть ещё два вопроса.	3366327
1	2.94	2.04	0	4	1	Ovaj je još živ.	Этот всё ещё жив.	4261759
1	2.94	2.04	0	4	1	Ovaj je još živ.	Этот ещё жив.	4261759
1	2.95	0.80	0	2	3	Da, znam.	Да, знаю.	8845746
1	2.95	2.46	0	3	1	Moda se menja.	Мода меняется.	11057642
1	2.95	2.46	0	3	1	To je besmisleno.	Это бессмысленно.	3410384
1	2.95	1.62	0	5	1	Ne vidim ko je to.	Я не вижу, кто это.	4251253
1	2.96	1.80	1	2	1	Radite ovde?	Вы здесь работаете?	5800246
1	2.96	1.80	1	2	1	Šta radite?	Что делаете?	2332056
1	2.96	1.80	1	2	1	Šta radite?	Чем занимаетесь?	2332056
1	2.96	1.80	1	2	1	Šta radite?	Что вы делаете?	2332056
1	2.96	1.80	1	2	1	Šta radite?	Чем вы занимаетесь?	2332056
1	2.96	2.47	0	3	1	Ja pamtim sve.	Я помню всё.	1081264
1	2.96	1.80	1	3	1	Ko je učestvovao?	Кто участвовал?	11057639
1	2.96	1.80	1	3	1	Vi mnogo radite.	Вы много работаете.	5557570
1	2.96	2.05	0	4	1	Jesen je vreme kiša.	Осень - время дождей.	1117665
1	2.96	1.63	0	5	1	Koliko je dva plus dva?	Сколько будет два плюс два?	1080485
1	2.96	1.63	0	5	1	Šest plus četiri je deset.	Шесть плюс четыре - десять.	3370929
1	2.97	1.14	2	3	1	Ima mnogo posla.	Работы много.	3275085
1	2.97	2.06	0	4	1	Ovde je vrlo prijatno.	Здесь очень приятно.	3450795
1	2.97	1.39	1	4	1	Tom je kao Meri.	Том как Мария.	6533003
1	2.97	2.05	0	4	1	Šta ja tražim ovde?	Что я здесь ищу?	6391082
1	2.98	2.48	0	2	1	Koliko jabuka?	Сколько яблок?	664830
1	2.98	1.82	1	2	1	Nisu moji.	Они не мои.	5002920
1	2.98	2.48	0	2	1	Obožavam jesen.	Обожаю осень.	5557521
1	2.98	1.82	1	3	1	Oni nisu moji.	Они не мои.	5002921
1	2.98	2.07	0	4	1	Ovo je moj tata.	Это мой папа.	957666
1	2.98	1.40	1	4	1	Šta ćete raditi danas?	Что вы собираетесь сегодня делать?	6314290
1	2.99	2.49	0	2	1	Taksi čeka.	Такси ждёт.	4324208
1	2.99	2.49	0	2	1	Šta gledaš?	На что ты смотришь?	3425564
1	2.99	2.49	0	3	1	Ja sam stranac.	Я иностранец.	3274495
1	2.99	2.49	0	3	1	On nije budala.	Он не дурак.	1081766
1	2.99	2.49	0	3	1	Taksi je skup.	Такси дорогое.	1149294
1	2.99	2.08	0	4	1	Ona ima dobar ukus.	У неё хороший вкус.	3429928
1	2.99	2.08	0	4	1	Svak ima svoj ukus.	У каждого свой вкус.	1266614
1	2.99	2.08	0	4	1	To je lep brod.	Это красивый корабль.	3465824
1	2.99	1.66	0	5	1	Danas definitivno nije moj dan.	Сегодня определённо не мой день.	8907028
1	2.99	1.66	0	5	1	I mali uspeh je važan.	Даже небольшой успех важен.	5588839
1	2.99	1.66	0	5	1	I mali uspeh je važan.	И малый успех важен.	6148829
1	3.00	1.83	1	2	1	Pobedio si!	Ты победил!	4993169
1	3.00	2.50	0	2	1	Volim slatko.	Я люблю сладкое.	3387076
1	3.00	1.84	1	2	1	Znaš pravila.	Ты знаешь правила.	3645020
1	3.00	2.50	0	3	1	Grešim li ikada?	Я когда-нибудь ошибаюсь?	4324455
1	3.00	2.50	0	3	1	Imam dva cveta.	У меня есть два цветка.	2931650
1	3.00	2.50	0	3	1	Imam dva cveta.	У меня два цветка.	2931650
1	3.00	2.50	0	3	1	Ja ne grešim.	Я не ошибаюсь.	3437532
1	3.00	2.50	0	3	1	Ja sam monah.	Я монах.	3542480
1	3.00	2.50	0	3	1	Ljubav pobeđuje sve.	Любовь побеждает всё.	5848752
1	3.00	2.50	0	3	1	Ljubav sve pobeđuje.	Любовь побеждает всё.	5848755
1	3.00	1.84	1	3	1	Ovo su pravila.	Это правила.	3429755
1	3.00	1.84	1	3	1	Takva su pravila.	Таковы правила.	3430791
1	3.00	2.08	0	4	1	Danas je jak vetar.	Сегодня сильный ветер.	3314417
1	3.00	2.08	0	4	1	On je moj drug.	Он мой друг.	490782
1	3.00	1.41	1	4	1	Više te ne volim.	Я больше тебя не люблю.	3371653
1	3.01	2.51	0	2	1	Ko kuca?	Кто стучит?	4248687
1	3.01	2.51	0	2	1	Ko kuca?	Кто стучится?	4248687
1	3.01	2.51	0	2	1	Pametna sam.	Я умная.	5043615
1	3.01	2.51	0	3	1	On igra golf.	Он играет в гольф.	800439
1	3.01	2.51	0	3	1	Uvek je nezadovoljan.	Он всегда недоволен.	6955989
1	3.01	2.51	0	3	1	Voliš li golf?	Ты любишь гольф?	3302967
1	3.01	1.42	1	4	1	On nije više dete.	Он больше не ребёнок.	7010364
1	3.01	1.42	1	4	1	On nije više dete.	Он уже не ребёнок.	7010364
1	3.01	1.42	1	4	1	Ona više nije dete.	Она уже не ребёнок.	7010368
1	3.02	2.52	0	2	1	Igram tenis.	Я играю в теннис.	3384568
1	3.02	1.85	1	2	1	Odlučila sam.	Я решила.	5043661
1	3.02	2.51	0	3	1	Ja mrzim matematiku.	Я ненавижу математику.	3748920
1	3.02	2.51	0	3	1	Ja volim matematiku.	Я люблю математику.	396708
1	3.02	2.52	0	3	1	Ja volim tenis.	Я люблю теннис.	3314357
1	3.02	1.85	1	3	1	Još nisam odlučila.	Я ещё не решила.	3503801
1	3.02	1.18	2	3	1	Ovaj je najveći.	Этот самый большой.	8928693
1	3.02	2.51	0	3	1	Teško shvatam matematiku.	Мне тяжело даётся математика.	1111687
1	3.02	2.10	0	4	1	Gde je moja soba?	Где моя комната?	5919200
1	3.02	2.10	0	4	1	Gde živi tvoj deda?	Где живёт твой дед?	3425516
1	3.02	2.10	0	4	1	Gde živi tvoj deda?	Где живёт твой дедушка?	3425516
1	3.02	2.10	0	4	1	On dobro igra fudbal.	Он хорошо играет в футбол.	3313457
1	3.02	2.10	0	4	1	On mnogo voli fudbal.	Он очень любит футбол.	4992726
1	3.02	1.43	1	4	1	Ovo nisam napisao ja.	Это не я написал.	4248754
1	3.02	2.10	0	4	1	Čija je ovo soba?	Чья это комната?	3307027
1	3.03	2.52	0	2	1	Učim japanski.	Я учу японский.	4264041
1	3.03	2.52	0	2	1	Učim sada.	Я сейчас учусь.	5873225
1	3.03	2.53	0	2	1	Vidim devojčicu.	Я вижу девочку.	3440617
1	3.03	2.52	0	3	1	Ja učim engleski.	Я учу английский.	1195478
1	3.03	2.52	0	3	1	Ne govorim japanski.	Я не говорю по-японски.	3242662
1	3.03	2.52	0	3	1	Sada ne učim.	Я сейчас не учусь.	3369396
1	3.03	2.11	0	4	1	Kako se dečak zove?	Как зовут этого мальчика?	3478274
1	3.03	1.69	0	5	1	Imam važan zadatak za tebe.	У меня есть для тебя важное задание.	3411096
1	3.03	1.03	1	5	1	Tom često koristi tu reč.	Том часто использует это слово.	5045382
1	3.03	1.69	0	5	1	Zaista ne razumem taj problem.	Я действительно не понимаю эту проблему.	1054801
1	3.04	2.53	0	3	1	Hoće li umreti?	Он умрёт?	11057717
1	3.04	2.53	0	3	1	Volim kratku kosu.	Я люблю короткие волосы.	3291895
1	3.04	1.45	1	4	1	Potpuno si u pravu.	Ты абсолютно прав.	6361150
1	3.04	1.70	0	5	1	Moj sat pokazuje tačno vreme.	Мои часы показывают точное время.	664819
1	3.05	2.54	0	2	1	On studira.	Он учится.	3386919
1	3.05	2.54	0	2	1	Srce bije.	Сердце бьется.	11889498
1	3.05	2.54	0	3	1	Idem na plažu.	Я иду на пляж.	4250142
1	3.05	2.54	0	3	1	Idem na plažu.	Я пойду на пляж.	4250142
1	3.05	2.54	0	3	1	Ja sam učenica.	Я ученица.	2332067
1	3.05	2.54	0	3	1	Kakvo fantastično jutro!	Какое фантастическое утро!	3395299
1	3.05	2.12	0	4	1	On ima dobar ugled.	У него хорошая репутация.	3369417
1	3.05	2.12	0	4	1	Život liči na putovanje.	Жизнь похожа на путешествие.	1133532
1	3.06	2.55	0	2	1	Hoću mač!	Я хочу меч!	3313557
1	3.06	2.55	0	3	1	Ja želim mač!	Я хочу меч!	1362103
1	3.06	2.55	0	3	1	Kafa je hladna.	Кофе холодный.	3404935
1	3.06	2.55	0	3	1	Kanada nije raj.	Канада не рай.	3434984
1	3.06	2.55	0	3	1	On gleda mapu.	Он смотрит на карту.	1142607
1	3.06	1.88	1	3	1	Svi se smeju.	Все смеются.	4996918
1	3.06	1.88	1	3	1	Tom nije loš.	Том не плох.	4247130
1	3.06	1.88	1	3	1	Tom nije loš.	Том не плохой.	4247130
1	3.06	2.55	0	3	1	Zaboravi svoju tugu!	Забудь о своей печали.	1102240
1	3.06	2.13	0	4	1	Ja sam bogat čovek.	Я богатый человек.	3284529
1	3.06	1.47	1	4	1	Kad si došao kući?	Когда ты пришёл домой?	6918390
1	3.06	2.14	0	4	1	Koliko košta ova kamera?	Сколько стоит эта камера?	6316172
1	3.06	1.30	0	4	2	Njegova je, zar ne?	Это его, не так ли?	13395078
1	3.07	2.56	0	2	1	Nisam učiteljica.	Я не учительница.	2925859
1	3.07	1.89	1	2	1	Svi pričaju.	Все разговаривают.	4996934
1	3.07	1.89	1	2	1	Tom čita.	Том читает.	8844366
1	3.07	2.56	0	2	1	Zašto pitaš?	Почему ты спрашиваешь?	3292856
1	3.07	2.56	0	3	1	Ja nisam učiteljica.	Я не учительница.	2332084
1	3.07	2.56	0	3	1	Ja sam učiteljica.	Я учительница.	2332073
1	3.07	2.56	0	3	1	Ona je učiteljica.	Она учительница.	6960621
1	3.07	1.89	1	3	1	Tom mnogo čita.	Том много читает.	6966983
1	3.07	2.56	0	3	1	Volim crnu čokoladu.	Я люблю тёмный шоколад.	3424915
1	3.07	1.47	1	4	1	Dobio je prvu nagradu.	Он получил первую награду.	3340721
1	3.07	2.14	0	4	1	Moja porodica nije bogata.	Моя семья не богатая.	5396788
1	3.07	2.14	0	4	1	Pitanje je šta izabrati.	Вопрос, что выбрать.	6534186
1	3.08	2.56	0	2	1	Nemam pasoš.	У меня нет паспорта.	3359501
1	3.08	2.57	0	2	1	Prirodan sam.	Я естественный.	5043569
1	3.08	2.56	0	3	1	Imaš li pasoš?	У тебя есть паспорт?	1097809
1	3.08	1.90	1	3	1	Kako ga zovu?	Как его зовут?	4972337
1	3.08	2.57	0	3	1	Plašim se zmija.	Я боюсь змей.	4972157
1	3.08	2.57	0	3	1	Čeka te pakao.	Гореть тебе в аду.	3437600
1	3.08	2.15	0	4	1	Ja govorim malo engleski.	Я немного говорю по-английски.	3418937
1	3.08	2.15	0	4	1	On dobro zna Engleski.	Он хорошо знает английский.	3263566
1	3.08	2.15	0	4	1	Ova riba je velika.	Эта рыба большая.	3395191
1	3.08	2.15	0	4	1	Tretman se odvija uspešno.	Лечение идёт успешно.	885605
1	3.08	0.90	0	5	2	Danas je veliki dan, sinko!	Сегодня великий день, сынок!	4249109
1	3.08	1.73	0	5	1	Dobar glas daleko se čuje.	Хорошее известие далеко слышно.	1082335
1	3.09	2.57	0	2	1	Duva vetar.	Дует ветер.	3463566
1	3.09	2.58	0	2	1	Imam nož.	У меня есть нож.	8823937
1	3.09	2.58	0	2	1	Imam nož.	У меня нож.	8823937
1	3.09	2.57	0	2	1	Laku noć!	Спокойной ночи!	1714768
1	3.09	2.57	0	2	1	Laku noć.	Спокойной ночи.	3392020
1	3.09	2.58	0	2	1	Ovde spavam.	Здесь я сплю.	10686088
1	3.09	2.58	0	2	1	Spavam čvrsto.	Я крепко сплю.	4972124
1	3.09	2.58	0	3	1	Imam li nož?	У меня есть нож?	6567915
1	3.09	2.57	0	3	1	Odakle duva vetar?	Откуда дует ветер?	6895677
1	3.09	2.16	0	4	1	Dunav je evropska reka.	Дунай - река в Европе.	1080608
1	3.09	1.49	1	4	1	On živi na selu.	Он живёт в деревне.	3303512
1	3.09	2.16	0	4	1	Ona je sada napolju.	Она сейчас на улице.	3281031
1	3.09	1.49	1	4	1	Ona živi na selu.	Она живёт в деревне.	3245808
1	3.09	1.49	1	4	1	U čemu je razlika?	В чём разница?	6368965
1	3.10	2.59	0	3	1	Australija je ostrvo.	Австралия - это остров.	13679758
1	3.10	1.92	1	3	1	Pročitao sam knjigu.	Я прочитал книгу.	4243494
1	3.10	1.92	1	3	1	Tom nije lep.	Том некрасивый.	4247065
1	3.10	1.92	1	3	1	Vreme je stalo.	Время остановилось.	11057643
1	3.10	2.17	0	4	1	Nebo je puno zvezda.	Небо полно звёзд.	3350413
1	3.10	0.84	2	4	1	Svi su bili tamo.	Все были там.	3412952
1	3.11	2.59	0	2	1	Vidim ogledalo.	Я вижу зеркало.	3478287
1	3.11	2.59	0	3	1	Moj otac puši.	Мой отец курит.	8856040
1	3.11	2.59	0	3	1	On ne puši.	Он не курит.	3265324
1	3.11	2.59	0	3	1	Ovo je komunizam.	Это коммунизм.	508492
1	3.11	2.17	0	4	1	Ja ne volim sneg.	Я не люблю снег.	2135780
1	3.11	2.17	0	4	1	Škola liči na zatvor.	Школа похожа на тюрьму.	3243987
1	3.12	2.60	0	2	1	Ona šeta.	Она гуляет.	5003670
1	3.12	2.60	0	2	1	Zabavno je.	Это забавно.	4993365
1	3.12	1.94	1	3	1	Kakvu kafu želite?	Какой кофе вы хотите?	884960
1	3.12	2.19	0	4	1	Gledam televiziju ceo dan.	Я весь день смотрю телевизор.	888639
1	3.12	2.19	0	4	1	Gledam televiziju ceo dan.	Я целый день смотрю телевизор.	888639
1	3.12	2.18	0	4	1	Moje prezime je Vang.	Моя фамилия Ванг.	1055467
1	3.12	2.19	0	4	1	Nikad ne gledam televiziju.	Я никогда не смотрю телевизор.	6533007
1	3.12	1.52	1	4	1	Nisam znao odakle sam.	Я не знал, откуда я.	3292862
1	3.12	1.10	1	5	1	Koliko često Tom dolazi ovde?	Как часто Том приходит сюда?	3418587
1	3.12	1.76	0	5	1	Moj brat koristi ovaj bicikl.	Мой брат пользуется этим велосипедом.	3311749
1	3.12	1.76	0	5	1	Moj mali brat gleda TV.	Мой младший брат смотрит телевизор.	3371585
1	3.12	1.76	0	5	1	Ovaj bicikl koristi moj brat.	Этим велосипедом пользуется мой брат.	11060628
1	3.13	2.61	0	2	1	Gladan sam.	Я голоден.	3264437
1	3.13	2.61	0	2	1	Gladan sam.	Я голодный.	3264437
1	3.13	1.27	2	3	1	Imamo puno hrane.	У нас много еды.	4251424
1	3.13	2.61	0	3	1	On nije gladan.	Он не голоден.	3350411
1	3.13	2.61	0	3	1	Vrlo si hrabar.	Ты очень храбрый.	3426505
1	3.13	2.19	0	4	1	Avion ide tako brzo!	Самолёт движется так быстро!	3355823
1	3.13	2.19	0	4	1	Ova je još živa.	Эта ещё жива.	4261760
1	3.13	2.19	0	4	1	Ova je još živa.	Эта всё ещё жива.	4261760
1	3.13	1.53	1	4	1	Sada su svi spremni.	Сейчас все готовы.	3470404
1	3.13	1.11	1	5	1	Evo u čemu je problem.	Вот в чём проблема.	1043493
1	3.13	1.78	0	5	1	Ona ima dve hiljade knjiga.	У неё есть две тысячи книг.	1097802
1	3.13	0.94	0	5	2	Znam da ništa ne znam.	Я знаю, что я ничего не знаю.	3254057
1	3.14	2.62	0	2	1	Ne žuri.	Не спеши.	4996813
1	3.14	2.62	0	2	1	Ne žuri.	Не торопись.	4996813
1	3.14	1.95	1	3	1	Ja imam prijatelje.	У меня есть друзья.	3424928
1	3.14	1.95	1	3	1	Mogu li ući?	Я могу войти?	6593981
1	3.14	1.95	1	3	1	Mogu li ući?	Можно войти?	6593981
1	3.14	1.95	1	3	1	Radim u banci.	Я работаю в банке.	3291067
1	3.15	2.63	0	2	1	Smanji televizor.	Сделай телевизор потише.	665166
1	3.15	1.95	1	2	1	Vozi brže.	Едь быстрее.	4996899
1	3.15	2.63	0	3	1	Naš voz kasni.	Наш поезд опаздывает.	3438819
1	3.15	2.63	0	3	1	On uvek kasni.	Он всегда опаздывает.	8906901
1	3.15	2.63	0	3	1	Ona obično kasni.	Она обычно опаздывает.	6594094
1	3.15	2.63	0	3	1	Televizor ne radi.	Телевизор не работает.	1228537
1	3.15	1.95	1	3	1	Tom vozi automobil.	Том водит автомобиль.	8890383
1	3.15	2.21	0	4	1	Gde je moja lopta?	Где мой мяч?	4339804
1	3.15	1.12	1	5	1	Pa šta je Tom video?	Ну и что Том увидел?	4251055
1	3.15	1.12	1	5	1	Pa šta je Tom video?	И что Том видел?	4251055
1	3.16	1.97	1	3	1	Danas nemam domaći.	Сегодня у меня нет домашней работы.	6728732
1	3.16	1.97	1	3	1	Danas nemam domaći.	Сегодня у меня нет домашки.	6728732
1	3.16	2.63	0	3	1	On obožava fudbal.	Он обожает футбол.	4992724
1	3.16	2.64	0	3	1	Teoretski je moguće.	Теоретически это возможно.	6918474
1	3.16	2.21	0	4	1	Još jednom se izvinjavam.	Ещё раз прошу прощения.	12415225
1	3.16	1.55	1	4	1	Tom nije moj sin.	Том не мой сын.	6960919
1	3.16	1.80	0	5	1	Gde si video ovu ženu?	Где ты видел эту женщину?	714519
1	3.16	0.96	0	5	2	Mislim da niko ne zna.	Думаю, никто не знает.	4250301
1	3.17	2.64	0	2	1	Biću tamo.	Я буду там.	5586402
1	3.17	2.64	0	2	1	Odlazim ujutru.	Я уезжаю утром.	6900011
1	3.17	2.64	0	2	1	Čekam mamu.	Я жду маму.	6923396
1	3.17	2.64	0	2	1	Šta tražiš?	Что ты ищешь?	3384098
1	3.17	2.64	0	2	1	Šta tražiš?	Что ищешь?	3384098
1	3.17	1.98	1	3	1	Koje vino imaš?	Какое вино у тебя есть?	1116816
1	3.17	2.64	0	3	1	Mnogo sam umoran!	Я сильно устал!	8853445
1	3.17	1.97	1	3	1	Tom poznaje Meri.	Том знаком с Мэри.	4644930
1	3.17	2.64	0	3	1	Tražiš li nekoga?	Ты кого-то ищешь?	3248349
1	3.17	2.22	0	4	1	I ja sam učitelj.	И я учитель.	3439331
1	3.17	1.56	1	4	1	Ja svetu nisam potreban.	Я не нужен миру.	3430974
1	3.17	2.22	0	4	1	Ko je tvoj učitelj?	Кто твой учитель?	1091400
1	3.17	1.56	1	4	1	Sam sam to napravio.	Я сам это сделал.	3366781
1	3.17	2.23	0	4	1	Vreme je za spavanje.	Пора спать.	5944762
1	3.17	1.56	1	4	1	Šta znaš o njemu?	Что ты знаешь о нём?	3370613
1	3.17	1.56	1	4	1	Šta znaš o njemu?	Что ты о нём знаешь?	3370613
1	3.18	2.65	0	3	1	Danas sunce sija.	Сегодня светит солнце.	1261861
1	3.18	2.65	0	3	1	Govoriš li Italijanski?	Ты говоришь по-итальянски?	3298587
1	3.18	2.65	0	3	1	Koji jezik govoriš?	На каком языке говоришь?	5806725
1	3.18	2.65	0	3	1	Koji jezik govoriš?	На каком языке ты говоришь?	5806725
1	3.18	2.65	0	3	1	Nož nije oštar.	Нож не острый.	4975957
1	3.18	1.57	1	4	1	Gde je našao novac?	Где он нашёл деньги?	1097801
1	3.18	2.23	0	4	1	On se plaši mora.	Он боится моря.	1072150
1	3.18	2.24	0	4	1	Ovo jezero je duboko.	Это озеро глубокое.	3439315
1	3.19	2.66	0	2	1	Mrzim hemiju.	Ненавижу химию.	3644416
1	3.19	2.66	0	2	1	Prazno je.	Оно пустое.	4992588
1	3.19	1.99	1	2	1	Unutra smo.	Мы внутри.	4993211
1	3.19	2.66	0	3	1	Jesi li trudna?	Ты беременна?	11057695
1	3.19	2.66	0	3	1	Ona je trudna.	Она беременна.	3454069
1	3.19	1.99	1	3	1	Promenio sam posao.	Я сменил работу.	3356864
1	3.19	1.57	1	4	1	Kako je na poslu?	Как дела на работе?	5843376
1	3.20	2.67	0	2	1	Dosadan sam.	Я скучный.	3669242
1	3.20	2.67	0	2	1	Udobno je.	Оно удобное.	4992601
1	3.20	2.67	0	3	1	Imam dosadan posao.	У меня скучная работа.	3424930
1	3.20	2.67	0	3	1	On živi udobno.	Он живёт с удобствами.	11057711
1	3.20	2.00	1	3	1	Oni imaju računar?	У них есть компьютер?	3439358
1	3.20	2.00	1	3	1	Tom mnogo pije.	Том много пьёт.	3505269
1	3.20	2.66	0	3	1	Već imam vizu.	У меня уже есть виза.	8834802
1	3.20	2.00	1	3	1	Šta pije Tom?	Что пьёт Том?	4245958
1	3.20	2.00	1	3	1	Živim u stanu.	Я живу в квартире.	3402679
1	3.20	1.58	1	4	1	Nisi rekao ništa loše.	Ты не сказал ничего плохого.	4258309
1	3.20	1.58	1	4	1	Nisi rekla ništa loše.	Ты не сказала ничего плохого.	4258310
1	3.20	2.25	0	4	1	Sve izgleda kao laž.	Всё похоже на ложь.	3426510
1	3.21	2.68	0	3	1	Bolnica je prepuna.	Госпиталь переполнен.	3455076
1	3.21	1.84	0	3	2	Kada je spremna.	Ванна готова.	3425913
1	3.21	1.84	0	3	2	Moram da živim.	Я должен жить.	2708809
1	3.21	2.67	0	3	1	Ne volim kišu.	Я не люблю дождь.	6533002
1	3.21	2.26	0	4	1	Znam dobar italijanski restoran.	Я знаю хороший итальянский ресторан.	1185053
1	3.21	1.18	1	5	1	Ne znam ništa o njemu.	Я ничего о нём не знаю.	3366777
1	3.22	2.68	0	2	1	Glupa si.	Ты глупая.	4993188
1	3.22	2.68	0	2	1	Imam pištolj.	У меня есть пистолет.	8892023
1	3.22	2.68	0	2	1	Imam pištolj.	У меня пистолет.	8892023
1	3.22	2.02	1	3	1	Idemo u pozorište.	Мы идём в театр.	3418950
1	3.22	2.02	1	3	1	Idemo u pozorište.	Мы ходим в театр.	3418950
1	3.22	2.68	0	3	1	Ona govori poljski.	Она говорит по-польски.	3318253
1	3.22	2.01	1	3	1	Tom razume francuski.	Том понимает по-французски.	4782036
1	3.22	2.01	1	3	1	Tom razume francuski.	Том понимает французский.	4782036
1	3.22	2.27	0	4	1	On mora dati otkaz.	Он должен дать ответ.	1079500
1	3.22	2.27	0	4	1	On obično pije pivo.	Он обычно пьёт пиво.	1153941
1	3.22	2.27	0	4	1	Postoji samo jedan izlaz.	Есть только один выход.	6475455
1	3.22	2.27	0	4	1	Tamo je velika gomila.	Там большая куча.	3327353
1	3.22	2.27	0	4	1	Tamo je velika gomila.	Там большая толпа.	3327353
1	3.22	2.27	0	4	1	To je srednja škola.	Это средняя школа.	1528440
1	3.23	1.36	2	2	1	Dobro došli!	Добро пожаловать!	8852064
1	3.23	1.36	2	2	1	Dobro došli.	Добро пожаловать.	2332062
1	3.23	2.69	0	2	1	Imam mačku.	У меня есть кошка.	8890371
1	3.23	2.02	1	3	1	Amerika se vratila!	Америка вернулась!	13073286
1	3.23	2.69	0	3	1	Video sam mačku.	Я видел кошку.	5841809
1	3.23	1.36	2	3	1	Vidimo se kasnije!	До скорого!	3384160
1	3.23	1.36	2	3	1	Vidimo se kasnije!	Увидимся.	3384160
1	3.23	1.36	2	3	1	Vidimo se kasnije!	Увидимся позже.	3384160
1	3.23	0.95	2	4	1	Možemo li ovo kasnije?	Можем ли мы сделать это позже?	4258715
1	3.23	1.60	1	4	1	Ona još nije došla.	Она ещё не пришла.	3374225
1	3.23	1.86	0	5	1	Kina se razvija veoma brzo.	Китай очень быстро развивается.	1195417
1	3.24	1.37	2	2	1	Evo knjige.	Вот книги.	3438803
1	3.24	1.37	2	2	1	Nemam vremena.	У меня нет времени.	3357647
1	3.24	1.37	2	3	1	Ja nemam novca.	У меня нет денег.	1102221
1	3.24	1.37	2	3	1	Ovde su knjige.	Здесь книги.	5405467
1	3.24	2.03	1	3	1	Šta pišu novine?	Что пишут в газетах?	6484211
1	3.24	2.29	0	4	1	Ona nije obična pevačica.	Она не обычная певица.	2067595
1	3.24	2.28	0	4	1	To je veoma skupo.	Это слишком дорого.	1098545
1	3.24	1.45	0	6	1	Niko ne zna njegovo pravo ime.	Никто не знает его настоящего имени.	3286258
1	3.25	2.71	0	2	1	Ima bradu.	У него есть борода.	8888770
1	3.25	2.70	0	2	1	Imam dijabetes.	У меня диабет.	8842695
1	3.25	2.70	0	2	1	Nemam gitaru.	У меня нет гитары.	4782915
1	3.25	1.46	0	4	2	Da li me voli?	Он меня любит?	6147463
1	3.25	1.46	0	4	2	Da li me voli?	Она меня любит?	6147463
1	3.25	1.62	1	4	1	Ko je bio kući?	Кто был дома?	8894446
1	3.25	2.29	0	4	1	Ova zgrada je plava.	Это здание голубое.	4238244
1	3.25	2.29	0	4	1	Ovo je najverovatnije glupost.	Это, скорее всего, чушь.	3474280
1	3.25	2.29	0	4	1	Ovo je sigurno glupost.	Это наверняка ерунда.	3474281
1	3.25	2.29	0	4	1	To je čista glupost.	Это полная чушь.	3391820
1	3.25	1.63	1	4	1	To piše na internetu.	Это пишут в интернете.	3478632
1	3.25	1.62	1	4	1	Znam ko su oni.	Я знаю, кто они такие.	3392051
1	3.25	1.62	1	4	1	Znam ko su oni.	Я знаю, кто они.	3392051
1	3.25	1.87	0	5	1	Ja se sada dobro osećam.	Сейчас я чувствую себя хорошо.	1243584
1	3.26	0.72	3	2	1	A ti?	А ты?	3414401
1	3.26	0.72	3	3	1	Dobro. A ti?	Хорошо. А ты?	476818
1	3.26	0.72	3	3	1	Ti ili ja?	Ты или я?	3438784
1	3.26	0.72	3	3	1	Treba ti ovo.	Тебе это нужно.	3531366
1	3.26	0.72	3	3	1	Šta ti je?	Кто ты?	891936
1	3.26	1.64	1	4	1	Kako si uradio to?	Как ты это сделал?	6567904
1	3.26	1.64	1	4	1	Ko je uradio to?	Кто это сделал?	8842637
1	3.26	1.63	1	4	1	Muškarci idu na posao.	Мужчины идут на работу.	11171702
1	3.26	1.64	1	4	1	Opet si to uradio.	Ты снова это сделал.	6877222
1	3.26	1.63	1	4	1	Svi muškarci su isti.	Все мужчины одинаковы.	4324614
1	3.26	1.64	1	4	1	Zašto si to uradio?	Зачем ты это сделал?	4258335
1	3.26	1.64	1	4	1	Šta si sad uradio?	Что ты сейчас сделал?	4258325
1	3.26	1.88	0	5	1	Moj otac ima nov automobil.	Машина моего отца новая.	1214522
1	3.26	1.88	0	5	1	Moj otac ima nov automobil.	У моего отца новый автомобиль.	1214522
1	3.26	1.88	0	5	1	Tvoj bickl liči na moj.	Твой велосипед похож на мой.	3425235
1	3.26	1.88	0	5	1	Tvoj problem liči na moj.	Твоя проблема сходна с моей.	3425254
1	3.27	2.72	0	2	1	Nemam apetit.	У меня нет аппетита.	3275410
1	3.27	2.72	0	3	1	Boli me grlo.	У меня болит горло.	3275306
1	3.27	1.48	0	4	2	Imam mnogo da radim.	Мне много чего нужно сделать.	3438758
1	3.27	1.48	0	4	2	Imam mnogo da radim.	У меня много работы.	3438758
1	3.27	1.06	0	5	2	Pa, to je onda jasno.	Ну тогда понятно.	3484710
1	3.28	1.65	1	4	1	Uradio si odličan posao.	Ты сделал отличную работу.	4449810
1	3.29	2.74	0	2	1	On pliva.	Он плывёт.	3384571
1	3.29	2.74	0	2	1	On pliva.	Он плавает.	3384571
1	3.29	2.74	0	2	1	Ona pliva.	Она плывёт.	3384570
1	3.29	2.74	0	2	1	Ona pliva.	Она плавает.	3384570
1	3.29	2.74	0	2	1	Ono pliva.	Оно плывёт.	3384569
1	3.29	2.74	0	2	1	Ono pliva.	Оно плавает.	3384569
1	3.29	1.91	0	3	2	Dakle, šta misliš?	Итак, что думаешь?	5778822
1	3.29	2.08	1	3	1	Tom čeka brod.	Том ждёт корабль.	5397811
1	3.29	1.66	1	4	1	Bio je veliki uspeh.	Это был большой успех.	6567930
1	3.29	2.33	0	4	1	Dobro jutro. Kako si?	Доброе утро. Как ты?	5991028
1	3.29	1.91	0	5	1	Jedan jezik nikada nije dovoljan.	Одного языка никогда не достаточно.	3293161
1	3.30	2.75	0	3	1	On jede jabuku.	Он ест яблоко.	1082315
1	3.30	1.66	1	4	1	On zna gde živimo.	Он знает, где мы живем.	3314316
1	3.30	1.66	1	4	1	On zna gde živimo.	Он знает, где мы живём.	3314316
1	3.30	2.34	0	4	1	Ova kafa je odlična.	Это отличный кофе.	4250432
1	3.31	2.09	1	2	1	Pogledaj tamo.	Посмотри там.	6535758
1	3.31	2.09	1	2	1	Zaboravio sam.	Я забыл.	6018051
1	3.31	2.09	1	3	1	Ja nisam zaboravio.	Я не забыл.	396735
1	3.31	2.76	0	3	1	Ne ljuti se!	Не сердись!	828613
1	3.31	2.09	1	3	1	Svi prave greške.	Все делают ошибки.	8917510
1	3.31	1.26	1	5	1	Dan je počeo baš dobro.	День начался очень хорошо.	6813184
1	3.31	1.93	0	5	1	Kako se zove ova ulica?	Как называется эта улица?	3311752
1	3.31	0.84	1	6	1	Zna li neko gde je Tom?	Кто-нибудь знает, где Том?	3435501
1	3.32	2.10	1	2	1	Pobedila si!	Ты победила!	4993170
1	3.32	2.77	0	2	1	Prodajem kafu.	Я продаю кофе.	5841956
1	3.32	2.77	0	2	1	Šalim se.	Я шучу.	5043551
1	3.32	2.77	0	2	1	Šta čitaš?	Что ты читаешь?	6365240
1	3.32	2.77	0	2	1	Šta čitaš?	Что читаешь?	6365240
1	3.32	2.10	1	3	1	Igrao sam fudbal.	Я играл в футбол.	3248255
1	3.32	2.77	0	3	1	Ja prodajem kafu.	Я продаю кофе.	5841973
1	3.32	2.10	1	3	1	On voli životinje.	Он любит животных.	3357094
1	3.32	2.10	1	3	1	Ona voli životinje.	Она любит животных.	3357089
1	3.32	2.10	1	3	1	Ovo su životinje.	Это животные.	1064068
1	3.32	2.77	0	3	1	Sunce topi sneg.	Солнце растапливает снег.	1048556
1	3.32	2.77	0	3	1	Čitaš nešto zanimljivo?	Что-то интересное читаешь?	5990980
1	3.32	1.51	0	4	2	Da li imaš jedan?	У тебя есть один?	3426497
1	3.32	1.51	0	4	2	Da li imaš jedno?	У тебя есть одно?	3426499
1	3.32	1.51	0	4	2	Da li imaš jednu?	У тебя есть одна?	3426498
1	3.32	1.52	0	4	2	Da li imaš plan?	У тебя есть план?	3284640
1	3.32	1.51	0	4	2	Da li imaš rešenje?	У тебя есть решение?	800081
1	3.32	2.35	0	4	1	Dvorište je veoma malo.	Двор очень маленький.	1157219
1	3.32	1.68	1	4	1	Ima li Tom telefon?	У Тома есть телефон?	8869973
1	3.32	1.51	0	4	2	Mislim da imaš grip.	Думаю, у тебя грипп.	1384480
1	3.32	2.35	0	4	1	Ona uvek izgleda srećno.	Она всегда выглядит счастливой.	1214513
1	3.32	2.35	0	4	1	Voliš li svoju majku?	Ты любишь свою маму?	4264006
1	3.32	1.27	1	5	1	Ja u to ne verujem.	Я в это не верю!	1457626
1	3.33	2.77	0	3	1	Gde je studentkinja?	Где студентка?	5294773
1	3.33	2.77	0	3	1	Ja sam studentkinja.	Я студентка.	2332070
1	3.33	2.78	0	3	1	Moram nešto popiti.	Мне нужно чего-нибудь выпить.	6936617
1	3.33	2.78	0	3	1	Ne gazi travu!	Не трогай траву.	1189011
1	3.33	1.52	0	4	2	Da li je loše?	Это плохо?	8844558
1	3.33	2.36	0	4	1	On ima dobru memoriju.	У него хорошая память.	3369422
1	3.33	1.69	1	4	1	Već sam znao istinu.	Я уже знал правду.	2925872
2	3.33	1.28	1	5	1	Sve će biti u redu.	Всё будет хорошо.	10049473
2	3.34	2.12	1	2	1	Tom peva.	Том поёт.	4644919
2	3.34	1.45	2	3	1	Tom je gore.	Том наверху.	6925648
2	3.34	2.37	0	4	1	Ja ne volim haos.	Я не люблю хаос.	3474673
2	3.34	2.36	0	4	1	Moj rođendan se približava.	Приближается мой день рожденья.	808572
2	3.34	2.36	0	4	1	Moj rođendan se približava.	Приближается мой день рождения.	808572
2	3.34	2.36	0	4	1	Moj rođendan se približava.	Мой день рождения приближается.	808572
2	3.35	1.45	2	3	1	Ne želimo tog.	Мы этого не хотим.	4253992
2	3.35	2.12	1	3	1	Prodao sam auto.	Я продал машину.	6877216
2	3.35	2.12	1	3	1	Prodao sam stan.	Я продал квартиру.	3650897
2	3.35	2.12	1	3	1	Prodao sam TV.	Я продал телевизор.	3650898
2	3.35	1.71	1	4	1	Izgubio sam moj sat.	Я потерял свои часы.	897694
2	3.35	2.37	0	4	1	On nikada ne laže.	Он никогда не лжёт.	1228534
2	3.35	2.37	0	4	1	Vrlo često dolazim ovde.	Я очень часто прихожу сюда.	8870126
2	3.36	1.47	2	2	1	Nemamo izbora.	У нас нет выбора.	4254043
2	3.36	1.47	2	2	1	Nemamo vode.	У нас нет воды.	3429741
2	3.36	1.47	2	3	1	Bile ste moje.	Вы были моими.	11055434
2	3.36	2.80	0	3	1	Imaš li olovku?	У тебя есть с собой карандаш?	1657924
2	3.36	1.47	2	3	1	Nemamo drugog izbora.	У нас нет другого выбора.	4971979
2	3.36	2.80	0	3	1	Ovo je skraćenica.	Это сокращение.	11055425
2	3.36	1.47	2	3	1	Tek smo počeli.	Мы только начали.	5949499
2	3.36	2.80	0	3	1	Zamoli šta hoćeš!	Проси что хочешь!	1200596
2	3.36	2.39	0	4	1	Gde ide ovaj voz?	Куда идёт этот поезд?	3248254
2	3.36	1.96	0	5	1	Niko ovde ne jede meso.	Никто здесь не ест мясо.	4250731
2	3.36	1.30	1	5	1	Zar te nisam video ranije?	Разве я тебя раньше не видел?	3334413
2	3.37	2.40	0	4	1	Devojka je medicinska sestra.	Девушка - медицинская сестра.	3245175
2	3.37	1.72	1	4	1	Ja sam u Londonu.	Я в Лондоне.	3425854
2	3.37	2.39	0	4	1	Kako on brzo trči!	Как он быстро бежит!	3440826
2	3.37	2.39	0	4	1	Kako on brzo trči!	Как он быстро бегает!	3440826
2	3.37	1.73	1	4	1	Marija je već počela.	Мария уже начала.	3311351
2	3.37	1.56	0	4	2	Mislim da znaš zašto.	Думаю, ты знаешь почему.	3410499
2	3.37	2.40	0	4	1	Ona je medicinska sestra.	Она медсестра.	3392018
2	3.37	2.39	0	4	1	Ovo je moj kompjuter.	Это мой компьютер.	2346893
2	3.37	1.98	0	5	1	To je zaista dobro vino.	Это действительно хорошее вино.	1946190
2	3.38	2.82	0	2	1	Početnik sam.	Я начинающий.	5848246
2	3.38	1.48	2	3	1	Gde ste radili?	Где вы работали?	4986886
2	3.38	2.82	0	3	1	Ja sam početnik.	Я начинающий.	5848245
2	3.38	2.82	0	3	1	Neko svira klavir.	Кто-то играет на пианино.	3394945
2	3.38	2.15	1	3	1	Sve se promenilo.	Всё изменилось.	3395314
2	3.38	1.07	2	4	1	Ovde sam tri meseca.	Я здесь три месяца.	3402193
2	3.38	1.73	1	4	1	Sada svi gledaju sliku.	Сейчас все смотрят на картину.	1113718
2	3.38	2.40	0	4	1	Taj čovek je opasan.	Тот человек опасен.	4250284
2	3.38	2.40	0	4	1	To je čisti eskapizam.	Это чистый эскапизм.	6824453
2	3.38	1.15	0	5	2	Ovo mora da je važno.	Это должно быть важно.	4261819
2	3.38	0.65	2	5	1	Vi ste jedan od nas.	Вы один из нас.	4324620
2	3.39	2.83	0	2	1	Imam glavobolju.	У меня болит голова.	3384084
2	3.39	2.83	0	2	1	Imam glavobolju.	У меня голова болит.	3384084
2	3.39	2.83	0	3	1	Imaš li glavobolju?	У тебя болит голова?	3253752
2	3.39	2.16	1	3	1	Ništa nisam izabrao.	Я ничего не выбрал.	4254032
2	3.39	2.83	0	3	1	Ovo je poslovica.	Это пословица.	12408056
2	3.39	2.16	1	3	1	Svi su napolju.	Все на улице.	4997547
2	3.39	0.41	3	4	1	Gde mi je kofer?	Где мой чемодан?	4243524
2	3.39	2.41	0	4	1	Holandija je mala zemlja.	Голландия — маленькая страна.	3250716
2	3.39	1.74	1	4	1	Idemo tamo svi zajedno.	Мы идём туда все вместе.	3470165
2	3.39	2.41	0	4	1	Ne pijem žestoko piće.	Я не пью крепкие напитки.	5628196
2	3.39	1.16	0	5	2	Da li je to daleko?	Это далеко?	3371631
2	3.39	1.99	0	5	1	Njega uopšte ne interesuje umetnost.	Он вообще не интересуется искусством.	1946228
2	3.40	2.17	1	2	1	Pogledaj nebo.	Посмотри на небо.	3370031
2	3.40	2.17	1	2	1	Pogledaj nebo.	Взгляни на небо.	3370031
2	3.40	2.83	0	3	1	To je cirkus!	Это цирк!	3268125
2	3.40	2.42	0	4	1	Mačka ima dva uva.	У кошки два уха.	3313613
2	3.40	2.42	0	4	1	Rim je stari grad.	Рим — старинный город.	1057255
2	3.40	2.42	0	4	1	Rim je stari grad.	Рим - древний город.	1057255
2	3.40	2.42	0	4	1	To je moja mačka.	Это моя кошка.	3438893
2	3.41	2.17	1	2	1	Razumeo sam.	Я понял.	2263858
2	3.41	2.17	1	2	1	Razumeo sam.	Понял.	2263858
2	3.41	2.84	0	2	1	Saglasan sam.	Согласен.	1133560
2	3.41	2.18	1	3	1	Imaš li sestre?	У тебя есть сёстры?	3438687
2	3.41	2.17	1	3	1	Kupila sam je.	Я её купила.	8917323
2	3.41	2.17	1	3	1	Nisam razumeo pitanje.	Я не понял вопрос.	3304927
2	3.41	2.17	1	3	1	Nisam razumeo pitanje.	Я не понял вопроса.	3304927
2	3.41	1.51	2	3	1	Ova je najveća.	Эта самая большая.	8928694
2	3.41	2.17	1	3	1	Pogrešno sam razumeo.	Я неправильно понял.	4999431
2	3.41	2.18	1	3	1	U Rimu sam.	Я в Риме.	6294007
2	3.41	2.43	0	4	1	Njen muž je Amerikanac.	Её муж — американец.	8106589
2	3.41	2.42	0	4	1	Ovo je moj konj.	Это моя лошадь.	3317271
2	3.41	2.42	0	4	1	Ovo je moj konj.	Это мой конь.	3317271
2	3.41	1.76	1	4	1	Tom će ga tražiti.	Том будет его искать.	5397810
2	3.41	2.43	0	4	1	Tvoj sin je heroj.	Твой сын — герой.	8810197
2	3.42	2.18	1	2	1	Drvo gori.	Дерево горит.	5003672
2	3.42	2.18	1	3	1	Drvo dobro gori.	Дерево хорошо горит.	1505742
2	3.42	2.18	1	3	1	Drvo lako gori.	Дерево легко загорается.	3351973
2	3.42	1.51	2	3	1	Imaš nešto protiv?	Ты что-то имеешь против?	5843294
2	3.42	2.18	1	3	1	Na plaži sam.	Я на пляже.	4992682
2	3.42	2.43	0	4	1	Ja volim svoju suprugu.	Я люблю свою супругу.	1050818
2	3.42	2.43	0	4	1	Ja ću ukloniti dodatak.	Я буду удалять червеобразный отросток.	895107
2	3.42	1.77	1	4	1	On je na sastanku.	Он на встрече.	3244017
2	3.42	1.77	1	4	1	Tom je na sastanku.	Том на встрече.	4273245
2	3.42	2.01	0	5	1	On uopšte ne zna francuski.	Он вообще не знает французский.	1159963
2	3.42	2.02	0	5	1	Ovo nije voda za piće.	Это не питьевая вода.	4243557
2	3.43	2.44	0	4	1	Danas je strašno hladno.	Сегодня ужасно холодно.	3314317
2	3.43	2.44	0	4	1	Ne volim hladno vreme.	Не люблю холодную погоду.	13876230
2	3.43	2.44	0	4	1	On ima dobro pamćenje.	У него хорошая память.	3369420
2	3.43	2.44	0	4	1	On ima dugačak nos.	У него длинный нос.	3369411
2	3.43	1.78	1	4	1	Pao sam na zemlju.	Я упал на землю.	6147476
2	3.43	2.44	0	4	1	Sada je vrlo hladno.	Сейчас очень холодно.	3439113
2	3.43	1.36	1	5	1	Ne znam ništa o njoj.	Я ничего о ней не знаю.	3366779
2	3.43	1.36	1	5	1	On puno govori o njoj.	Он много говорит о ней.	5397812
2	3.44	1.37	1	2	2	Ako želite.	Как хотите.	1484520
2	3.44	2.87	0	2	1	Koga čekaš?	Кого ты ждёшь?	3371121
2	3.44	2.87	0	2	1	Mraz je.	Морозно.	1228538
2	3.44	2.20	1	2	1	Čekao sam.	Я ждал.	4992622
2	3.44	0.87	3	3	1	Gde si ti?	Где ты?	396724
2	3.44	2.20	1	3	1	Pričao sam glasno.	Я говорил громко.	10800998
2	3.44	1.12	2	4	1	Ja sam protiv rata.	Я против войны.	3573300
2	3.44	2.45	0	4	1	Ja ću te zaštititi!	Я буду тебя защищать!	3503804
2	3.44	0.45	3	4	1	Koja je ovo godina?	Какой это год?	3395340
2	3.44	1.78	1	4	1	Nisi odgovorio na pitanje.	Ты не ответил на вопрос.	6954537
2	3.44	2.45	0	4	1	Noć je. Porodica večera.	Ночь. Семья ужинает.	3438851
2	3.44	2.45	0	4	1	To je glupo pitanje!	Это глупый вопрос!	3485412
2	3.44	2.45	0	4	1	To je glupo pitanje.	Это глупый вопрос.	4259852
2	3.45	1.54	2	2	1	Pogledajte tamo.	Посмотрите там.	6535759
2	3.45	2.21	1	3	1	Stigao je vikend.	Наступил уикенд.	4250242
2	3.45	1.12	2	4	1	Imamo samo dva dolara.	У нас только два доллара.	4967439
2	3.45	1.12	2	4	1	Imamo samo dva dolara.	У нас всего два доллара.	4967439
2	3.45	2.46	0	4	1	Ja imam samo sestru.	У меня только сестра.	3518006
2	3.45	1.79	1	4	1	Ona je osvojila telefon.	Она приобрела телефон.	3425479
2	3.45	2.04	0	5	1	Moj muž je dobar čovek.	Мой муж — хороший человек.	4784608
2	3.45	2.04	0	5	1	Moj muž sve vreme pije.	Мой муж всё время пьёт.	3476375
2	3.45	2.04	0	5	1	Ovu pesmu je lako naučiti.	Эту песню легко выучить.	3288948
2	3.45	1.37	1	5	1	Čovek je biće koje misli.	Человек — мыслящее существо.	1714776
2	3.45	1.62	0	6	1	Ne znam ko je taj čovek.	Я не знаю, кто тот человек.	3265726
2	3.46	2.88	0	2	1	Kakav ego!	Какое эго!	5955144
2	3.46	0.89	3	3	1	Možda jednog dana.	Возможно, когда-нибудь.	8853601
2	3.46	2.21	1	3	1	Ne mogu čekati.	Не могу ждать.	5806729
2	3.46	2.21	1	3	1	Ne mogu čekati.	Я не могу ждать.	5806729
2	3.46	1.80	1	4	1	Pitao sam te sinoć.	Я тебя спрашивал вчера вечером.	4254057
2	3.46	1.38	1	5	1	Moj otac je rekao ne.	Мой отец сказал нет.	6548137
2	3.47	2.89	0	2	1	Ne pevam.	Я не пою.	2708807
2	3.47	2.22	1	3	1	Bio sam učitelj.	Я был учителем.	3430712
2	3.47	2.89	0	3	1	Ja dobro pevam.	Я хорошо пою.	3265715
2	3.47	2.89	0	3	1	Ja ne pevam.	Я не пою.	3430778
2	3.47	2.06	0	3	2	Nastavi da radiš.	Продолжай работать.	8835723
2	3.47	0.89	3	3	1	Ti si čovek.	Ты человек.	5800177
2	3.47	1.14	2	4	1	Danas imam mnogo posla.	Сегодня у меня много работы.	1054847
2	3.47	1.81	1	4	1	Imao si dug dan.	У тебя был длинный день.	3650682
2	3.47	1.14	2	4	1	Ja sam bez posla.	Я без работы.	3311706
2	3.47	1.14	2	4	1	Nikad nismo bili ovde.	Мы никогда здесь не были.	4261956
2	3.47	2.47	0	4	1	On se glasno smeje.	Он громко смеётся.	1243605
2	3.47	2.48	0	4	1	Ovde se govori španski.	Здесь говорят по-испански.	1498230
2	3.47	2.48	0	4	1	Znam njegovu lošu reputaciju.	Я знаю, что у него плохая репутация.	4783033
2	3.47	1.39	1	5	1	Kako su Tom i Meri?	Как Том и Мэри?	4324653
2	3.48	2.90	0	2	1	Poljubi me!	Поцелуй меня.	1153979
2	3.48	2.90	0	2	1	Poljubi me.	Поцелуй меня.	1166819
2	3.48	2.90	0	3	1	Život nije fer.	Жизнь не справедлива.	5633334
2	3.48	2.48	0	4	1	Kako si divan prijatelj!	Какой ты замечательный друг!	8862306
2	3.48	1.82	1	4	1	Mene vole moji roditelji.	Меня любят мои родители.	1178181
2	3.48	1.82	1	4	1	Moji roditelji me vole.	Мои родители меня любят.	1091150
2	3.48	1.81	1	4	1	Napisao sam pismo Džimu.	Я написал письмо Джиму.	5566313
2	3.48	1.82	1	4	1	To su moji prijatelji.	Это мои друзья.	1676053
2	3.48	2.48	0	4	1	Zanimljivo je igrati košarku.	Интересно играть в баскетбол.	8931043
2	3.48	2.48	0	4	1	Zanimljivo je igrati košarku.	Играть в баскетбол интересно.	8931043
2	3.49	2.24	1	2	1	Slušam radio.	Я слушаю радио.	3418697
2	3.49	2.91	0	3	1	Ja nisam nastavnica.	Я не преподавательница.	2332086
2	3.49	2.91	0	3	1	Ja sam nastavnica.	Я преподавательница.	2332075
2	3.49	1.82	1	4	1	Istorija se završila dobro.	История закончилась хорошо.	1048819
2	3.49	1.16	2	4	1	On ima malo novca.	У него мало денег.	1050490
2	3.49	2.49	0	4	1	Ona je mirna žena.	Она спокойная женщина.	3244278
2	3.49	2.49	0	4	1	Svet je pun budala.	На свете полно дураков.	1835574
2	3.49	1.82	1	4	1	To su loše vesti.	Это плохие новости.	4250295
2	3.49	2.08	0	5	1	Napokon sam zavrsio svoj zadatak.	Наконец я закончил своё задание.	3125195
2	3.50	2.91	0	3	1	Daješ loš primer.	Ты подаёшь плохой пример.	3425542
2	3.50	2.92	0	3	1	Ona je plavuša.	Она блондинка.	665293
2	3.50	2.25	1	3	1	Psi su pametni.	Собаки умные.	4250186
2	3.50	2.25	1	3	1	Tom mrzi Meri.	Том ненавидит Мэри.	4644932
2	3.50	1.66	0	4	2	Da li si spreman?	Ты готов?	3417982
2	3.50	2.50	0	4	1	Dobro uvek pobeđuje zlo.	Добро всегда побеждает зло.	2657017
2	3.50	2.50	0	4	1	Grešim li ja ikad?	Я когда-нибудь ошибаюсь?	4324453
2	3.50	2.50	0	4	1	Grešim li ja ikada?	Я когда-нибудь ошибаюсь?	4324458
2	3.50	1.84	1	4	1	Tom uči veoma brzo.	Том учится очень быстро.	4983332
2	3.50	2.50	0	4	1	Vidim more i reku.	Я вижу море и реку.	3350434
2	3.50	2.50	0	4	1	Čujem. tvoj posao cveta.	Я слышал, твой бизнес процветает.	1113765
2	3.50	1.41	1	5	1	Svi govore dobro o njoj.	Все говорят о ней хорошо.	938344
2	3.51	2.92	0	2	1	Agresivna je.	Она агрессивна.	8917473
2	3.51	2.93	0	2	1	Stidim se.	Мне стыдно.	3365485
2	3.51	2.92	0	3	1	Ne lažem te.	Я тебе не вру.	4972151
2	3.51	2.92	0	3	1	Ne lažem te.	Я тебе не лгу.	4972151
2	3.51	2.93	0	3	1	On je Francuz.	Он француз.	483034
2	3.51	2.92	0	3	1	Ona je agresivna.	Она агрессивная.	8917471
2	3.51	1.59	2	3	1	Svi su znali.	Все знали.	4996914
2	3.51	2.51	0	4	1	Imaš li email adresu?	У тебя есть электронный адрес?	3267428
2	3.51	2.51	0	4	1	Ona je veoma pametna.	Она очень умна.	1621131
2	3.51	1.84	1	4	1	Sada živim u Kjotu.	Я сейчас живу в Киото.	1103138
2	3.51	1.84	1	4	1	Tom ima malu kuću.	У Тома маленький дом.	8882212
2	3.51	2.09	0	5	1	Ovo će biti vrlo interesantno.	Это будет очень интересно.	3534964
2	3.52	2.27	1	2	1	Imam biljke.	У меня есть растения.	8891991
2	3.52	2.27	1	3	1	Imate li pivo?	У вас есть пиво?	6960895
2	3.52	2.93	0	3	1	Rat nije neizbežan.	Войны можно избежать.	3434929
2	3.52	2.27	1	3	1	Tom pije pivo.	Том пьёт пиво.	6895707
2	3.52	2.93	0	3	1	Učiš li engleski?	Ты учишь английский?	1098626
2	3.52	2.52	0	4	1	Koliko dugo živiš ovde?	Как давно ты живёшь здесь?	5909468
2	3.52	2.52	0	4	1	Koliko često koristiš telefon?	Как часто ты пользуешься телефоном?	4238282
2	3.52	1.85	1	4	1	Odgodićemo razgovor za sutra.	Давай отложим разговор до завтра.	6918141
2	3.52	1.85	1	4	1	Sastanak počinje u tri.	Встреча начинается в три.	3419101
2	3.52	1.85	1	4	1	Stavi ruke na glavu!	Положи руки на голову!	5848006
2	3.52	1.27	0	5	2	Da li je to tačno?	Это точно?	1051437
2	3.52	1.27	0	5	2	Da li je to tačno?	Это правильно?	1051437
2	3.52	2.10	0	5	1	Moj otac ne voli fudbal.	Мой отец не любит футбол.	3286443
2	3.53	1.61	2	3	1	Zavisi od situacije.	Зависит от ситуации.	3476229
2	3.53	2.52	0	4	1	Ja ne govorim japanski.	Я не говорю по-японски.	1173804
2	3.53	1.69	0	4	2	Mislim da te razumem.	Думаю, я тебя понимаю.	5034770
2	3.53	2.52	0	4	1	On ima japanski auto.	У него японский автомобиль.	3369413
2	3.53	2.53	0	4	1	Tvoj odgovor je pogrešan.	Твой ответ неправильный.	3426492
2	3.53	1.69	0	4	2	Želim da kažem istinu.	Я хочу сказать правду.	8869008
2	3.54	2.28	1	3	1	Imate li psa?	У вас есть собака?	4784592
2	3.54	2.95	0	3	1	Ja sam arheolog.	Я археолог.	3340738
2	3.54	2.95	0	3	1	Ja sam astronom.	Я астроном.	6960924
2	3.54	2.28	1	3	1	Tom hrani psa.	Том кормит собаку.	8894915
2	3.54	2.53	0	4	1	Ona ima kratku kosu.	У неё короткие волосы.	1057354
2	3.54	2.12	0	5	1	Jesi li ikada video jednu?	Ты когда-нибудь видел такую?	5024882
2	3.54	2.12	0	5	1	Moja sestra vrlo lepo peva.	Моя сестра очень красиво поёт.	3648841
2	3.54	1.45	1	5	1	Otac i majka su roditelji.	Отец и мать - это родители.	1384504
2	3.55	2.30	1	3	1	Slušao sam muziku.	Я слушал музыку.	4243495
2	3.55	2.54	0	4	1	On studira američku istoriju.	Он изучает американскую историю.	1058523
2	3.55	1.87	1	4	1	To je bila greška.	Это была ошибка.	5843296
2	3.56	2.96	0	2	1	Slušaš li?	Ты слушаешь?	4292395
2	3.56	2.97	0	2	1	Studiram Engleski.	Я изучаю английский.	3266832
2	3.56	2.97	0	2	1	Studiram matematiku.	Я изучаю математику.	3411088
2	3.56	1.63	2	2	1	Volim boje.	Я люблю краски.	3470181
2	3.56	1.88	1	4	1	Gde sam ga stavio?	Куда я его положил?	4449844
2	3.56	1.88	1	4	1	Gde sam ga stavio?	Куда я его поставил?	4449844
2	3.56	1.88	1	4	1	Gde sam je stavio?	Куда я её положил?	4449845
2	3.56	1.88	1	4	1	Gde sam je stavio?	Куда я её поставил?	4449845
2	3.56	1.88	1	4	1	Tom ima loš dan.	У Тома плохой день.	4292222
2	3.56	1.47	1	5	1	Sutra sam ceo dan kući.	Завтра я весь день дома.	5843359
2	3.56	1.47	1	5	1	Sutra sam ceo dan kući.	Завтра я целый день дома.	5843359
2	3.56	1.47	1	5	1	Sutra sam kući ceo dan.	Завтра я весь день дома.	5843360
2	3.56	1.47	1	5	1	Tom piše svoju novu knjigu.	Том пишет свою новую книгу.	4784526
2	3.57	2.31	1	2	1	Oni razgovaraju.	Они разговаривают.	1266686
2	3.57	1.48	1	3	2	Molim vas, račun!	Счет, пожалуйста.	1188850
2	3.57	2.31	1	3	1	Vozim te kući.	Я отвезу тебя домой.	3429914
2	3.57	1.89	1	4	1	Gledao sam jutros TV.	Сегодня утром я смотрел телевизор.	3364068
2	3.57	2.56	0	4	1	Ko će toplu čokoladu?	Кто будет горячий шоколад?	3290972
2	3.57	2.56	0	4	1	Ko želi toplu čokoladu?	Кто хочет горячего шоколада?	3430030
2	3.57	2.56	0	4	1	Ne prevodi ovu rečenicu.	Не переводи это предложение.	3244744
2	3.57	2.56	0	4	1	Ona izgleda kao učiteljica.	Она похожа на учительницу.	3393892
2	3.57	1.89	1	4	1	Upravo sam ga videla.	Я только что его видела.	6534192
2	3.57	2.14	0	5	1	Džon je moj dobar drug.	Джон - мой лучший друг.	1135327
2	3.58	2.98	0	3	1	Rizik je prevelik.	Риск слишком велик.	6769583
2	3.58	2.99	0	3	1	Volim šum mora.	Я люблю шум моря.	3535436
2	3.58	2.56	0	4	1	Moje ime je Luis.	Моё имя - Луис.	3440830
2	3.58	1.90	1	4	1	Svi ga zovu Džef.	Все зовут его Джефф.	1081729
2	3.58	2.57	0	4	1	To je velika iluzija.	Это большая иллюзия.	3466998
2	3.58	1.90	1	4	1	Čovek uvek traži odgovore.	Человек всегда ищет ответы.	1449018
2	3.58	0.65	1	5	2	Da li ste vi dobro?	Вы в порядке?	3650720
2	3.58	2.15	0	5	1	Riba je dobra za tebe.	Рыба для тебя полезна.	4243481
2	3.59	2.33	1	2	1	Uzmi novac.	Возьми деньги.	5626287
2	3.59	2.33	1	2	1	Uzmi sve.	Возьми всё.	4997601
2	3.59	2.99	0	2	1	Volim astronomiju.	Я люблю астрономию.	11060641
2	3.59	2.99	0	3	1	Golub simbolizuje mir.	Голубь символизирует мир.	1053636
2	3.59	2.99	0	3	1	On nosi šešir.	У него на голове шляпа.	3369416
2	3.59	2.99	0	3	1	To je nevažno.	Это неважно.	3242665
2	3.59	2.99	0	3	1	To je nevažno.	Неважно.	3242665
2	3.59	0.58	3	4	1	On nije od nas.	Он не один из нас.	1085942
2	3.59	1.91	1	4	1	Šta misliš o njemu?	Что ты о нём думаешь?	3535520
2	3.59	1.32	0	5	2	Da li je istina? Zašto?	Правда? Почему?	1054995
2	3.59	1.32	0	5	2	To nije istina, zar ne?	Это не правда, да?	4256624
2	3.60	3.00	0	2	1	Imam proliv.	У меня диарея.	1179885
2	3.60	3.00	0	2	1	Imam violinu.	У меня есть скрипка.	8823914
2	3.60	2.34	1	2	1	Umrla je.	Она умерла.	8851959
2	3.60	1.66	2	3	1	Bili smo poslednji.	Мы были последними.	5028634
2	3.60	3.00	0	3	1	Ja sviram violinu.	Я играю на скрипке.	5603343
2	3.60	1.92	1	4	1	Došao je kao gost.	Он пришёл, как гость.	1091308
2	3.60	1.75	0	4	2	Gledam, a ne vidim.	Я смотрю, но не вижу.	6550985
2	3.60	1.92	1	4	1	Marija je već otišla.	Мария уже ушла.	3311352
2	3.60	1.92	1	4	1	Pročitao sam njegovu knjigu.	Я прочитал его книгу.	3340793
2	3.60	1.92	1	4	1	Slobodan sam u nedelju.	В воскресенье я свободен.	3351484
2	3.60	1.75	0	4	2	Želim da gledam film.	Я хочу фильм посмотреть.	4781291
2	3.60	2.16	0	5	1	Ovo meso ima loš miris.	У этого мяса неприятный запах.	3311696
2	3.61	3.01	0	2	1	Ja predajem.	Я преподаю.	3243460
2	3.61	3.01	0	2	1	Ljubazan je.	Он любезный.	2271280
2	3.61	2.34	1	2	1	Volim jezike.	Я люблю языки.	3334510
2	3.61	3.01	0	3	1	Nije dobro lagati.	Лгать нехорошо.	3418885
2	3.61	3.01	0	3	1	Nije dobro lagati.	Врать нехорошо.	3418885
2	3.61	3.01	0	3	1	On je ljubazan.	Он любезный.	2271279
2	3.61	2.59	0	4	1	Bob je moj prijatelj.	Боб — мой друг.	3334517
2	3.61	1.92	1	4	1	Kakav je bio koncert?	Как прошёл концерт?	5843380
2	3.61	1.92	1	4	1	Ne verujem u sudbinu.	Я не верю в судьбу.	3350470
2	3.61	1.26	2	4	1	U početku beše Reč.	В начале было Слово.	5848774
2	3.61	1.92	1	4	1	Zar oni nisu Amerikanci?	Разве они не американцы?	3347561
2	3.61	0.84	2	5	1	Pa šta je Tom rekao?	Ну и что Том сказал?	4251056
2	3.61	1.51	1	5	1	To je bio samo početak.	Это было только начало.	5949403
2	3.62	2.35	1	2	1	Volim pse.	Я люблю собак.	4644935
2	3.62	1.68	2	3	1	Bezbednost pre svega!	Безопасность прежде всего.	6385000
2	3.62	1.68	2	3	1	Bezbednost pre svega!	Безопасность превыше всего!	6385000
2	3.62	2.35	1	3	1	Hvala na komentaru.	Спасибо за комментарий.	3350398
2	3.62	2.35	1	3	1	Imaš lepe oči.	У тебя красивые глаза.	3380046
2	3.62	3.02	0	3	1	Nebo je plavo.	Небо голубое.	3245670
2	3.62	3.02	0	3	1	Nebo je plavo.	Небо синее.	3245670
2	3.62	1.93	1	4	1	Kako je prošao test?	Как прошёл тест?	5847175
2	3.62	2.19	0	5	1	Ja nikad ne gledam televiziju.	Я никогда не смотрю телевизор.	6533005
2	3.62	2.18	0	5	1	Ovo je moj treći brak.	Это мой третий брак.	5002924
2	3.63	2.36	1	2	1	Imam praznike.	У меня каникулы.	1505701
2	3.63	2.36	1	2	1	Šta tražite?	Что вы ищете?	3384102
2	3.63	3.02	0	3	1	Danas je oblačno.	Сегодня облачно.	1070683
2	3.63	3.03	0	3	1	Govoriš li Latinski?	Ты говоришь на латыни?	3341497
2	3.63	3.02	0	3	1	Imam tvoju adresu.	У меня есть твой адрес.	8840459
2	3.63	1.69	2	3	1	Imamo dvoje dece.	У нас двое детей.	706338
2	3.63	3.03	0	3	1	Latinski nije težak.	Латынь не трудная.	3384080
2	3.63	3.03	0	3	1	Otac obožava picu.	Отец обожает пиццу.	1188990
2	3.63	2.36	1	3	1	Pogledaj negde drugde.	Посмотри где-нибудь в другом месте.	11057634
2	3.63	3.03	0	3	1	Znaš li Latinski?	Ты знаешь латинский?	3341484
2	3.63	2.36	1	3	1	Zvala se Marija.	Её звали Мария.	4434774
2	3.63	2.61	0	4	1	Gladan sam kao vuk.	Я голоден как волк.	1074626
2	3.63	2.61	0	4	1	Ja sam veoma gladan.	Я очень голоден.	1046020
2	3.63	2.61	0	4	1	Ovaj čovek je pijan.	Этот человек пьян.	1127242
2	3.63	2.61	0	4	1	Ovaj čovek je pijan.	Этот человек пьяный.	1127242
2	3.63	2.19	0	5	1	Ova riba je još živa.	Эта рыба ещё живая?	1384475
2	3.64	3.03	0	2	1	Nisam nepismen.	Я не неграмотный.	3644439
2	3.64	1.03	3	3	1	Godine su prošle.	Прошли годы.	5003642
2	3.64	3.04	0	3	1	Kako se zoveš?	Как тебя зовут?	4308102
2	3.64	3.03	0	3	1	Tečno govori Francuski.	Он свободно говорит по-французски.	3254999
2	3.64	3.03	0	3	1	Tečno govori Francuski.	Она свободно говорит по-французски.	3254999
2	3.64	2.36	1	3	1	Zidovi imaju uši.	У стен есть уши.	3299042
2	3.64	1.95	1	4	1	Bio sam u banci.	Я был в банке.	3366632
2	3.64	1.95	1	4	1	On radi u banci.	Он работает в банке.	3387243
2	3.64	2.61	0	4	1	Sve je velika šala.	Это всё большая шутка.	4324321
2	3.65	2.37	1	2	1	Zatvori vrata.	Закрой дверь.	3294874
2	3.65	2.37	1	2	1	Zatvori vrata.	Закрой ворота.	3294874
2	3.65	3.04	0	3	1	Ja predajem geografiju.	Я преподаю географию.	3424891
2	3.65	2.21	0	3	2	Kada je ručak?	Когда обед?	3380095
2	3.65	2.21	0	3	2	Kada će ručak?	Когда будет обед?	3380094
2	3.65	2.63	0	4	1	Marija skoro uvek kasni.	Мария почти всегда опаздывает.	3473442
2	3.65	1.29	2	4	1	Ona govori deset jezika.	Она говорит на десяти языках.	3390800
2	3.65	2.63	0	4	1	Televizor je veoma težak.	Телевизор очень тяжёлый.	3360409
2	3.65	2.63	0	4	1	Šta radi tvoja tetka?	Что делает твоя тётя?	3425159
2	3.65	1.37	0	5	2	On misli da zna sve.	Он думает, что знает всё.	939021
2	3.66	1.72	2	2	1	Bez sumnje!	Без сомнения!	5809566
2	3.66	2.38	1	3	1	Nemoj zvati policiju.	Не вызывай полицию.	3301053
2	3.66	3.05	0	3	1	On je ljubomoran.	Он ревнивый.	3299024
2	3.66	3.05	0	3	1	Video sam zmiju.	Я видел змею.	5841818
2	3.66	1.96	1	4	1	Ja ne volim filmove.	Я не люблю фильмы.	3390085
2	3.66	1.96	1	4	1	Šta imaš na umu?	Что у тебя на уме?	5874222
2	3.66	0.96	0	6	2	Niko ne može da zna sve.	Никто не может знать всё.	665368
2	3.66	0.96	0	6	2	Niko ne može da zna sve.	Никто не может знать всего.	665368
2	3.66	1.38	0	7	1	Čovek koji tamo stoji je moj otac.	Человек, который там стоит - это мой отец.	3265720
2	3.67	2.39	1	2	1	Deca spavaju.	Дети спят.	4292342
2	3.67	2.39	1	3	1	Hvala na pozivu.	Спасибо за приглашение.	6369113
2	3.67	2.39	1	3	1	Svi još spavaju.	Все ещё спят.	3395313
2	3.67	2.64	0	4	1	On ima plavu kosu.	У него светлые волосы.	1072141
2	3.67	2.64	0	4	1	Čiji je to portret?	Чей это портрет?	6899961
2	3.67	2.22	0	5	1	Ne razumem šta govori učitelj.	Я не понимаю, что говорит учитель.	6369095
2	3.67	2.23	0	5	1	Sada možeš ići na spavanje.	Теперь можешь идти спать.	5594070
2	3.67	1.56	1	5	1	To je bilo dobro iskustvo.	Это был хороший опыт.	3499705
2	3.67	1.81	0	6	1	Previše sam stara za ovako nešto.	Я слишком стара для таких вещей.	5925224
2	3.68	3.07	0	2	1	Kuvam ručak.	Я готовлю обед.	6475470
2	3.68	1.73	2	2	1	Nemam pojma.	Совсем не знаю.	396750
2	3.68	1.73	2	2	1	Nemam pojma.	Понятия не имею.	396750
2	3.68	2.40	1	3	1	Gde vi živite?	Где вы живёте?	1312278
2	3.68	2.40	1	3	1	Koliko živite ovde?	Сколько вы живёте здесь?	5909467
2	3.68	1.73	2	3	1	Nisam imao pojma.	Я понятия не имел.	5874127
2	3.68	2.40	1	3	1	O čemu pričaš?	О чём ты говоришь?	1598562
2	3.68	2.65	0	4	1	Ovaj nož nije oštar.	Этот нож не острый.	4975958
2	3.68	2.65	0	4	1	Razumeš li šta govorim?	Ты понимаешь, что я говорю?	3440832
2	3.68	1.98	1	4	1	Škola počinje u Aprilu.	Занятия в школе начинаются в апреле.	3245487
2	3.68	2.23	0	5	1	Ovo je vrlo dobra rečenica.	Это очень хорошее предложение.	3494479
2	3.69	2.41	1	2	1	Čekala sam.	Я ждала.	4992623
2	3.69	3.07	0	3	1	Gde je Teheran?	Где находится Тегеран?	3282889
2	3.69	3.07	0	3	1	Ja sam sit.	Я сыт.	1173747
2	3.69	1.99	1	4	1	Koje te oko boli?	Какой глаз у тебя болит?	665373
2	3.69	1.99	1	4	1	Tom je vrlo srećan.	Том очень счастлив.	3469402
2	3.70	1.41	0	3	3	Da, volim to!	Да, я это люблю!	5894271
2	3.70	3.08	0	3	1	Ja sam trkač.	Я бегун.	4250168
2	3.70	1.08	3	3	1	Ljudi nemaju vremena.	У людей нет времени.	799194
2	3.70	2.42	1	3	1	Srećno na ispitu!	Удачи на экзамене!	409430
2	3.70	2.42	1	3	1	Videla sam autobus.	Я видела автобус.	5841980
2	3.70	2.67	0	4	1	Ja sam tvoja savest.	Я твоя совесть.	3644143
2	3.70	2.00	1	4	1	Čovek je čoveku vuk.	Человек человеку - волк.	5687965
2	3.70	0.91	2	5	1	Bilo je samo pitanje vremena.	Это был только вопрос времени.	5963075
2	3.70	1.58	1	5	1	Nisi bio juče u školi.	Тебя вчера не было в школе.	3307057
2	3.71	2.01	1	4	1	Kako si uradila to?	Как ты это сделала?	6567902
2	3.71	1.84	0	4	2	Nemam gde da živim.	Мне негде жить.	8931029
2	3.71	2.67	0	4	1	Nemačka je parlamentarna republika.	Германия — парламентская республика.	3292499
2	3.71	2.67	0	4	1	On ništa ne propušta.	Он ничего не пропускает.	402243
2	3.71	2.01	1	4	1	Zašto si to uradila?	Зачем ты это сделала?	4258336
2	3.71	2.01	1	4	1	Šta si sad uradila?	Что ты сейчас сделала?	4258326
2	3.71	2.26	0	5	1	Kako se zove taj restoran?	Как называется тот ресторан?	5002757
2	3.71	1.17	1	6	1	Koliko si dugo bio u Osaki?	Как долго ты был в Осаке?	3331285
2	3.72	3.10	0	2	1	Ukusno miriše!	Вкусно пахнет!	1157213
2	3.72	3.10	0	3	1	On je biolog.	Он биолог.	3424951
2	3.72	2.68	0	4	1	Ovo je glupa greška.	Это глупая ошибка.	3281966
2	3.72	1.60	1	5	1	Ja sam imao dobru ideju.	У меня была хорошая идея.	1098512
2	3.72	1.60	1	5	1	Njegovo ime nije na listi.	Его имени нет в списке.	3265560
2	3.72	2.26	0	5	1	Taj dečak ima crnu kosu.	У того мальчика чёрные волосы.	1116805
2	3.72	2.27	0	5	1	Šta danas ima za večeru?	Что сегодня на ужин?	5847140
2	3.72	1.60	1	5	1	Šta Vi mislite o tome?	Что Вы об этом думаете?	797688
2	3.72	1.85	0	6	1	Moj brat veoma liči na mene.	Мой брат очень похож на меня.	918888
2	3.73	2.44	1	3	1	Njoj nije hladno.	Ей не холодно.	3535347
2	3.73	2.44	1	3	1	Pčele prave med.	Пчёлы делают мёд.	1085930
2	3.73	2.45	1	3	1	Već sam odabrao.	Я уже выбрал.	6303073
2	3.73	3.11	0	3	1	Volim Norveški jezik.	Я люблю норвежский язык.	3340822
2	3.73	3.11	0	3	1	Čekam svoju prijateljicu.	Я жду свою подругу.	1066445
2	3.73	1.36	2	4	1	Došli smo po vas.	Мы пришли за вами.	4253865
2	3.73	2.69	0	4	1	Imam mačku i psa.	У меня есть кошка и собака.	3307023
2	3.73	1.86	0	4	2	Ne volim da pišem.	Я не люблю писать.	4248698
2	3.73	2.02	1	4	1	Nikad ne reci nikad.	Никогда не говори никогда.	6148854
2	3.73	2.02	1	4	1	Samo si me iskoristio.	Ты просто меня использовал.	3440942
2	3.73	2.69	0	4	1	Težak je bankarski život.	Тяжела жизнь банкира.	1183349
2	3.73	2.69	0	4	1	To je dvostruki moral.	Это двойная мораль.	6851879
2	3.73	2.28	0	5	1	Izrael je veoma mala zemlja.	Израиль - очень маленькая страна.	3424529
2	3.73	1.19	1	6	1	Tom je jedini koji ovo može.	Том - единственный, кто это может.	5029213
2	3.74	3.12	0	2	1	Imam kišobran.	У меня есть зонт.	8829771
2	3.74	3.12	0	2	1	Imam kišobran.	У меня есть зонтик.	8829771
2	3.74	2.45	1	2	1	Mrzim muškarce.	Я ненавижу мужчин.	13969396
2	3.74	2.45	1	3	1	Gde sam pogrešio?	Где я ошибся?	4449860
2	3.74	2.45	1	3	1	Ja mrzim pse.	Я ненавижу собак.	3644854
2	3.74	2.45	1	3	1	Pogrešio sam jutros.	Я сегодня утром ошибся.	4258277
2	3.74	2.45	1	3	1	Položio sam ispit!	Я сдал экзамен!	4238444
2	3.74	2.04	1	4	1	Bolje ikad nego nikad.	Лучше поздно, чем никогда.	414465
2	3.74	2.70	0	4	1	Daleko je Južna Afrika.	Южная Африка далеко.	404627
2	3.74	2.70	0	4	1	Daleko je Južna Afrika.	ЮАР далеко.	404627
2	3.74	1.37	2	4	1	Ja nemam dovoljno vremena.	Мне не хватает времени.	1166760
2	3.74	1.37	2	4	1	Ja nemam ništa protiv.	Я не имею ничего против.	3263137
2	3.74	1.45	0	5	2	Da li je to ljubav?	Это любовь?	2441654
2	3.74	1.45	0	5	2	Da li vreme ima kraj?	Есть ли конец у времени?	1520155
2	3.74	1.45	0	5	2	Da li vreme ima kraj?	Есть ли у времени конец?	1520155
2	3.74	2.29	0	5	1	Koliko košta ovaj foto-aparat?	Сколько стоит этот фотоаппарат?	5843355
2	3.74	2.28	0	5	1	Ništa me ne može zaustaviti.	Ничто не может меня остановить.	6900300
2	3.74	2.28	0	5	1	Njegova zemlja obećava bogat rod.	Его земля обещает богатый урожай.	1221258
2	3.75	2.46	1	2	1	Ptice lete.	Птицы летают.	2263871
2	3.75	2.46	1	2	1	Ptice pevaju.	Птицы поют.	2263899
2	3.75	2.46	1	2	1	Ptice pevaju.	Поют птицы.	2263899
2	3.75	3.13	0	3	1	Vodiš li dnevnik?	Ты ведёшь дневник?	3340835
2	3.75	2.04	1	4	1	Jesam li pitao tebe?	Я тебя спрашивал?	4449803
2	3.75	2.70	0	4	1	Moj brat svira gitaru.	Мой брат играет на гитаре.	3311737
2	3.75	2.70	0	4	1	On često svira gitaru.	Он часто играет на гитаре.	1046013
2	3.75	2.71	0	4	1	Ovo je dobar udžbenik.	Это хороший учебник.	475471
2	3.75	1.62	1	5	1	A ko je bio drugi?	А кто был вторым?	3274451
2	3.75	1.63	1	5	1	Ja sam sada na internetu.	Я сейчас в интернете.	2228678
2	3.75	1.62	1	5	1	Ko je napisao ovu knjigu?	Кто написал эту книгу?	3356455
2	3.75	2.29	0	5	1	Moj prijatelj Marko je seljak.	Мой друг Марко - крестьянин.	1498244
2	3.75	1.62	1	5	1	Znam ko je to bio.	Я знаю, кто это был.	3425089
2	3.76	3.13	0	3	1	Pas sada laje.	Собака сейчас лает.	4237996
2	3.76	1.88	0	4	2	Ali ja želim automobil.	Но я хочу автомобиль.	3313570
2	3.76	1.88	0	4	2	Da li je tvoj?	Это твой?	469015
2	3.76	1.88	0	4	2	Da li je tvoj?	Он твой?	469015
2	3.76	2.71	0	4	1	To je severni vetar.	Это северный ветер.	3463594
2	3.77	3.15	0	3	1	Imam dobru intuiciju.	У меня хорошая интуиция.	3342553
2	3.77	2.48	1	3	1	Veruj u ljubav!	Верь в любовь!	3486051
2	3.77	2.48	1	3	1	Veruj u sebe!	Верь в себя!	5626447
2	3.77	2.72	0	4	1	Danas imam dobar apetit.	У меня сегодня хороший аппетит.	1195476
2	3.77	2.06	1	4	1	Ušao je kroz prozor.	Он вошел через окно.	1117639
2	3.77	2.73	0	4	1	Čiji je ovo rukopis?	Чей это почерк?	5848798
2	3.77	0.97	2	5	1	Tom nije rekao ni reč.	Том не сказал ни слова.	3414418
2	3.78	1.82	2	3	1	Bili ste moji.	Вы были моими.	11055432
2	3.78	3.15	0	3	1	On marljivo uči.	Он прилежно учится.	4245952
2	3.78	2.07	1	4	1	Gde se sada nalazimo?	Где мы сейчас находимся?	5843311
2	3.78	2.07	1	4	1	Tata je rekao ne.	Папа сказал нет.	6548136
2	3.78	2.07	1	4	1	Tata radi u banci.	Папа работает в банке.	3463543
2	3.78	2.32	0	5	1	Ova knjiga je veoma korisna.	Эта книга очень полезная.	3266451
2	3.79	2.49	1	3	1	Tom voli cveće.	Том любит цветы.	4247098
2	3.79	2.08	1	4	1	Brod je promenio kurs.	Корабль изменил курс.	3282406
2	3.79	2.74	0	4	1	Ovo je ljubavna pesma.	Это песня о любви.	4239821
2	3.79	2.08	1	4	1	Živim u staroj kući.	Я живу в старом доме.	3396035
2	3.79	1.66	1	5	1	Bio je siguran u uspeh.	Он был уверен в успехе.	5588822
2	3.79	1.65	1	5	1	Ko igra u tom filmu?	Кто играет в этом фильме?	1676057
2	3.79	1.66	1	5	1	Ovo je bio veliki uspeh.	Это был большой успех.	3472817
2	3.79	1.66	1	5	1	Ovo je bio veliki uspeh.	Это было большим успехом.	3472817
2	3.79	1.66	1	5	1	To je bio veliki uspeh.	Это был большой успех.	3472818
2	3.80	3.16	0	3	1	Bićeš potpuno bezbedan.	Ты будешь в полной безопасности.	6361140
2	3.80	3.16	0	3	1	Bićeš potpuno bezbedna.	Ты будешь в полной безопасности.	6361142
2	3.80	2.50	1	3	1	Pričala sam glasno.	Я говорила громко.	10801000
2	3.80	2.75	0	4	1	Kako glasi tvoj nadimak?	Какое у тебя прозвище?	3795220
2	3.80	2.75	0	4	1	Kako glasi tvoj nadimak?	Какая у тебя кличка?	3795220
2	3.80	1.67	1	5	1	Ja sam to već kupio.	Я это уже купил.	1574928
2	3.80	2.33	0	5	1	Nesreća nikad ne dolazi sama.	Беда никогда не приходит одна.	3288896
2	3.80	2.34	0	5	1	Ova kafa nema dobar ukus.	Этот кофе невкусный.	8845637
2	3.80	1.66	1	5	1	Živimo samo ovde i sada.	Мы живём только здесь и сейчас.	3434519
2	3.81	3.18	0	2	1	Starica kašlje.	Старуха кашляет.	1949834
2	3.81	3.18	0	2	1	Starica kašlje.	Старушка кашляет.	1949834
2	3.81	2.51	1	2	1	Učimo španski.	Я учу испанский.	3362094
2	3.81	2.51	1	2	1	Zaboravila sam.	Я забыла.	6018054
2	3.81	2.51	1	3	1	Delovao je iskreno.	Он казался честным.	11057721
2	3.81	3.17	0	3	1	Proces nije javan.	Процесс закрыт для публики.	1080438
2	3.81	2.51	1	3	1	Radim u Milanu.	Я работаю в Милане.	2502367
2	3.81	1.17	3	3	1	Ti si dobar.	Ты хороший.	1139274
2	3.81	2.51	1	3	1	Tom je nezadovoljan.	Том недоволен.	3297893
2	3.81	2.09	1	4	1	Kakvu muziku sluša tom?	Какую музыку слушает Том?	4507072
2	3.81	2.09	1	4	1	Nisam čitao tu knjigu.	Я не читал ту книгу.	3374231
2	3.81	2.09	1	4	1	On sluša rado radio.	Он любит слушать радио.	925347
2	3.81	1.42	2	4	1	Tom više nije dete.	Том уже не ребёнок.	5043527
2	3.81	2.09	1	4	1	Volite li svoju majku?	Вы любите свою маму?	4264007
2	3.81	1.67	1	5	1	Vladivostok je grad u Rusiji.	Владивосток - город в России.	3437796
2	3.82	3.18	0	3	1	Dan je sunčan.	День солнечный.	1261893
2	3.82	2.77	0	4	1	Prva lekcija je laka.	Первый урок простой.	4250221
2	3.82	2.35	0	5	1	Ona danas izgleda veoma srećno.	Она сегодня выглядит очень счастливой.	3393886
2	3.83	2.52	1	2	1	Glupi ste.	Вы глупые.	4993189
2	3.83	3.19	0	2	1	Vidim ružu.	Я вижу розу.	3437876
2	3.83	1.86	2	3	1	Imamo dva sina.	У нас два сына.	3412962
2	3.83	2.53	1	3	1	Ja sam navikao.	Я привык.	396742
2	3.83	1.19	3	3	1	Koliko je sati?	Который час?	3243720
2	3.83	1.19	3	3	1	Koliko je sati?	Сколько времени?	3243720
2	3.83	2.53	1	3	1	Nisu svi siromašni.	Не все бедны.	1098602
2	3.83	2.53	1	3	1	Ona nema neprijatelje.	У нее нет врагов.	3265615
2	3.83	2.53	1	3	1	Veoma ste lepi.	Вы очень красивые.	4967425
2	3.83	3.19	0	3	1	Volim norvešku prirodu.	Я люблю норвежскую природу.	3477958
2	3.83	3.19	0	3	1	Volim norvešku zimu.	Я люблю норвежскую зиму.	3438003
2	3.83	2.78	0	4	1	On studira englesku istoriju.	Он изучает английскую историю.	1045781
2	3.83	2.77	0	4	1	Ona je mlada studentkinja.	Она молодая студентка.	1949819
2	3.83	2.36	0	5	1	Ona ima i dobru memoriju.	У неё и память хорошая.	3366225
2	3.83	1.69	1	5	1	Puno sam mislio na tebe.	Я много думал о тебе.	800010
2	3.84	2.53	1	3	1	Oni su učitelji.	Они учителя.	3300918
2	3.84	2.53	1	3	1	Svi moramo umreti.	Мы все должны умереть.	4324347
2	3.84	2.53	1	3	1	Svi ćemo umreti.	Мы все умрём.	4992639
2	3.84	2.53	1	3	1	Volim takve momente.	Я люблю такие моменты.	3474263
2	3.84	2.79	0	4	1	Kakva je vremenska prognoza?	Как прогноз погоды?	1111594
2	3.84	2.79	0	4	1	Kakva je vremenska prognoza?	Какой прогноз погоды?	1111594
2	3.84	2.79	0	4	1	Ova stolica je ružna.	Этот стул некрасивый.	3425920
2	3.84	1.70	1	5	1	Ne znam šta se dogodilo.	Я не знаю, что произошло.	3394627
2	3.84	1.70	1	5	1	Ne znam šta se dogodilo.	Я не знаю, что случилось.	3394627
2	3.84	1.95	0	6	1	Ne znam gde je tvoja knjiga.	Я не знаю, где твоя книга.	5397787
2	3.85	3.21	0	3	1	Hoćeš li bananu?	Ты хочешь банана?	3503794
2	3.85	2.38	0	3	2	Moraš da ideš.	Ты должен идти.	3318100
2	3.85	2.38	0	3	2	Moraš da ideš.	Ты должна идти.	3318100
2	3.85	2.38	0	3	2	Možeš da ideš.	Можешь идти.	3359658
2	3.85	2.79	0	4	1	Anja dobro igra tenis.	Аня хорошо играет в теннис.	1097790
2	3.85	2.13	1	4	1	Ja sam pio mleko.	Я пил молоко.	1181830
2	3.85	0.80	3	4	1	Znam koliko i ti.	Я знаю столько же, сколько и ты.	7032864
2	3.85	1.29	1	4	2	Želim da imam decu.	Я хочу иметь детей.	8869864
2	3.85	2.37	0	5	1	Koliko je star ovaj avion?	Сколько лет этому самолёту?	5039790
2	3.86	3.21	0	2	1	Žedan sam.	Мне хочется пить.	3243475
2	3.86	3.21	0	2	1	Žedan sam.	Я хочу пить.	3243475
2	3.86	2.55	1	3	1	Idem u bioskop.	Я иду в кино.	3293162
2	3.86	3.21	0	3	1	Konj je žedan.	Лошадь хочет пить.	3402683
2	3.86	3.21	0	3	1	Konj je žedan.	Конь хочет пить.	3402683
2	3.86	1.88	2	3	1	Našla sam Vas.	Я нашла Вас.	1221174
2	3.86	3.22	0	3	1	Oblak je siv.	Облако серое.	3328701
2	3.86	2.55	1	3	1	Volim vas oboje.	Я люблю вас обоих.	5848232
2	3.86	2.80	0	4	1	Gde živi tvoj ujak?	Где живет твой дядя?	3425158
2	3.86	2.13	1	4	1	Ima li Tom ključ?	У Тома есть ключ?	4251066
2	3.86	2.13	1	4	1	Izgubio sam moj ključ.	Я потерял свой ключ.	3350412
2	3.86	2.13	1	4	1	Ja ih ne poznajem.	Я их не знаю.	1676102
2	3.86	1.47	2	4	1	Najviše volim ovu knjigu.	Больше всего я люблю эту книгу.	801030
2	3.86	2.80	0	4	1	On ima dubok glas.	У него низкий голос.	3369425
2	3.86	2.13	1	4	1	Tom često nosi crno.	Том часто носит чёрное.	4784545
2	3.86	2.38	0	5	1	Internet nije tvoja lična armija.	Интернет — не твоя личная армия.	4248481
2	3.86	2.38	0	5	1	Internet nije tvoja lična armija.	Интернет не твоя личная армия.	4248481
2	3.86	2.39	0	5	1	Ovaj voz ide za Njujork.	Этот поезд идёт до Нью-Йорка.	3244016
2	3.86	0.88	1	5	2	To nije sve što imamo.	Это не всё, что у нас есть.	5029123
2	3.87	3.22	0	2	1	Izgledaš glupo.	Ты выглядишь глупо.	3430033
2	3.87	3.22	0	2	1	Izgledaš zdravo.	Ты выглядишь здоровым.	3650664
2	3.87	3.22	0	2	1	Izgledaš zdravo.	Ты выглядишь здоровой.	3650664
2	3.87	3.22	0	2	1	Odlično izgledaš.	Отлично выглядишь.	665235
2	3.87	3.22	0	2	1	Odlično izgledaš.	Ты отлично выглядишь.	665235
2	3.87	3.23	0	2	1	Požuri malo!	Поспеши немножко!	398506
2	3.87	3.22	0	3	1	Auto je plav.	Машина синяя.	3334496
2	3.87	3.22	0	3	1	Izgledaš veoma umorno.	Ты выглядишь очень усталым.	3426503
2	3.87	3.22	0	3	1	Izgledaš veoma umorno.	Ты выглядишь очень усталой.	3426503
2	3.87	3.22	0	3	1	Ne izgledaš loše.	Ты выглядишь неплохо.	4256587
2	3.87	2.14	1	4	1	Džon živi u Njujorku.	Джон живет в Нью-Йорке.	3288346
2	3.87	2.15	1	4	1	Nikada nisam imao devojku.	У меня никогда не было девушки.	3361883
2	3.87	1.73	1	5	1	Marija i ja radimo zajedno.	Мы с Марией работаем вместе.	3342339
2	3.87	1.31	1	6	1	To je ono šta žene hoće.	Это то, чего хотят женщины.	6063838
2	3.87	1.56	0	7	1	Nikad ne znaš šta će biti sutra.	Никогда не знаешь, что случится завтра.	5919503
2	3.88	2.56	1	2	1	Ne gledaj.	Не смотри.	4995904
2	3.88	1.90	2	2	1	Znam gospodina.	Я знаю господина.	5848212
2	3.88	1.23	3	3	1	Ostanite sa nama.	Побудьте с нами.	11173112
2	3.88	2.15	1	4	1	Gde si naučio engleski?	Где ты выучил английский?	5945091
2	3.88	2.15	1	4	1	Ključ je na stolu.	Ключ на столе.	3340744
2	3.88	2.15	1	4	1	Knjiga je na stolu.	Книга на столе.	2345996
2	3.88	2.15	1	4	1	Loše sam znao Engleski.	Я плохо знаю английский.	3243533
2	3.88	2.15	1	4	1	Novac je na stolu.	Деньги на столе.	3246440
2	3.88	2.82	0	4	1	On često svira klavir.	Он часто играет на пианино.	3402682
2	3.88	2.15	1	4	1	Radio je na stolu.	Радио на столе.	3440818
2	3.89	3.24	0	3	1	Tako si mršav.	Ты такой худой.	6309113
2	3.89	3.24	0	3	1	Tako si mršav.	Ты такой тощий.	6309113
2	3.89	2.16	1	4	1	Ja nisam izabrao njega.	Я его не выбирал.	5651308
2	3.89	2.16	1	4	1	Tom se igra napolju.	Том играет на улице.	4339789
2	3.90	2.58	1	2	1	Obećala sam.	Я обещала.	4992637
2	3.90	2.58	1	3	1	Šta si jeo?	Что ты ел?	3434926
2	3.90	2.17	1	4	1	Jesmo li svi ovde?	Мы все здесь?	4324658
2	3.90	2.17	1	4	1	Jesmo li svi tu?	Мы все тут?	4324656
2	3.90	2.17	1	4	1	Juče sam bila srećna.	Вчера я была счастлива.	2925864
2	3.90	2.84	0	4	1	Moja sestra je udovica.	Моя сестра — вдова.	3244886
2	3.90	2.17	1	4	1	Često idem u inostranstvo.	Я часто езжу за границу.	7027099
2	3.90	2.42	0	5	1	Imam novu e-mail adresu.	У меня новый электронный адрес.	3368565
2	3.90	1.75	1	5	1	Kupi knjigu i pročitaj je.	Купи книгу и прочти её.	6906467
2	3.90	1.75	1	5	1	Napisao sam pesmu o Tatoebi.	Я написал песню про Татоэбу.	3368061
2	3.91	3.26	0	2	1	Zezam se.	Я веселюсь.	5043552
2	3.91	2.59	1	3	1	Svi su mrtvi.	Все мертвы.	4997543
2	3.91	2.18	1	4	1	Bio sam u Rimu.	Я был в Риме.	3318254
2	3.91	2.18	1	4	1	Ja sam u Rimu.	Я в Риме.	6169163
2	3.91	2.17	1	4	1	Ne idi tako brzo.	Не иди так быстро.	3250463
2	3.91	2.18	1	4	1	Ona ima dve sestre.	У неё есть две сестры.	1179917
2	3.91	2.18	1	4	1	Ona ima dve sestre.	У неё две сестры.	1179917
2	3.91	2.84	0	4	1	Ovo je Brajan Rok.	Это Брайан Рок.	457804
2	3.91	2.85	0	4	1	Tvoj čamac nije veliki.	Твоя лодка не большая.	3477980
2	3.91	2.17	1	4	1	U Parizu pada sneg.	В Париже идёт снег.	3366085
2	3.91	2.17	1	4	1	U Teksasu pada sneg.	В Техасе идёт снег.	13830504
2	3.91	2.18	1	4	1	Žene rade u restoranu.	Женщины работают в ресторане.	1050871
2	3.91	1.09	2	5	1	On ima nešto protiv mene.	Он что-то против меня имеет.	3313446
2	3.91	2.42	0	5	1	Ona voli poeziju i muziku.	Она любит поэзию и музыку.	3386920
2	3.91	1.34	1	6	1	Ovo je bio njen prvi posao.	Это была её первая работа.	3494404
2	3.92	1.93	2	3	1	Nije bilo odgovora.	Ответа не было.	3395358
2	3.92	2.43	0	5	1	Ja nikada ne jedem meso.	Я никогда не ем мясо.	3501831
2	3.92	2.43	0	5	1	Osam minus šest je dva.	Восемь минус шесть — два.	3370919
2	3.92	2.43	0	5	1	Sedam minus četiri je tri.	Семь минус четыре — три.	3370914
2	3.92	2.43	0	5	1	Sedam minus četiri je tri.	Семь минус четыре будет три.	3370914
2	3.93	0.95	1	2	3	Da, možemo.	Да, можем.	3283428
2	3.93	0.95	1	2	3	Da, možemo.	Да, мы можем.	6900252
2	3.93	2.61	1	2	1	Dođi sutra.	Приходи завтра.	4995968
2	3.93	2.61	1	2	1	Slušate li?	Вы слушаете?	4292396
2	3.93	3.28	0	3	1	Imaš lošu narav.	У тебя плохой характер.	5039840
2	3.93	2.61	1	3	1	Svi su bolesni.	Все больны.	4997549
2	3.93	2.19	1	4	1	Zašto postoje godišnja doba?	Почему существуют времена года?	3478206
2	3.93	1.11	2	5	1	Ja sam protiv tog projekta.	Я против этого проекта.	3298728
2	3.93	1.78	1	5	1	Jedan student danas nije došao.	Один студент сегодня не пришёл.	2228666
2	3.93	2.44	0	5	1	Ona ne ume voziti bicikl.	Она не умеет ездить на велосипеде.	1056870
2	3.93	1.36	1	6	1	Ceo naš grad govori o tome.	Весь наш город об этом говорит.	1058552
2	3.94	1.95	2	3	1	Imate trideset dana.	У вас тридцать дней.	6902437
2	3.94	2.62	1	3	1	On nosi naočare.	Он носит очки.	4243489
2	3.94	2.62	1	3	1	Ona nosi naočare.	Она носит очки.	4243490
2	3.94	1.36	1	4	2	Da li imate pitanja?	У вас есть вопросы?	3284644
2	3.94	2.86	0	4	1	Ja sam veštačka inteligencija.	Я – искусственный интеллект.	13901917
2	3.94	2.20	1	4	1	Koliko dugo si čekao?	Как долго ты ждал?	1074608
2	3.94	2.20	1	4	1	Ovi psi su naši.	Эти собаки наши.	3318245
2	3.94	2.20	1	4	1	Tom ima težak posao.	У Тома трудная работа.	5043545
2	3.94	2.87	0	4	1	Čekaš li na nešto?	Ты чего-то ждёшь?	3357520
2	3.94	1.78	1	5	1	Moj brat radi u Francuskoj.	Мой брат работает во Франции.	3438778
2	3.95	2.63	1	3	1	Jesi li spavao?	Ты спал?	4258416
2	3.95	2.62	1	3	1	Kupio je tepih.	Он купил ковёр.	13466279
2	3.95	2.62	1	3	1	Postao je hrišćanin.	Он стал христианином.	11057705
2	3.95	1.29	3	3	1	Treba ti novac.	Тебе нужны деньги.	5594067
2	3.95	2.04	0	4	2	Kada ćeš konačno naučiti?	Когда ты наконец научишься?	1074617
2	3.95	2.21	1	4	1	Ona je kupila hleb.	Она купила хлеб.	6938047
2	3.95	2.88	0	4	1	Pismo sadrži beli prah.	В письме содержится белый порошок.	3478291
2	3.95	1.54	2	4	1	Tom postavlja previše pitanja.	Том задаёт слишком много вопросов.	11083973
2	3.95	2.46	0	5	1	Ja imam samo jednu sestru.	У меня только одна сестра.	3518007
2	3.95	1.12	2	5	1	Šta si video nakon toga?	Что ты увидел после этого	8862215
2	3.95	0.80	0	7	2	Mislim da znam kako se to radi.	Думаю, я знаю, как это делается.	4250609
2	3.96	2.63	1	3	1	Oborio si drvo.	Ты срубил дерево.	3402128
2	3.96	0.88	3	4	1	Imamo šta nam treba.	У нас есть то, что нам нужно.	4261960
2	3.96	2.05	0	4	2	Izgleda da će kiša.	Кажется, будет дождь.	3256226
2	3.96	2.22	1	4	1	Jesam li pitala tebe?	Я тебя спрашивала?	4449805
2	3.96	2.21	1	4	1	Ne mogu čekati zauvek.	Я не могу ждать вечно.	5806735
2	3.96	2.22	1	4	1	Pitala sam te sinoć.	Я тебя спрашивала вчера вечером.	4254058
2	3.96	1.80	1	5	1	Ja sam student na univerzitetu.	Я студент университета.	1627442
2	3.96	1.80	1	5	1	Juče je bio pun mesec.	Вчера было полнолуние.	6147444
2	3.96	2.47	0	5	1	Ta riba nije za jelo.	Эта рыба несъедобная.	1183328
2	3.97	2.64	1	2	1	Koga čekate?	Кого вы ждёте?	3371112
2	3.97	2.64	1	2	1	Razumela sam.	Я поняла.	2263859
2	3.97	2.64	1	2	1	Razumela sam.	Поняла.	2263859
2	3.97	1.98	2	3	1	I malo hleba.	И немного хлеба.	1166821
2	3.97	1.81	1	3	2	O, sunce moje!	О, солнце моё!	1261905
2	3.97	2.64	1	3	1	Vi ste ludi.	Вы сумасшедшие.	3650821
2	3.97	2.06	0	4	2	Šta radiš ovde, dole?	Что ты здесь делаешь внизу?	5848074
2	3.97	2.06	0	4	2	Šta ćeš da radiš?	Что ты будешь делать?	3419231
2	3.97	2.48	0	5	1	On veoma dobro govori španski.	Он очень хорошо говорит по-испански.	3484249
2	3.97	2.47	0	5	1	Zašto ne kupiš neko vozilo?	Почему ты не купишь какое-нибудь транспортное средство?	3430429
2	3.98	1.99	2	2	1	Budite tamo.	Будьте там.	6897328
2	3.98	3.32	0	2	1	Loše plivam.	Я плохо плаваю.	3387078
2	3.98	2.65	1	2	1	Volim mačke.	Я люблю кошек.	4644934
2	3.98	2.65	1	3	1	Imam dve mačke.	У меня две кошки.	3081398
2	3.98	3.32	0	3	1	Ja nisam filolog.	Я не филолог.	3435499
2	3.98	3.31	0	3	1	Ja sam mehaničar.	Я механик.	4264024
2	3.98	2.65	1	3	1	Koje jezike govoriš?	На каких языках ты говоришь?	3440834
2	3.98	1.98	2	3	1	Najviše volim jesen.	Я больше всего люблю осень.	3391470
2	3.98	2.48	0	3	2	Nastavi da pišeš.	Продолжай писать.	8835722
2	3.98	2.65	1	3	1	O čemu govoriš?	О чём ты говоришь?	3371567
2	3.98	3.31	0	3	1	On je glasan.	У него громкий голос.	6382640
2	3.98	3.31	0	3	1	On je glasan.	Он громкий.	6382640
2	3.98	2.65	1	3	1	Padala je kiša.	Шёл дождь.	6535704
2	3.98	2.65	1	3	1	Rezultati su negativni.	Результаты негативные.	1528417
2	3.98	3.32	0	3	1	Usamljenost je strašna.	Одиночество ужасно.	3374224
2	3.98	2.90	0	4	1	Ta torba je moja.	Та сумка моя.	488810
2	3.98	2.90	0	4	1	Tvoja torba je ovde.	Твоя сумка здесь.	3245801
2	3.98	2.07	0	4	2	Šta treba da kupim?	Что мне нужно купить?	3300817
2	3.98	1.15	2	5	1	Broj od jedan do deset.	Считай от одного до десяти.	3311722
2	3.98	1.15	2	5	1	Broj od jedan do deset.	Сосчитай от одного до десяти.	3311722
2	3.98	1.81	1	5	1	Ko je napisao to pismo?	Кто написал то письмо?	3311757
2	3.98	2.49	0	5	1	On ponosno nosi zelenu zvezdu.	Он гордо носит зелёную звезду.	1293874
2	3.99	1.32	3	3	1	To mi odgovara.	Мне это подходит.	5848760
2	3.99	1.32	3	3	1	To mi odgovara.	Меня это устраивает.	5848759
2	3.99	2.08	0	4	2	Nemaš ženu, zar ne?	У тебя нет жены, не так ли?	5980248
2	3.99	2.49	0	5	1	Dobro je ovu vodu piti.	Эту воду пить полезно.	5633327
2	3.99	2.49	0	5	1	Moj pas ima dugačak rep.	У моей собаки длинный хвост.	3313606
2	3.99	1.16	2	5	1	Tom nema novca kod sebe.	У Тома нет с собой денег.	6567929
2	4.00	2.92	0	4	1	Univerzum je pun misterija.	Вселенная полна тайн.	10686090
2	4.00	2.50	0	5	1	Fudbal je moj omiljeni sport.	Футбол - мой любимый вид спорта.	3311478
2	4.00	2.50	0	5	1	Koji je tvoj omiljeni film?	Какой у тебя любимый фильм?	898383
2	4.00	2.50	0	5	1	To je moj omiljeni projekat.	Это мой любимый проект.	3311736
2	4.01	2.68	1	3	1	Bole me oči.	У меня болят глаза.	3477987
2	4.01	3.34	0	3	1	On je knjigovođa.	Он бухгалтер.	2228723
2	4.01	2.26	1	4	1	Revolucija ima svoje zakone.	У революции свои законы.	6901432
2	4.01	1.59	2	4	1	Svi su znali to.	Все знали это.	4250722
2	4.01	2.93	0	4	1	To je slepa ulica.	Это тупик.	3340681
2	4.01	2.26	1	4	1	Više nemam mobilni telefon.	У меня больше нет мобильного телефона.	4995350
2	4.01	2.92	0	4	1	Čija je ovo gitara?	Чья это гитара?	3305664
2	4.01	2.93	0	4	1	Šta ćeš za užinu?	Что у тебя будет на полдник?	3244006
2	4.01	1.84	1	5	1	Ne živim u ovom gradu.	Я не живу в этом городе.	2925848
2	4.01	1.84	1	5	1	Ne živim u tom gradu.	Я не живу в том городе.	2925852
2	4.01	1.17	2	5	1	Tom je bio dobar čovek.	Том был хорошим человеком.	3387284
2	4.02	2.02	2	3	1	Nemam dovoljno memorije.	Мне не хватает памяти.	3394640
2	4.02	2.02	2	3	1	On prodaje piće.	Он продает напитки.	3478691
2	4.02	2.68	1	3	1	Spustio sam pištolj.	Я опустил пистолет.	8898612
2	4.02	2.02	2	3	1	Svi su gledali.	Все смотрели.	4997539
2	4.02	2.52	0	3	2	Usput, gde živiš?	Кстати, где ты живешь?	3311332
2	4.02	2.10	0	4	2	Nauči da misliš pozitivno!	Учись мыслить позитивно!	6309096
2	4.02	2.27	1	4	1	On je pio pivo.	Он пил пиво.	3281287
2	4.02	2.93	0	4	1	Postoji li objektivna istorija?	Существует ли объективная история?	392444
2	4.02	2.93	0	4	1	Zašto ne učiš engleski?	Почему ты не учишь английский?	4248489
2	4.02	2.52	0	5	1	Moj brat igra dobro tenis.	Мой брат хорошо играет в теннис.	3313560
2	4.02	2.52	0	5	1	On igra tenis svaki dan.	Он играет в теннис каждый день.	3253154
2	4.02	2.52	0	5	1	On igra tenis svaki dan.	Он каждый день играет в теннис.	3253154
2	4.02	1.18	2	5	1	Ona živi daleko od mene.	Она живёт далеко от меня.	3650956
2	4.02	2.51	0	5	1	Ova kutija je skoro prazna.	Эта коробка почти пустая.	4790620
2	4.02	2.51	0	5	1	Ova zemlja daje dobar prinos.	Эта земля даёт хороший урожай.	3265460
2	4.02	1.27	0	6	2	Pa šta ako je to tačno?	А что, если это правда?	5029104
2	4.03	2.69	1	3	1	Tom je naivan.	Том наивный.	3350423
2	4.03	2.69	1	3	1	Tom je naivan.	Том наивен.	3350423
2	4.03	2.69	1	3	1	U šta veruješ?	Во что ты веришь?	5909471
2	4.03	2.69	1	3	1	Videla sam mačku.	Я видела кошку.	5841810
2	4.03	2.95	0	4	1	Imam privremenu vozačku dozvolu.	У меня временные водительские права.	3279778
2	4.03	2.27	1	4	1	Koliko si velik porastao!	Какой ты большой вырос!	931762
2	4.03	0.94	3	4	1	Ne treba mi ništa.	Мне ничего не нужно.	5909492
2	4.03	1.61	2	4	1	Čija su ovo kola?	Чья это машина?	5843369
2	4.03	1.44	1	6	1	On ima mnogo knjiga o istoriji.	У него много книг по истории.	901395
2	4.04	1.37	3	3	1	Nemam drugih pitanja.	У меня нет других вопросов.	8888867
2	4.04	2.70	1	3	1	Slušala je muziku.	Она слушала музыку.	3392070
2	4.04	2.28	1	4	1	Kako je prošao intervju?	Как прошло интервью?	3371252
2	4.04	2.29	1	4	1	Sat je na zidu.	Часы висят на стене.	3343440
2	4.04	2.12	0	4	2	Čujem da neko peva.	Я слышу, как кто-то поёт.	3370556
2	4.04	1.86	1	5	1	- Ko ste vi? -Ja - mama.	"Вы кто?" — "Я мама".	1116822
2	4.04	1.87	1	5	1	On je bio moj kolega.	Он был моим коллегой.	3506040
2	4.04	2.12	0	6	1	Jesi li ikada video nešto ovako?	Ты когда-нибудь видел что-то подобное?	4240796
2	4.05	2.71	1	2	1	Ne brini.	Не беспокойся.	465950
2	4.05	2.71	1	2	1	Ne brini.	Не волнуйся.	465950
2	4.05	2.71	1	2	1	Pijete kafu?	Ты пьёшь кофе?	1168708
2	4.05	2.71	1	3	1	Mama je plakala.	Мама плакала.	6535707
2	4.05	2.71	1	3	1	Ne volim kolače.	Я не люблю пирожные.	3284425
2	4.05	2.71	1	3	1	Ona je plakala.	Она плакала.	1228544
2	4.05	2.13	0	4	2	Hoću da se vratim.	Я хочу возвратиться.	3435909
2	4.05	1.62	2	4	1	Ko su ovi ljudi?	Кто эти люди?	3429825
2	4.05	2.96	0	4	1	Moj brat je idiot.	Мой брат - идиот.	3302927
2	4.05	2.29	1	4	1	Možete li to ponoviti?	Не могли бы вы повторить это?	5848013
2	4.05	2.29	1	4	1	Možete li to ponoviti?	Можете ли это повторить?	5848013
2	4.05	1.46	1	4	2	Tom voli da piše.	Том любит писать.	4248691
2	4.05	1.88	1	5	1	Bila je to loša situacija.	Это была плохая ситуация.	5028718
2	4.05	1.05	1	5	2	Ovako je trebalo da bude.	Вот как это должно было быть.	4238252
2	4.05	1.88	1	5	1	To je bila loša situacija.	Это была плохая ситуация.	5028717
2	4.06	2.72	1	2	1	Slušaj pažljivo.	Слушай внимательно.	5003552
2	4.06	3.39	0	2	1	Učim korejski.	Я учу корейский.	4243342
2	4.06	3.38	0	3	1	Imaš čudesan glas.	У тебя чудесный голос.	3418509
2	4.06	3.38	0	3	1	Kakav čudesan dan!	Какой чудесный день!	1135344
2	4.06	2.05	2	3	1	Otvorila je vrata.	Она открыла дверь.	6900190
2	4.06	2.30	1	4	1	Gde sam ga stavila?	Куда я его поставила?	4449846
2	4.06	2.30	1	4	1	Gde sam ga stavila?	Куда я его положила?	4449846
2	4.06	2.30	1	4	1	Gde sam je stavila?	Куда я её положила?	4449847
2	4.06	2.30	1	4	1	Gde sam je stavila?	Куда я её поставила?	4449847
2	4.06	2.97	0	4	1	Ova olovka ne radi.	Этот карандаш не пишет.	5002888
2	4.06	1.88	1	5	1	Ima li nekoga u kući?	В доме кто-нибудь есть?	6535709
2	4.06	1.88	1	5	1	Imala sam mnogo loš dan.	У меня был очень плохой день.	4274699
2	4.06	1.88	1	5	1	Imao sam mnogo loš dan.	У меня был очень плохой день.	4274697
2	4.06	1.88	1	5	1	Moj automobil je u garazi.	Мой автомобиль в гараже.	6024223
2	4.06	2.55	0	5	1	Sneg je beo i hladan.	Снег белый и холодный.	2135787
2	4.06	1.22	2	5	1	Tom živi u centru grada.	Том живёт в центре города.	5024377
2	4.06	1.88	1	5	1	Tri su osobe na slici.	На картине три человека.	3477700
2	4.06	1.47	1	6	1	Niko ne živi u ovoj kući.	В этом доме никто не живёт.	664827
2	4.06	1.47	1	6	1	Sutra ću biti kući ceo dan.	Завтра я весь день буду дома.	5843358
2	4.06	1.47	1	6	1	Sutra ću biti kući ceo dan.	Завтра я целый день буду дома.	5843358
2	4.07	2.73	1	3	1	On je trčao.	Он бежал.	2263835
2	4.07	2.73	1	3	1	On je trčao.	Он бегал.	2263835
2	4.07	2.06	2	3	1	On poznaje gradonačelnika.	Он знаком с градоначальником.	3264392
2	4.07	2.06	2	3	1	On poznaje gradonačelnika.	Он знаком с мэром.	3264392
2	4.07	2.06	2	3	1	Šta ste kupili?	Вы кого купили?	1103110
2	4.07	2.14	0	4	2	Da li imaš blog?	У тебя есть блог?	2499655
2	4.07	2.31	1	4	1	Pacijent je izgledao zdravo.	Пациент выглядел здоровым.	3429736
2	4.07	1.89	1	5	1	Neko je u ovoj sobi.	В этой комнате кто-то есть.	3414566
2	4.07	1.89	1	5	1	Ona ga nikada nije videla.	Она его никогда не видела.	6897454
2	4.07	1.89	1	5	1	Pogrešno si napisao moje ime.	Ты неправильно написал моё имя.	3544592
2	4.07	1.89	1	5	1	Volim svu svoju decu podjednako.	Я люблю всех своих детей одинаково.	6863192
2	4.08	3.40	0	2	1	Imam baklju.	У меня есть факел.	8838971
2	4.08	2.56	0	2	2	Pasoš, molim.	Паспорт, пожалуйста.	3386990
2	4.08	2.06	2	2	1	Pobedili smo!	Мы победили!	4993205
2	4.08	2.06	2	2	1	Pobedili smo.	Мы победили.	2057008
2	4.08	2.06	2	2	1	Pobedili ste!	Вы победили!	4993171
2	4.08	2.06	2	2	1	Pobedili su.	Они победили.	6535748
2	4.08	2.98	0	4	1	Imam alergiju na mleko.	У меня аллергия на молоко.	3484163
2	4.08	2.31	1	4	1	Zašto žene vole poklone?	Почему женщины любят подарки?	3478058
2	4.08	1.24	2	5	1	Beograd je glavni grad Srbije.	Белград — столица Сербии.	1080480
2	4.08	1.90	1	5	1	Bila je to teška odluka.	Это было трудное решение.	5028721
2	4.08	1.73	0	5	2	Da li me neko čuje?	Меня кто-нибудь слышит?	3424992
2	4.08	1.24	2	5	1	Glavni grad Srbije je Beograd.	Столица Сербии - Белград.	1133792
2	4.08	1.90	1	5	1	Izgubila je svoj novi sat.	Она потеряла свои новые часы.	3393877
2	4.08	1.90	1	5	1	Moji me prijatelji zovu profesor.	Друзья зовут меня профессором.	3478029
2	4.08	1.90	1	5	1	Napisao je knjigu o Kini.	Он написал книгу о Китае.	3305653
2	4.08	1.90	1	5	1	Napisao je knjigu u Kini.	Он написал книгу в Китае.	3305651
2	4.08	2.57	0	5	1	Ona se mnogo plaši zmija.	Она очень боится змей.	3256196
2	4.09	2.58	0	3	2	Hoću da spavam!	Я спать хочу!	3547622
2	4.09	3.41	0	3	1	Ja nisam Kanađanin.	Я не канадец.	3334744
2	4.09	3.41	0	3	1	Ja sam Kanađanin.	Я канадец.	4999323
2	4.09	2.58	0	3	2	Jedan nož, nedostaje.	Одного ножа не хватает.	3313383
2	4.09	2.74	1	3	1	Koliko si popio?	Сколько ты выпил?	8862236
2	4.09	2.08	2	3	1	Nemaš sve činjenice.	У вас нет всех фактов.	3531363
2	4.09	2.08	2	3	1	Nemaš sve činjenice.	У тебя нет всех фактов.	3531363
2	4.09	2.08	2	3	1	Nemaš sve činjenice.	Ты не располагаешь всеми фактами.	3531363
2	4.09	2.08	2	3	1	Nismo ništa pitali.	Мы ничего не спрашивали.	3410249
2	4.09	2.99	0	4	1	Boston je prelep grad.	Бостон — прекрасный город.	3410296
2	4.09	2.99	0	4	1	Braon šešir je star.	Коричневая шляпа старая.	3440806
2	4.09	2.99	0	4	1	Koliko knjiga pročitaš mesečno?	Сколько книг ты читаешь за месяц?	3250842
2	4.09	2.99	0	4	1	Koliko košta ovaj šešir?	Сколько стоит эта шляпа?	6316171
2	4.09	2.16	0	4	2	On voli da putuje.	Он любит путешествовать.	3285930
2	4.09	2.99	0	4	1	Ona hoće novi šešir.	Она хочет новую шляпу.	3392096
2	4.09	2.99	0	4	1	Zašto ne jedeš povrće?	Почему ты не ешь овощи?	3390107
2	4.09	2.57	0	5	1	Veliki brod zahteva duboku vodu.	Большому кораблю нужна глубокая вода.	1149292
2	4.09	1.32	0	6	2	Da li si video ovaj film?	Ты видел этот фильм?	3288357
2	4.10	2.08	2	3	1	Rešili smo problem.	Мы решили проблему.	5633348
2	4.10	2.33	1	4	1	Matis je poznati slikar.	Матисс - известный художник.	1835594
2	4.10	3.00	0	4	1	Ona obožava italijansku operu.	Она обожает итальянскую оперу.	3437366
2	4.10	1.92	1	5	1	Danas sam pročitao jednu knjigu.	Я сегодня прочитал одну книгу.	3386969
2	4.10	1.92	1	5	1	Već sam pročitao ovu knjigu.	Я уже прочитал эту книгу.	3318201
2	4.10	1.25	2	5	1	Znate li koliko je sati?	Знаете, сколько время?	5847119
2	4.10	1.25	2	5	1	Znate li koliko je sati?	Вы знаете, сколько времени?	5843389
2	4.10	2.17	0	6	1	Moram se boriti za svoju demokratiju.	Мы должны бороться за свою демократию.	1043520
2	4.11	3.42	0	2	1	Kako dirljivo!	Как трогательно!	4999454
2	4.11	2.09	2	2	1	Zaboravili smo.	Мы забыли.	6018047
2	4.11	3.43	0	3	1	Lingvistika je korisna.	Лингвистика полезна.	3484162
2	4.11	2.09	2	3	1	Nešto smo zaboravili.	Мы что-то забыли.	3395297
2	4.11	2.18	0	4	2	Moram da uradim nešto.	Я должен что-то сделать.	3395185
2	4.11	3.00	0	4	1	On ima interesantnu knjigu.	У него есть интересная книга.	3369415
2	4.11	1.93	1	5	1	Nas dvoje smo toliko različiti.	Мы двое такие разные.	6150587
2	4.11	1.76	0	5	2	Ne želim da idem sam.	Я не хочу идти один.	884468
2	4.12	2.77	1	2	1	Znaće oni.	Они узнают.	4993314
2	4.12	3.43	0	3	1	Ja sam Gregor.	Я Грегор.	2149766
2	4.12	2.77	1	3	1	Napunio sam čašu.	Я наполнил стакан.	3650886
2	4.12	2.77	1	3	1	Napunio sam čašu.	Я наполнил бокал.	3650886
2	4.12	2.77	1	3	1	Tom mrzi Mariju.	Том ненавидит Марию.	3392008
2	4.12	2.10	2	3	1	Zemlja je planeta.	Земля - это планета.	3366101
2	4.12	2.10	2	3	1	Zemlja je planeta.	Земля - планета.	3366101
2	4.12	2.35	1	4	1	Automobil je zamenio bicikl.	Автомобиль заменил велосипед.	11172042
2	4.12	1.52	1	4	2	Kada se to desilo?	Когда это случилось?	10689102
2	4.12	1.69	2	4	1	Nikada nismo imali auto.	У нас никогда не было автомобиля.	3374226
2	4.12	2.35	1	4	1	Ona ima lepe oči.	У неё красивые глаза.	3304324
2	4.12	2.35	1	4	1	Ona ima lepe oči.	У нее красивые глаза.	3304324
2	4.12	3.02	0	4	1	Zašto je nebo plavo?	Почему небо голубое?	3334752
2	4.12	1.10	1	5	2	Ja ne mogu da kažem.	Я не могу сказать.	1103122
2	4.13	2.11	2	2	1	Volim zabave.	Я люблю праздники.	1054401
2	4.13	1.53	1	4	2	Da li ste spremni?	Вы готовы?	3318091
2	4.13	1.69	2	4	1	Došli smo po tebe.	Мы пришли за тобой.	4253864
2	4.13	0.86	2	4	2	Hjustone, imali smo problem.	Хьюстон, у нас была проблема.	6059324
2	4.13	3.03	0	4	1	Latinski je mrtav jezik.	Латынь - мёртвый язык.	3341490
2	4.13	3.03	0	4	1	Ne znam dobro Latinski.	Я не силён в латыни.	3341491
2	4.13	1.69	2	4	1	On ima dvoje kola.	У него две машины.	6918459
2	4.13	1.69	2	4	1	Zašto ste to uradili?	Зачем вы это сделали?	4258337
2	4.13	1.69	2	4	1	Šta ste sad uradili?	Что вы сейчас сделали?	4258331
2	4.13	1.69	2	4	1	Šta ste sada uradili?	Что вы сейчас сделали?	4258330
2	4.13	1.36	0	6	2	Da li je to samo igra?	Это просто игра?	3427973
2	4.14	2.12	2	3	1	Danas nema vetra.	Сегодня нет ветра.	3248309
2	4.14	1.70	2	4	1	Bili smo dobri prijatelji.	Мы были хорошими друзьями.	3373365
2	4.14	3.03	0	4	1	Ili Cezar ili ništa.	Или Цезарь, или ничего.	5809524
2	4.14	3.03	0	4	1	Ili Cezar ili ništa.	Или Цезарь, или ничто.	5809523
2	4.14	2.36	1	4	1	Ja sam načulio uši.	Я навострил уши.	1043439
2	4.14	2.37	1	4	1	Kako je ona izgledala?	Как она выглядела?	3495248
2	4.14	3.03	0	4	1	On je strpljiv čovek.	Он терпеливый человек.	3414421
2	4.14	3.03	0	4	1	On tečno čita francuski.	Он бегло читает по-французски.	6906393
2	4.14	2.62	0	5	1	Ja imam baštu za povrće.	У меня есть огород.	2315420
2	4.14	1.95	1	5	1	Ja sam radio u banci.	Я работал в банке.	1179884
2	4.14	1.95	1	5	1	Kakva je bila tvoja strategija?	Какая у тебя была стратегия?	13818689
2	4.14	2.62	0	5	1	Taj sat žuri jedan minut.	Те часы спешат на одну минуту.	665165
2	4.14	2.20	0	6	1	Ovaj fenomen je veoma lako objasniti.	Этот феномен очень легко объяснить.	3391620
2	4.15	2.79	1	2	1	Volim slatkiše.	Я люблю сладкое.	3387075
2	4.15	2.79	1	2	1	Volim slatkiše.	Я люблю сладости.	3387075
2	4.15	2.13	2	3	1	Hoćeš li ribe?	Хочешь рыбы?	3430782
2	4.15	2.79	1	3	1	Jesi li spavala?	Ты спала?	4258417
2	4.15	2.79	1	3	1	On se uplašio.	Он испугался.	3472815
2	4.15	2.79	1	3	1	Ona voli slatkiše.	Она любит сладкое.	3438002
2	4.15	2.79	1	3	1	Ona voli slatkiše.	Она любит сладости.	3438002
2	4.15	2.37	1	4	1	Tom je vrlo star.	Том очень старый.	3438648
2	4.15	2.38	1	4	1	U kom pravcu ideš?	В каком направлении ты идёшь?	6148840
2	4.15	1.29	2	5	1	Na svetu postoji mnogo jezika.	В мире существует много языков.	1185058
2	4.15	1.95	1	5	1	Ne ulazi u moju sobu.	Не заходи в мою комнату.	1051916
2	4.15	2.62	0	5	1	Nisam ljut ni na koga.	Я ни на кого не злюсь.	4972234
2	4.15	1.95	1	5	1	On je došao u sobu.	Он вошёл в комнату.	900754
2	4.15	1.95	1	5	1	Ušao sam u njenu sobu.	Я вошёл в её комнату.	6918398
2	4.15	2.62	0	5	1	Zašto si ljut na mene?	Почему ты на меня зол?	6856804
2	4.16	2.13	2	3	1	Dodajte još vode.	Добавьте ещё воды.	5024383
2	4.16	2.38	1	4	1	Alkohol ne rešava probleme.	Алкоголь не решает проблемы.	3425432
2	4.16	2.22	0	4	2	Kada je tvoj rođendan?	Когда у тебя день рождения?	3791309
2	4.16	2.38	1	4	1	To je bilo užasno.	Это было ужасно.	6899979
2	4.16	1.71	2	4	1	To je duga priča.	Это долгая история.	3357029
2	4.16	2.39	1	4	1	Voz nije još stigao.	Поезд ещё не прибыл.	3311747
2	4.16	2.22	0	4	2	Želim da budem inženjer.	Я хочу быть инженером.	1181834
2	4.17	1.06	3	4	1	Koje ti je ime?	Какое у тебя имя?	3317298
2	4.17	1.06	3	4	1	Koje ti je ime?	Как твоё имя?	6974399
2	4.17	2.39	1	4	1	Tom veoma brzo trči.	Том очень быстро бегает.	7035790
2	4.17	1.31	2	5	1	Došao je oko četiri sata.	Он пришёл около четырёх часов.	885110
2	4.17	2.64	0	5	1	Moj otac sluša klasičnu muziku.	Мой отец слушает классическую музыку.	3644178
2	4.17	2.64	0	5	1	Nevolja nikad ne dolazi sama.	Беда никогда не приходит одна.	5630495
2	4.17	1.31	2	5	1	Sada je skoro tri sata.	Сейчас почти три часа.	3314408
2	4.17	2.64	0	5	1	Veoma sam ponosna na mamu.	Я очень горжусь мамой.	5625612
2	4.17	2.23	0	6	1	To nije dobro za spavanje noću.	Это не полезно для ночного сна.	3484152
2	4.18	2.82	1	2	1	Svi greše.	Все ошибаются.	8917511
2	4.18	3.48	0	2	1	Vratiću se.	Я вернусь.	5599965
2	4.18	2.65	0	3	2	Da li razumeš?	Ты понимаешь?	3047056
2	4.18	2.23	0	4	2	Moram da to uzmem.	Я должен это взять.	3365556
2	4.18	2.23	0	4	2	Moram da to uzmem.	Я должна это взять.	3365556
2	4.18	2.40	1	4	1	Živite li u gradu?	Вы живёте в городе?	1498224
2	4.18	1.98	1	5	1	Ostavi moj auto na miru.	Оставь мою машину в покое.	3425858
2	4.18	2.65	0	5	1	Taj nož je veoma oštar.	Этот нож очень острый.	1081760
2	4.18	1.15	1	5	2	Zašto nije mogao da dođe?	Почему он не смог прийти?	10976267
2	4.18	1.15	1	5	2	Zašto nije mogla da dođe?	Почему она не смогла прийти?	10976268
2	4.18	2.23	0	6	1	Pitam se čija je ovo rečenica.	Интересно, чьё это предложение.	6159457
2	4.18	2.23	0	6	1	Znaš li šta znači ova rečenica?	Ты знаешь, что означает это предложение?	4249171
2	4.19	2.82	1	3	1	Mačke su pametne.	Кошки умные.	3424985
2	4.19	2.24	0	4	2	Uhvati me ako možeš.	Поймай меня, если сможешь.	11052549
2	4.19	2.24	0	4	2	Uhvati me ako možeš.	Поймайте меня, если сможете.	11052549
2	4.19	2.24	0	4	2	Volim da slušam muziku.	Я люблю слушать музыку.	3484258
2	4.19	2.40	1	4	1	Čije su ovo cipele?	Чьи это туфли?	3438841
2	4.20	3.50	0	2	1	Zaslužujem to.	Я заслуживаю этого.	5848781
2	4.20	3.50	0	2	1	Zašto odlaziš?	Почему ты уходишь?	5919377
2	4.20	2.17	2	3	1	Gore je nebo.	Сверху небо.	1266647
2	4.20	3.50	0	3	1	Ja to zaslužujem.	Я заслуживаю этого.	5848780
2	4.20	3.08	0	4	1	Ja volim sunčevu svetlost.	Я люблю солнечный свет.	1261882
2	4.20	2.41	1	4	1	Konačno sam postao odrastao.	Наконец я стал взрослым.	3374228
2	4.20	2.42	1	4	1	Mačka vidi u mraku.	Кошка видит в темноте.	3248292
2	4.20	2.41	1	4	1	Soba je bila prazna.	Комната была пуста.	3477729
2	4.20	2.00	1	5	1	On sada živi u stanu.	Он сейчас живёт в квартире.	3327342
2	4.20	2.67	0	5	1	Osam plus deset je osamnaest.	Восемь плюс десять — восемнадцать.	3370904
2	4.21	3.09	0	4	1	Zemlja obećava bogatu žetvu.	Земля обещает богатый урожай.	1057372
2	4.21	1.84	0	5	2	Da li je ona lekar?	Она врач?	3266831
2	4.21	2.01	1	5	1	Razumem zašto si uradila to.	Я понимаю, почему ты это сделала.	8882159
2	4.21	2.26	0	6	1	On stalno gubi njegov mobilni telefon.	Он постоянно теряет свой мобильный телефон.	938954
2	4.22	1.51	3	3	1	Koliko godina imaš?	Сколько тебе лет?	1627567
2	4.22	1.51	3	3	1	Koliko imaš godina?	Сколько тебе лет?	5944876
2	4.22	2.18	2	3	1	Svi su čekali.	Все ждали.	4996931
2	4.22	1.51	3	3	1	Ti imaš problem.	У тебя проблема.	3645019
2	4.22	2.43	1	4	1	Ja sam u razredu.	Я в классе.	1097805
2	4.22	2.01	1	5	1	Govori li Tom stvarno francuski?	Том действительно говорит по-французски?	4239775
2	4.22	2.02	1	5	1	On je otkrio novu zvezdu.	Он открыл новую звезду.	3306836
2	4.23	2.86	1	2	1	Pitaj Aleksa.	Спроси у Алекса.	2263852
2	4.23	3.53	0	2	1	Vegetarijanac sam.	Я вегетарианец.	5043642
2	4.23	3.53	0	3	1	Ja sam vegetarijanac.	Я вегетарианец.	1442153
2	4.23	2.44	1	4	1	Bilo je veoma hladno.	Было довольно холодно.	1133566
2	4.23	1.78	2	4	1	Imaš li dve knjige?	У тебя две книги?	1103131
2	4.23	3.11	0	4	1	Ja imam mali vinograd.	У меня есть небольшой виноградник.	2315427
2	4.23	1.77	2	4	1	Tom je voleo Meri.	Том любил Мэри.	4644928
2	4.23	1.77	2	4	1	Uvek sam voleo knjige.	Я всегда любил книги.	3380342
2	4.24	3.53	0	3	1	Gde je votka?	Где водка?	3298602
2	4.24	2.86	1	3	1	Gde su rukavice?	Где перчатки?	3370808
2	4.24	2.86	1	3	1	Gde su rukavice?	Где рукавицы?	3370808
2	4.24	2.87	1	3	1	Šta si sakrio?	Что ты спрятал?	3347551
2	4.24	2.28	0	4	2	Da li imaš psa?	У тебя есть собака?	4784589
2	4.24	2.45	1	4	1	Ja ću vas zaštititi!	Я буду вас защищать!	3503802
2	4.24	3.12	0	4	1	Koliko košta ovaj kišobran?	Сколько стоит этот зонтик?	5843318
2	4.24	3.12	0	4	1	Koliko košta ovaj kišobran?	Сколько стоит этот зонт?	5843318
2	4.24	2.45	1	4	1	On je na brodu.	Он на корабле.	1200554
2	4.24	2.45	1	4	1	Tom je danas bolestan.	Том сегодня болеет.	4251195
2	4.24	3.12	0	4	1	Čiji je ovo kišobran?	Чей это зонт?	5843362
2	4.24	3.12	0	4	1	Čiji je ovo kišobran?	Чей это зонтик?	5843362
2	4.24	1.37	2	5	1	Bio sam tamo dva puta.	Я был там два раза.	5586403
2	4.24	2.03	1	5	1	Ja sam platio za to.	Я за это заплатил.	5841843
2	4.24	1.37	2	5	1	Nemam ništa novca kod mene.	У меня нет с собой нисколько денег.	3311700
2	4.24	2.70	0	5	1	Ona je ljuta na mene.	Она на меня сердится.	934210
2	4.24	2.70	0	5	1	Ona je ljuta na mene.	Она на меня злится.	934210
2	4.25	2.21	2	2	1	Pokušajte ponovo.	Попробуйте снова.	2263893
2	4.25	3.54	0	2	1	Žedna sam.	Я хочу пить.	5557579
2	4.25	3.54	0	3	1	Gde je kelner?	Где официант?	3357157
2	4.25	2.88	1	3	1	Kako se zovete?	Как Вас зовут?	476824
2	4.25	3.54	0	3	1	On ima kamenac.	У него камень.	1636334
2	4.25	2.88	1	3	1	Zidovi su beli.	Стены белые.	3475741
2	4.25	1.54	3	3	1	Znam ti lice.	Я знаю твоё лицо.	4992857
2	4.25	1.54	3	3	1	Znam ti lice.	Мне знакомо твоё лицо.	4992857
2	4.25	2.46	1	4	1	Ima li Tom sestru?	У Тома есть сестра?	8829889
2	4.25	1.79	2	4	1	On je iz Francuske.	Он из Франции.	3327290
2	4.25	1.79	2	4	1	On je otvorio vrata.	Он открыл дверь.	3494419
2	4.25	1.79	2	4	1	On je otvorio vrata.	Он отворил ворота.	3494419
2	4.25	1.79	2	4	1	On je otvorio vrata.	Он открыл ворота.	3494419
2	4.25	2.46	1	4	1	Sve ptice ne lete.	Не все птицы летают.	1312276
2	4.25	2.04	1	5	1	Moj muž je izgubio posao.	Мой муж потерял работу.	4971851
2	4.25	1.62	1	6	1	Ja ne znam ko su oni.	Я не знаю, кто они такие.	6922062
2	4.26	3.55	0	3	1	Imam loš mamurluk.	У меня тяжелое похмелье.	4274693
2	4.26	2.88	1	3	1	Tom je siromašan.	Том бедный.	3391253
2	4.26	2.88	1	3	1	Voliš li kostime?	Ты любишь костюмы?	4246853
2	4.26	3.14	0	4	1	Slon ima dugačak nos.	У слона длинный нос.	1188884
2	4.26	2.47	1	4	1	Studirao je u inostranstvu.	Он учился за границей.	8842814
2	4.26	2.71	0	5	1	Bliži se fantastična norveška jesen.	Приближается фантастическая норвежская осень.	3456598
2	4.26	0.63	0	6	3	Možda da, a možda i ne.	Может быть, а может быть нет...	1714774
2	4.26	1.64	1	6	1	To je uradio na naš zahtev.	Он сделал это по нашей просьбе.	6914761
2	4.26	1.88	0	7	1	Znaš li nekoga tamo ko govori Urdu?	Ты знаешь там кого-нибудь, кто говорит на урду?	3244643
2	4.27	3.56	0	2	1	Igram hokej.	Я играю в хоккей.	5841833
2	4.27	3.56	0	2	1	Igram hokej.	Играю в хоккей.	5863910
2	4.27	2.89	1	3	1	Bila sam prljava.	Я была грязная.	8849031
2	4.27	3.56	0	3	1	Ja igram hokej.	Я играю в хоккей.	5863913
2	4.27	1.56	3	3	1	Ti ne znaš.	Ты не знаешь.	3357177
2	4.27	3.14	0	4	1	Izledao je prilično umorno.	Он выглядел достаточно усталым.	1133539
2	4.27	1.81	2	4	1	Sunce je izvor života.	Солнце — источник жизни.	1261874
2	4.27	2.48	1	4	1	Tom se loše ljubi.	Том неважно целуется.	4238404
2	4.27	2.06	1	5	1	Šta radiš u slobodno vreme?	Чем ты занимаешься в свободное время?	3390113
2	4.27	1.48	0	6	2	Ne želim da to radim ovde.	Я не хочу делать это здесь.	3394968
2	4.27	1.48	0	6	2	Ne želim da to radim ovde.	Я не хочу заниматься этим здесь.	3394968
2	4.27	1.48	0	6	2	Znam tačno šta treba da radim.	Я точно знаю, что мне нужно делать.	4256584
2	4.28	2.90	1	3	1	Hvala na informaciji.	Спасибо за информацию.	3244099
2	4.28	2.48	1	4	1	Tom hoda kao starac.	Том ходит как старик.	8907129
2	4.28	3.15	0	4	1	Vetar duva kao blesav.	Ветер дует как сумасшедший.	397576
2	4.28	2.07	1	5	1	Moj otac radi u fabrici.	Мой отец работает на фабрике.	3244711
2	4.28	2.06	1	5	1	Njemu se dopada njegov položaj.	Ему нравится его положение.	1181854
2	4.29	2.90	1	2	1	Nađi posao!	Найди работу!	3439022
2	4.29	2.49	1	4	1	Ja sam uključio svetlo.	Я включил свет.	3518002
2	4.29	2.32	0	4	2	Nemam ništa da dodam.	Мне нечего добавить.	3386932
2	4.29	1.16	3	4	1	Novca je bilo dovoljno.	Денег было достаточно?	1835593
2	4.29	2.49	1	4	1	Sutra se vraćam kući.	Завтра я возвращаюсь домой.	6310171
2	4.29	2.49	1	4	1	Sve je mnogo jednostavnije.	Всё намного проще.	3351324
2	4.29	2.08	1	5	1	Gde si bio u Japanu?	Где ты был в Японии?	3304894
2	4.29	1.41	2	5	1	On je vlasnik te zemlje.	Он собственник этой земли.	3435922
2	4.30	2.25	2	3	1	Danas očekujem klijenta.	Сегодня я ожидаю клиента.	3391272
2	4.30	2.25	2	3	1	Dodaj još vode.	Добавь ещё воды.	5024382
2	4.30	2.75	0	3	2	Kao patriota, ne.	Как патриот, нет.	13842626
2	4.30	1.58	3	3	1	Kod roditelja sam.	Я у родителей.	6593653
2	4.30	3.16	0	4	1	Koliko često dolaziš ovde?	Как часто ты сюда приходишь?	3418044
2	4.30	1.67	1	4	2	Nisam mogao da govorim.	Я не мог говорить.	3412936
2	4.30	2.50	1	4	1	Ona radi u Belgiji.	Она работает в Бельгии.	13689908
2	4.30	1.83	2	4	1	Ovde i ovoga časa.	Здесь и сейчас.	3484417
2	4.30	2.50	1	4	1	Svi autobusi su puni.	Все автобусы переполнены.	3292521
2	4.30	2.50	1	4	1	Tom ceni savremenu umetnost.	Том ценит современное искусство.	665167
2	4.30	2.08	1	5	1	Barselona se nalazi u Španiji.	Барселона находится в Испании.	1053560
2	4.30	2.33	0	6	1	Ne želim ni meso ni ribu.	Не хочу ни мяса, ни рыбы.	3267837
2	4.31	3.59	0	2	1	Biću automehaničar.	Я буду автомехаником.	3472102
2	4.31	3.59	0	2	1	Ja prevodim.	Я перевожу.	399088
2	4.31	2.92	1	3	1	Lagao te je.	Он лгал тебе.	6827709
2	4.31	3.59	0	3	1	Prsten je tesan.	Кольцо тесное.	3395222
2	4.31	3.17	0	4	1	Moj francuski je sranje.	Мой французский хреновый.	776533
2	4.31	2.51	1	4	1	Zaboravila sam njegovo ime.	Я забыла его имя.	3440362
2	4.31	1.42	2	5	1	Imali su samo jedno dete.	У них был только один ребёнок.	938880
2	4.31	2.09	1	5	1	Nisam nikada čitao tu knjigu.	Я никогда не читал ту книгу.	3304406
2	4.31	2.76	0	5	1	Ovaj argument je čista retorika.	Этот аргумент - чистая риторика.	3391948
2	4.31	2.76	0	5	1	To je isključivo moja zasluga.	Это исключительно моя заслуга.	6914755
2	4.31	2.76	0	5	1	To je isključivo tvoja zasluga.	Это исключительно твоя заслуга.	6914750
2	4.31	2.76	0	5	1	To je isključivo Vaša zasluga.	Это исключительно Ваша заслуга.	6914752
2	4.31	1.26	1	5	2	Tom hoće da radi ovde.	Том хочет здесь работать.	8870125
2	4.32	1.60	3	2	1	Nemam reči.	У меня нет слов.	3414822
2	4.32	2.26	2	2	1	Tražim baterije.	Я ищу батарейки.	892213
2	4.32	1.60	3	3	1	Imam dva automobila.	У меня два автомобиля.	3425849
2	4.32	2.35	0	4	2	Da li imaš rečnik?	У тебя есть словарь?	3425433
2	4.32	2.35	0	4	2	Da li me voliš?	Ты меня любишь?	3470325
2	4.32	2.35	0	4	2	Da li voliš muziku?	Ты любишь музыку?	3287631
2	4.32	2.35	0	4	2	Da li voliš zimu?	Ты любишь зиму?	10689101
2	4.32	2.52	1	4	1	Juče sam igrala tenis.	Вчера я играла в теннис.	8894889
2	4.32	1.18	3	4	1	Ona ima sto godina.	Ей сто лет.	3430517
2	4.32	1.93	0	5	2	Ja moram da mnogo čitam.	Я должен много читать.	3424907
2	4.32	2.77	0	5	1	On je moj biološki otac.	Он мой биологический отец.	3424948
2	4.32	2.10	1	5	1	Život me je mnogo naučio.	Жизнь меня многому научила.	3373968
2	4.32	1.69	1	6	1	Tom će se uskoro vratiti kući.	Том скоро вернётся домой.	3438458
2	4.33	3.61	0	3	1	Ne optužujem te.	Я тебя не обвиняю.	3426478
2	4.33	2.94	1	3	1	Niko nije vikao.	Никто не кричал.	11057647
2	4.33	2.27	2	3	1	Videla sam miša.	Я видела мышь.	5841829
2	4.33	2.27	2	3	1	Video sam miša.	Я видел мышь.	5841826
2	4.33	3.61	0	3	1	Volim analni seks.	Я люблю анальный секс.	3350457
2	4.33	1.86	2	4	1	Ima li kraja ovome?	Есть ли конец этому?	8906802
2	4.33	1.86	2	4	1	Ja sam iz Kine.	Я из Китая.	8917498
2	4.33	1.86	2	4	1	Moj sin ima sina.	У моего сына есть сын.	1183395
2	4.33	1.86	2	4	1	On ima tri sina.	У него три сына.	3311587
2	4.33	2.53	1	4	1	Onje pošao u prodavnicu.	Он пошёл в магазин.	1173798
2	4.33	1.94	0	5	2	Tema zaslužuje da bude prodiskutovana.	Эта тема заслуживает обсуждения.	6877149
2	4.34	2.28	2	3	1	Imam velikog psa.	У меня есть большая собака.	3350424
2	4.34	2.28	2	3	1	Imam velikog psa.	У меня большая собака.	3350424
2	4.34	2.28	2	3	1	Znam tvoje ime.	Я знаю твоё имя.	3426493
2	4.34	2.28	2	3	1	Znam tvoje lice.	Я знаю твоё лицо.	4992856
2	4.34	2.28	2	3	1	Znam tvoje lice.	Мне знакомо твоё лицо.	4992856
2	4.34	1.70	1	4	2	Kada se to dogodilo?	Когда это случилось?	10689103
2	4.34	1.20	3	4	1	To je sedam sati.	Сейчас семь часов.	11172257
2	4.34	2.11	1	5	1	Konferencija nije baš bila uspešna.	Конференция прошла не очень успешно.	6876564
2	4.34	1.95	0	5	2	Pa, šta je tvoja tajna?	Так что у тебя за тайна?	4261744
2	4.34	2.12	1	5	1	Čula ga je kako peva.	Она слышала, как он поёт.	11171936
2	4.34	0.87	1	6	2	Da li si bio u Australji?	Ты был в Австралии?	3245505
2	4.35	3.62	0	2	1	Nisam grofica.	Я не графиня.	5628245
2	4.35	2.96	1	2	1	Ruke uvis!	Руки вверх!	392453
2	4.35	3.62	0	3	1	Ja nisam grofica.	Я не графиня.	5628243
2	4.35	1.62	3	3	1	Ko si ti?	Кто ты?	466242
2	4.35	1.62	3	3	1	Ko smo mi?	Кто мы?	5993482
2	4.35	2.54	1	4	1	Platila sam za to.	Я платила за это.	5841842
2	4.35	2.38	0	4	2	Sada možeš da ideš.	Сейчас можешь идти.	3645030
2	4.35	1.95	0	5	2	Bil može da vozi bicikl.	Бил умеет ездить на велосипеде.	1098999
2	4.35	2.13	1	5	1	Moj brat je pronašao rešenje.	Мой брат нашёл решение.	3344156
2	4.35	1.95	0	5	2	Ne zna da vozi bicikl?	Он не умеет ездить на велосипеде?	5596468
2	4.35	1.95	0	5	2	Ne zna da vozi bicikl?	Она не умеет ездить на велосипеде?	5596468
2	4.35	1.95	0	5	2	On vozi auto, zar ne?	Он водит машину, не так ли?	1181849
2	4.35	2.12	1	5	1	Puno sam mislila na tebe.	Я много думала о тебе.	800104
2	4.35	2.37	0	6	1	Previše sam star za ovako nešto.	Я слишком стар для таких вещей.	5925222
2	4.36	2.97	1	3	1	Danas je vruće.	Сегодня жарко.	3292476
2	4.36	1.64	3	3	1	Imam mnogo prijatelja.	У меня много друзей.	3245539
2	4.36	1.64	3	3	1	Imam nekoliko prijatelja.	У меня есть несколько друзей.	6947300
2	4.36	1.64	3	3	1	Nemam mnogo prijatelja.	У меня немного друзей.	3439275
2	4.36	1.64	3	3	1	Nemam puno prijatelja.	У меня немного друзей.	4238274
2	4.36	2.97	1	3	1	Studiram u inostranstvu.	Я учусь за границей.	3311755
2	4.36	2.55	1	4	1	Dvaput sam bila tamo.	Я была там дважды.	6148836
2	4.36	2.55	1	4	1	Dvaput sam bio tamo.	Я был там дважды.	6148835
2	4.36	2.39	0	4	2	Kada stiže sledeći voz?	Когда прибывает следующий поезд?	3386971
2	4.36	2.55	1	4	1	Oboje su dobri studenti.	Они оба хорошие студенты.	1181850
2	4.36	1.88	2	4	1	On je otvorio usta.	Он открыл рот.	3267678
2	4.36	2.13	1	5	1	Francuska je u zapadnoj Evropi.	Франция расположена в Западной Европе.	1173784
2	4.36	2.13	1	5	1	Francuska je u Zapadnoj Evropi.	Франция находится в Западной Европе.	1518765
2	4.36	2.80	0	5	1	Moj ujak ima veliku porodicu.	У моего дяди большая семья.	3440452
2	4.36	1.30	1	5	2	Oni moraju sutra da rade.	Они должны завтра работать.	3395200
2	4.37	3.22	0	4	1	Njegov bicikl je plav.	У него синий велосипед.	3288342
2	4.37	3.22	0	4	1	Njegov bicikl je plav.	Его велосипед синий.	3288342
2	4.37	2.39	0	4	2	Ona voli da trči.	Она любит бегать.	1751657
2	4.37	1.89	2	4	1	Tom je jutros stigao.	Том сегодня утром приехал.	5002762
2	4.37	1.89	2	4	1	Tom je stigao jutros.	Том приехал сегодня утром.	5002761
2	4.37	1.47	2	5	1	Tri puta tri je devet.	Трижды три — девять.	3370928
2	4.38	2.31	2	2	1	Ne govorite.	Не говорите.	4996842
2	4.38	2.32	2	2	1	Uzmite malo.	Возьмите немного.	4997626
2	4.38	2.31	2	3	1	Govorite li engleski?	Вы говорите по-английски?	3382591
2	4.38	2.31	2	3	1	Plašim se visine.	Я боюсь высоты.	3430701
2	4.38	2.40	0	4	2	Da li znaš Kineski?	Ты знаешь китайский?	3311760
2	4.38	2.56	1	4	1	Deca se raduju snegu.	Дети радуются снегу.	2135775
2	4.38	2.15	1	5	1	CD na stolu je moj.	Компакт-диск на столе — мой.	1214509
2	4.38	1.74	1	6	1	Ne postoje odgovori na vaša pitanja.	На ваши вопросы не существует ответов.	1188860
2	4.39	2.99	1	2	1	Napiši nešto.	Напиши что-нибудь.	6535673
2	4.39	2.99	1	3	1	Gde sam pogrešila?	Где я ошиблась?	4449861
2	4.39	2.33	2	3	1	Ona nema braće.	У нее нет братьев.	3243691
2	4.39	2.33	2	3	1	Ona nema braće.	У неё нет братьев.	3243691
2	4.39	2.99	1	3	1	Pogrešila sam jutros.	Я сегодня утром ошиблась.	4258283
2	4.39	3.00	1	3	1	Živim u Indoneziji.	Я живу в Индонезии.	4292449
2	4.39	1.74	1	4	2	Da li idemo kući?	Мы идём домой?	4333665
2	4.39	2.57	1	4	1	Postoji greška u rečenici.	В предложении есть ошибка.	3245263
2	4.39	1.74	1	4	2	Spremni smo da idemo.	Мы готовы идти.	5949348
2	4.39	2.58	1	4	1	Sve vidiš u crnom.	Ты всё видишь в чёрном цвете.	4245999
2	4.39	2.41	0	4	2	Volim da pijem kafu.	Я люблю пить кофе.	8869704
2	4.39	2.16	1	5	1	Imam časopis u svojoj sobi.	У меня в комнате есть журнал.	1250404
2	4.39	1.33	1	5	2	Moram da mislim na decu.	Я должен думать о детях.	5843289
2	4.40	3.00	1	3	1	Oni kopaju rupu.	Они роют яму.	1183332
2	4.40	1.92	2	4	1	Ja volim mog oca.	Я люблю своего отца.	3499732
2	4.40	2.58	1	4	1	Jesi li jeo nešto?	Ты ел что-нибудь?	4292389
2	4.40	2.58	1	4	1	Jesi li jeo nešto?	Ты что-нибудь ел?	4292389
2	4.40	3.25	0	4	1	On vodi buran život.	Он ведет бурную жизнь.	3297745
2	4.40	2.58	1	4	1	Pas nije jeo meso.	Собака не ела мяса.	3288669
2	4.40	1.75	1	4	2	Tom će da razume.	Том поймёт.	4993255
2	4.40	1.25	3	4	1	Šta znate o meni?	Что вы обо мне знаете?	6960630
2	4.40	2.17	1	5	1	Njoj se sviđa ruski pop.	Ей нравится русская попса.	398994
2	4.40	2.17	1	5	1	Oni kupuju povrće u supermarketu.	Они покупают овощи в супермаркете.	892939
2	4.41	2.34	2	2	1	Budite zahvalan.	Будь благодарен.	11170932
2	4.41	2.34	2	3	1	Oni imaju konja.	У них есть лошадь.	1498249
2	4.41	2.59	1	4	1	Možete me zvati Bob.	Можете звать меня Боб.	1059328
2	4.41	2.59	1	4	1	Samo pogledaj u ogledalo.	Просто взгляни в зеркало.	5894165
2	4.41	2.01	0	5	2	Da li je ispit sutra?	Экзамен завтра?	4238414
2	4.41	2.17	1	5	1	Danas je pao prvi sneg.	Сегодня выпал первый снег.	4250231
2	4.41	2.18	1	5	1	Marija i Maki su sestre.	Мария и Маки - сёстры.	3313755
2	4.41	2.17	1	5	1	Nisam razumeo šta je rekao.	Я не понял, что он сказал.	5594072
2	4.41	1.76	1	6	1	Prvi mesec u godini je januar.	Первый месяц года — январь.	13693966
2	4.42	3.02	1	2	1	Pričaj polako.	Говори медленно.	5944894
2	4.42	3.68	0	2	1	Šališ se?	Ты шутишь?	3291028
2	4.42	3.01	1	3	1	On grize nokte.	Он грызёт ногти.	3500266
2	4.42	2.60	1	4	1	Bila je velika eksplozija.	Был большой взрыв.	4971893
2	4.42	3.26	0	4	1	Moli ima veliki časovnik.	У Молли большие часы.	1133564
2	4.42	1.94	2	4	1	To je simbol uspeha.	Это символ успеха.	5588843
2	4.42	2.18	1	5	1	Jesi li slobodna u nedelju?	Ты свободна в воскресенье?	4239891
2	4.42	2.85	0	5	1	Koliko je dugačka reka Nil?	Какой длины река Нил?	4262004
2	4.42	2.85	0	5	1	Moj posao je moj hobi.	Моя работа - моё хобби.	3340695
2	4.42	2.43	0	6	1	Svako jutro za doručak jedem med.	Я каждое утро на завтрак ем мёд.	396720
2	4.42	2.01	0	7	1	Znaš li kako se koristi ova mašina?	Ты знаешь, как пользоваться этой машиной?	3430112
2	4.43	3.03	1	2	1	Ne trčite.	Не бегите.	4996807
2	4.43	3.03	1	2	1	Ne trčite.	Не бегайте.	4996807
2	4.43	3.03	1	3	1	Hvala na poklonu.	Спасибо за подарок.	6316119
2	4.43	2.61	1	4	1	Bio sam u bioskopu.	Я был в кино.	3306669
2	4.43	1.78	1	4	2	Da li si gledao?	Ты смотрел?	4258409
2	4.43	1.28	3	4	1	On ima osam godina.	Ему восемь лет.	8842744
2	4.43	2.61	1	4	1	Vi ste ozbiljno bolesni.	Вы серьёзно больны.	1183366
2	4.43	2.19	1	5	1	Niko nije brz kao vi.	Нет никого быстрее вас.	4292348
2	4.43	2.20	1	5	1	On sada radi u Engleskoj.	Он сейчас работает в Англии.	1116819
2	4.43	1.77	1	6	1	Moj prijatelj živi u ovoj kući.	Мой друг живёт в этом доме.	3439099
2	4.44	2.62	1	4	1	Gde su moje naočare?	Где мои очки?	1221130
2	4.44	1.95	2	4	1	Između zemlje i neba.	Между землёй и небом.	1056835
2	4.44	2.62	1	4	1	Nikad ne gubimo nadu.	Мы никогда не теряем надежду.	4967685
2	4.44	1.95	2	4	1	Studenti su se vratili.	Студенты вернулись.	396745
2	4.44	1.95	2	4	1	Svim stvarima dođe kraj.	Всем вещам приходит конец.	6334076
2	4.44	2.62	1	4	1	Tom ima lepu baštu.	У Тома красивый сад.	3437130
2	4.44	2.61	1	4	1	Tom se još skriva.	Том всё ещё прячется.	4251017
2	4.44	2.20	1	5	1	Moj mlađi brat gleda TV.	Мой младший брат смотрит телевизор.	3371580
2	4.44	1.78	1	6	1	On nije odgovorio na moje pitanje.	Он не ответил на мой вопрос.	1090463
2	4.45	1.29	3	4	1	Kako ti je žena?	Как твоя жена?	3311744
2	4.45	2.62	1	4	1	Nemoj biti tako ljut.	Не будь таким злым.	907928
2	4.45	2.62	1	4	1	Nemoj biti tako ljut.	Не будь таким сердитым.	907928
2	4.45	2.62	1	4	1	Sat visi na zidu.	Часы висят на стене.	1193479
2	4.45	1.29	3	4	1	Treba li ti novac?	Тебе нужны деньги?	4243513
2	4.45	2.87	0	5	1	Naš učitelj je prilično duhovit.	Наш учитель достаточно остроумный.	4248482
2	4.46	3.72	0	2	1	Popravljam kuću.	Я ремонтирую дом.	3291852
2	4.46	2.38	2	3	1	Imamo tri dečaka.	У нас три мальчика.	8894485
2	4.46	3.72	0	3	1	Ja sam nepoverljiv.	Я недоверчивый.	1050459
2	4.46	1.80	1	6	1	Niko te nije pitao za mišljenje.	Твоего мнения никто не спрашивал.	6964402
2	4.47	2.39	2	2	1	Izvinite me.	Извините меня.	2263875
2	4.47	3.72	0	2	1	Čekaću ovde.	Я буду ждать здесь.	3434924
2	4.47	3.73	0	3	1	Limun je kiseo.	Лимон кислый.	3247826
2	4.47	2.65	1	4	1	Norveška me je iznenadila.	Норвегия удивила меня.	3650896
2	4.47	2.65	1	4	1	Norveška me je iznenadila.	Норвегия меня удивила.	3650896
2	4.47	2.64	1	4	1	Portret visi na zidu.	Портрет висит на стене.	6899968
2	4.47	2.64	1	4	1	Prosto si bio umoran.	Ты просто устал.	13690408
2	4.47	2.06	0	5	2	Da li dugo radiš ovde?	Ты долго здесь работаешь?	4243539
2	4.47	2.23	1	5	1	Moji klijenti su uvek zadovoljni.	Мои клиенты всегда довольны.	5397831
2	4.47	2.05	0	5	2	To nije ono što tražim.	Это не то, что я ищу.	892215
2	4.47	2.05	0	5	2	Tražim nešto što ne postoji.	Я ищу то, чего не существует.	3266421
2	4.47	2.06	0	5	2	Zašto radiš to što radiš?	Зачем ты делаешь то, что ты делаешь?	3493627
2	4.47	2.06	0	5	2	Šta ćeš da radiš danas?	Что ты собираешься сегодня делать?	6314283
2	4.47	2.06	0	5	2	Šta ćeš danas da radiš?	Что ты собираешься сегодня делать?	6314282
2	4.47	1.14	2	6	1	On je bio ispred svog vremena.	Он опередил своё время.	3571468
2	4.47	2.47	0	6	1	Tomas ne zna kako se zovem.	Томас не знает, как меня зовут.	3391260
2	4.48	3.07	1	2	1	Ima grčeve.	У неё судороги.	8854747
2	4.48	3.07	1	2	1	Ima grčeve.	У него судороги.	8854747
3	4.48	1.74	3	2	1	Odgovori mi.	Ответь мне.	5003616
3	4.48	3.07	1	3	1	Mačka lovi miševe.	Кошка ловит мышей.	3478324
3	4.48	1.74	3	3	1	Odgovori mi odmah.	Ответь мне сейчас.	4324598
3	4.48	3.07	1	3	1	Ona ima grčeve.	У неё судороги.	8854746
3	4.48	1.73	3	3	1	Šta ti smeta?	Что тебе мешает?	3418546
3	4.48	1.32	3	4	1	Jumi ima mnogo knjiga.	У Юми много книг.	3380027
3	4.48	2.65	1	4	1	Juče je padala kiša.	Вчера шел дождь.	923624
3	4.48	2.65	1	4	1	Mačke vide u mraku.	Кошки видят в темноте.	905803
3	4.48	2.65	1	4	1	Moj pas voli mačke.	Моя собака любит кошек.	7035801
3	4.48	2.65	1	4	1	Moj pas voli mačke.	Мой пёс любит кошек.	7035801
3	4.48	2.65	1	4	1	Moja žena mrzi mačke.	Моя жена терпеть не может кошек.	3266418
3	4.48	1.99	2	4	1	Proleće stiže posle zime.	Весна наступает вслед за зимой.	3288354
3	4.48	1.99	2	4	1	Proleće stiže posle zime.	Весна наступает после зимы.	3288354
3	4.48	2.90	0	5	1	Koja je tvoja krvna grupa?	Какая у тебя группа крови?	6813946
3	4.48	2.07	0	5	2	Želim da kupim novi automobil.	Я хочу купить новый автомобиль.	3248306
3	4.49	3.07	1	3	1	Ispustio je dušu.	Он испустил дух.	6952696
3	4.49	3.74	0	3	1	Kreda je bela.	Мел белый.	5294836
3	4.49	3.33	0	4	1	Gde se sada nalaziš?	Где ты сейчас находишься?	5843306
3	4.49	2.66	1	4	1	Hrana je u frižideru.	Еда в холодильнике.	1135373
3	4.49	3.33	0	4	1	Ova stolica je premala.	Этот стул слишком маленький.	3440813
3	4.49	2.66	1	4	1	U kupatilu nema nikoga.	В ванной никого нет.	4644949
3	4.49	2.24	1	5	1	Ko je otkrio to ostrvo?	Кто открыл этот остров?	1074733
3	4.50	1.83	1	4	2	Hajde da budemo prijatelji.	Давай будем друзьями.	3599415
3	4.50	2.67	1	4	1	Izgubio sam moj fotoaparat.	Я потерял свой фотоаппарат.	3262901
3	4.50	2.67	1	4	1	Nikada nisam imala dečka.	У меня никогда не было парня.	3361884
3	4.50	2.25	1	5	1	Njegova supruga govori u snu.	Его супруга разговаривает во сне.	1511373
3	4.51	3.09	1	3	1	Hodao je brzo.	Он быстро шёл.	11057708
3	4.51	2.42	2	3	1	Imamo petoro dece.	У нас пятеро детей.	3362109
3	4.51	3.09	1	3	1	Oporavila sam se.	Я поправилась.	4992630
3	4.51	3.09	1	3	1	Tiho je hodao.	Он тихо шагал.	11057722
3	4.51	2.67	1	4	1	Bilo je tako tamno.	Было так темно.	1097811
3	4.51	2.01	2	4	1	Ja sam građanin sveta.	Я гражданин мира.	5819526
3	4.51	2.68	1	4	1	Često putujem u London.	Я часто езжу в Лондон.	10686089
3	4.51	1.59	2	5	1	Pa gde je Tom otišao?	Ну и куда Том пошёл?	4251054
3	4.51	2.09	0	7	1	Ko zna šta će se dogoditi sutra?	Кто знает, что случится завтра?	5909396
3	4.52	3.77	0	2	1	Imam granatu.	У меня граната.	3350419
3	4.52	3.77	0	2	1	Imam granatu.	У меня есть граната.	3350419
3	4.52	1.77	3	3	1	Daj mi broj.	Дай мне номер.	3244167
3	4.52	3.76	0	3	1	Ja nisam ćelav.	Я не лысый.	3644980
3	4.52	3.76	0	3	1	Ja sam Jorge.	Я Хорхе.	665331
3	4.52	2.43	2	3	1	Jedem puno mesa.	Я ем много мяса.	4324233
3	4.52	2.27	1	3	2	Kada ćemo jesti?	Когда будем есть?	6382645
3	4.52	2.52	0	4	2	Da li živiš ovde?	Ты живёшь здесь?	3318107
3	4.52	2.02	2	4	1	Koji ste film gledali?	Какой фильм вы смотрели?	3439096
3	4.52	2.68	1	4	1	Mačka spava na stolici.	Кошка спит на стуле.	3285274
3	4.52	1.35	3	4	1	Možete li mi pomoći?	Вы можете мне помочь?	6879905
3	4.52	2.52	0	4	2	Voli da igra tenis.	Он любит играть в теннис.	3264407
3	4.52	2.69	1	4	1	Šta si po profesiji?	Кто ты по профессии?	3394964
3	4.52	2.93	0	5	1	Alkohol je štetan za jetru.	Алкоголь вреден для печени.	10047213
3	4.52	1.19	2	6	1	Grad se satoji iz dva dela.	Город состоит из двух частей.	1607276
3	4.53	3.77	0	2	1	Imam gorušicu.	У меня изжога.	8844632
3	4.53	2.45	2	2	1	Ne gledajte.	Не смотрите.	4995906
3	4.53	1.78	3	3	1	Kakve probleme imaš?	Какие у тебя проблемы?	6401105
3	4.53	3.11	1	3	1	On nosi brkove.	Он носит усы.	925357
3	4.53	3.36	0	4	1	Mrzim nedelju! Odvratan dan!	Ненавижу воскресенье! Отвратительный день!	4246688
3	4.53	3.36	0	4	1	On veoma voli bejzbol.	Он очень любит бейсбол.	3287629
3	4.53	2.52	0	4	2	Volim da učim istoriju.	Я люблю учить историю.	3340283
3	4.53	2.52	0	4	2	Volim da učim istoriju.	Мне нравится учить историю.	3340283
3	4.53	2.94	0	5	1	Ona izgleda kao grčka boginja.	Она похожа на греческую богиню.	6813507
3	4.53	2.52	0	6	1	Japanski jezik je naš maternji jezik.	Японский — наш родной язык.	1074426
3	4.53	2.11	0	7	1	Srećan je dečak koji ima takvu majku.	Счастлив ребёнок, у которого есть такая мать.	1076682
3	4.54	3.12	1	3	1	Držala je kišobran.	Она держала зонтик.	3393542
3	4.54	3.11	1	3	1	Znate li arapski?	Вы знаете арабский?	3440842
3	4.54	2.70	1	4	1	Ja sam uključila svetlo.	Я включила свет.	3518001
3	4.54	2.70	1	4	1	Jesi li pojeo nešto?	Ты чего-нибудь поел?	4292391
3	4.54	2.70	1	4	1	Ona je uključila svetlo.	Она включила свет.	3392118
3	4.54	1.45	1	5	2	Kada si imao prvu ljubav?	Когда у тебя была первая любовь?	3370591
3	4.54	2.54	0	6	1	Crveno vino ide dobro uz meso.	Красное вино хорошо сочетается с мясом.	3244221
3	4.55	1.79	3	3	1	Ljudi se menjaju.	Люди меняются.	8852223
3	4.55	2.46	2	3	1	Srećan Dan zahvalnosti.	Счастливого Дня Благодарения.	11057679
3	4.55	2.04	2	4	1	Oni veruju u Boga.	Они верят в Бога.	4967458
3	4.55	2.30	1	5	1	Juče uveče sam slušao radio.	Вчера вечером я слушал радио.	3477994
3	4.55	1.63	2	5	1	Šta ćeš raditi ovog leta?	Что ты будешь делать этим летом?	4238338
3	4.56	3.13	1	2	1	Govori tiše!	Говори тише!	6976050
3	4.56	3.13	1	2	1	Govori tiše.	Говори тише.	6877252
3	4.56	3.80	0	2	1	Igraću tenis.	Я буду играть в теннис.	6993132
3	4.56	3.80	0	2	1	Izgledaš glupavo.	Ты глупо выглядишь.	6303055
3	4.56	3.80	0	2	1	Izgledaš glupavo.	Ты выглядишь глупо.	6303055
3	4.56	2.96	0	3	2	Nastavi da slušaš.	Продолжай слушать.	6535647
3	4.56	2.72	1	4	1	Neprijatelj je zauzeo tvrđavu.	Враг занял крепость.	8931048
3	4.56	2.72	1	4	1	Neprijatelj je zauzeo tvrđavu.	Враг захватил крепость.	8931048
3	4.56	2.72	1	4	1	Slušaj i čitaj tekst!	Слушай и читай текст!	3479223
3	4.56	3.38	0	4	1	Zaboravljam gde ostavim šešir.	Я забыл, где оставил шляпу.	4250452
3	4.56	3.38	0	4	1	Zmija puzi kroz pustinju.	Змея ползёт через пустыню.	840851
3	4.56	3.38	0	4	1	Zmija puzi kroz pustinju.	Змея ползёт по пустыне.	840851
3	4.56	1.47	1	5	2	Da li si to znao?	Ты это знал?	3791376
3	4.56	1.63	2	5	1	Tom se sam vratio kući.	Том вернулся домой один.	5843293
3	4.56	2.96	0	5	1	Zima je moje omiljeno doba.	Зима — моё любимое время года.	3387230
3	4.56	2.55	0	6	1	Japan nije tako veliki kao Kanada.	Япония не такая большая, как Канада.	3365946
3	4.57	3.14	1	3	1	Sumnjate na nekoga?	Вы кого-то подозреваете?	5651579
3	4.57	3.14	1	3	1	Živim u Teheranu.	Я живу в Тегеране.	13818656
3	4.57	2.06	2	4	1	Na moru su ostrva.	В море есть острова.	3664054
3	4.57	2.73	1	4	1	Računari se stalno poboljšavaju.	Компьютеры постоянно совершенствуются.	3253421
3	4.57	2.06	2	4	1	Tom je u opasnosti.	Том в опасности.	3365608
3	4.57	2.31	1	5	1	Gde je nestao sav hleb?	Куда исчез весь хлеб?	396729
3	4.57	2.56	0	6	1	Vreme nema kraj. Ono je beskrajno.	У времени нет конца. Оно бесконечно.	1521254
3	4.58	3.82	0	2	1	Dobro kuvaš?	Ты хорошо готовишь?	8888785
3	4.58	1.15	4	3	1	Hvala vam puno!	Большое вам спасибо!	5806622
3	4.58	2.48	2	3	1	Imam dve ćerke.	У меня две дочери.	3265620
3	4.58	1.15	4	3	1	Mnogo vam hvala!	Большое спасибо!	5806623
3	4.58	1.15	4	3	1	Puno Vam hvala!	Большое спасибо!	5806624
3	4.58	2.06	2	4	1	Oni su zaista pobedili.	Они действительно победили.	1181844
3	4.58	2.32	1	5	1	Kiša je prešla u sneg.	Дождь перешёл в снег.	3418839
3	4.58	2.99	0	5	1	Norveška je moja nova domovina.	Норвегия - моя новая родина.	3362168
3	4.58	2.32	1	5	1	Ovaj posao nije bio lak.	Эта работа не была лёгкой.	5306457
3	4.58	2.32	1	5	1	Želite li čaj ili kafu?	Вы хотите чай или кофе?	1133523
3	4.58	2.32	1	5	1	Želite li čaj ili kafu?	Вам чай или кофе?	1133523
3	4.59	2.49	2	2	1	Brod tone.	Корабль тонет.	3281933
3	4.59	2.49	2	2	1	Otvorite prozor!	Откройте окно!	1135352
3	4.59	3.82	0	3	1	Ja sam ćelava.	Я лысая.	3644984
3	4.59	2.58	0	4	2	Da li imam nož?	У меня есть нож?	6567914
3	4.59	2.58	0	4	2	Moraš da uradiš ovo.	Ты должен это сделать.	3645005
3	4.59	2.58	0	4	2	Moraš da uradiš ovo.	Ты должна это сделать.	3645005
3	4.59	3.41	0	4	1	On je veoma živahan.	Он очень подвижный.	1402123
3	4.59	2.07	2	4	1	Ostavite me na miru.	Оставьте меня в покое.	1195480
3	4.59	2.74	1	4	1	Tom veoma brzo pliva.	Том очень быстро плавает.	7035791
3	4.59	3.41	0	4	1	Večeras ću se odmarati.	Сегодня вечером я буду отдыхать.	807912
3	4.59	2.58	0	4	2	Šta treba da uradiš?	Что ты должен сделать?	5909452
3	4.59	2.58	0	4	2	Šta treba da uradiš?	Что тебе нужно сделать?	5909449
3	4.59	3.00	0	5	1	Tokio je veoma veliki grad.	Токио - очень большой город.	1315500
3	4.59	1.66	2	5	1	Uspeh ne zavisi od novca.	Успех не зависит от денег.	5588859
3	4.59	2.16	0	5	2	Znam da je život kratak.	Я знаю, что жизнь коротка.	665350
3	4.59	1.32	0	7	2	Ne znam da li je to istina.	Я не знаю, правда ли это.	8931047
3	4.60	2.50	2	2	1	Dođite sutra.	Приходите завтра.	4995969
3	4.60	2.50	2	3	1	Imamo dva televizora.	У нас два телевизора.	3425009
3	4.60	1.83	3	3	1	Sviđa mi se.	Мне нравится.	8842733
3	4.60	1.83	3	3	1	Sviđa ti se?	Тебе нравится?	8852035
3	4.60	1.75	0	4	3	Gledam, ali ne vidim.	Я смотрю, но не вижу.	6550990
3	4.60	3.42	0	4	1	On je potpuni monarh.	Он абсолютный монарх.	6769577
3	4.60	2.08	2	4	1	Roditelji su me stvorili.	Родители меня родили.	5650869
3	4.60	2.33	1	5	1	Devojčica kupuje mleko u prodavnici.	Девочка покупает молоко в магазине.	1056514
3	4.60	2.33	1	5	1	Kupila je knjigu u prodavnici.	Она купила книгу в магазине.	3357131
3	4.60	2.33	1	5	1	Kupio je knjigu u prodavnici.	Он купил книгу в магазине.	3357135
3	4.60	2.33	1	5	1	Oni prodaju ribu i meso.	Они продают рыбу и мясо.	938341
3	4.61	3.17	1	2	1	Izlazite odatle.	Выходите оттуда.	4449684
3	4.61	3.84	0	3	1	Emili je Engleskinja.	Эмили - англичанка.	2925892
3	4.61	1.84	3	3	1	Žao mi je.	Мне жаль.	3382610
3	4.61	1.84	3	3	1	Žao mi je.	Извините.	3382610
3	4.61	1.84	3	3	1	Žao mi je.	Извините меня.	3382610
3	4.61	1.84	3	3	1	Žao mi je.	Сожалею.	3382610
3	4.61	1.43	3	4	1	Možeš li mi pomoći?	Ты можешь мне помочь?	3265321
3	4.61	2.10	2	4	1	To je stvar ukusa.	Это дело вкуса.	3350432
3	4.61	2.76	1	4	1	To su moje pantalone.	Это мои брюки.	3440821
3	4.61	2.09	2	4	1	Volite li francuska vina?	Вы любите французские вина?	1102196
3	4.61	2.18	0	5	2	Nemam želju da uradim to.	У меня нет желания это делать.	4250579
3	4.62	1.85	3	3	1	Sin liči ocu.	Сын похож на отца.	1142611
3	4.62	2.10	2	4	1	Još se nismo upoznali.	Мы ещё не знакомы.	6401093
3	4.62	2.10	2	4	1	Nismo imali ništa zajedničkog.	У нас не было ничего общего.	3465649
3	4.62	1.93	1	4	2	O, kako je kasno!	Ой, как поздно!	396980
3	4.62	2.77	1	4	1	Pijem vitamine svaki dan.	Я каждый день пью витамины.	5002951
3	4.62	2.77	1	4	1	Priterani smo uza zid.	Нас припёрли к стенке.	6893029
3	4.62	2.76	1	4	1	Sagradio sam novu kuću.	Я построил новый дом.	3394685
3	4.62	2.77	1	4	1	Uzimam vitamine svaki dan.	Я принимаю витамины каждый день.	5002953
3	4.62	2.77	1	4	1	Uzimam vitamine svaki dan.	Я каждый день принимаю витамины.	5002953
3	4.62	1.93	1	4	2	Više volim da čitam.	Больше всего я люблю читать.	3445844
3	4.62	2.35	1	5	1	Mogu li uzeti tvoj rečnik?	Могу я взять твой словарь?	6906530
3	4.62	2.35	1	5	1	On je ispunio svoje obećanje.	Он выполнил своё обещание.	1312275
3	4.62	2.35	1	5	1	Ona je takođe kupila rečnik.	Она тоже купила словарь.	3304427
3	4.63	2.53	2	2	1	Zaboravite Toma.	Забудьте Тома.	4997594
3	4.63	2.53	2	3	1	Idemo po Toma.	Мы сходим за Томом.	4247095
3	4.63	2.52	2	3	1	Ne govorite japanski.	Не говорите по-японски.	1048711
3	4.63	2.53	2	3	1	Nisam prepoznao Toma.	Я не сразу узнал Тома.	6970968
3	4.63	2.53	2	3	1	Udario sam Toma.	Я ударил Тома.	8841957
3	4.63	2.52	2	3	1	Učim nekoliko jezika.	Я изучаю несколько языков.	4248097
3	4.63	2.61	0	4	2	Da li si gladan?	Ты голоден?	3384112
3	4.63	2.77	1	4	1	Juče je padao sneg.	Вчера шёл снег.	4993451
3	4.63	2.78	1	4	1	Živimo na šestom spratu.	Мы живём на седьмом этаже.	4250169
3	4.63	1.53	1	5	2	Da li ste svi spremni?	Вы все готовы?	3268029
3	4.63	1.53	1	5	2	Mislim da su svi spremni.	Думаю, все готовы.	5002738
3	4.63	1.69	2	5	1	Ne želim ništa od tebe.	Я ничего от тебя не хочу.	3394935
3	4.63	1.94	1	6	1	Šta si rekao? Ne čujem te.	Что ты сказал? Я тебя не слышу.	12960162
3	4.64	3.87	0	2	1	Uvek kasniš.	Ты всегда опаздываешь.	8888738
3	4.64	2.53	2	3	1	Tom je skočio.	Том подпрыгнул.	4967374
3	4.64	2.53	2	3	1	Tom je skočio.	Том прыгнул.	4967374
3	4.64	2.12	2	4	1	Koliko ima do aerodroma?	Сколько до аэропорта?	3393697
3	4.64	2.78	1	4	1	Meta je na vidiku.	Цель на горизонте.	4246039
3	4.64	3.45	0	4	1	Ona izgleda veoma uplašeno.	Она выглядит очень напуганной.	3393885
3	4.64	3.45	0	4	1	Ona izgleda veoma uplašeno.	Она выглядит очень испуганной.	3393885
3	4.64	2.11	2	4	1	Pričali su o politici.	Они разговаривали о политике.	3394773
3	4.64	2.12	2	4	1	Stavite ruke na glavu!	Положите руки на голову!	5848005
3	4.64	2.12	2	4	1	Stavite to na sto.	Поставьте это на стол.	3425086
3	4.64	1.45	3	4	1	To mi je poznato.	Это мне знакомо.	3278457
3	4.64	2.20	0	5	2	Engleski je težak, zar ne?	Английский трудный, не правда ли?	1243602
3	4.64	2.37	1	5	1	Koliko često idete u biblioteku?	Как часто вы ходите в библиотеку?	1097752
3	4.64	1.78	0	6	2	Ja ću reći da nisam kriv.	Я скажу, что я не виновен.	1090459
3	4.64	1.78	0	6	2	Jasno je da je on kriv.	Ясно, что он виноват.	3318243
3	4.65	2.54	2	3	1	Cene su pale.	Цены упали.	3243930
3	4.65	3.21	1	3	1	Hoćete li bananu?	Вы хотите банана?	3503793
3	4.65	2.37	1	3	2	Zatvori oči, Tome.	Закрой глаза, Том.	4449658
3	4.65	1.96	1	6	1	Moj pas leži uz moje noge.	Моя собака лежит у моих ног.	3470199
3	4.65	2.63	0	6	1	Moj prijatelj slikar je neobičan čovek.	Мой друг художник - необыкновенный человек.	1181860
3	4.65	1.96	1	6	1	Moja sestra je bila lepa žena.	Моя сестра была красивой женщиной.	6169166
3	4.65	2.63	0	6	1	Potpuno čisti brilijanti to je retkost.	Абсолютно чистые бриллианты — большая редкость.	1103111
3	4.66	1.88	3	3	1	Reči nisu potrebne.	Слова не нужны.	6401052
3	4.66	2.80	1	4	1	Izgubio sam moju olovku.	Я потерял свой карандаш.	3438994
3	4.66	3.47	0	4	1	On piše potpuno nerazumljivo.	Он пишет совершенно неразборчиво.	1103114
3	4.66	2.13	2	4	1	Petnaest do dva je.	Сейчас без пятнадцати два.	4992722
3	4.66	2.80	1	4	1	Veliki dečaci ne plaču.	Большие мальчики не плачут.	5848100
3	4.66	2.80	1	4	1	Vi imate crvenu olovku.	У Вас есть красный карандаш?	3455066
3	4.66	2.63	0	6	1	Električna struja ne prolazi kroz drvo.	Дерево не проводит электрический ток.	5651281
3	4.67	1.89	3	2	1	Imam partnera.	У меня есть партнёр.	8823797
3	4.67	1.89	3	3	1	Moraš joj pomoći.	Ты должен ей помочь.	3291899
3	4.67	1.89	3	3	1	Moraš joj pomoći.	Ты должна ей помочь.	3291899
3	4.67	2.39	1	3	2	Treba da počnemo.	Нам надо начинать.	4251423
3	4.67	2.64	0	4	2	Da li si umoran?	Ты устал?	3384127
3	4.67	2.14	2	4	1	Kolumbo je otkrio Ameriku.	Колумб открыл Америку.	11055423
3	4.67	2.81	1	4	1	On je razbio prozor.	Он разбил окно.	3440811
3	4.67	2.14	2	4	1	Palo je mnogo snega.	Выпало много снега.	931822
3	4.67	2.81	1	4	1	Popravio sam moj računar.	Я отремонтировал свой компьютер.	6289848
3	4.67	2.81	1	4	1	Popravio sam moj računar.	Я починил свой компьютер.	6289848
3	4.67	1.48	3	4	1	Sada radim u Tokiju.	Сейчас я работаю в Токио.	3365484
3	4.67	3.47	0	4	1	Veliki Pas je sazvežđe.	Большой Пёс - созвездие.	2571727
3	4.67	1.06	3	5	1	Kako ti je ime oca?	Как зовут твоего отца?	3317295
3	4.67	1.97	1	6	1	Zašro ne pitaju njega za savet?	Почему они не спросят у него совета?	3285289
3	4.68	2.40	1	3	2	Nemoj da pričaš!	Не разговаривай!	3254291
3	4.68	2.40	1	3	2	Nemoj da pričaš.	Не разговаривай.	4996846
3	4.68	2.65	0	4	2	Da li govoriš kineski?	Ты говоришь по-китайски?	6293988
3	4.68	2.65	0	4	2	Ne moraš da govoriš.	Ты не должен говорить.	3357178
3	4.68	2.65	0	4	2	Ne moraš da govoriš.	Ты не должна говорить.	3357178
3	4.68	2.40	1	5	1	Koliko dugo već živite ovde?	Как долго вы уже живёте здесь?	5909466
3	4.68	1.57	1	5	2	Mogu li da pitam zašto?	Я могу спросить почему?	4449723
3	4.68	3.07	0	5	1	Objašnjenje je pogubno za filozofiju.	Разъясниться - убийственно для философии.	1159978
3	4.68	1.73	2	5	1	On se vratio iz Amerike.	Он вернулся из Америки.	3248250
3	4.68	1.73	2	5	1	On se vraća iz Amerike.	Он вернулся из Америки.	1047306
3	4.68	2.23	0	5	2	Ona zna da svira pianino.	Она умеет играть на пианино.	1076689
3	4.68	1.56	1	5	2	Tom nastavlja da to radi.	Том продолжает это делать.	11024673
3	4.68	1.32	2	6	1	On ima više knjiga od mene.	У него больше книг, чем у меня.	10700087
3	4.68	1.32	2	6	1	Ona ima više knjiga od mene.	У неё больше книг, чем у меня.	10700089
3	4.68	2.23	0	7	1	Sada se on plaši za svoj život.	Теперь он боится за свою жизнь.	3476242
3	4.69	3.24	1	3	1	Gde su noževi?	Где ножи?	900758
3	4.69	3.24	1	3	1	Škola nalikuje zatvoru.	Школа похожа на тюрьму.	3243986
3	4.69	1.91	3	3	1	Šta ti misliš?	Что ты думаешь?	3301071
3	4.69	2.66	0	4	2	Da li sam trudna?	Я беременна?	10042536
3	4.69	2.66	0	4	2	Da li si trudna?	Ты беременна?	11057694
3	4.69	1.49	3	4	1	Gde mi je voda?	Где моя вода?	13810163
3	4.69	3.49	0	4	1	Sunčev cvet je suncokret.	Цветок солнца — подсолнух.	1261889
3	4.69	1.99	1	4	2	Šta je unutra, Tome?	Что внутри, Том?	4250959
3	4.69	3.08	0	5	1	Naša učiteljica je prilično duhovita.	Наша учительница достаточно остроумна.	4248483
3	4.69	2.40	1	5	1	Niko ne vidi moje suze.	Никто не видит моих слёз.	3391984
3	4.69	1.74	2	5	1	To nije daleko od hotela.	Это не далеко от отеля.	3244023
3	4.69	1.99	1	6	1	Nekada je ovde bio veliki park.	Когда-то здесь был большой парк.	3243657
3	4.70	1.92	3	2	1	Bez komentara!	Без комментариев!	6900272
3	4.70	2.83	1	4	1	Cirkus je u gradu.	Цирк в городе.	3268141
3	4.70	3.50	0	4	1	Ovo je lisnato drvo.	Это лиственное дерево.	2583145
3	4.70	2.83	1	4	1	Prosto si bila umorna.	Ты просто устала.	13690409
3	4.70	1.75	2	5	1	Ne sećam se njegovog imena.	Я не помню его имени.	4308107
3	4.70	2.42	1	5	1	Rim se nalazi u Italiji.	Рим расположен в Италии.	1457628
3	4.71	3.92	0	3	1	On nije društven.	Он необщителен.	665151
3	4.71	3.92	0	3	1	On nije društven.	Он необщительный.	665151
3	4.71	1.84	0	4	3	Dok živim, nadam se.	Пока живу, надеюсь.	6196043
3	4.71	3.51	0	4	1	Kravata je veoma lepa.	Галстук очень красив.	12682111
3	4.71	1.51	3	4	1	Kuća mi je daleko.	Мой дом далеко.	4781371
3	4.71	2.01	1	4	2	Ne mogu da čekam.	Я не могу ждать.	5806728
3	4.71	2.84	1	4	1	Pogledati to u rečniku.	Посмотрите это в словаре.	3245587
3	4.71	2.84	1	4	1	Uzmi papir i piši!	Возьми бумагу и пиши!	3245697
3	4.71	1.84	0	6	2	Da li znaš gde ja živim?	Ты знаешь, где я живу?	3438897
3	4.71	1.59	1	7	1	To je bila ljubav na prvi pogled.	Это была любовь с первого взгляда.	3418785
3	4.72	3.10	0	3	2	Nastavi da pokušavaš.	Продолжай попытки.	6535755
3	4.72	2.60	2	3	1	Tom voli sportove.	Том любит разные виды спорта.	4781917
3	4.72	2.01	1	4	2	Da li pričaju francuski?	Они говорят по-французски?	10686153
3	4.72	1.51	3	4	1	Imaš šta ti treba.	У тебя есть то, что тебе нужно.	4256590
3	4.72	1.51	3	4	1	Koliko stvarno imaš godina?	Сколько тебе на самом деле лет?	5028679
3	4.72	2.19	2	4	1	Oni su gledali televiziju.	Они смотрели телевизор.	3047061
3	4.72	2.85	1	4	1	Srbi su slovenski narod.	Сербы — славянский народ.	1053805
3	4.72	2.18	2	4	1	To je dužnost policije.	Это обязанность полиции.	3350867
3	4.72	2.01	1	4	2	Tom će da shvati.	Том поймёт.	4993256
3	4.73	2.61	2	2	1	Dođi bliže.	Подойди ближе.	4995976
3	4.73	3.27	1	2	1	Pokreni se!	Пошевеливайся!	5909481
3	4.73	2.61	2	3	1	Nisam prepoznala Toma.	Я не сразу узнала Тома.	6970940
3	4.73	2.61	2	3	1	Poznajem tvog oca.	Я знаю твоего отца.	3318087
3	4.73	2.61	2	3	1	Poznajem tvog oca.	Я знаком с твоим отцом.	3318087
3	4.73	2.61	2	3	1	Poznajem tvog oca.	Я знакома с твоим отцом.	3318087
3	4.73	2.61	2	3	1	Tom mrzi strance.	Том ненавидит иностранцев.	5024822
3	4.73	1.53	3	4	1	Zdravlje mi znači sve.	Здоровье значит для меня всё.	3344175
3	4.73	1.77	2	5	1	Bili su članovi srednje klase.	Они принадлежали к среднему классу.	4967450
3	4.73	1.78	2	5	1	Imaš izbor između dve mogućnosti.	У тебя есть выбор между двумя возможностями.	3484700
3	4.73	3.11	0	5	1	Marija zna vrlo dobro Norveški.	Мария очень хорошо знает норвежский.	3370951
3	4.73	2.45	1	5	1	On ima nešto u džepu.	У него что-то в кармане.	3445882
3	4.73	1.78	2	5	1	On je napisao dve knjige.	Он написал две книги.	3303491
3	4.74	2.45	1	3	2	Mrzim te, Tome.	Ненавижу тебя, Том.	11083967
3	4.74	3.29	1	3	1	Postalo je mračno.	Стало темно.	4993472
3	4.74	2.87	1	4	1	Gde si se sakrio?	Где ты спрятался?	6311723
3	4.74	2.20	2	4	1	Juče nije bilo kiše.	Вчера дождя не было.	8907051
3	4.74	3.54	0	4	1	On ima kameno srce.	У него каменное сердце.	1636371
3	4.74	3.53	0	4	1	On ljušti svoju jabuku.	Он чистит своё яблоко.	3384564
3	4.74	0.87	4	4	1	Ti si tako rekao!	Ты так сказал!	11055420
3	4.74	1.78	2	5	1	Gde se mogu kupiti knjige?	Где можно купить книги?	4972449
3	4.74	2.45	1	5	1	Park je bio skoro prazan.	Парк был почти пустой.	6967146
3	4.74	2.70	0	6	1	Ni sam ljuta ni na koga.	Я ни на кого не злюсь.	4972237
3	4.74	2.70	0	6	1	Tvoja žena je ljuta na tebe.	Твоя жена на тебя сердится.	3418564
3	4.74	2.70	0	6	1	Tvoja žena je ljuta na tebe.	Твоя жена на тебя злится.	3418564
3	4.74	2.29	0	7	1	Ovo je vrlo snažan lek za spavanje.	Это очень сильное снотворное.	3463854
3	4.75	2.63	2	2	1	Budite hrabri!	Будьте храбры!	5558017
3	4.75	3.96	0	2	1	Padaće kiša.	Пойдёт дождь.	3418820
3	4.75	2.62	2	2	1	Pozovite policiju!	Вызовите полицию!	3243723
3	4.75	2.62	2	2	1	Pozovite policiju!	Позовите полицию!	3243723
3	4.75	1.29	4	3	1	Treba nam novac.	Нам нужны деньги.	3306716
3	4.75	2.46	1	5	1	Sutra ću ići u prodavnicu.	Завтра я пойду в магазин.	3287645
3	4.75	1.63	1	7	1	Koliko dugo ćeš biti u ovoj zemlji?	Как долго ты будешь в этой стране?	3244042
3	4.75	2.29	0	7	1	Ovaj TV program je zaista vrlo interesantan.	Эта телепрограмма действительно очень интересная.	3243191
3	4.75	1.62	1	7	1	Tom već zna ko će to učiniti.	Том уже знает, кто это сделает.	8820280
3	4.76	3.30	1	2	1	Psi laju.	Собаки лают.	1734121
3	4.76	3.30	1	2	1	Psi laju.	Псы лают.	1734121
3	4.76	1.97	3	3	1	Imam crne oči.	У меня чёрные глаза.	3314349
3	4.76	2.22	2	4	1	Dodajte soli prema želji.	Соль добавляйте по вкусу!	1183342
3	4.76	3.55	0	4	1	Elektricitet je veoma koristan.	Электричество очень полезно.	1181858
3	4.76	2.22	2	4	1	Izašao sam iz autobusa.	Я вышел из автобуса.	6914696
3	4.76	2.05	1	4	2	Moramo da se vratimo.	Мы должны вернуться.	4253880
3	4.76	0.88	4	4	1	Onda mi imamo problem...	Тогда у нас проблема...	3415086
3	4.76	2.22	2	4	1	Skoro je pola tri.	Почти половина третьего.	4781272
3	4.76	2.22	2	4	1	Uskoro će pola tri.	Скоро будет полтретьего.	4781273
3	4.76	3.14	0	5	1	Ovaj pejzaž je veoma lep.	Этот пейзаж очень красивый.	1142578
3	4.76	1.80	2	5	1	Tom nikad nije pitao zašto.	Том никогда не спрашивал почему.	4250991
3	4.76	2.47	1	5	1	U to jelo ulazi meso?	В эту еду входит мясо?	1166860
3	4.76	1.88	0	6	2	Da li je ovo tvoj auto?	Это твоя машина?	3425918
3	4.76	1.88	0	6	2	Da li je ovo tvoj bicikl?	Это твой велосипед?	3302922
3	4.76	1.88	0	6	2	Da li je ovo tvoj bickl?	Это твой велосипед?	3425919
3	4.76	1.88	0	6	2	Da li je ovo tvoj DVD?	Это твой DVD?	3291849
3	4.76	1.88	0	6	2	Da li je ovo tvoj novac?	Это твои деньги?	3424530
3	4.76	1.88	0	6	2	Da li je to tvoj cilj?	Это твоя цель?	3424532
3	4.76	1.88	0	6	2	To je moj problem, ne tvoj.	Это моя проблема, а не твоя.	4246863
3	4.76	1.64	1	7	1	Niko ne zna ko je to uradio.	Никто не знает, кто это сделал.	8931042
3	4.77	3.97	0	2	1	Pečem hleb.	Я пеку хлеб.	8874145
3	4.77	1.98	3	3	1	Daj mi mleko.	Дай мне молоко.	6294001
3	4.77	3.56	0	4	1	On ima bujnu maštu.	У него богатая фантазия.	3291257
3	4.77	1.56	3	4	1	Potpuno sam bez para.	У меня нет никаких денег.	3384108
3	4.77	1.56	3	4	1	Potpuno sam bez para.	Я совсем без денег.	3384108
3	4.77	2.72	0	4	2	Sada možeš da pogledaš.	Сейчас можешь посмотреть.	3645031
3	4.77	3.56	0	4	1	Sreća neće trajti zauvek.	Счастье никогда не длится вечно.	4790695
3	4.77	2.72	0	4	2	Želiš li da pogledaš?	Хочешь посмотреть?	3304895
3	4.77	1.81	2	5	1	Kao u dobra stara vremena.	Как в старые добрые времена.	6196053
3	4.78	3.32	1	2	1	Mrzim komarce.	Ненавижу комаров.	1200590
3	4.78	2.65	2	3	1	Koliko jezika govoriš?	На скольких языках ты говоришь?	3419230
3	4.78	3.15	0	3	2	Mislim da grešiš.	Думаю, что ты ошибаешься.	3425575
3	4.78	1.98	3	3	1	Ostani sa mnom.	Останьтесь со мной.	11173133
3	4.78	3.32	1	3	1	Plivam u okeanu.	Я плаваю в океане.	2708800
3	4.78	1.56	3	4	1	Budućnost zavisi od nas.	Будущее зависит от нас.	5396810
3	4.78	2.23	2	4	1	Kupio sam nešto odeće.	Я купил кое-что из одежды.	3410459
3	4.78	1.57	3	4	1	Našao sam mu knjigu.	Я нашёл ему книгу.	6905692
3	4.78	2.23	2	4	1	Ona ima mnogo odeće.	У неё много одежды.	1076613
3	4.78	2.24	2	4	1	Životinje se plaše vatre.	Животные боятся огня.	3244365
3	4.78	2.48	1	5	1	Bio je to divan uspeh.	Это был удивительный успех.	5588840
3	4.78	1.65	1	5	2	Njemu je neophodno da radi.	Ему не нужно работать.	1127252
3	4.78	1.81	2	5	1	Tom je brzo otvorio pismo.	Том быстро распечатал письмо.	3418776
3	4.78	2.07	1	6	1	Novi film bio je veoma uspešan.	Новый фильм имел большой успех.	5588854
3	4.78	2.07	1	6	1	Tvoj tata je bio u pravu.	Твой папа был прав.	7037795
3	4.79	4.00	0	2	1	Pretoplo je.	Слишком жарко.	665301
3	4.79	2.49	1	3	2	Nemoj da gledaš.	Не смотри.	4995905
3	4.79	3.33	1	3	1	Šta krijete sada?	Что вы сейчас прячете?	4967395
3	4.79	2.24	2	4	1	Imaš vremena do ponoći.	У тебя есть время до полуночи.	4292419
3	4.79	2.74	0	4	2	Kada počinje pozorišni komad?	Когда начинается спектакль?	3419141
3	4.79	2.91	1	4	1	On je oženio glumicu.	Он женился на актрисе.	3331262
3	4.79	3.16	0	5	1	Telefon je jedna čudesna naprava.	Телефон — это просто чудесное устройство.	409939
3	4.79	1.91	0	6	2	Treba da misliš na svoje zdravlje.	Тебе нужно думать о своём здоровье.	5603416
3	4.79	1.49	0	7	2	Nisam siguran da je to dobra ideja.	Я не уверен, что это хорошая идея.	3364121
3	4.80	3.16	0	2	2	Kada dolaziš?	Когда придёшь?	8888762
3	4.80	2.25	2	4	1	Igramo futbal svake subote.	Мы каждую субботу играем в футбол.	1066180
3	4.80	2.92	1	4	1	Jesi li pojela nešto?	Ты чего-нибудь поела?	4292392
3	4.80	2.09	1	4	2	Moramo da uradimo nešto!	Мы должны что-нибудь сделать!	3244710
3	4.80	2.09	1	4	2	Moramo nešto da uradimo.	Нам нужно кое-что сделать.	3395298
3	4.80	2.09	1	4	2	Moramo nešto da uradimo.	Нам нужно что-нибудь сделать.	3395298
3	4.80	2.09	1	4	2	Šta moramo da uradimo?	Что мы должны сделать?	4253496
3	4.80	1.83	2	5	1	Danas imam samo tri časa.	Сегодня у меня только три часа.	8869901
3	4.80	1.66	1	5	2	Rekao si da si spreman.	Ты сказал, что готов.	5955216
3	4.80	2.08	1	6	1	Iščezao je kao kamen u vodi.	Он исчез как камень в воду.	1080462
3	4.80	2.75	0	6	1	Svaki čovek ima svoju slabu tačku.	У каждого человека есть своё уязвимое место.	1159976
3	4.80	1.00	2	7	1	Ja znam zbog čega to Tom radi.	Я знаю, зачем Том это делает.	3435926
3	4.81	4.01	0	2	1	Imam modricu.	У меня синяк.	4967535
3	4.81	3.34	1	3	1	Ne znamo susede.	Мы не знаем соседей.	6904256
3	4.81	4.00	0	3	1	Ovo je anahronizam.	Это анахронизм.	3245157
3	4.81	2.92	1	4	1	Nikad nisam volela biologiju.	Я никогда не любила биологию.	4264052
3	4.81	2.92	1	4	1	Nikad nisam voleo biologiju.	Я никогда не любил биологию.	4264053
3	4.81	2.92	1	4	1	On te je lagao.	Он лгал тебе.	6827710
3	4.81	2.51	1	5	1	Izgubio sam interes za golf.	Я потерял интерес к гольфу.	3298962
3	4.81	3.17	0	5	1	Majčino srce nikada ne greši.	Материнское сердце никогда не ошибается.	5650882
3	4.81	2.51	1	5	1	Marija je dobila na težini.	Мария набрала вес.	3368236
3	4.81	1.84	2	5	1	Ne živim daleko od škole.	Я живу недалеко от школы.	3371002
3	4.81	1.84	2	5	1	Tamo nije bilo žive duše.	Там не было ни одной живой души.	897936
3	4.81	2.75	0	6	1	Ja nikada nisam video crveni frižider.	Я никогда не видел красного холодильника.	3288348
3	4.81	2.09	1	6	1	Količina ništa ne govori o kvalitetu.	Количество ничего не говорит о качестве.	3368338
3	4.81	0.84	1	7	2	Da li neko zna gde je Tom?	Кто-нибудь знает, где Том?	4262027
3	4.82	1.60	3	4	1	On ima dva automobila.	У него два автомобиля.	6918453
3	4.82	3.60	0	4	1	Zašto je jezero ružičasto?	Почему озеро розовое?	13464837
3	4.82	2.77	0	4	2	Želim da upoznam Mariju.	Я хочу познакомиться с Марией.	3244648
3	4.82	2.35	0	5	2	Da li imaš engleski rečnik?	У тебя есть английский словарь?	3418932
3	4.82	2.35	0	5	2	Da li voliš svoju majku?	Ты любишь свою маму?	4264004
3	4.82	2.52	1	5	1	O tome ne treba brinuti.	Об этом не нужно беспокоиться.	3299756
3	4.82	2.52	1	5	1	Za koga su ovi pokloni?	Для кого эти подарки?	6567928
3	4.82	2.52	1	5	1	Za koga su ovi pokloni?	Кому эти подарки?	6567928
3	4.83	2.02	3	2	1	Reci joj.	Скажи ей.	7009905
3	4.83	2.02	3	2	1	Reci mu.	Скажи ему.	7009909
3	4.83	2.02	3	3	1	Reci mi istinu.	Скажи мне правду.	897906
3	4.83	2.28	2	4	1	Jezik Evrope je prevod.	Язык Европы - перевод.	6482074
3	4.83	2.78	0	4	2	On voli da lovi.	Он любит охотиться.	3313397
3	4.83	2.28	2	4	1	Ovo je iz Australije.	Это из Австралии.	3282891
3	4.83	2.94	1	4	1	Soba je bila mračna.	Комната была мрачной.	4967481
3	4.83	2.94	1	4	1	Soba je bila mračna.	Комната была тёмной.	4967481
3	4.83	2.35	0	5	2	Da li to nebo plače?	Это небо плачет?	1117657
3	4.83	2.35	0	5	2	Da li to nebo plače?	Это плачет небо?	1117657
3	4.83	2.53	1	5	1	Gde si kupila ovu haljinu?	Где ты купила это платье?	3313554
3	4.83	1.86	2	5	1	Kao u stara lepa vremena.	Как в старые добрые времена.	6196055
3	4.83	1.28	1	6	2	Mislim da je to u redu.	Думаю, этот в порядке.	1484543
3	4.84	2.70	2	2	1	Do viđenja!	До свидания!	5553177
3	4.84	3.36	1	3	1	Kako zarađujete novac?	Как вы зарабатываете деньги?	1070678
3	4.84	3.37	1	3	1	Tom je površan.	Том поверхностный.	6332631
3	4.84	2.28	2	4	1	Gde su tvoje stvari?	Где твои вещи?	3292434
3	4.84	2.95	1	4	1	On živi u jabuci.	Он живёт в яблоке.	3306856
3	4.84	2.95	1	4	1	Popravila sam moj kompjuter.	Я починила свой компьютер.	6289847
3	4.84	2.79	0	4	2	Umem da čuvam tajnu.	Я умею хранить секреты.	4992702
3	4.84	1.95	0	6	2	Da li je ovo tvoja knjiga?	Это твоя книга?	3425917
3	4.84	2.11	1	6	1	Konferencija nije bila u potpunosti uspešna.	Конференция прошла не очень успешно.	6148788
3	4.84	1.45	2	6	1	Vreme je danas gore nego juče.	Погода сегодня хуже, чем вчера.	1046015
3	4.85	2.71	2	2	1	Vozite brže.	Едьте быстрее.	4996900
3	4.85	4.04	0	3	1	Danas prekrasno izgledaš!	Сегодня ты прекрасно выглядишь!	1091406
3	4.85	1.37	4	3	1	Mi smo studenti.	Мы студенты.	3296420
3	4.85	3.38	1	3	1	Tom je gluv.	Том глухой.	12818574
3	4.85	1.62	3	4	1	A ko si ti?	А ты кто?	4243554
3	4.85	1.62	3	4	1	Ko si ti zaista?	Кто ты на самом деле?	5893986
3	4.85	2.29	2	4	1	Ne podržavam njegove ideje.	Я не поддерживаю его идеи.	3394625
3	4.85	2.96	1	4	1	Zatekao sam prazan kavez.	Я обнаружил клетку пустой.	6967143
3	4.85	2.29	2	4	1	Zima je vreme snega.	Зима - время снега.	3715092
3	4.85	1.71	1	5	2	Da li si izgubio nešto?	Вы что-то потеряли?	3419178
3	4.85	1.71	1	5	2	Da li si nešto izgubio?	Вы что-то потеряли?	3424979
3	4.85	1.88	2	5	1	Imamo dobre šanse za pobedu.	У нас хорошие шансы на победу.	5029232
3	4.85	2.54	1	5	1	Ja sam platila za to.	Я за это заплатила.	5841845
3	4.85	2.54	1	5	1	Moj prijatelj studira u inostranstvu.	Мой друг учится за границей.	3318120
3	4.85	2.38	0	5	2	Ne možeš da sada ideš.	Ты не можешь сейчас идти.	3645033
3	4.85	1.88	2	5	1	Ovde smo živeli od jula.	Здесь мы жили с июля.	3253011
3	4.85	1.88	2	5	1	Tamo smo živeli šest nedelja.	Мы там жили шесть недель.	3465618
3	4.85	1.95	0	6	2	Da li vidiš ko vozi automobil?	Ты видишь, кто за рулём автомобиля?	3456654
3	4.85	2.13	1	6	1	Pronašao sam to u jednoj knjizi.	Я это нашёл в одной книге.	3283888
3	4.85	1.29	1	6	2	Više ne želim da te vidim.	Я больше не хочу тебя видеть.	5397795
3	4.86	3.38	1	3	1	Lagala te je.	Она лгала тебе.	6827713
3	4.86	2.80	0	4	2	Da li imaš olovku?	У тебя есть карандаш?	3295021
3	4.86	2.97	1	4	1	Danas je tako vruće!	Сегодня так жарко!	3248244
3	4.86	2.97	1	4	1	Danas je veoma vruće.	Сегодня очень жарко.	3371626
3	4.86	2.97	1	4	1	Olovka je na knjizi.	Карандаш лежит на книге.	5294678
3	4.86	1.64	3	4	1	On ima nekoliko prijatelja.	У него есть несколько друзей.	3369424
3	4.86	3.22	0	5	1	Hrast je sveto slovensko drvo.	Дуб - священное дерево славян.	1166791
3	4.86	1.88	2	5	1	Jedan automobil stoji ispred zgrade.	Перед зданием стоит автомобиль.	3267487
3	4.86	2.55	1	5	1	On je oženio moju sestru.	Он женился на моей сестре.	6900000
3	4.87	3.23	0	2	2	Mama, požuri!	Мама, поторопись!	3390925
3	4.87	3.23	0	3	2	Molim te, požuri.	Быстрее, пожалуйста.	6368934
3	4.87	3.23	0	3	2	Molim te, požuri.	Пожалуйста, поторопись.	5003512
3	4.87	4.06	0	3	1	Vreme prebrzo prolazi.	Время проходит слишком быстро.	1195448
3	4.87	2.15	1	4	2	Mislim da su srećni.	Думаю, они счастливы.	5002271
3	4.87	2.80	0	4	2	Moraću da učim sutra.	Завтра я должен буду учиться.	938781
3	4.87	2.80	0	4	2	Moraću da učim sutra.	Завтра я должна буду учиться.	938781
3	4.87	2.14	1	6	1	Ko je napisao ovu knjigu? Džon.	Кто написал эту книгу? Джон.	3242742
3	4.87	1.48	2	6	1	Ne radim to samo zbog novca.	Я делаю это не только ради денег.	6905677
3	4.87	1.47	2	6	1	Tom radi od devet do pet.	Том работает с девяти до пяти.	3438496
3	4.88	3.40	1	3	1	Marija se ugojila.	Мария растолстела.	3368246
3	4.88	3.40	1	3	1	Ona se ugojila.	Она разжирела.	3368175
3	4.88	3.40	1	3	1	Ona se ugojila.	Она растолстела.	3368175
3	4.88	1.65	3	4	1	Imam samo dvadeset evra.	У меня только двадцать евро.	3473436
3	4.88	2.82	0	4	2	Mislim da sam debela.	Думаю, я толстая.	4250441
3	4.88	1.90	2	5	1	Nisu svi studenti bili prisutni.	Не все студенты присутствовали.	3243950
3	4.88	1.90	2	5	1	Ovo je kuća gospodina Jamade.	Это дом господина Ямады.	3260911
3	4.88	2.56	1	5	1	Sutra ću poći u Pariz.	Завтра я поеду в Париж.	1111657
3	4.88	3.24	0	5	1	Taj viski je veoma jak.	Это виски очень крепкое.	1734124
3	4.88	2.82	0	6	1	Moja žena se zove Lidija Zarebov.	Мою жену зовут Лидия Заребова.	1102232
3	4.89	2.08	3	3	1	Ti nemaš trideset.	Тебе нет тридцати.	3392048
3	4.89	3.00	1	4	1	Ja živim u Indoneziji.	Я живу в Индонезии.	4292448
3	4.89	2.99	1	4	1	On nije nosio šešir.	Он не носил шляпу.	3369705
3	4.89	2.99	1	4	1	Ovde napiši svoju adresu.	Здесь напиши свой адрес.	3426491
3	4.89	2.99	1	4	1	Tom radi noćnu smenu.	Том работает в ночную смену.	3438515
3	4.89	2.58	1	5	1	Gde si našao ovaj nož?	Где ты нашёл этот нож?	4782996
3	4.89	2.58	1	5	1	Gde si našla ovaj nož?	Где ты нашла этот нож?	4782999
3	4.89	2.58	1	5	1	Gde si pronašao ovaj nož?	Где ты нашёл этот нож?	4782998
3	4.89	2.58	1	5	1	Gde si pronašla ovaj nož?	Где ты нашла этот нож?	4783000
3	4.89	2.57	1	5	1	Laku noć i lepi snovi!	Спокойной ночи и приятных снов!	3450957
3	4.89	1.90	2	5	1	Ovo je naš najbolji radnik.	Это наш лучший сотрудник.	13695150
3	4.89	2.16	1	6	1	Moj muž uvek čita u krevetu.	Мой муж всегда читает в кровати.	888821
3	4.90	4.08	0	3	1	Ja sam Kanađanka.	Я канадка.	4999324
3	4.90	4.08	0	3	1	Ja sam levoruk.	Я левша.	3300231
3	4.90	2.58	1	3	2	Kada si jeo?	Когда ты ел?	3424517
3	4.90	2.83	0	4	2	Prelep dan, zar ne?	Прекрасный день, не правда ли?	1312280
3	4.90	1.92	2	5	1	Auto mog oca je nov.	Машина моего отца новая.	901139
3	4.90	2.42	0	5	2	Da li je spreman doručak?	Завтрак готов?	472243
3	4.90	2.58	1	5	1	Ja sam kasno jutros ustao.	Сегодня утром я встал поздно.	3288400
3	4.90	2.58	1	5	1	Koji jezik govore u Meksiku?	На каком языке говорят в Мексике?	3262892
3	4.90	2.42	0	5	2	To nije mačka, pas je.	Это не кошка, это собака.	475488
3	4.90	1.91	2	5	1	Tom je bio loš glumac.	Том был плохим актёром.	3481535
3	4.90	2.17	1	6	1	Kako si saznao gde je Tom?	Как ты узнал, где Том?	4246112
3	4.90	1.75	1	7	1	Napisao sam ovu pesmu samo za tebe.	Я написал эту песню только для тебя.	4248746
3	4.90	1.75	1	7	1	To pokazuje njegovu ljubav prema svojoj porodici.	Это показывает его любовь к своей семье.	1081784
3	4.91	2.09	3	2	1	Verujte mi.	Верьте мне.	6535651
3	4.91	2.09	3	2	1	Verujte mi.	Поверьте мне.	6535651
3	4.91	3.42	1	3	1	Pčele jedu nektar.	Пчёлы едят нектар.	1251300
3	4.91	2.76	2	3	1	Smejali smo se.	Мы смеялись.	8830182
3	4.91	2.09	3	3	1	Šta ti fali?	Чего тебе не хватает?	3418978
3	4.91	3.01	1	4	1	Ja Vas ne kritikujem.	Я Вас не критикую.	3484432
3	4.91	2.17	1	4	2	Volimo da igramo fudbal.	Мы любим играть в футбол.	4782969
3	4.91	2.59	1	5	1	Eksperiment je potvrdio njegovu teoriju.	Эксперимент подтвердил его теорию.	1052522
3	4.91	1.76	1	5	2	Mogu li da idem prvi?	Я могу пойти первым?	3424995
3	4.91	2.18	1	6	1	Kakva je hrana u tom restoranu?	Какая в том ресторане еда?	5039789
3	4.92	2.10	3	3	1	Moraš mi verovati.	Ты должна мне верить.	3283215
3	4.92	2.10	3	3	1	Moraš mi verovati.	Ты должен мне верить.	3283215
3	4.92	4.10	0	3	1	Prodaću moj auto.	Я продам свою машину.	3424536
3	4.92	3.68	0	4	1	Beli suncobran je tvoj.	Белый зонтик от солнца - твой.	3484266
3	4.92	1.51	2	4	2	Da li imaš nekog?	У тебя кто-то есть?	3357515
3	4.92	2.35	2	4	1	Jesi li jela nešto?	Ты что-нибудь ела?	4292390
3	4.92	3.68	0	4	1	Pozvaću te na suši.	Я приглашу тебя на суши.	897926
3	4.92	2.35	2	4	1	Skoro ništa nisam jela.	Я почти ничего не ела.	6534185
3	4.92	3.01	1	4	1	Tom ima masnu kožu.	У Тома жирная кожа.	4247104
3	4.92	2.44	0	5	2	Ne znam gde da počnem.	Я не знаю, с чего начать.	6877196
3	4.92	1.94	2	5	1	On voli kafu bez šećera.	Он любит кофе без сахара.	1091391
3	4.92	1.76	1	5	2	Ovo je moj brat, Tom.	Это мой брат Том.	4784535
3	4.92	1.76	1	5	2	Ovo je moj brat, Tom.	Это мой брат - Том.	4784535
3	4.92	3.26	0	5	1	Ovo je moja žena Edita.	Это моя жена Эдита.	478208
3	4.92	1.93	2	5	1	Ovog trenutka ja čitam knjigu.	Сейчас я читаю книгу.	1112036
3	4.92	2.60	1	5	1	Popeo sam se kroz prozor.	Я залез через окно.	3412937
3	4.92	2.60	1	5	1	To je bila velika eksplozija.	Это был большой взрыв.	4971895
3	4.93	3.44	1	2	1	Pošalji telegram!	Пошли телеграмму!	3425110
3	4.93	2.61	1	3	2	Molim te, dođi.	Пожалуйста, приходи.	5003677
3	4.93	3.02	1	4	1	Juče je bilo oblačno.	Вчера было облачно.	1835585
3	4.93	3.03	1	4	1	Latinski je jezik budućnosti!	Латинский — язык будущего!	3341495
3	4.93	1.69	3	4	1	Ne treba mi zaštita.	Мне не нужна защита.	3357653
3	4.93	1.69	3	4	1	Tom ima dvoje dece.	У Тома двое детей.	4332298
3	4.93	3.03	1	4	1	Zakasnio sam u školu.	Я опоздал в школу.	1251319
3	4.93	3.03	1	4	1	Zakasnio si na posao.	Ты опоздал на работу.	3425619
3	4.93	1.94	2	5	1	Nemoguće je živeti bez vode.	Невозможно жить без воды.	3265626
3	4.93	2.61	1	5	1	Ona je prijateljica moje sestre.	Она подруга моей сестры.	6197184
3	4.93	1.27	3	5	1	Ovaj je najbolji od svih.	Этот — лучший из всех.	8860859
3	4.93	2.19	1	6	1	Znao sam kako se Tom osećao.	Я знал, как Том себя чувствовал.	8880134
3	4.94	4.12	0	3	1	Ja sam tridesetogodišnjak.	Мне тридцать лет.	5571547
3	4.94	2.36	2	4	1	Približava se kraj avgusta.	Приближается конец августа.	3351985
3	4.94	1.70	3	4	1	Slažem se sa njim.	Я согласен с ним.	938884
3	4.94	3.03	1	4	1	Tom je veoma strpljiv.	Том очень терпеливый.	4243550
3	4.94	2.45	0	5	2	Izgleda da je on bolestan.	Кажется, он болен.	1946230
3	4.94	2.62	1	5	1	Jesu li to moje naočare?	Это мои очки?	4324643
3	4.94	2.45	0	5	2	On izgleda da je bolestan.	Он выглядит больным.	1063401
3	4.94	2.20	1	6	1	Danas je bio veoma težak dan.	Сегодня был очень тяжёлый день.	801407
3	4.94	2.04	0	6	2	Čovek se uči dok je živ.	Человек всю жизнь учится.	6895778
3	4.95	2.79	2	3	1	Meri je spavala.	Мэри спала.	6897290
3	4.95	3.46	1	3	1	Ona je zatrudnela.	Она забеременела.	1511353
3	4.95	4.12	0	3	1	Volim norveško leto.	Я люблю норвежское лето.	3477911
3	4.95	2.38	2	4	1	Novac nije kriterijum uspeha.	Деньги - не критерий успеха.	5588858
3	4.95	2.63	1	5	1	On često kasni u školu.	Он часто опаздывает в школу.	1046454
3	4.95	2.63	1	5	1	U ovoj sobi je televizor.	В этой комнате есть телевизор.	1127255
3	4.95	3.29	0	5	1	Zašto se ljutiš na mene?	Почему ты сердишься на меня?	6305205
3	4.95	3.29	0	5	1	Zašto se ljutiš na mene?	Почему ты злишься на меня?	6305205
3	4.96	2.05	0	4	3	Danas, nažalost, pada kiša.	Сегодня, к сожалению, дождь.	1117653
3	4.96	3.05	1	4	1	Ja imam krive zube.	У меня кривые зубы.	1751623
3	4.96	1.71	3	4	1	Nemam želju za tim.	Мне этого не хочется.	4250578
3	4.96	2.88	0	4	2	Treba da napišeš knjigu.	Тебе нужно написать книгу.	4248714
3	4.96	1.97	2	5	1	Ogromna moć leži u rečima.	В словах заключена огромная сила.	5626598
3	4.96	2.22	1	6	1	Juče sam čuo jednu lepu pesmu.	Вчера я слышал красивую песню.	3476388
3	4.96	2.47	0	7	1	Kako razlikovati dobar i loš Engleski jezik?	Как отличить хороший английский язык от плохого?	3302921
3	4.97	3.73	0	4	1	Izbeglički logor je prepun.	Лагерь беженцев переполнен.	3455077
3	4.97	3.06	1	4	1	Ja sam upalio svetlo.	Я зажёг свет.	3518005
3	4.97	3.73	0	4	1	Mleko ima kiseo ukus.	У молока кислый вкус.	1062000
3	4.97	2.23	1	4	2	Možete li da pričate?	Вы можете говорить?	8810088
3	4.97	3.06	1	4	1	Tom ima mračnu tajnu.	У Тома есть мрачная тайна.	4251404
3	4.97	2.39	2	4	1	Vidim lanac od zlata.	Я вижу золотую цепочку.	3478032
3	4.97	1.98	2	5	1	On stalno krivi druge ljude.	Он постоянно обвиняет других людей.	890871
3	4.97	2.64	1	5	1	To je bilo vrlo jeftino.	Это было очень дёшево.	3425925
3	4.97	2.65	1	5	1	U ovom gradu kamenje govori.	В этом городе камни говорят.	3470236
3	4.98	2.82	2	2	1	Napišite nešto.	Напишите что-нибудь.	6535674
3	4.98	2.65	1	3	2	Nemoj da govoriš.	Не говори.	4996841
3	4.98	2.23	1	4	2	Sada možete da idete.	Теперь вы можете идти.	1384471
3	4.98	2.23	1	4	2	Tom će da umre.	Том умрёт.	4993284
3	4.98	1.32	3	5	1	Dao sam mu nekoliko knjiga.	Я дал ему несколько книг.	664811
3	4.98	2.65	1	5	1	Volim i pse i mačke.	Я люблю и кошек, и собак.	3365474
3	4.98	1.56	2	6	1	Tom je znao šta je želeo.	Том знал, чего хочет.	5043524
3	4.99	2.83	2	2	1	Imam košnice.	У меня есть ульи.	8854796
3	4.99	2.40	2	4	1	Gde si kupila cipele?	Где ты купила туфли?	899012
3	4.99	2.40	2	4	1	Gde si kupio cipele?	Где ты купил туфли?	899013
3	4.99	2.40	2	4	1	Nisu svi bili dečaci.	Не все были мальчиками.	4250322
3	4.99	3.07	1	4	1	On je ispustio dušu.	Он испустил дух.	6952694
3	4.99	3.07	1	4	1	Teheran je u Iranu.	Тегеран в Иране.	3282890
3	4.99	3.07	1	4	1	Videću ih sutra uveče.	Я увижу их сегодня вечером.	1266637
3	4.99	1.32	3	5	1	Film počinje u deset sati.	Фильм начинается в десять часов.	3418913
3	4.99	1.99	2	5	1	Koristimo mnogo vode svaki dan.	Мы каждый день расходуем много воды.	3267427
3	4.99	1.99	2	5	1	Maja Keuc je dobra pevačica.	Майя Кеуц — хорошая певица.	949083
3	4.99	2.66	1	5	1	Njeno ime je bilo nepoznato.	Её имя было неизвестно.	5919546
3	4.99	2.66	1	5	1	Ona je već bila trudna.	Она уже была беременна.	3304830
3	4.99	1.99	2	5	1	Tom nas se ne boji.	Том нас не боится.	5029147
3	4.99	1.16	2	5	2	Treba da ostanem kod kuće.	Мне нужно остаться дома.	3439312
3	5.00	3.50	1	3	1	Ovde svi skijaju.	Здесь все ходят на лыжах.	3306849
3	5.00	2.16	3	3	1	Pametan si ti.	Ты умный.	4784496
3	5.00	2.17	3	3	1	Srećna Nova godina!	С Новым годом!	3290645
3	5.00	2.42	2	4	1	Mačka je ispod stola.	Кошка под столом.	3430388
3	5.00	2.42	2	4	1	Ne budite zaspalog mačka.	Не будите спящего кота.	1714764
3	5.00	2.42	2	4	1	Oni su napustili autobus.	Они покинули автобус.	1574938
3	5.00	2.50	0	5	2	Da li ja ikada grešim?	Я когда-нибудь ошибаюсь?	4324460
3	5.00	3.34	0	5	1	Ova voda nije mnogo slana.	Эта вода немного соленая.	1627577
3	5.00	2.25	1	6	1	Sve je bila jedna velika laž.	Всё было одной большой ложью.	4324324
3	5.00	1.84	1	7	1	Ne uči oca kako se prave deca.	Не учи отца ебаться.	3501833
3	5.00	1.67	0	7	2	To je znak da je odgovor dobar.	Это знак, что ответ правильный.	1153988
3	5.01	2.17	3	3	1	Idi prvo ti.	Иди сначала ты.	3246279
3	5.01	1.76	3	4	1	Ja idem sa njom.	Я иду с ним.	3292501
3	5.01	2.43	2	4	1	Jesi li prošao ispite?	Ты сдал экзамены?	6401114
3	5.01	3.09	1	4	1	Knjiga je na polici.	Книга на полке.	4971855
3	5.01	3.09	1	4	1	Knjiga je na polici.	Книга лежит на полке.	4971855
3	5.01	3.09	1	4	1	Medvedi su prilično opasni.	Медведи достаточно опасны.	4250283
3	5.01	3.09	1	4	1	Medvedi su veoma opasni.	Медведи очень опасны.	4250285
3	5.01	2.43	2	4	1	Počeli smo od nule.	Мы начали с нуля.	3477623
3	5.01	2.26	1	6	1	Ceo šećer je pao na zemlju.	Весь сахар упал на землю.	898651
3	5.02	2.18	3	3	1	Recite mi istinu.	Скажите мне правду.	888243
3	5.02	4.18	0	3	1	Sobu sutra okrečiti.	Комнату завтра покрасят.	1080582
3	5.02	1.77	3	4	1	Daj mi tu knjigu.	Дай мне ту книгу.	3412949
3	5.02	1.77	3	4	1	Daj mi tu knjigu.	Подай мне ту книгу.	3412949
3	5.02	2.43	2	4	1	Ja jedem puno mesa.	Я ем много мяса.	4324234
3	5.02	1.76	3	4	1	On misli svojom glavom.	Он думает своей головой.	7364332
3	5.02	3.10	1	4	1	Ponašala se veoma glupo.	Она вела себя очень глупо.	809201
3	5.02	2.43	2	4	1	Slavili smo njegov rođendan.	Мы праздновали его день рождения.	884474
3	5.02	2.43	2	4	1	Slavili smo njegov rođendan.	Мы отмечали его день рождения.	884474
3	5.02	2.52	0	5	2	Možeš da koristiš ovaj telefon.	Можешь пользоваться этим телефоном.	8890454
3	5.02	2.68	1	5	1	On stalno postavlja glupa pitanja.	Он постоянно задаёт глупые вопросы.	3435118
3	5.02	2.68	1	5	1	Ona je pevala neku pesmu.	Она пела какую-то песню.	3425420
3	5.02	2.68	1	5	1	Ovo je bila glupa greška.	Это была глупая ошибка.	3281967
3	5.02	2.27	1	6	1	Tom će dati otkaz u ponedeljak.	Том даст ответ в понедельник.	5043486
3	5.02	2.27	1	6	1	U četvrtak uveče pivo je besplatno.	В четверг вечером пиво бесплатное.	1171681
3	5.03	3.53	1	2	1	Mrzim karaoke.	Ненавижу караоке.	11055427
3	5.03	2.86	2	2	1	Tražim asistenta.	Я ищу ассистента.	892223
3	5.03	2.19	3	3	1	Ti si neprijatelj.	Ты враг.	3300724
3	5.03	1.77	3	4	1	Gde ti je prijatelj?	Где твои друзья?	3360357
3	5.03	1.77	3	4	1	Gde ti je prijatelj?	Где твой друг?	6905664
3	5.03	2.94	0	4	2	Moram da uhvatim voz.	Я должен сесть на поезд.	4274674
3	5.03	2.94	0	4	2	Moram da uhvatim voz.	Я должна сесть на поезд.	4274674
3	5.03	1.78	3	4	1	Ti imaš dve knjige.	У тебя две книги.	3439106
3	5.03	1.77	3	4	1	Ti si moj prijatelj.	Ты мой друг.	3281270
3	5.03	2.94	0	4	2	Treba da uhvatim voz.	Мне нужно сесть на поезд.	4274675
3	5.03	2.52	0	5	2	Ja ne volim da učim.	Я не люблю учиться.	1139208
3	5.03	2.52	0	5	2	Marija zna da govori japanski.	Мария умеет говорить по-японски.	3391943
3	5.03	1.86	1	5	2	Nemam o čemu da pišem.	Мне не о чем писать.	4248813
3	5.03	3.36	0	5	1	On ne jede sirovu ribu.	Он не ест сырую рыбу.	805709
3	5.03	1.36	3	5	1	Sutra ću ti to dati.	Завтра я тебе это дам.	3424546
3	5.04	2.87	2	3	1	Vi učite engleski.	Вы изучаете английский.	1200608
3	5.04	1.53	4	3	1	Zašto mi radimo?	Зачем мы работаем?	3484693
3	5.04	2.28	1	4	2	Da li imate psa?	У вас есть собака?	4784590
3	5.04	3.12	1	4	1	Idemo u tržni centar.	Мы идём в торговый центр.	3395350
3	5.04	3.12	1	4	1	Ima li Tom kišobran?	У Тома есть зонт?	8834611
3	5.04	3.12	1	4	1	Ima li Tom kišobran?	У Тома есть зонтик?	8834611
3	5.04	2.45	2	4	1	Kupio je par obuće.	Он купил одну пару обуви.	1266645
3	5.04	1.79	3	4	1	Mnogo vremena je prošlo.	Прошло много времени.	5028956
3	5.04	3.78	0	4	1	Nije svaka lampa čarobna.	Не каждая лампа волшебная.	406473
3	5.04	1.78	3	4	1	Ta životinja je mesožder.	Это животное питается мясом.	1189020
3	5.04	2.45	2	4	1	To je ispod stolice.	Это под стулом.	3365512
3	5.04	3.11	1	4	1	U kom krevetu spavaš?	На какой кровати ты спишь?	10689104
3	5.04	3.11	1	4	1	U kom krevetu spavaš?	На которой кровати ты спишь?	10689104
3	5.04	2.04	2	5	1	Ovo sam kupio te sedmice.	Я купил это на той неделе.	1384478
3	5.04	2.28	1	6	1	Ja volim životinje. Imam dva psa.	Я люблю животных. У меня две собаки.	3535445
3	5.05	4.21	0	3	1	Gde je Lori?	Где Лори?	2499649
3	5.05	2.21	3	3	1	Godine su protekle.	Прошли годы.	1057376
3	5.05	3.54	1	3	1	Ne pij vodu!	Не пей воду!	3278464
3	5.05	3.55	1	3	1	Ona je vrisnula.	Она закричала.	1124629
3	5.05	1.79	3	4	1	Tom je otvorio vrata.	Том открыл дверь.	4256602
3	5.05	1.79	3	4	1	Tom je otvorio vrata.	Том открыл ворота.	4256602
3	5.05	2.70	1	5	1	Gde si kupio ovu gitaru?	Где ты купил эту гитару?	6818471
3	5.05	2.04	2	5	1	On je moj stariji brat.	Он мой старший брат.	1188961
3	5.05	2.96	0	6	1	To je mesto pogodno za kupanje.	Это место удобно для купания.	1179894
3	5.05	1.46	1	6	2	Tom ne voli da radi to.	Том не любит это делать.	4250498
3	5.06	2.89	2	3	1	Vi ste glumice.	Вы актрисы.	11057677
3	5.06	2.46	2	4	1	Ja sam iz Norveške.	Я из Норвегии.	3327906
3	5.06	2.30	1	4	2	Kada ćete nas posetiti?	Когда нас посетите?	6811967
3	5.06	2.30	1	4	2	Kada ćeš nas posetiti?	Когда посетишь нас?	6811961
3	5.06	1.13	4	4	1	Ti si tako rekla!	Ты так сказала!	11055421
3	5.06	2.46	2	4	1	Vi ste bili zauzeti.	Вы были заняты.	3357095
3	5.06	2.47	2	4	1	Vrata kancelarije su žuta.	Дверь офиса жёлтая.	397031
3	5.06	3.39	0	5	1	Na koju si hranu alergičan?	На какую пищу у тебя аллергия?	4238343
3	5.06	2.71	1	5	1	Ona živi na visokoj nozi.	Она живёт на широкую ногу.	1090458
3	5.06	2.96	0	6	1	Zima je moje omiljeno godišnje doba.	Зима — моё любимое время года.	3248380
3	5.06	1.88	1	7	1	Tvoj brat nije danas bio u školi.	Твоего брата сегодня не было в школе.	3477988
3	5.07	2.72	1	3	2	Idi da pogledaš.	Иди посмотри.	4324582
3	5.07	4.23	0	3	1	Ja se umivam.	Я умываюсь.	1498219
3	5.07	1.81	3	4	1	Ti si moje sunce!	Ты моё солнце!	1261884
3	5.07	1.81	3	4	1	Ti si moje sunce.	Ты - моё солнце.	7037811
3	5.07	3.14	1	4	1	Vi sumnjate na nekoga?	Вы кого-то подозреваете?	5651580
3	5.07	2.06	2	5	1	Idem u kupovinu svakog jutra.	Я хожу за покупками каждое утро.	3284680
3	5.07	2.06	2	5	1	Moj život je u opasnosti.	Моя жизнь в опасности.	3425098
3	5.07	1.39	3	5	1	Svako druge prema sebi meri.	Каждый других по себе мерит.	1135330
3	5.07	2.05	2	5	1	Tražim nekog ko govori potugalski.	Я ищу кого-нибудь, кто говорит по-португальски.	3435467
3	5.07	2.06	2	5	1	U Grčkoj ima puno ostrva.	В Греции много островов.	665356
3	5.07	2.72	1	5	1	U kojoj je učionici ispit?	В какой аудитории экзамен?	4238415
3	5.07	2.56	0	5	2	Šta želiš da me pitaš?	Что ты хочешь у меня спросить?	4449891
3	5.07	2.14	0	6	2	Da li je to daleko odavde?	Это далеко отсюда?	3371629
3	5.07	2.31	1	6	1	Ja ću izaći na sledećoj stanici.	Я выхожу на следующей остановке.	1135334
3	5.08	2.90	2	3	1	Samo gubite vreme.	Вы только теряете время.	5045355
3	5.08	3.57	1	3	1	Telefon nije zvonio.	Телефон не звонил.	3311355
3	5.08	2.23	3	3	1	Treba mi papir.	Мне нужна бумага.	3440851
3	5.08	1.81	3	4	1	Napisao sam ti pismo.	Я написал тебе письмо.	3341505
3	5.08	3.82	0	4	1	Nosorog je veoma velik.	Носорог очень большой.	843988
3	5.08	3.15	1	4	1	On je bio besan.	Он был в бешенстве.	3434514
3	5.08	3.15	1	4	1	Prevela je tekst bukvalno.	Она перевела текст буквально.	6926842
3	5.08	3.15	1	4	1	To su dupli standardi.	Это двойные стандарты.	6851873
3	5.08	2.73	1	5	1	Zašto su udžbenici tako skupi?	Почему учебники такие дорогие?	3547616
3	5.08	2.15	0	6	2	Ona govori engleski, takođe i francuski.	Она говорит по-английски, а также и по-французски.	1183296
3	5.09	1.16	4	4	1	Koliko nam novca treba?	Сколько нам нужно денег?	4781341
3	5.09	1.16	4	4	1	Koliko novca nam treba?	Сколько денег нам нужно?	4781339
3	5.09	2.49	2	4	1	Otvorite vrata za ljubav.	Откройте дверь для любви.	5919492
3	5.09	1.82	3	4	1	Vi ste nam potrebni.	Вы нам нужны.	3501816
3	5.09	2.99	0	4	2	Volim da sviram klavir.	Я люблю играть на пианино.	3265717
3	5.09	2.08	2	5	1	Možda ćete jednog dana razumeti.	Возможно, когда-нибудь вы поймёте.	8870490
3	5.09	2.08	2	5	1	Napisala je članak za novine.	Она написала статью в газету.	7005434
3	5.09	2.74	1	5	1	Ne znam ništa o ubistvu.	Я ничего не знаю об убийстве.	10689063
3	5.09	2.74	1	5	1	Obe moje sestre su učitelji.	Обе мои сестры - учителя.	5035492
3	5.09	1.75	0	7	2	Na jedno uvo uđe, na drugo izađe.	В одно ухо влетает, в другое - вылетает.	8906876
3	5.09	2.58	0	7	1	To nije nož. OVO - ovo je nož.	Это не нож. Вот ЭТО - это нож.	397745
3	5.10	2.92	2	3	1	On voli pomorandže.	Он любит апельсины.	3287633
3	5.10	3.59	1	3	1	Potpuno sam ozdravio.	Я полностью выздоровел.	1124585
3	5.10	3.17	1	4	1	Dobrodošao u San Francisko.	Добро пожаловать в Сан-Франциско.	3402130
3	5.10	1.83	3	4	1	Možeš li mi pokazati?	Ты можешь мне показать?	3244412
3	5.10	2.50	2	4	1	Ne volim tople zime.	Я не люблю тёплые зимы.	3394628
3	5.10	1.83	3	4	1	On joj se sviđa.	Он ей нравится.	3387263
3	5.10	3.17	1	4	1	Ona je isključila radio.	Она выключила радио.	3392149
3	5.10	3.17	1	4	1	Ona je isključila svetlo.	Она выключила свет.	3392150
3	5.10	1.83	3	4	1	Sviđa mi se Meri.	Мне нравится Мэри.	4255060
3	5.10	1.83	3	4	1	Sviđa mi se Tom.	Мне нравится Том.	8876579
3	5.10	1.92	1	5	2	Oni žele da te upoznaju.	Они хотят с тобой познакомиться.	3430407
3	5.10	1.92	1	5	2	Tom ume da piše lepo.	Том умеет красиво писать.	4248694
3	5.10	2.09	2	5	1	Više volim Kolu od kafe.	Я больше люблю колу, чем кофе.	3313479
3	5.10	3.00	0	6	1	Ko je čovek koji svira violinu?	Кто этот человек, играющий на скрипке?	3300815
3	5.11	1.84	3	4	1	Jako mi je žao.	Мне очень жаль.	3395232
3	5.11	2.51	2	4	1	Ko kuca na vratima?	Кто стучит в дверь?	4248688
3	5.11	2.51	2	4	1	Ko kuca na vratima?	Кто стучится в дверь?	4248688
3	5.11	1.84	3	4	1	Meni je njega žao.	Мне его жалко.	3501823
3	5.11	1.84	3	4	1	Mnogo mi je žao.	Мне очень жаль.	1232283
3	5.11	3.84	0	4	1	Njegovo detence ima temperaturu.	У его ребёночка температура.	1183361
3	5.11	2.09	2	5	1	Zaboravio sam tvoj broj telefona.	Я забыл твой номер телефона.	3419187
3	5.11	2.17	0	6	2	Dečko koga volim, ne voli mene.	Парень, которого я люблю, меня не любит.	3255002
3	5.11	2.17	0	6	2	Dečko koga volim, ne voli mene.	Парень, которого я люблю, не любит меня.	3255002
3	5.11	0.84	2	6	2	Tom samo što je bio ovde.	Том только что был здесь.	4247117
3	5.11	2.18	0	6	2	Šta želiš da uradim za tebe?	Что ты хочешь, чтобы я для тебя сделал?	4783036
3	5.11	2.18	0	6	2	Šta želiš da uradim za tebe?	Что ты хочешь, чтобы я для тебя сделала?	4783036
3	5.12	2.27	3	3	1	Treba mi pivo.	Мне нужно пиво.	4449762
3	5.12	3.02	0	4	2	Dobro jutro, nebo plavo.	Доброе утро, небо голубое.	1090398
3	5.12	3.02	0	4	2	Dobro jutro, nebo plavo.	Доброе утро, небо синее.	1090398
3	5.12	2.52	2	4	1	Preživeli smo tri rata.	Мы пережили три войны.	6971790
3	5.12	2.52	2	4	1	Tom kuva za nas.	Том нам готовит.	4250249
3	5.12	1.94	1	5	2	Da li Tom voli kafu?	Том любит кофе?	8835623
3	5.12	2.10	2	5	1	Glavni grad Japana je Tokijo.	Столица Японии — Токио.	3440820
3	5.12	2.10	2	5	1	Izgleda mlad za svoje godine.	Он выглядит молодо для своих лет.	3371468
3	5.12	2.77	1	5	1	Ko su moji novi susedi?	Кто мои новые соседи?	3425091
3	5.12	2.77	1	5	1	Sneg se topi u proleće.	Весной снег тает.	835326
3	5.12	2.77	1	5	1	Sneg se topi u proleće.	Снег тает весной.	10047203
3	5.12	1.93	1	7	1	Ne čitam tako mnogo knjiga kao ranije.	Я не читаю так много книг, как раньше.	3296172
3	5.13	2.94	2	2	1	Vidim lava.	Я вижу льва.	3438807
3	5.13	4.28	0	3	1	Verovatno je uklet.	Наверно, он проклят.	5628146
3	5.13	2.53	2	4	1	Gde si videla Toma?	Где ты видела Тома?	4246055
3	5.13	2.53	2	4	1	Gde si video Toma?	Где ты видел Тома?	4246054
3	5.13	3.03	0	4	2	Moram da zaradim novac.	Я должен заработать денег.	3484673
3	5.13	3.03	0	4	2	Moram da zaradim novac.	Я должна заработать денег.	3484673
3	5.13	2.53	2	4	1	Nisam glasao za Toma.	Я не голосовал за Тома.	6900268
3	5.13	1.86	3	4	1	Ove knjige pripadaju nama.	Эти книги принадлежат нам.	10001498
3	5.13	2.53	2	4	1	Sve devojke vole Toma.	Все девушки любят Тома.	5396753
3	5.13	3.19	1	4	1	Tom šapuće nešto Meri.	Том что-то шепчет Мэри.	3251070
3	5.13	2.77	1	5	1	Sneg je padao celu noć.	Снег шёл всю ночь.	3371255
3	5.13	2.77	1	5	1	Sneg je padao celu noć.	Снег шёл целую ночь.	3371255
3	5.13	1.69	2	6	1	Ken ima više knjiga od tebe.	У Кена больше книг, чем у тебя.	3311341
3	5.13	3.02	0	6	1	Moj mali unuk vrlo glasno vrišti.	Мой маленький внук очень громко орёт.	3453823
3	5.13	1.69	2	6	1	Na ulici se igraju dvoje dece.	На улице играют двое детей.	715007
3	5.13	2.19	0	6	2	Ne želim da igram ovu igru.	Я не хочу играть в эту игру.	3394910
3	5.13	1.69	2	6	1	Svet ne postoji samo zbog tebe.	Мир существует не только из-за тебя.	3371543
3	5.13	3.03	0	6	1	To ne može biti pravi dijamant.	Это не может быть настоящим алмазом.	1060491
3	5.14	2.95	2	2	1	Ne razgovarajte.	Не разговаривайте.	4996892
3	5.14	1.62	4	3	1	Veliko vam hvala!	Большое вам спасибо!	5552601
3	5.14	1.70	2	4	2	Dobar dan, dobri ljudi!	Добрый день, добрые люди!	1178234
3	5.14	3.04	0	4	2	Kada počinje zimski raspust?	Когда начинаются зимние каникулы?	5847128
3	5.14	2.53	2	4	1	Kiša pada od utorka.	Дождь идёт со вторника.	3425015
3	5.14	2.53	2	4	1	Svi su zadržali dah.	Все задержали дыхание.	4967376
3	5.14	1.86	3	4	1	Treba mi nov bicikl.	Мне нужен новый велосипед.	3390857
3	5.14	2.12	2	5	1	Jesi li ikada video jednog?	Ты когда-нибудь видел такого?	5024879
3	5.14	2.37	1	6	1	Učinila je to na moju molbu.	Она сделала это по моей просьбе.	6914804
3	5.15	3.63	1	2	1	Ne pevaj.	Не пой.	4996826
3	5.15	2.96	2	2	1	Zatvorite vrata!	Закройте дверь!	1135357
3	5.15	2.96	2	2	1	Zatvorite vrata!	Закройте ворота!	1135357
3	5.15	3.62	1	3	1	Heljda je poskupela.	Гречка подорожала.	3650891
3	5.15	2.29	3	3	1	Čestitam ti rođendan.	Поздравляю тебя с днём рождения.	870439
3	5.15	1.88	3	4	1	Bila je odlična godina.	Это был отличный год.	5028936
3	5.15	2.54	2	4	1	Dobri ljudi mladi umiru.	Хорошие люди умирают молодыми.	1142577
3	5.15	2.12	2	5	1	Još smo imali poslednju šansu.	У нас ещё был последний шанс.	1054008
3	5.15	2.13	2	5	1	Ko su ova tri muškarca?	Кто эти трое мужчин?	5039846
3	5.15	2.79	1	5	1	Ko živi u susednoj kući?	Кто живёт в соседнем доме?	4975962
3	5.15	2.12	2	5	1	Nismo sposobni živeti bez vazduha.	Мы не можем жить без воздуха.	1066186
3	5.15	1.96	1	5	2	Ovo je moja sestra, Meri.	Это моя сестра Мэри.	4784534
3	5.15	2.12	2	5	1	Sastanak je trajao dva sata.	Встреча продолжалась два часа.	3419099
3	5.15	1.46	3	5	1	To se ne tiče učenika.	Это не касается учеников.	1111654
3	5.15	1.46	3	5	1	Tom je ostao sa ocem.	Том остался с отцом.	11175014
3	5.16	3.64	1	2	1	Svi tapšu.	Все хлопают.	4996903
3	5.16	3.64	1	2	1	Svi tapšu.	Все аплодируют.	4996903
3	5.16	1.64	4	3	1	Mi smo prijatelji.	Мы друзья.	3648727
3	5.16	2.80	1	3	2	Odmori se, Tome.	Отдохни, Том.	4247106
3	5.16	3.22	1	4	1	Ja stanujem u Beogradu.	Я живу в Белграде.	1080495
3	5.16	3.22	1	4	1	Ja stanujem u stanu.	Я живу в квартире.	1076259
3	5.16	1.88	3	4	1	Mnogo ljudi ima san.	У многих людей есть мечта.	3430915
3	5.16	2.63	0	5	2	Gde moram da promenim voz?	Где мне нужно сделать пересадку?	3384581
3	5.16	2.80	1	5	1	Imaš li bilo kakvu olovku?	У тебя есть какие-нибудь карандаши?	1214520
3	5.16	1.96	1	5	2	Ja volim da gledam filmove.	Я люблю смотреть фильмы.	1076674
3	5.16	1.97	1	5	2	Samo hoćemo da idemo kući.	Мы просто хотим пойти домой.	4273275
3	5.16	1.47	3	5	1	Sve ove knjige su moje.	Все эти книги мои.	3485473
3	5.16	2.80	1	5	1	To je bio smešan film.	Это был смешной фильм.	5029112
3	5.16	1.97	1	5	2	Želim da vidim moje roditelje.	Я хочу увидеться с моими родителями.	3410491
3	5.16	2.39	1	6	1	Januar je prvi mesec u kalendaru.	Январь - первый месяц в календаре.	3437266
3	5.16	1.72	2	6	1	Tom nije bio ovde u ponedeljak.	Тома не было здесь в понедельник.	8841773
3	5.17	1.89	3	4	1	Ima li Tom partnera?	У Тома есть партнёр?	8829814
3	5.17	3.23	1	4	1	Ko su tvoji prijatelji?	Кто твои друзья?	5397784
3	5.17	2.56	2	4	1	Muškarac sedi pored potoka.	Мужчина сидит за ручьём.	1117645
3	5.17	3.89	0	4	1	Njegova supruga je Japanka.	Его супруга - японка.	1498206
3	5.17	2.39	1	4	2	Oni vole da pevaju.	Он любит петь.	3501828
3	5.17	1.89	3	4	1	Ti si moja sreća.	Ты — моё счастье.	5800279
3	5.17	2.14	2	5	1	Banka se nalazi pored pošte.	Банк находится рядом с почтой.	1183308
3	5.17	2.14	2	5	1	Koliko je odavde do parka?	Сколько отсюда до парка?	3245649
3	5.17	2.14	2	5	1	Ne volim muškarce poput njega.	Я не люблю таких мужчин, как он.	1133533
3	5.17	2.81	1	5	1	Ona se uvek pridružuje njemu.	Она всегда к нему придирается.	1098594
3	5.17	1.73	2	6	1	Marija živi prilično daleko od škole.	Мария живёт достаточно далеко от школы.	3469664
3	5.18	2.99	2	3	1	Obojica su lagali.	Оба солгали.	12415002
3	5.18	2.31	3	3	1	Plašim se pasa.	Я боюсь собаки.	3298729
3	5.18	2.31	3	3	1	Plašim se pasa.	Я боюсь собаку.	3298729
3	5.18	2.57	2	4	1	Ne znamo naše komšije.	Мы не знаем наших соседей.	6904259
3	5.18	3.90	0	4	1	Ona ima ukrajinsko državljanstvo.	У неё украинское гражданство.	5601694
3	5.18	1.23	4	4	1	Tom radi s nama.	Том работает с нами.	13689909
3	5.18	1.23	4	4	1	Tom radi sa nama.	Том работает с нами.	5029146
3	5.18	2.81	1	5	1	Koliko često putujete u inostranstvo?	Как часто вы ездите за границу?	1153269
3	5.18	2.65	0	5	2	Nije zlato sve što sija.	Не всё то золото, что блестит.	1484522
3	5.18	2.65	0	5	2	Ovde moraš da govoriš engleski.	Здесь ты должен говорить по-английски.	3359667
3	5.18	2.65	0	5	2	Ovde moraš da govoriš engleski.	Здесь ты должна говорить по-английски.	3359667
3	5.18	2.82	1	5	1	Tom jako dobro svira klavir.	Том очень хорошо играет на пианино.	4781410
3	5.18	1.48	3	5	1	Tom je govorio tri minuta.	Том говорил три минуты.	5045376
3	5.18	2.65	0	5	2	Uvek treba da govoriš istinu.	Всегда нужно говорить правду.	3380036
3	5.18	2.15	2	5	1	Više volim Engleski od Matematike.	Я больше люблю английский, чем математику.	3250517
3	5.18	2.40	1	6	1	Amazon je velika reka u Brazilu.	Амазонка - крупная река в Бразилии.	1610089
3	5.18	2.23	0	6	2	Šta misliš, šta znači ova rečenica?	Как ты думаешь, что значит это предложение?	4249168
3	5.19	4.33	0	2	1	Učiću nemački.	Я буду учить немецкий.	2764229
3	5.19	4.33	0	3	1	Ja sam negovatelj.	Я медбрат.	1085928
3	5.19	3.24	1	4	1	Imam dve udate sestre.	У меня две замужних сестры.	1949883
3	5.19	2.58	2	4	1	Tom je imao nož.	У Тома был нож.	3299160
3	5.19	2.83	1	5	1	Tom je zaljubljen u Mariju.	Том влюблён в Марию.	3440807
3	5.19	1.74	2	6	1	Ima nekoliko crkvi blizu moje kuće.	Поблизости от моего дома есть несколько церквей.	8877214
3	5.20	3.50	0	2	2	Kada odlaziš?	Когда ты уезжаешь?	1384492
3	5.20	3.50	0	2	2	Kada odlaziš?	Когда уезжаешь?	1384492
3	5.20	3.50	0	2	2	Kafu, moliću.	Кофе, пожалуйста.	3791383
3	5.20	3.92	0	4	1	Ovde neminovno postaješ sujeveran.	Тут поневоле станешь суеверным.	5651584
3	5.20	1.92	3	4	1	Porodica osnovna ćelija društva.	Семья - основная единица общества.	1189008
3	5.20	1.92	3	4	1	Ti si veoma lep.	Ты очень красивый.	3357492
3	5.20	2.17	2	5	1	Kako je prošao čas francuskog?	Как прошёл урок французского?	393404
3	5.20	0.84	4	5	1	Koliko ljudi je bilo tamo?	Сколько там было человек?	4243436
3	5.20	0.84	4	5	1	Koliko ljudi je bilo tamo?	Сколько человек там было?	4243436
3	5.20	0.84	4	5	1	Koliko ljudi je bilo tamo?	Сколько людей там было?	4243436
3	5.20	2.17	2	5	1	Tom je pokazao na nebo.	Том показал на небо.	4256610
3	5.21	3.67	1	3	1	Vreme je proletelo.	Время пролетело.	6535569
3	5.21	3.26	1	4	1	Danas nisam kročio napolje.	Я сегодня не выходил на улицу.	4782975
3	5.21	2.59	2	4	1	Ja sam stanovnik Berlina.	Я житель Берлина.	3430954
3	5.21	1.92	3	4	1	Knjige imaju svoju sudbinu.	У книг есть своя судьба.	6947303
3	5.21	1.92	3	4	1	Knjige imaju svoju sudbinu.	Книги имеют свою судьбу.	6947303
3	5.21	3.92	0	4	1	Nikada nisam video žirafu.	Я никогда не видел жирафа.	1484544
3	5.21	2.59	2	4	1	Oko je ogledalo duše.	Глаза — зеркало души.	1243507
3	5.21	3.92	0	4	1	On je ogledni voditelj.	Он опытный водитель.	1251316
3	5.21	1.59	1	6	2	Da li si bio u Americi?	Ты был в Америке?	3425266
3	5.21	1.09	3	6	1	Danas joj je prvi dan škole.	Сегодня у неё первый школьный день.	4250215
3	5.21	2.42	1	6	1	Kompjuter igra važnu ulogu pri učenju.	Компьютер играет важную роль во время учёбы.	879391
3	5.21	1.76	2	6	1	Veoma volim ovaj stari deo grada.	Я очень люблю эту старую часть города.	3476265
3	5.22	3.68	1	3	1	Jesi li ručao?	Ты обедал?	4261847
3	5.22	3.10	0	4	2	Gde želiš da sediš?	Где ты хочешь сидеть?	3331315
3	5.22	1.27	4	4	1	Ti si dobio ulogu.	Ты получил роль.	3645027
3	5.22	2.85	1	5	1	Lišće je padalo na zemlju.	Листья падали на землю.	1043432
3	5.22	2.18	2	5	1	On je pao na kolena.	Он упал на колени.	3474668
3	5.22	2.85	1	5	1	Srbi su stari slovenski narod.	Сербы - древний славянский народ.	1133795
3	5.22	2.01	1	7	1	Ne govorim Francuski tako dobro kao Tom.	Я не говорю по-французски так хорошо, как Том.	3296368
3	5.23	3.03	2	3	1	Konji spavaju stojeći.	Лошади спят стоя.	1511403
3	5.23	3.53	0	3	2	Nastavi da pevaš.	Продолжай петь.	8835754
3	5.23	2.61	2	4	1	Tom nije izgledao zadovoljno.	Том не выглядел довольным.	4292338
3	5.23	3.11	0	4	2	Treba da pojedem nešto.	Мне нужно что-нибудь поесть.	4261721
3	5.23	2.44	1	6	1	Moji jedini prijatelji su moje pčele.	Мои единственные друзья - мои пчёлы.	5633770
3	5.23	1.77	2	6	1	Oni su bili članovi srednje klase.	Они принадлежали к среднему классу.	4967449
3	5.23	2.44	1	6	1	Slučajno sam je sreo na ulici.	Я случайно встретил ее на улице.	3265632
3	5.23	2.02	1	7	1	Nasilje je jedini jezik koji oni razumeju.	Насилие — единственный язык, который они понимают.	3541260
3	5.24	3.70	1	2	1	Ne pucaj!	Не стреляй!	3439027
3	5.24	1.95	3	4	1	On ima trideset godina.	Ему тридцать лет.	3391251
3	5.24	1.95	3	4	1	Treba mi tvoja pomoć.	Мне нужна твоя помощь.	3535748
3	5.24	3.28	1	4	1	Zečevi se brzo razmnožavaju.	Зайцы быстро размножаются.	11055430
3	5.24	2.70	0	5	2	Da li sam sad bezbedna?	Я сейчас в безопасности?	4324489
3	5.24	2.70	0	5	2	Danas je veliki dan, sine!	Сегодня великий день, сын!	4249108
3	5.24	1.37	2	5	2	Nemam vremena da te vidim.	У меня нет времени тебя видеть.	1117640
3	5.24	0.87	4	5	1	Ti si jedan od nas.	Ты один из нас.	4324619
3	5.24	2.20	2	5	1	Tom je govorio veoma glasno.	Том говорил очень громко.	4253508
3	5.24	2.20	2	5	1	Učenje engleskog je težak posao.	Изучение английского - трудная работа.	3418935
3	5.24	2.45	1	6	1	Autobus je bio skoro potpuno prazan.	Автобус был почти совсем пустой.	3478625
3	5.24	1.78	2	6	1	Lako je igrati uz muziku sreće.	Легко танцевать под пение счастья.	1457645
3	5.24	0.54	2	7	2	Da li ste već bili u Kjotu?	Вы уже были в Киото?	1134264
3	5.25	2.38	3	3	1	Kojim putem ideš?	Каким путём ты идёшь?	6148838
3	5.25	2.88	1	5	1	Sada sam u starom zamku.	Сейчас я в старом замке.	1214519
3	5.25	2.46	1	6	1	Kako si saznala gde je Tom?	Как ты узнала, где Том?	4246111
3	5.25	1.87	0	7	2	To je ono što ja zaista osećam.	Это то, что я действительно чувствую.	1911414
3	5.26	2.38	3	3	1	Devojka vidi dečaka.	Девочка видит мальчика.	5635185
3	5.26	3.72	1	3	1	Ispekao sam hleb.	Я испёк хлеб.	6334116
3	5.26	2.22	2	3	2	Nemojte da gledate.	Не смотрите.	4995907
3	5.26	2.64	2	4	1	Gde si našao ključeve?	Где ты нашёл ключи?	4246030
3	5.26	2.64	2	4	1	Gde si našla ključeve?	Где ты нашла ключи?	4246032
3	5.26	2.64	2	4	1	Gde si pronašao ključeve?	Где ты нашёл ключи?	4246031
3	5.26	2.46	1	4	2	Hajde da promenimo temu.	Давайте изменим тему.	6583434
3	5.26	2.63	2	4	1	Ja sam igrač tenisa.	Я теннисист.	3298725
3	5.26	2.88	1	5	1	Gde je pasta za zube?	Где зубная паста?	1171632
3	5.26	2.22	2	5	1	Ja sam čekao pola sata.	Я прождал полтора часа.	1112033
3	5.26	2.22	2	5	1	Moj otac je vozač autobusa.	Мой отец - водитель автобуса.	3430917
3	5.26	2.21	2	5	1	Ona se rodila prošle godine.	Она родилась в прошлом году.	3392085
3	5.26	2.21	2	5	1	Udario me je dva puta.	Он ударил меня два раза.	3412946
3	5.26	1.63	1	6	2	Oni će znati šta da rade.	Они будут знать, что делать.	4292234
3	5.26	1.47	0	6	3	Što je moje, to je dobro.	Что моё, то хорошо.	1102242
3	5.27	2.39	3	3	1	Imam ogromne probleme.	У меня огромные проблемы.	3432881
3	5.27	2.23	2	3	2	Nemojte da pričate.	Не разговаривайте.	4996847
3	5.27	2.65	2	4	1	Ne boj se ničega.	Не бойся ничего.	11055376
3	5.27	1.97	3	4	1	On poznaje mnogo ljudi.	Он знаком со многими людьми.	1751647
3	5.27	2.22	2	5	1	Ko je tvoj učitelj engleskog?	Кто твой учитель английского?	893071
3	5.27	3.56	0	5	1	Nikad pasti neće crvena zvezda.	Красная звезда никогда не упадет.	1142580
3	5.27	3.56	0	5	1	Nikad pasti neće crvena zvezda.	Красные звезды не падают.	1142580
3	5.27	2.89	1	5	1	Ovo je bilo razumno pravilo.	Это было разумное правило.	3477610
3	5.27	1.56	3	5	1	Znaš li koliko je sati?	Ты знаешь, сколько времени?	5843388
3	5.27	1.56	3	5	1	Znaš li koliko je sati?	Ты знаешь, который час?	5843388
3	5.27	1.56	3	5	1	Šta ti znaš o meni?	Что ты обо мне знаешь?	6960914
3	5.27	1.89	0	7	2	Ona ne zna da čita i piše.	Она не умеет читать и писать.	4243451
3	5.28	2.48	1	4	2	Da li igrate fudbal?	Вы играете в футбол?	4273336
3	5.28	1.15	3	4	2	Hvala ti mnogo, Tome.	Большое тебе спасибо, Том.	5029110
3	5.28	2.65	2	4	1	Kiša je padala danima.	Дождь шёл несколько дней.	945339
3	5.28	2.65	2	4	1	Mačke se boje vode.	Кошки боятся воды.	1054360
3	5.28	1.99	3	4	1	Treba mi malo sna.	Мне нужно немного поспать.	3424908
3	5.28	2.07	1	5	2	Gde mogu da kupim kartu?	Где я могу купить карту?	3424523
3	5.28	3.56	0	5	1	Papagaj često podražava ljudski govor.	Попугаи часто подражают человеческой речи.	1080440
3	5.28	2.23	2	5	1	Stotine ptica su na jezeru.	На озере сотни птиц.	1048541
3	5.29	2.41	3	3	1	Jabuke su crvene.	Яблоки красные.	1183324
3	5.29	2.40	3	3	1	On prodaje cipele.	Он продаёт обувь.	3395226
3	5.29	3.32	1	4	1	Ne diraj moj bicikl.	Не трогай мой велосипед.	3250632
3	5.29	2.49	1	4	2	Nemoj da me gledaš.	Не смотри на меня.	3438781
3	5.29	2.00	3	4	1	On ima troje dece.	У него трое детей.	3245362
3	5.29	1.32	4	4	1	Sad nam treba istina.	Сейчас нам нужна правда.	5028610
3	5.29	1.32	4	4	1	Sada nam treba istina.	Сейчас нам нужна правда.	5028611
3	5.29	2.08	1	5	2	Da li su oni visoki?	Они высокие?	3440828
3	5.29	2.08	1	5	2	Da li Tom vodi dnevnik?	Том ведёт дневник?	8835635
3	5.29	2.08	1	7	1	Je li to tvoja prva poseta Japanu?	Это твой первый визит в Японию?	1221170
3	5.30	4.42	0	3	1	Gde je biletarnica?	Где касса?	3402150
3	5.30	3.33	1	4	1	Tom radi večernju smenu.	Том работает в вечернюю смену.	3438514
3	5.30	2.25	2	5	1	Zemlja se okreće oko Sunca.	Земля вращается вокруг Солнца.	1097767
3	5.30	3.17	0	6	1	Atomska energija je skupa i opasna.	Атомная энергия дорога и опасна.	3437263
3	5.30	2.50	1	6	1	Bila je velika gužva na aerodromu.	В аэропорту было полно народу.	890869
3	5.30	2.08	1	7	1	Osaka - drugi po veličini grad u Japanu.	Осака — второй по величине город в Японии.	1457627
3	5.30	1.67	1	8	1	Gde si kupio to? I ja želim jedan.	Где ты это купил? Я тоже хочу такой.	4237961
3	5.31	3.35	1	4	1	Šofer čeka na putnike.	Водитель ждёт пассажиров.	3499733
3	5.31	2.09	1	5	2	Da li volite svoju majku?	Вы любите свою маму?	4264009
3	5.31	2.26	2	5	1	Tom je govorio o muzici.	Том говорил о музыке.	4261831
3	5.31	2.09	1	5	2	Znam da ću napraviti greške.	Я знаю, что сделаю ошибки.	8835557
3	5.31	2.09	1	5	2	Šta sam zaboravio da kažem?	Что я забыл сказать?	6018046
3	5.31	1.17	3	6	1	Deset godina - to je dugo vreme.	Десять лет - это долгий срок.	2037943
3	5.31	1.84	2	6	1	Ja živim na drugoj strani ulice.	Я живу на другой стороне улицы.	3424913
3	5.31	2.51	1	6	1	Koji se jezici govore u Americi?	На каких языках говорят в Америке?	3331381
3	5.31	2.51	1	6	1	Niko ne kuca na moja vrata.	Никто не стучит ко мне в дверь.	3296175
3	5.31	2.76	0	7	1	Teško je prevesti pesmu na drugi jezik.	Сложно перевести песню на другой язык.	1055709
3	5.32	4.43	0	2	1	Smisliću nešto.	Я что-нибудь придумаю.	4258246
3	5.32	2.93	1	2	2	Ćao, Tome.	Привет, Том.	466204
3	5.32	3.35	1	4	1	Kako je dospelo ovde?	Как я сюда попал?	4449813
3	5.32	4.01	0	4	1	Moja soba je svinjac.	Моя комната - настоящий свинарник.	3386961
3	5.32	2.02	3	4	1	Napravila mi je zvezdu.	Она сделала мне звезду.	3393837
3	5.32	2.68	2	4	1	Trčim dva puta nedeljno.	Я бегаю два раза в неделю.	3435555
3	5.32	3.60	0	5	1	Ja snosim odgovornost za grešku.	Это я несу ответственность за ошибку.	1173795
3	5.32	2.27	2	5	1	Moj otac je nastavnik Engleskog.	Мой отец - преподаватель английского.	3288330
3	5.32	1.69	1	6	2	Da li si kupio novi auto?	Ты купил новую машину?	3426509
3	5.32	1.27	1	7	2	Ne mogu da verujem u sve ovo.	Не могу поверить во всё это.	4250163
3	5.33	2.44	3	3	1	Hladno mi je.	Мне холодно.	6895806
3	5.33	3.77	1	3	1	Marija mrzi paukove.	Мария терпеть не может пауков.	3429971
3	5.33	2.78	0	3	3	Neverovatno, ali istinito.	Невероятно, но правда.	6159426
3	5.33	3.77	1	3	1	Oni mrze paukove.	Они терпеть не могут пауков.	3429972
3	5.33	2.44	3	3	1	Ti si ubica.	Ты убийца.	3307058
3	5.33	2.02	3	4	1	Reci mi gde si.	Скажи мне, где ты.	4253846
3	5.33	2.02	3	4	1	Reci mi šta znaš.	Скажи мне, что ты знаешь.	4253847
3	5.33	3.36	1	4	1	Sneg je prekrio autobus.	Снег покрыл автобус.	3244723
3	5.33	2.52	1	4	2	Volim da učim jezike.	Я люблю учить языки.	6900400
3	5.33	2.03	3	4	1	Zadovoljan sam svojim poslom.	Я доволен своей работой.	3265426
3	5.33	2.27	2	5	1	Bogati ljudi nisu uvek srećni.	Богатые люди не всегда счастливы.	3267420
3	5.33	0.95	4	5	1	Mi tu ništa ne možemo.	Мы тут ничего не можем.	4251209
3	5.33	1.86	2	6	1	Nemam sina koji se zove Tom.	У меня нет сына по имени Том.	3386922
3	5.33	2.52	1	6	1	Vijetnam je nekada bio francuska kolonija.	Вьетнам когда-то был французской колонией.	1643297
3	5.34	3.37	1	4	1	Ja sam upalila svetlo.	Я зажгла свет.	3518004
3	5.34	2.28	2	5	1	Jesi li videla mog psa?	Ты видела мою собаку?	5002305
3	5.34	2.28	2	5	1	Jesi li video mog psa?	Ты видел мою собаку?	5002297
3	5.34	2.28	2	5	1	Kako je tvoje puno ime?	Как твоё полное имя?	3791347
3	5.34	2.28	2	5	1	Kako se piše tvoje prezime?	Как пишется твоя фамилия?	10686236
3	5.34	2.28	2	5	1	Njen prijatelj voli svog psa.	Её друг любит свою собаку.	3478030
3	5.34	2.95	1	5	1	Udžbenici se prodaju u knjižari.	Учебники продаются в книжном магазине.	1054864
3	5.35	2.96	1	3	2	Glasnije, molim te.	Громче, пожалуйста.	5003564
3	5.35	3.37	1	4	1	Emili je napisala rečenicu.	Эмили написала предложение.	3340833
3	5.35	2.13	1	5	2	Da li si pronašao posao?	Ты нашёл работу?	3424980
3	5.35	2.96	1	5	1	Molim te govori malo glasnije.	Пожалуйста, говори чуть погромче.	3248283
3	5.35	1.46	2	5	2	Naravno, Tom voli svoju decu.	Конечно, Том любит своих детей.	4986725
3	5.35	3.62	0	5	1	Novi koronavirus je veoma zarazan.	Новый коронавирус очень заразен.	8719546
3	5.35	2.12	1	5	2	Pa, takve stvari se dešavaju.	Что ж, бывает.	4784493
3	5.35	2.54	1	6	1	Jedan moj prijatelj studira u inostranstvu.	Один мой друг учится за границей.	1449062
3	5.36	3.80	1	2	1	Popij lek.	Выпей лекарство.	3484257
3	5.36	4.47	0	3	1	Posetiću te sutra.	Я тебя завтра навещу.	3277803
3	5.36	3.38	1	4	1	Ona te je lagala.	Она лгала тебе.	6827714
3	5.36	1.39	4	4	1	Šta su ti rekli?	Что они тебе сказали?	4261856
3	5.36	2.13	1	5	2	Da li Tom ima ključ?	У Тома есть ключ?	4251065
3	5.36	2.38	0	6	2	Da li si slobodan danas popodne?	Ты сегодня после обеда свободен?	6359072
3	5.36	2.13	1	7	1	U sledećem životu ću sve raditi drugačije.	В следующей жизни я всё сделаю по-другому.	11134273
3	5.36	2.13	1	7	1	U sledećem životu ću sve raditi drugačije.	В следующей жизни я буду всё делать иначе.	11134273
3	5.36	1.55	0	8	2	Da li neko zna gde je moj sin?	Кто-нибудь знает, где мой сын?	3340825
3	5.37	2.48	3	3	1	Dragi moj prijatelju!	Дорогие мои друзья!	1280752
3	5.37	2.31	2	3	2	Čašu vode, molim.	Стакан воды, пожалуйста.	3318074
3	5.37	1.39	4	4	1	Mi smo iz Rusije.	Мы из России.	3437783
3	5.37	2.31	2	5	1	Kupite knjigu i pročitajte je.	Купите книгу и прочтите её.	6906479
3	5.37	2.31	2	5	1	Mogu li dobiti čašu vode?	Можно мне стакан воды?	3318076
3	5.37	2.98	1	5	1	On se šetao kroz šumu.	Он гулял по лесу.	3440827
3	5.37	2.15	1	5	2	Tom kaže da je zdrav.	Том говорит, что здоров.	5028963
3	5.37	2.56	1	6	1	Tom jede čokoladu skoro svaki dan.	Том ест шоколад почти каждый день.	5308568
3	5.38	3.15	2	2	1	Mrzimo Toma.	Мы ненавидим Тома.	4782995
3	5.38	3.82	1	3	1	Ne otvaraj prozor.	Не открывай окно.	2499659
3	5.38	2.31	2	3	2	Nemojte da govorite.	Не говорите.	4996843
3	5.38	3.23	0	4	2	Da li zahtevam previše?	Я слишком многого требую?	6550153
3	5.38	3.23	0	4	2	Da li zahtevam previše?	Я слишком много требую?	6550153
3	5.38	4.07	0	4	1	Esperanto je međunarodni jezik.	Эсперанто - международный язык.	1185069
3	5.38	1.49	2	5	2	Da li ste to videli?	Вы это видели?	3484425
3	5.38	1.65	3	5	1	Muriel sada ima dvadeset godina.	Мюриел сейчас двадцать лет.	6534200
3	5.38	2.57	1	6	1	Tom se uopšte ne plaši zmija.	Том вообще не боится змей.	3364114
3	5.39	2.49	3	3	1	Dosadno mi je.	Мне скучно.	3669334
3	5.39	2.33	2	3	2	Idite da pogledate.	Идите посмотрите.	4324583
3	5.39	3.82	1	3	1	Muškarac je pocrveneo.	Мужчина покраснел.	11055417
3	5.39	1.82	4	3	1	Nedostaje nam Tom.	Мы скучаем по Тому.	10847051
3	5.39	1.82	4	3	1	Nedostaje nam Tom.	Нам не хватает Тома.	10847051
3	5.39	2.49	3	3	1	Treba mi taksi.	Мне нужно такси.	3368553
3	5.39	2.49	3	3	1	Uvek idem autobusom.	Я всегда езжу на автобусе.	4324416
3	5.39	2.74	2	4	1	Kakav jogurt najviše voliš?	Какой йогурт ты больше всего любишь?	4781280
3	5.39	2.08	3	4	1	Napisala je mnogo pesama.	Она написала много песен.	3288626
3	5.39	2.74	2	4	1	Nisam dobar u sportovima.	Я не силён в спорте.	3425856
3	5.39	2.58	1	4	2	Nisam mogla da spavam.	Я не могла спать.	1261853
3	5.39	1.40	4	4	1	Vama je ovo potrebno.	Вам это нужно.	3535311
3	5.39	1.40	4	4	1	Šta je sa vama?	Что с вами?	5909347
3	5.39	2.99	1	5	1	Bio je to dobar šešir.	Хорошая была шляпа.	4250446
3	5.39	2.16	1	5	2	Da li Tom često putuje?	Том часто путешествует?	8835450
3	5.39	2.32	2	5	1	Disciplina je najvažniji deo uspeha.	Дисциплина - самая важная часть успеха.	5588876
3	5.39	2.32	2	5	1	Disciplina je najvažniji deo uspeha.	Дисциплина - это важнейшая составляющая успеха.	6148795
3	5.39	2.99	1	5	1	Gde si kupila taj šešir?	Где ты купила ту шляпу?	8930978
3	5.39	2.99	1	5	1	Hoćemo u Boston i Čikago.	Мы хотим в Бостон и Чикаго.	6567922
3	5.39	1.66	3	5	1	Ja ću ti doneti sreću.	Я принесу тебе счастье.	1090456
3	5.39	2.99	1	5	1	Koliko često ideš u Boston?	Как часто ты ездишь в Бостон?	4239898
3	5.39	2.99	1	5	1	To je bio dobar šešir.	Это была хорошая шляпа.	4250444
3	5.40	2.50	3	2	1	Nemam predrasuda.	У меня нет предрассудков.	3425236
3	5.40	3.16	2	2	1	Probudite se!	Проснитесь!	5558019
3	5.40	3.16	2	2	1	Probudite se!	Просыпайтесь!	5558019
3	5.40	2.58	1	4	2	Kada si jutros ustao?	Во сколько ты сегодня утром встал?	3440724
3	5.40	2.58	1	4	2	Kada si ustao jutros?	Во сколько ты встал сегодня утром?	898463
3	5.40	2.58	1	4	2	Mogu li da uđem?	Я могу войти?	6593985
3	5.40	2.58	1	4	2	Mogu li da uđem?	Можно войти?	6593985
3	5.40	2.41	0	4	3	Pa, treba da krenem.	Ладно, я должен идти.	11055676
3	5.40	2.08	3	4	1	Šta je sa tobom?	Что с тобой?	5909350
3	5.40	2.17	1	5	2	Kada ona odlazi u inostranstvo?	Когда она уезжает за границу?	3356153
3	5.40	1.66	3	5	1	On ima poslednji model automobila.	У него авто самой последней модели.	1056866
3	5.40	2.33	2	5	1	Oni su pokušavali tri puta.	Они пробовали три раза.	3313480
3	5.40	2.59	1	6	1	Neko je ukrao sav moj novac.	Кто-то украл все мои деньги.	1178230
3	5.40	2.58	1	6	1	On je jeo hleb i meso.	Он ел хлеб и мясо.	3440630
3	5.40	1.92	2	6	1	Tvoj bicikl je bolji od mog.	Твой велосипед больше моего.	3419209
3	5.40	2.58	1	6	1	Šta si jeo? Ribu ili meso?	Что ты ел? Рыбу или мясо?	3390917
3	5.40	2.17	1	7	1	Oni se razlikuju kao nebo i zemlja.	Они отличаются, как небо и земля.	3298047
3	5.41	2.51	3	3	1	Pametna si ti.	Ты умная.	4784497
3	5.41	2.09	3	4	1	Reci mi šta želiš.	Скажи мне, чего ты хочешь.	3419225
3	5.41	2.18	1	5	2	Ne mogu da to uradim.	Я не могу этого сделать.	3425938
3	5.41	2.17	1	5	2	Počeo je da pada sneg.	Снег пошёл.	396695
3	5.41	2.34	2	5	1	Tom je kupio novog konja.	Том купил новую лошадь.	13765051
3	5.41	1.76	1	6	2	Ne želim da idem u školu.	Я не хочу идти в школу.	3644139
3	5.42	2.10	3	4	1	Godina ima dvanaest meseci.	В году двенадцать месяцев.	1598497
3	5.42	1.27	3	4	2	Ne verujem ti, Tome.	Я не верю тебе, Том.	4259855
3	5.42	2.10	3	4	1	Sviđa mu se fudbal.	Ему нравится футбол.	8842761
3	5.42	2.77	2	4	1	Tom je ubio Mariju.	Том убил Марию.	5629142
3	5.42	1.93	2	4	2	Volim da čitam knjige.	Я люблю читать книги.	3264438
3	5.42	2.35	2	5	1	Koliko ima konja u Švedskoj?	Сколько в Швеции лошадей?	3296167
3	5.42	2.60	1	6	1	Nikada se nisam popeo na Fudži.	Я никогда не забирался на Фудзи.	1080412
3	5.42	1.76	1	6	2	Uspeh je došao polako, ne odjednom.	Успех пришёл медленно, не сразу.	5588867
3	5.42	1.35	1	7	2	Mislim da je to bila dobra ideja.	Думаю, что это была хорошая идея.	3499707
3	5.43	3.44	1	4	1	Na stolu je pomorandža.	На столе апельсин.	1080464
3	5.43	2.11	3	4	1	Ti si samo dečak.	Ты всего лишь мальчик.	3650697
3	5.43	3.27	0	6	1	Ona ima mačku. Mačka je bela.	У неё есть кошка. Кошка белая.	3307054
3	5.44	2.53	3	3	1	Nemam sada novaca.	У меня сейчас нет денег.	3387251
3	5.44	3.28	0	4	2	Moraš da nosiš kacigu.	Ты должен надеть каску.	3469815
3	5.44	2.12	3	4	1	Ti si samo devojčica.	Ты всего лишь девочка.	3650669
3	5.44	2.87	0	5	2	Mraz i sunce, predivan dan!	Мороз и солнце; день чудесный!	5674504
3	5.44	1.70	3	5	1	Naše malo nekome je mnogo.	Что для нас мало, для кого-то много.	1082344
3	5.44	3.03	1	5	1	Tečno je govorila Francuski jezik.	Она свободно говорила по-французски.	3392074
3	5.44	1.03	4	5	1	To ti ne mogu reći.	Этого я не могу тебе сказать.	3386956
3	5.44	2.36	2	5	1	Zašto su zečije uši velike?	Почему у зайцев большие уши?	4243525
3	5.44	1.79	1	8	1	Zgrada koju sam video je bila veoma velika.	Здание, которое я видел, было очень большим.	4967501
3	5.45	3.21	2	2	1	Izmešajte šećer.	Размешайте сахар.	2067549
3	5.45	3.21	2	2	1	Uđite unutra.	Войдите внутрь.	4997609
3	5.45	2.63	1	4	2	Da li si spavao?	Ты спал?	4258413
3	5.45	3.46	1	4	1	Obe sestre su plavuše.	Обе сестры - блондинки.	3298570
3	5.45	3.46	1	4	1	Živiš u mojem srcu.	Ты живёшь в моём сердце.	2499658
3	5.45	2.38	2	5	1	Morate učiti od svojih grešaka.	Вы должны учиться на своих ошибках.	3311733
3	5.45	2.21	1	5	2	Oni moraju da piju vodu.	Они должны пить воду.	3304811
3	5.45	3.04	1	5	1	Postoji mnogo galaksija u univerzumu.	Во Вселенной есть много галактик.	890855
3	5.45	3.04	1	5	1	Postoji mnogo galaksija u univerzumu.	Во Вселенной много галактик.	890855
3	5.45	3.04	1	5	1	Spavanje na tepihu je super.	Спать на ковре — это класс.	465504
3	5.45	2.63	1	6	1	Moj brat je kupio nov televizor.	Мой брат купил новый телевизор.	4781419
3	5.46	2.55	3	3	1	Daj mi mač.	Дай мне меч.	4781276
3	5.46	2.38	2	5	1	Armija je umrla od gladi.	Войско умерло от голода.	1113396
3	5.46	1.80	1	8	1	Imaju veoma dobar plan i program na univerzitetu.	В университете очень хороший план и программа.	6534196
3	5.47	3.31	0	4	2	Nastavi da se trudiš.	Продолжай попытки.	6535754
3	5.47	2.80	2	4	1	Tom je ugasio televizor.	Том выключил телевизор.	4258359
3	5.47	2.39	2	5	1	Japan nije veliki poput Kanade.	Япония небольшая по сравнению с Канадой.	3365557
3	5.47	2.39	2	5	1	Pas brže trči od čoveka.	Собака бегает быстрее, чем человек.	3366094
3	5.48	2.82	2	4	1	Kraljevi imaju duge ruke.	У королей длинные руки.	3334300
3	5.48	2.82	2	4	1	Napišite ovde vaše ime.	Вы напишете здесь ваше имя?	1384482
3	5.48	2.82	2	4	1	Napišite svoje ime ovde.	Напишите здесь своё имя.	4248733
3	5.48	2.65	1	4	2	Nažalost, padala je kiša.	К сожалению, шел дождь.	11055436
3	5.48	1.74	3	5	1	Dao sam joj moju adresu.	Я дал ей свой адрес.	3391983
3	5.48	3.06	1	5	1	Ko je naslikao ovu sliku?	Кто нарисовал эту картину?	1111640
3	5.48	2.40	2	5	1	Oni nisu slušali svoje roditelje.	Они не слушались родителей.	1280744
3	5.48	2.65	1	6	1	Kad je poslednji put padala kiša?	Когда шёл дождь в последний раз?	11054905
3	5.48	2.48	0	6	2	Majku se dopada da igra košarku.	Майку нравится играть в баскетбол.	1103116
3	5.48	1.32	3	6	1	Ne znam gde ti je knjiga.	Я не знаю, где у тебя книга.	5397786
3	5.48	1.40	1	7	2	Oni su to koji hoće da idu.	Это те, кто хочет идти.	8882073
3	5.49	2.58	3	3	1	Imam plave oči.	У меня голубые глаза.	3435556
3	5.49	2.83	2	4	1	Gde je najbliža banka?	Где ближайший банк?	3263603
3	5.49	2.66	1	4	2	Tom hoće da dođeš.	Том хочет, чтобы ты пришёл.	8869658
3	5.49	2.66	1	4	2	Tom želi da dođeš.	Том хочет, чтобы ты пришёл.	8869657
3	5.49	1.49	4	4	1	Treba nam vaša pomoć.	Нам нужна ваша помощь.	4261731
3	5.49	2.41	2	5	1	Ja ne pijem mnogo piva.	Я не пью много пива.	2067622
3	5.49	2.40	2	5	1	Jesu li to nove cipele?	Это новые туфли?	4324646
3	5.49	3.07	1	5	1	Kralj je zloupotrebio svoju moć.	Король злоупотреблял своей властью.	714486
3	5.50	2.58	3	2	1	Kaži joj.	Скажи ей.	7009902
3	5.50	2.58	3	2	1	Kaži mu.	Скажи ему.	7009912
3	5.50	3.92	1	3	1	Niko nije vrisnuo.	Никто не заорал.	11057648
3	5.50	2.83	2	4	1	Moji roditelji su umrli.	Мои родители умерли.	7037766
3	5.50	4.17	0	4	1	Ovas je dragocena hrana.	Овёс — это ценная пища.	3244239
3	5.50	2.16	3	4	1	Ti si pametan dečak.	Ты умный мальчик.	3650694
3	5.50	2.16	3	4	1	Ti si veoma pametan.	Ты очень умный.	931754
3	5.50	2.42	2	5	1	Mnogo je vlage u vazduhu.	Воздух очень влажный.	1085915
3	5.50	2.42	2	5	1	Mnogo je vlage u vazduhu.	Воздух очень сырой.	1085915
3	5.50	2.42	2	5	1	Neka mačka je ispod stola.	Под столом какая-то кошка.	3430386
3	5.50	2.41	2	5	1	Od drveća ne vidi šumu.	Ты не можешь увидеть лес за деревьями.	1384474
3	5.50	1.75	3	5	1	Ova poruka je za njih.	Это сообщение для них.	13692376
3	5.50	2.42	2	5	1	Svi putevi vode u Rim.	Все дороги ведут в Рим.	3294873
3	5.50	2.25	1	5	2	Tom mrzi kada pada sneg.	Том терпеть не может, когда идёт снег.	3366869
3	5.50	2.00	2	6	1	Kupio sam novi računar prošlog meseca.	Я купил новый компьютер в прошлом месяце.	3265623
3	5.50	2.00	2	6	1	On pije mnogo mleka svaki dan.	Он пьет много молока каждый день.	3276413
3	5.50	2.50	0	6	2	On voli sve što je slatko.	Он любит всё сладкое.	938347
3	5.50	1.66	0	8	2	On je poslednji koji može da uradi tako.	Он последний, кто может так сделать.	1266638
3	5.51	3.26	2	3	1	Tom nije žurio.	Том не спешил.	4972319
3	5.51	3.26	2	3	1	Tom nije žurio.	Том не торопился.	4972319
3	5.51	2.17	3	4	1	Igramo po novim pravilima.	Мы играем по новым правилам.	1059338
3	5.51	3.51	1	4	1	Imate li japansko pivo?	У вас есть японское пиво?	1541674
3	5.51	3.76	0	5	1	Ko je tvoj omiljeni rvač?	Кто у тебя любимый борец?	2709277
3	5.51	3.09	1	5	1	Ostavi knjigu na gornju polici.	Положи книгу на верхнюю полку.	3517999
3	5.51	1.76	3	5	1	Svakog dana idem na posao.	Я каждый день хожу на работу.	1243590
3	5.51	3.09	1	5	1	Čovek je hodao po Mesecu.	Человек ходил по Луне.	4782116
3	5.51	2.01	2	6	1	Otkrili smo veliku grešku u sistemu.	Мы обнаружили большую ошибку в системе.	5993436
3	5.51	1.84	1	8	1	Čovek koji je napisao ovu knjigu je lekar.	Человек, который написал эту книгу, - врач.	1089755
3	5.52	1.51	4	4	1	Zašto nam Tom pomaže?	Почему Том нам помогает?	4645002
3	5.52	2.94	0	5	2	Da li je to mačak?	Это кот?	1280743
3	5.52	1.77	3	5	1	Daj mi dan ili dva.	Дай мне день или два.	4324209
3	5.52	2.44	2	5	1	Moj otac ima poremećaj ličnosti.	У моего отца расстройство личности.	3370990
3	5.52	2.52	0	6	2	Da li tvoja žena dobro kuva?	Твоя жена хорошо готовит?	3418562
3	5.53	2.20	3	4	1	Imam prijatelja u Engleskoj.	У меня есть друг в Англии.	3278183
3	5.53	2.95	0	5	2	Da li imaš vozačku dozvolu?	У тебя есть права?	3418909
3	5.53	2.95	0	5	2	Da li imaš vozačku dozvolu?	У тебя есть водительские права?	3418909
3	5.53	2.44	2	5	1	Imam mnogo knjiga o jezicima.	У меня много книг о языках.	3350456
3	5.53	2.44	2	5	1	Imam mnogo knjiga o jezicima.	У меня много книг про языки.	3350456
3	5.53	2.69	1	6	1	Dečak je uhvatio mačku za rep.	Мальчик схватил кошку за хвост.	1251298
3	5.53	1.36	3	6	1	Ne znamo šta nam sutra donosi.	Мы не знаем, что нам принесёт завтра.	5874074
3	5.53	2.03	2	6	1	On živi negde u okolini parka.	Он живёт где-то в окрестностях парка.	3293159
3	5.53	2.53	0	8	1	Njegov komentar je lako razumeti na pogrešan način.	Его комментарий легко понять неправильным образом.	6382578
3	5.53	2.53	0	8	1	Njegov komentar je lako razumeti na pogrešan način.	Его комментарий легко понять неправильно.	6382578
3	5.54	3.12	1	3	2	Nemoj da lažeš.	Не ври.	4995909
3	5.54	3.12	1	3	2	Nemoj da lažeš.	Не лги.	4995909
3	5.54	2.62	3	3	1	Žice provode struju.	Провода проводят ток.	11057691
3	5.54	3.11	1	5	1	Moj arapski nije naročito dobar.	Мой арабский не особо хорош.	3414597
3	5.54	3.11	1	5	1	Ona malo zna arapski jezik.	Она немного знает арабский язык.	3393555
3	5.54	1.37	3	6	1	Cena ove knjige je pet dolara.	Цена этой книги — пять долларов.	4967500
3	5.54	0.54	3	6	2	Rekao sam mu šta da radi.	Я сказал ему, что делать.	3303837
3	5.54	1.37	3	6	1	Tri puta sam bio u Kjotou.	Я три раза был в Киото.	3253739
3	5.54	1.45	1	7	2	Ja verujem da je Tom u pravu.	Верю, что Том прав.	1088296
3	5.55	3.95	1	2	1	Ne razgovaraj.	Не разговаривай.	4996884
3	5.55	3.96	1	3	1	Imaćemo dvonedeljni raspust.	У нас будут двухнедельные каникулы.	3440798
3	5.55	3.29	2	3	1	To su lubenice.	Это арбузы.	11057685
3	5.55	2.21	3	4	1	Gde mi je lopta?	Где мой мяч?	4339803
3	5.55	2.88	2	4	1	Kako zovete vašeg psa?	Как вы зовёте свою собаку?	2352616
3	5.55	2.88	2	4	1	Kako zovete vašeg psa?	Как зовут вашу собаку?	2352616
3	5.55	2.46	2	5	1	Ova rečenica ima različita značenja.	Это предложение имеет разные значения.	10040071
3	5.55	2.04	2	6	1	On izgleda stariji od mog brata.	Он выглядит старше моего брата.	3648737
3	5.55	2.04	2	6	1	Stariji ljudi se često boje promene.	Старые люди часто боятся перемен.	665185
3	5.55	1.46	1	7	2	Ona ne voli da živi u gradu.	Она не любит жить в городе.	3288448
3	5.55	1.87	1	8	1	Ona je znala na šta je on mislio.	Она знала, о чём он думает.	3328788
3	5.56	2.63	3	2	1	Odgovorite mi.	Ответьте мне.	5003617
3	5.56	3.96	1	3	1	On se ošišao.	Он постригся.	3369721
3	5.56	2.21	3	4	1	Prošlo je četrdeset godina.	Прошло сорок лет.	11055437
3	5.56	2.47	2	5	1	Studirao sam Francuski četiri godine.	Я изучал французский четыре года.	3334417
3	5.56	2.05	2	6	1	Imali smo mnogo kiša ovoga meseca.	У нас в этом месяце было много дождей.	1135284
3	5.56	2.05	2	6	1	Znaš li koga je Tom ubio?	Ты знаешь, кого убил Том?	4971835
3	5.56	2.97	0	7	1	Svaka majka želi dobru partiju za kćerku.	Каждая мать хочет хорошую партию для своей дочери.	1474337
3	5.57	2.64	3	3	1	Imaš plave usne.	У тебя губы синие.	3476198
3	5.57	2.89	2	4	1	Ne pijte mnogo vina!	Не пейте много вина!	1946208
3	5.57	2.73	1	6	1	Skidač laka za nokte jako smrdi.	Жидкость для снятия лака сильно воняет.	469568
3	5.58	2.65	3	3	1	Ti govoriš engleski.	Ты говоришь по-английски.	3425427
3	5.58	2.65	3	3	1	Ti me razumeš.	Ты меня понимаешь.	3440669
3	5.58	3.57	1	4	1	Filipini su u Aziji.	Филиппины в Азии.	3478830
3	5.58	2.23	3	4	1	Je li to ptica?	Это птица?	4781363
3	5.58	2.24	3	4	1	Ljudi se plaše rata.	Люди боятся войны.	3265622
3	5.58	2.23	3	4	1	On se plaši pasa.	Он боится собак.	3247824
3	5.58	2.23	3	4	1	Ptica je na nebu.	Птица в небе.	3840363
3	5.58	2.23	3	4	1	Ptica leti u sobu.	Птица летит в комнату.	1073750
3	5.58	2.90	2	4	1	Veruješ li u duhove?	Ты веришь в призраков?	3265624
3	5.58	3.15	1	5	1	Mačka je zaspala na stolu.	Кошка заснула на столе.	3440668
4	5.58	2.99	0	5	2	Možeš li da ovo otvoriš?	Ты можешь это открыть?	3439344
4	5.58	3.15	1	5	1	Njeno sunce je na zalasku.	Её солнце клонится к закату.	1057898
4	5.58	3.15	1	5	1	Ona je prevela tekst bukvalno.	Она перевела текст буквально.	6926845
4	5.58	1.82	3	5	1	Ovo su moji najbolji prijatelji.	Это мои лучшие друзья.	5002915
4	5.58	2.31	1	5	2	Plašim se, Tom je mrtav.	Боюсь, Том мёртв.	3501834
4	5.58	2.07	2	6	1	On se dobro razume u karte.	Она хорошо разбирается в картинах.	1166862
4	5.58	2.15	0	7	2	Gospodin Smit ne govori engleski, zar ne?	Господин Смит не говорит по-английски, не так ли?	1054873
4	5.58	2.15	0	7	2	Govori li on engleski, francuski ili nemački?	Говорит ли он на английском, французском или немецком?	1060933
4	5.59	4.66	0	2	1	Ljubav oslepljuje.	Любовь ослепляет.	1181847
4	5.59	1.99	4	2	1	Usvojen sam.	Меня усыновили.	4999361
4	5.59	1.99	4	2	1	Usvojen sam.	Меня удочерили.	4999361
4	5.59	3.33	2	2	1	Zašto odlazite?	Почему вы уходите?	5919378
4	5.59	2.66	3	3	1	Nisam noćna ptica.	Я не сова.	4972224
4	5.59	2.24	3	4	1	Kakve su vam namere?	Какие у вас намерения?	3484412
4	5.59	2.99	0	5	2	Boston nije daleko, zar ne?	Бостон не далеко, так ведь?	8849117
4	5.59	1.16	4	5	1	Koliko nam je novca potrebno?	Сколько нам нужно денег?	4781336
4	5.59	2.33	1	5	2	Mogu da nosim veliki teret.	Я могу нести большой груз.	3343550
4	5.59	2.49	2	5	1	Otvorite stanu devet u knjizi.	Откройте книгу на девятой странице.	3366626
4	5.59	3.00	0	7	1	Ovo je autobus koji ide za Tokio.	Это автобус, который идет до Токио.	1159989
4	5.60	2.67	3	2	1	Pomozite mi.	Помогите мне.	5003630
4	5.60	3.33	2	2	1	Vidim pauka.	Я вижу паука.	3440953
4	5.60	3.16	1	3	2	Dolaziš li, Tome?	Ты придёшь, Том?	4371176
4	5.60	2.67	3	3	1	Imam osamnaest godina.	Мне восемнадцать лет.	1085904
4	5.60	3.16	1	3	2	Kada dolaziš kući?	Когда ты придёшь домой?	3419236
4	5.60	3.16	1	3	2	Kada dolaziš kući?	Когда ты приходишь домой?	3419236
4	5.60	2.66	3	3	1	Ti si izvanredan.	Ты исключительный.	3357404
4	5.60	2.67	3	3	1	Udobno mi je.	Мне удобно.	4999317
4	5.60	1.58	4	4	1	Nisi mu ništa rekao?	Ты ему ничего не сказал?	3371624
4	5.60	1.58	4	4	1	Ništa mu nisi rekao?	Ты ничего ему не сказал?	3265634
4	5.60	1.58	4	4	1	Sada ljudi žive duže.	Сейчас люди живут дольше.	3374278
4	5.60	2.25	3	4	1	Snaga vode okreće točak.	Сила воды вращает колесо.	4967445
4	5.60	2.25	3	4	1	Ti si živa legenda.	Ты живая легенда.	3429794
4	5.60	2.33	1	5	2	Da li Tom jede ribu?	Том ест рыбу?	6533000
4	5.60	1.83	3	5	1	Sviđa mi se ime Tom.	Мне нравится имя Том.	8839018
4	5.60	1.83	3	5	1	Sviđa mi se moja škola.	Мне нравится моя школа.	6533012
4	5.60	1.83	3	5	1	Sviđa mi se moje ime.	Мне нравится моё имя.	8823926
4	5.60	1.83	3	5	1	Sviđa mi se ova hrana.	Мне нравится эта еда.	8823757
4	5.60	1.83	3	5	1	Sviđa mi se ova ideja.	Мне нравится эта идея.	8823754
4	5.60	1.83	3	5	1	Sviđa mi se ovaj film.	Мне нравится этот фильм.	8829699
4	5.60	1.83	3	5	1	Sviđa mi se ovaj program.	Мне нравится эта программа.	8840290
4	5.60	1.83	3	5	1	Sviđa mi se ovaj sat.	Мне нравятся эти часы.	8829705
4	5.60	1.83	3	5	1	Sviđa mi se šta vidim.	Мне нравится то, что я вижу.	8870170
4	5.60	1.92	1	6	2	Da li si slobodan u utorak?	Ты свободен во вторник?	3425018
4	5.60	2.16	0	7	2	Misliš li da je taj pas pametan?	По-твоему, эта собака умная?	8894488
4	5.60	1.92	1	8	1	Ovaj grad je bio lep u svoje vreme.	Этот город был красивым в своё время.	3429733
4	5.60	1.92	1	8	1	Ovaj grad je bio lep u svoje vreme.	Этот город был красив в своё время.	3429733
4	5.61	2.93	2	4	1	Mama se iznenadila novostima.	Мама удивилась новостям.	1178225
4	5.61	2.26	3	4	1	Uspeh zavisi od napora.	Успех зависит от усилий.	5588852
4	5.61	1.84	3	5	1	Nikome ni reč o tome!	Никому об этом ни слова!	6963505
4	5.61	1.84	3	5	1	Nisam toliko visok kao ti.	Я не такой высокий, как ты.	665274
4	5.61	2.51	2	5	1	Ova kuća ima dva kupatila.	В этом доме две ванных комнаты.	3347554
4	5.61	2.09	2	6	1	Moja deca nemaju svoje lične sobe.	У моих детей нет своих собственных комнат.	4243497
4	5.62	3.85	0	3	2	Idem da pecam.	Я иду рыбачить.	10688967
4	5.62	3.60	1	4	1	Moj otac je ostario.	Мой отец постарел.	3380344
4	5.62	3.60	1	4	1	Moj otac je ostario.	Мой отец состарился.	3380344
4	5.62	2.93	2	4	1	Zbog čega učiš španski?	Для чего ты учишь испанский?	1103115
4	5.62	2.77	1	4	2	Znaće šta da rade.	Они будут знать, что делать.	4292236
4	5.62	2.77	1	4	2	Znaće šta da urade.	Они будут знать, что сделать.	4292237
4	5.62	3.19	1	5	1	U kupatilu je tečni sapun.	В ванной есть жидкое мыло.	3366154
4	5.62	2.10	2	6	1	Izašli su rezultati ispita iz matematike!	Стали известны результаты экзамена по математике!	4238440
4	5.63	2.94	2	4	1	Bez upornosti nema uspeha.	Без упорства не бывает успеха.	5588831
4	5.63	2.52	2	5	1	Bio je go do pojasa.	Он был раздет до пояса.	3484410
4	5.63	3.02	0	5	2	Da li voliš tvoju majku?	Ты любишь свою маму?	3445850
4	5.63	2.53	2	5	1	Ja nisam glasao za Toma.	Я не голосовал за Тома.	6900265
4	5.63	2.53	2	5	1	Moja je porodica volela Toma.	Моя семья любила Тома.	3414398
4	5.63	2.52	2	5	1	Ovog trenutka ja učim francuski.	Я сейчас учу французский.	3501832
4	5.63	2.52	2	5	1	Policija je uhapsila četiri muškarca.	Полиция арестовала четверых мужчин.	3644296
4	5.63	1.86	3	5	1	Sviđa mi se ovaj dizajn.	Мне нравится этот дизайн.	8829801
4	5.63	3.19	1	5	1	Uzeću tak koji je skuplji.	Я возьму тот, который дороже.	1188993
4	5.63	2.53	2	5	1	Čitala je knjigu cele noći.	Она читала книгу всю ночь.	3387241
4	5.64	2.70	3	3	1	Nemam bliskih prijatelja.	У меня нет близких друзей.	3439273
4	5.64	4.03	1	3	1	Posetićemo te nekad.	Мы тебя как-нибудь навестим.	4250237
4	5.64	2.29	3	4	1	Imam tri foto-aparata.	У меня три фотоаппарата.	8891157
4	5.64	3.62	1	4	1	Marija je kupila mikroskop.	Мария купила себе микроскоп.	3547617
4	5.64	3.62	1	4	1	Marija je kupila mikroskop.	Мария купила микроскоп.	4434772
4	5.64	3.62	1	4	1	Mario je kupio mikroskop.	Марио купил микроскоп.	4434769
4	5.64	3.62	1	4	1	Napuštamo Japan sutra ujutru.	Я покидаю Японию завтра утром.	3387083
4	5.64	2.28	3	4	1	Poslala mi je pismo.	Она послала мне письмо.	3393621
4	5.64	3.62	1	4	1	Vuk je zaklao jagnje.	Волк убил ягнёнка.	3503798
4	5.64	2.95	2	4	1	Šetali smo kroz park.	Мы прогуливались по парку.	5043453
4	5.64	2.95	2	4	1	Šetali smo kroz park.	Мы гуляли по парку.	5043453
4	5.64	1.70	2	5	2	Mislim da smo imali sreće.	Я думаю, что нам повезло.	5002942
4	5.64	2.53	2	5	1	Planete se okreću oko zvezde.	Планеты вращаются вокруг звезды.	1193122
4	5.64	2.53	2	5	1	Sada sedim ispred mog računara.	Сейчас я сижу перед моим компьютером.	3435401
4	5.64	1.45	3	6	1	Naš jaht klub ima deset članova.	В нашем яхт-клубе десять членов.	1528420
4	5.64	1.95	1	6	2	Ne volim da radim u banci.	Я не люблю работать в банке.	3286454
4	5.65	2.79	1	4	2	Da li si spavala?	Ты спала?	4258414
4	5.65	2.96	2	4	1	Egipat je dar Nila.	Египет – дар Нила.	13229881
4	5.65	2.79	1	4	2	Hajde da probamo nešto.	Давайте что-нибудь попробуем.	3292799
4	5.65	2.96	2	4	1	Roditelji su me rodili.	Родители меня родили.	5650870
4	5.65	2.96	2	4	1	Tom je korisni idiot.	Том - полезный идиот.	13193821
4	5.65	1.88	3	5	1	Knjiga je pala na pod.	Книга упала на пол.	4967504
4	5.65	2.38	1	5	2	Sada možeš da ideš kući.	Теперь можешь идти домой.	3425531
4	5.65	2.38	1	5	2	Sada treba da ideš kući.	Сейчас тебе нужно идти домой.	3359665
4	5.65	2.79	1	6	1	On ustaje u sedam i deset.	Он встаёт в семь-десять.	3370877
4	5.65	1.95	1	6	2	Tom ne zna da vozi auto.	Том не умеет водить автомобиль.	3440814
4	5.65	2.37	1	7	1	Niko ne radi. Svi gledaju Svetsko prvenstvo.	Никто не работает. Все смотрят Кубок мира.	404294
4	5.65	1.29	2	8	1	U svetu je više od sedam hiljada jezika.	В мире более семи тысяч языков.	1271528
4	5.66	2.72	3	3	1	Sve ostavljam tebi.	Я оставляю всё тебе.	3313471
4	5.66	2.72	3	3	1	Sve ostavljam tebi.	Оставлю всё тебе.	3313471
4	5.66	2.97	2	4	1	Juče je bilo vruće.	Вчера было жарко.	3414795
4	5.66	2.38	1	5	2	Da li razumete šta govorim?	Вы понимаете, что я говорю?	5909300
4	5.66	1.88	3	5	1	Koliko je ljudi na slici?	Сколько людей на картине?	3477701
4	5.66	1.88	3	5	1	Sviđa mi se tvoj auto.	Мне нравится твоя машина.	3318084
4	5.66	1.47	3	6	1	U ovoj kući živi mnogo ljudi.	В этом доме живёт много людей.	1573431
4	5.67	4.72	0	2	1	Klaustrofobična sam.	У меня клаустрофобия.	4999320
4	5.67	4.72	0	3	1	Ja sam Berlinac.	Я берлинец.	3430953
4	5.67	2.56	2	3	2	Nastavite da pokušavate.	Продолжайте попытки.	6535757
4	5.67	2.06	4	3	1	Prozor je otvoren.	Окно открыто.	3438993
4	5.67	3.39	2	3	1	Umirem od gladi!	Умираю от голода!	1056916
4	5.67	2.31	3	4	1	On sedi za stolom.	Он сидит за столом.	6905738
4	5.67	2.31	3	4	1	Oni sede za stolom.	Они сидят за столом.	6905743
4	5.67	1.64	4	4	1	Potreban sam svojoj deci.	Я нужен своим детям.	4971860
4	5.67	3.64	1	4	1	Sviraš li neke instrumente?	Ты играешь на каком-нибудь инструменте?	3418539
4	5.67	3.64	1	4	1	Sviraš li neki instrument?	Ты играешь на каком-нибудь инструменте?	4246977
4	5.67	2.39	1	5	2	Mnogi misle da sam glup.	Многие думают, что я глупый.	3361902
4	5.67	2.81	1	6	1	Metak je prošao kroz njegovo telo.	Пуля прошла сквозь его тело.	6813510
4	5.67	1.73	2	7	1	Ovaj članak sadrži neke potpuno nove ideje.	Эта статья содержит некоторые совершенно новые идеи.	3494477
4	5.67	1.73	2	7	1	Ovaj članak sadrži neke zaista nove ideje.	Эта статья содержит некоторые действительно новые идеи.	3494476
4	5.68	2.73	3	3	1	Svi mi lažemo.	Мы все врём.	3359300
4	5.68	2.73	3	3	1	Svi mi lažemo.	Все мы лжём.	3359300
4	5.68	3.49	0	4	2	Gde ćeš da studiraš?	Где ты будешь учиться?	2993057
4	5.68	2.32	3	4	1	Tom je sin sveštenika.	Том - сын священника.	3506031
4	5.68	2.40	1	5	2	Tom može da bude opasan.	Том может быть опасен.	4250282
4	5.68	2.82	1	6	1	Mnogo je ruža u tom vrtu.	В том саду много роз.	1053974
4	5.68	2.15	2	6	1	Više nema riba u ovoj reci.	В этой реке больше нет рыбы.	3311582
4	5.68	2.23	0	7	2	Da li znaš šta znači ova rečenica?	Ты знаешь, что означает это предложение?	4249170
4	5.68	2.23	0	7	2	Ne plaši se da ćeš napraviti grešku.	Не бойся сделать ошибку.	3494382
4	5.68	2.40	1	7	1	Njegov uticaj širi se u čitavom regionu.	Его влияние распространяется на всю страну.	1133554
4	5.68	2.40	1	7	1	Pitam se koji jezik govore u Brazilu?	Интересно, на каком языке говорят в Бразилии?	3314438
4	5.69	4.08	1	2	1	Volim vatromete	Я люблю фейерверки.	8823770
4	5.69	2.99	2	4	1	Tom je izgubio šešir.	Том потерял шляпу.	6905700
4	5.69	1.74	2	5	2	Da li ovo ima smisla?	Это имеет смысл?	7077013
4	5.69	3.24	1	5	1	Ne živimo u savršenom svetu.	Мы не живём в идеальном мире.	13695444
4	5.69	1.49	3	6	1	Beograd ima oko dva miliona stanovnika.	В Белграде около двух миллионов жителей.	1133797
4	5.69	2.82	1	6	1	Znaš li šta muškarci potajno žele?	Знаешь, чего втайне хотят мужчины?	3494425
4	5.70	1.66	4	4	1	Mi živimo blizu mora.	Мы живем рядом с морем.	8849180
4	5.70	3.00	2	4	1	Tom nije bio debeo.	Том не был толстым.	4250442
4	5.70	3.92	0	5	1	Ovde ćeš neminovno postati sujeveran.	Тут поневоле станешь суеверным.	5651582
4	5.70	1.92	3	5	1	Ti si ljubav mog života.	Ты любовь всей моей жизни.	5894262
4	5.70	1.92	3	5	1	Tom je prijatelj mog prijatelja.	Том — друг моего друга.	3439335
4	5.70	2.17	2	6	1	Tom od detinjstva živi u Njujorku.	Том с детства живёт в Нью-Йорке.	7035782
4	5.70	2.66	0	6	2	Želim da naučim još jedan jezik.	Я хочу выучить ещё один язык.	3473642
4	5.70	1.58	1	7	2	Da li je vaš otac već stigao?	Ваш отец уже прибыл?	10001901
4	5.71	2.09	4	3	1	Fali nam nešto.	Нам чего-то не хватает.	3304184
4	5.71	3.43	2	3	1	Ostaću do prekosutra.	Я останусь до послезавтра.	3424543
4	5.71	3.43	2	3	1	Ostaću do sutra.	Я останусь до завтра.	879237
4	5.71	3.42	2	3	1	Svi su zaspali.	Все заснули.	4790617
4	5.71	3.01	2	4	1	Ja imam dve kćerke.	У меня две дочери.	1135274
4	5.71	1.26	4	5	1	Zašto si ti ovde došao?	Зачем ты сюда пришёл?	3350805
4	5.71	2.01	1	6	2	Da li si ikada pao ispit?	Ты когда-нибудь заваливал экзамен?	4238428
4	5.71	2.01	1	6	2	Nisam želeo da se ovo dogodi.	Я не хотел, чтобы это случилось.	3387038
4	5.71	0.84	4	6	1	Tom mi je danas rekao to.	Том сегодня мне это сказал.	4975948
4	5.71	0.84	4	6	1	Tom mi je danas rekao to.	Том мне сегодня это сказал.	4975948
4	5.71	2.42	1	7	1	Moja mlađa sestra izgleda kao moja majka.	Моя младшая сестра похожа на мою маму.	3370039
4	5.72	2.76	3	3	1	Daj mi kašiku.	Дай мне ложку.	4790584
4	5.72	2.76	3	3	1	Dajte mi kašiku.	Дайте мне ложку.	4790585
4	5.72	2.77	3	3	1	Ne krivim te.	Я тебя не виню.	3426477
4	5.72	3.68	1	4	1	Ručao sam na brzinu.	Я пообедал в спешке.	6961710
4	5.72	3.68	1	4	1	Ručao sam na brzinu.	Я наскоро пообедал.	6961710
4	5.72	2.35	3	4	1	Treba mi dobar rečnik.	Мне нужен хороший словарь.	4967420
4	5.72	3.27	1	5	1	Ja sam već oprao posudu.	Я уже помыл посуду.	1714765
4	5.72	3.10	0	5	2	Želim da ispravim ovaj članak.	Я хочу откорректировать эту статью.	4264038
4	5.72	2.85	1	6	1	Lišće je tiho padalo na zemlju.	Листья тихо падали на землю.	1080583
4	5.73	2.78	3	2	1	Oprostite nam.	Простите нас.	4997596
4	5.73	2.11	4	3	1	Ne verujem ženama.	Я не верю женщинам.	5396814
4	5.73	2.36	3	4	1	Ima li Tom sestara?	У Тома есть сёстры?	8849132
4	5.73	2.36	3	4	1	Nemam braće i sestara.	У меня нет братьев и сестёр.	3430870
4	5.73	3.28	1	5	1	Princeza je bila neopisivo lepa.	Принцесса была неописуемо красива.	1127260
4	5.73	2.61	2	5	1	Tom je imao užasno detinjstvo.	У Тома было ужасное детство.	3418591
4	5.73	3.11	0	5	2	Zašto želiš da učiš norveški?	Почему ты хочешь учить норвежский?	3387062
4	5.73	2.27	0	7	2	Nije prvi put da vidim ovu rečenicu.	Я не в первый раз вижу это предложение.	3440681
4	5.73	1.78	2	7	1	Tom je gledao taj film prošlog leta.	Том смотрел этот фильм прошлым летом.	3350426
4	5.74	2.37	3	4	1	Ti si moja inspiracija.	Ты моё вдохновение.	5894223
4	5.74	2.87	1	6	1	Deda Mraz živi na severnom polu.	Дед Мороз живёт на Северном полюсе.	3716042
4	5.74	3.53	0	6	1	Život je smrtna seksualno prenosiva bolest.	Жизнь - смертельная болезнь, передающаяся половым путем.	3256215
4	5.74	2.28	0	7	2	Misliš li da će se situacija poboljšati?	Ты думаешь, ситуация улучшится?	6309105
4	5.75	2.21	2	4	2	Dobro došli, dragi gosti!	Добро пожаловать, дорогие гости!	5842265
4	5.75	3.71	1	4	1	Ne ostavljaj me samu.	Не оставляй меня одну.	4967428
4	5.75	2.37	3	4	1	On ima jedanaest godina.	Ему одиннадцать лет.	3430518
4	5.75	2.63	2	5	1	Svi smo umorni od ovoga.	Мы все от этого устали.	5043464
4	5.75	2.88	1	6	1	Crni telefon je skuplji nego beli.	Чёрный телефон дороже белого.	1086214
4	5.75	2.70	0	6	2	Moj otac voli da svira gitaru.	Мой отец любит играть на гитаре.	3362092
4	5.75	1.62	1	7	2	Ko je rekao da će biti lako?	Кто сказал, что будет легко?	3360353
4	5.76	3.46	2	2	1	Ne žurite.	Не спешите.	4996814
4	5.76	3.46	2	2	1	Ne žurite.	Не торопитесь.	4996814
4	5.76	2.80	3	3	1	Daj mi olovku.	Дай мне карандаш.	4783004
4	5.76	2.63	2	3	2	Nemojte da odgovorite.	Не отвечайте.	4995893
4	5.76	2.63	2	3	2	Vaše ime, izvolite.	Ваше имя, пожалуйста.	1151334
4	5.76	3.71	1	4	1	Bilo je vrlo vetrovito.	Было очень ветрено.	3650968
4	5.76	2.88	1	4	2	Da li voliš kostime?	Ты любишь костюмы?	4246854
4	5.76	2.63	2	5	1	Akira je dobar igrač tenisa.	Акира - хороший теннисист.	3365625
4	5.76	3.97	0	5	1	Prestar sam ja za ovo.	Я слишком стар для этого.	4781920
4	5.76	1.97	3	5	1	Tom je napravio tri fotografije.	Том сделал три фотографии.	6536994
4	5.76	2.89	1	6	1	Neverovatno je koliko sam bio slep!	Невероятно, насколько я был слеп!	3494401
4	5.76	2.89	1	6	1	U Bostonu me niko ne zna.	В Бостоне меня никто не знает.	5002904
4	5.76	0.97	2	7	2	Da li je naše vreme zaista naše?	Является ли наше время действительно нашим?	1521237
4	5.76	1.80	2	7	1	Hoću kući. Ja imam ženu i decu.	Я хочу домой. У меня жена и дети.	6864647
4	5.77	3.48	2	3	1	Iznajmili smo stan.	Мы сняли квартиру.	3425449
4	5.77	2.48	1	3	3	Veruj, ali proveri!	Доверяй, но проверяй!	6546932
4	5.77	2.39	3	4	1	Ti si neverovatno glup.	Ты невероятно глуп.	3410292
4	5.77	1.56	3	4	2	Ti znaš, zar ne?	Ты знаешь, так ведь?	3396038
4	5.77	2.47	1	5	2	Uspeo sam da završim posao.	Я сумел закончить работу.	1173789
4	5.77	1.56	3	6	1	Ne radim to samo zbog para.	Я делаю это не только ради денег.	6905679
4	5.77	1.56	3	6	1	Ti ne znaš ništa o meni.	Ты не знаешь обо мне ничего.	5650888
4	5.77	1.56	3	6	1	Ti ne znaš ništa o meni.	Ты ничего не знаешь обо мне.	5650888
4	5.77	1.56	3	6	1	Ti ništa o meni ne znaš.	Ты не знаешь обо мне ничего.	5650885
4	5.77	2.06	1	6	2	Šta ćeš da radiš u petak?	Что ты будешь делать в пятницу?	3439296
4	5.78	2.82	3	2	1	Ljudi greše.	Люди ошибаются.	6900217
4	5.78	2.82	3	2	1	Pomozi mi!	Помоги мне!	3478054
4	5.78	2.82	3	2	1	Pomozi mi.	Помоги мне.	5003629
4	5.78	4.40	0	4	1	Lignit je fosilno gorivo.	Лигнит - это ископаемое топливо.	798387
4	5.78	2.40	3	4	1	Pričaš li sa mnom?	Ты говоришь со мной?	1159955
4	5.78	2.40	3	4	1	Recite mi gde živite.	Скажите мне, где вы живёте.	4261887
4	5.78	2.48	1	5	2	Da li si na Fejsbuku?	Ты есть в Фейсбуке?	3791365
4	5.78	2.32	0	5	3	I čaj, takođe, nije dobar.	И чай тоже не очень хорош.	1153339
4	5.78	1.98	3	5	1	Ja imam nekoliko dobrih prijatelja.	У меня есть несколько хороших друзей.	1052389
4	5.78	2.23	2	6	1	Idete li svakog leta na more?	Вы каждое лето ездите на море?	1113781
4	5.78	2.90	1	6	1	Nisu svi koji ovde stanuju - bogati.	Не все, кто здесь живут, богатые.	1043457
4	5.78	2.23	2	6	1	Tri četvrtine površine Zemlje je voda.	Вода занимает три четверти поверхности Земли.	3262896
4	5.79	4.15	1	3	1	Termiti jedu drvo.	Термиты едят дерево.	1261854
4	5.79	3.08	2	4	1	Je li Tom poludeo?	Том сошёл с ума?	4264044
4	5.79	3.08	2	4	1	Je li Tom poludeo?	Том тронулся умом?	4264044
4	5.79	2.40	3	4	1	Tvoje cipele su ovde.	Твоя обувь тут.	471601
4	5.79	2.49	1	5	2	Odlučio je da ostavi pušenje.	Он решил бросить курить.	1055738
4	5.79	3.16	0	5	2	Sveska nije tvoja, njegova je.	Тетрадь не твоя, а его.	469625
4	5.79	0.99	2	7	2	Ne znam da li ću imati vremena.	Я не знаю, будет ли у меня время.	1102245
4	5.80	3.16	0	5	2	Da li često dolaziš ovde?	Ты часто сюда приходишь?	5843371
4	5.80	3.33	1	5	1	Ne selim se u Boston.	Я не переезжаю в Бостон.	4972311
4	5.80	2.67	2	5	1	Šta misliš o modernoj umetnosti?	Что ты думаешь по поводу современного искусства?	3253736
4	5.80	1.58	3	6	1	Rat je počeo tri godine kasnije.	Война началась три года спустя.	884910
4	5.80	2.25	2	6	1	Zlato je daleko teže od vode.	Золото намного тяжелее воды.	3366593
4	5.80	2.25	2	6	1	Zlato je mnogo teže od vode.	Золото намного тяжелее воды.	3311467
4	5.80	1.41	2	8	1	Ja te volim više od svega na svetu.	Я люблю тебя больше всех на свете.	3501837
4	5.80	2.08	1	8	1	To je po veličini treći grad u Srbiji.	Это третий по величине город Сербии.	1195611
4	5.81	2.84	3	3	1	Neizmerno ti hvala.	Огромное тебе спасибо.	3425064
4	5.81	2.93	1	4	2	Kažu, ljubav je slepa.	Говорят, любовь слепа.	1195479
4	5.81	1.76	4	4	1	Ne idem sa vama.	Я с вами не пойду.	665338
4	5.81	2.43	3	4	1	Sin ti je heroj.	Твой сын — герой.	8810196
4	5.81	1.84	2	5	2	Mogu da živim bez vode.	Я могу жить без воды.	2655864
4	5.81	2.51	1	5	2	Mogu li da postavim pitanje?	Я могу задать вопрос?	3371636
4	5.81	3.34	1	5	1	Nešto je ležalo na zemlji.	Что-то лежало на земле.	4250733
4	5.81	2.67	2	5	1	On želi čašu hladne vode.	Он хочет стакан холодной воды.	3300834
4	5.81	2.01	3	5	1	Pokazao mi je svoj album.	Он показал мне свой альбом.	1111653
4	5.81	2.01	3	5	1	U koliko je sati ispit?	Во сколько экзамен?	4238413
4	5.81	2.93	1	6	1	Šta si danas pojeo za užinu?	Что ты сегодня ел на полдник?	3387237
4	5.82	3.35	1	3	2	Nemoj da odgovoriš.	Не отвечай.	4995892
4	5.82	2.85	3	3	1	Treba ti hobi.	Тебе нужно хобби.	6728729
4	5.82	1.76	4	4	1	Mi želimo veliku porodicu.	Мы хотим большую семью.	3300778
4	5.82	1.77	4	4	1	Samo mi daj novac.	Просто дай мне деньги.	4251386
4	5.82	1.77	4	4	1	Samo mi daj novac.	Просто дай мне денег.	4251386
4	5.82	2.69	2	5	1	Jutro je pametnije od večeri.	Утро вечера мудренее.	6088176
4	5.82	2.69	2	5	1	Leto je vreme školskog raspusta.	Лето - время школьных каникул.	1113775
4	5.82	2.01	3	5	1	Mnogo je ljudi u parku.	В парке много людей.	3438701
4	5.82	2.68	2	5	1	Pevala je bolje nego obično.	Она пела больше, чем обычно.	3393645
4	5.82	3.35	1	5	1	Samo životinjski proizvodi sadrže holesterol.	Только продукты животного происхождения содержат холестерин.	6974415
4	5.82	2.93	1	6	1	Moj prijatelj Šigejuki je slobodni mislilac.	Мой друг Шигеюки - свободно мыслящий человек.	1200651
4	5.82	2.76	0	6	2	Zašto želiš da budeš medicinska sestra?	Почему ты хочешь быть медсестрой?	3245538
4	5.82	2.10	1	6	2	Zašto životinje ne mogu da govore?	Почему животные не умеют разговаривать?	6856808
4	5.82	2.10	1	6	2	Zašto životinje ne mogu da govore?	Почему животные не умеют говорить?	6856808
4	5.82	2.35	0	7	2	Imam isti rečnik ako i tvoj brat.	У меня такой же словарь, как и у твоего брата.	3334422
4	5.82	1.85	2	7	1	Vaša ideja potpuno se razlikuje od moje.	Ваша идея полностью отличается от моей.	1052159
4	5.82	1.69	1	7	2	Zašto je otišao, zato će se vratiti.	Из-за чего ушёл, из-за того и вернётся.	1050858
4	5.83	3.53	2	3	1	Nisam ljubitelj postmodernizma.	Я не любитель постмодернизма.	3437377
4	5.83	3.11	2	4	1	Gorela je od ljubomore.	Она сгорала от ревности.	3392077
4	5.83	2.94	1	4	2	Svi moramo da umrem.	Мы все должны умереть.	4324344
4	5.83	2.53	1	5	2	Mogu li da otvorim prozor?	Я могу открыть окно?	4262026
4	5.83	2.02	3	5	1	Reci mi šta je ovo.	Скажи мне, что это.	4971947
4	5.83	2.02	3	5	1	Reci mi šta je ovo.	Скажи мне, что это такое.	4971947
4	5.83	2.02	3	5	1	Reci mi šta je to.	Скажи мне, что это.	4971953
4	5.83	4.03	0	5	1	Tofu dobro ide uz Sake.	Тофу хорошо идёт под сакэ.	897930
4	5.83	2.94	1	6	1	Otkazao je sastanak u poslednjem trenutku.	Он отменил встречу в последний момент.	6966961
4	5.83	2.28	2	6	1	Tom uskoro dolazi ovde iz Australije.	Том скоро приедет сюда из Австралии.	3438453
4	5.84	4.20	1	3	1	Jesi li ručala?	Ты обедала?	4261848
4	5.84	2.28	2	4	2	Da li je tvoje?	Это твоё?	469026
4	5.84	3.78	1	4	1	Imam kamen u cipeli.	У меня камень в туфле.	4239860
4	5.84	1.62	3	6	1	On zna imena svih svojih mušterija.	Он знает имена всех своих клиентов.	4238251
4	5.84	2.78	0	6	2	Riba traži dubinu, čovek traži blagostanje.	Рыба ищет где глубже, а человек - где лучше.	1052518
4	5.84	1.62	3	6	1	Tom zna imena svih svojih mušterija.	Том знает имена всех своих клиентов.	4790634
4	5.84	1.62	3	6	1	Tom zna imena svih svojih mušterija.	Том знает имена всех своих покупателей.	4790634
4	5.84	1.62	3	6	1	Tom zna imena svih svojih mušterija.	Том знает имена всех своих заказчиков.	4790634
4	5.84	1.62	3	6	1	Vaša imena su Tom i Ken.	Ваши имена - Том и Кен.	3243832
4	5.85	2.45	3	4	1	Banka ne radi nedeljom.	Банк не работает в воскресенье.	3366622
4	5.85	2.45	3	4	1	Banka ne radi nedeljom.	Банк не работает по воскресеньям.	1166772
4	5.85	1.79	4	4	1	Mi smo iz Francuske.	Мы из Франции.	6293985
4	5.85	1.12	5	4	1	Mi više nismo deca.	Мы уже не дети.	5028578
4	5.85	2.96	1	4	2	Moraš da govoriš glasnije.	Ты должен говорить громче.	4261836
4	5.85	2.96	1	4	2	Moraš da govoriš glasnije.	Ты должна говорить громче.	4261836
4	5.85	2.45	3	4	1	Nedeljom idem u crkvu.	По воскресеньям я хожу в церковь.	800088
4	5.85	2.45	3	4	1	Nedeljom nisam kod kuće.	По воскресеньям меня не бывает дома.	6975712
4	5.85	1.79	4	4	1	Rado bih te video.	Рад тебя видеть.	1251315
4	5.85	2.54	1	5	2	Ne mogu da zaboravim to.	Я не могу этого забыть.	4250679
4	5.85	2.79	0	6	2	Da li je to čista slučajnost?	Это чистая случайность?	6827721
4	5.85	2.29	2	6	1	Tom je učio francuski u školi.	Том учил французский в школе.	3418593
4	5.85	3.21	0	7	1	Možeš li me najaviti za sledeću sedmicu?	Не навестишь меня на следующей неделе?	1266651
4	5.85	1.29	1	8	2	Ne želim više da mislim ni o čemu.	Я больше не хочу ни о чём думать.	934213
4	5.86	4.89	0	3	1	Supa je preslana.	Суп пересолен.	1097785
4	5.86	4.89	0	3	1	Supa je preslana.	Суп слишком солёный.	1097785
4	5.86	3.55	2	3	1	Svi su aplaudirali.	Все аплодировали.	4996901
4	5.86	1.80	4	4	1	Ko brine o deci?	Кто присматривает за детьми?	1676109
4	5.86	2.72	2	5	1	Kupili smo pet crvenih jabuka.	Мы купили пять красных яблок.	1312310
4	5.86	2.55	1	5	2	Obožavam da idem u bioskop.	Я обожаю ходить в кино.	3304229
4	5.86	2.05	3	5	1	Pada kiša već tri dana.	Дождь идёт уже три дня.	8820245
4	5.86	2.05	3	5	1	Pada kiša već tri dana.	Уже три дня идёт дождь.	8820245
4	5.86	2.71	2	5	1	Tom ima tri odrasla sina.	У Тома три взрослых сына.	5039749
4	5.86	1.64	3	6	1	Tom i ja smo bili prijatelji.	Мы с Томом были друзьями.	5396785
4	5.86	2.97	1	6	1	Vozovi u Srbiji su užasno spori.	Поезда в Сербии ужасно медленные.	396692
4	5.86	1.72	1	7	2	Da li vas mogu vidjeti u ponedeljak?	Я могу увидеть вас в понедельник?	1085255
4	5.87	3.56	2	3	1	Oni su plivali.	Они плавали.	3439314
4	5.87	3.14	2	4	1	Britanci su pobedili Francuze.	Британцы победили французов.	3356184
4	5.87	3.14	2	4	1	Ja imam lovačkog psa.	У меня есть охотничья собака.	2352638
4	5.87	3.81	1	4	1	On je mrmljao nešto.	Он что-то пробормотал.	3303391
4	5.87	4.06	0	5	1	Crnu vranu sapun neće izbeleti.	Чёрного кобеля не отмоешь добела.	1043424
4	5.87	4.06	0	5	1	Keti Volf je dobra pevačica.	Кати Вольф — хорошая певица.	1157185
4	5.88	3.40	1	3	2	Nemoj da odgovaraš.	Не отвечай.	4995891
4	5.88	2.73	2	3	2	Nemojte da razgovarate.	Не разговаривайте.	4996894
4	5.88	2.23	4	3	1	Treba nam papir.	Нам нужна бумага.	4983285
4	5.88	2.31	2	4	2	Da li govorite engleski?	Вы говорите по-английски?	3791335
4	5.88	2.31	2	4	2	Da li govorite italijanski?	Вы говорите по-итальянски?	2057033
4	5.88	3.82	1	4	1	Ne otvaraj svoju knjigu.	Не открывай свою книгу.	1054349
4	5.88	3.65	0	4	2	Želim da budem plivačica.	Я хочу стать пловчихой.	2708803
4	5.88	1.40	4	5	1	Bila im je potrebna pomoć.	Им нужна была помощь.	8930992
4	5.88	2.06	3	5	1	Bila je na mestu zločina.	Она была на месте преступления.	8845829
4	5.88	2.06	3	5	1	Dopada mi se moja škola.	Мне нравится моя школа.	6533013
4	5.88	2.57	1	5	2	Čekaj me ovde, molim te.	Подожди меня здесь, пожалуйста.	11024708
4	5.88	1.49	2	6	2	Da li ste videli nekog tamo?	Вы видели там кого-нибудь?	5819390
4	5.88	1.49	2	6	2	Da li ste videli nekog tamo?	Вы там кого-то видели?	5819390
4	5.88	2.98	1	6	1	Srbija je zemlja na Balkanskom poluostrvu.	Сербия - страна на Балканском полуострове.	1133791
4	5.88	2.57	1	7	1	Tada je Juri često išao u London.	Тогда Юрий часто ездил в Лондон.	3291046
4	5.89	2.49	3	4	1	Idem u školu autobusom.	Я езжу в школу на автобусе.	1078491
4	5.89	2.49	3	4	1	Ti imaš snažnu volju.	У тебя сильная воля.	1498210
4	5.89	2.49	3	4	1	Već mi je dosadno.	Мне уже скучно.	3414453
4	5.89	2.08	3	5	1	Možda ćeš jednog dana razumeti.	Возможно, когда-нибудь ты поймёшь.	8870488
4	5.89	3.24	0	5	2	Pokušavam da osvojim njeno srce.	Я пытаюсь завоевать её сердце.	6885537
4	5.89	2.74	2	5	1	Pročitala sam obe ove knjige.	Я прочитала обе эти книги.	8877381
4	5.89	2.74	2	5	1	Pročitao sam obe ove knjige.	Я прочитал обе эти книги.	3298671
4	5.89	2.16	1	6	2	Deca vole da se igraju napolju.	Дети любят играть на улице.	3484267
4	5.89	2.83	0	6	2	Kako kaže poslovica, vreme je novac.	Как говорится в пословице, время - деньги.	1086600
4	5.89	2.99	1	6	1	Kupio sam nov šešir u prodavnici.	Я купил в магазине новую шляпу.	4790651
4	5.89	2.82	0	6	2	Oko za oko, zub za zub.	Око за око, зуб за зуб.	6936119
4	5.89	1.91	2	7	1	Njegov otac jede tamo dva puta nedeljno.	Его отец ходит туда два раза в неделю.	3250779
4	5.89	1.91	2	7	1	Njegov otac jede tamo dva puta nedeljno.	Его отец ездит туда два раза в неделю.	3250779
4	5.90	1.83	4	4	1	On nam se sviđa.	Он нам нравится.	3000072
4	5.90	2.50	3	4	1	Ona ima sedam sinova.	У неё семеро сыновей.	5562489
4	5.90	2.50	3	4	1	Ti si moj anđeo.	Ты мой ангел.	3359321
4	5.90	2.08	3	5	1	Tom ima krizu srednjih godina.	У Тома кризис среднего возраста.	6475406
4	5.90	2.17	1	6	2	Mislila sam da si srećna ovde.	Я думала, что ты здесь счастлива.	5034751
4	5.90	2.16	1	6	2	Mislim da je Tom veoma pametan.	Я думаю, что Том очень умён.	5002792
4	5.90	2.16	1	6	2	Mislim da je Tom veoma pametan.	Я думаю, Том очень умный.	5002792
4	5.90	2.33	2	6	1	Oni su to pokušavali mnogo puta.	Они пробовали это много раз.	3213546
4	5.91	3.18	2	4	1	Ima li taksija ovde?	Здесь есть такси?	1261829
4	5.91	3.26	0	5	2	Ja ću leći da spavam.	Я ложусь спать!	1179890
4	5.91	2.09	3	5	1	Kiša je trajala tri dana.	Дождь продолжался три дня.	899412
4	5.91	2.76	2	5	1	Kuća ima dve spavaće sobe.	В доме две спальни.	1157221
4	5.91	2.76	2	5	1	Maja Keuc je slovenačka pevačica.	Майя Кеуц — словенская певица.	12406436
4	5.91	1.43	4	5	1	Ti možeš bolje od ovoga.	Ты можешь больше, чем это.	3395225
4	5.91	2.18	1	6	2	Da li si bio u Rimu?	Ты был в Риме?	3365450
4	5.91	2.34	2	6	1	Ja radim u školi za jezike.	Я работаю в языковой школе.	3795175
4	5.91	2.34	2	6	1	Ovaj sat je jeftiniji od tog.	Эти часы дешевле, чем те.	715033
4	5.91	2.18	1	6	2	Zapravo sam odlučio da uradim to.	Вообще-то я решил сделать это.	8823145
4	5.91	2.34	2	6	1	Znaš li kog je Tom ubio?	Ты знаешь, кого убил Том?	4971836
4	5.91	2.43	0	7	2	Ja ne verujem da je on advokat.	Я не верю, что он адвокат.	1200573
4	5.92	2.27	4	2	1	O Bože!	О Боже!	5963141
4	5.92	2.52	3	4	1	Reci mi gde živiš.	Скажи мне, где ты живёшь.	4261884
4	5.92	3.43	1	5	1	Baka je to pevala unuku.	Бабушка пела это внуку.	3427980
4	5.92	2.76	2	5	1	Ne postoji pravilo bez izuzetka.	Нет правила без исключения.	6196050
4	5.92	2.76	2	5	1	Nema postoji pravilo bez izuzetka.	Нет правила без исключения.	6196049
4	5.92	2.10	3	5	1	Nikad ranije nismo igrali fudbal.	Мы никогда раньше не играли в футбол.	5035430
4	5.92	2.10	3	5	1	Nikada ranije nismo igrali fudbal.	Никогда раньше мы в футбол не играли.	5035431
4	5.92	2.10	3	5	1	Soba je bila puna ljudi.	Комната была полна людей.	3463563
4	5.92	2.77	2	5	1	Tom i Marija su susedi.	Том и Мария - соседи.	3505277
4	5.92	2.77	2	5	1	Tom više ne voli Mariju.	Том больше не любит Марию.	4507060
4	5.92	2.60	1	7	1	Ko se prvi popeo na vrh Everesta?	Кто первый достиг верхушки горы Эверест?	1076679
4	5.92	2.43	0	7	2	Ne želim da jedem ovaj stari hleb.	Я не хочу есть этот старый хлеб.	884956
4	5.93	2.52	3	4	1	Treba mi tvoj potpis.	Мне нужна твоя подпись.	6895720
4	5.93	2.52	3	4	1	Treba mi vaš potpis.	Мне нужна ваша подпись.	6895735
4	5.93	3.86	1	4	1	U vedru je ključ.	В ведре дырка.	1179887
4	5.93	3.44	1	5	1	Ona je zakasnila na sastanak.	Она опоздала на встречу.	3503778
4	5.93	2.61	1	7	1	Večeras se daje dobar film u bioskopu.	Сегодня вечером в кино идёт хороший фильм.	3434492
4	5.94	4.28	1	3	1	Tom nije introvertan.	Том не интроверт.	11083968
4	5.94	3.20	2	4	1	On često citira Šekspira.	Он часто цитирует Шекспира.	1053789
4	5.94	2.53	3	4	1	Ti si moja princeza.	Ты моя принцесса.	5894253
4	5.94	2.62	1	5	2	Kažu da gradonačelnik uzima mito.	Говорят, мэр берёт взятки.	7069899
4	5.94	2.62	1	5	2	Kažu da gradonačelnik uzima mito.	Говорят, градоначальник берёт взятки.	7069899
4	5.94	4.12	0	5	1	Ovo je moj pisaći sto.	Это мой письменный стол.	2502342
4	5.94	2.78	2	5	1	Tom je povredio desno koleno.	Том повредил правое колено.	10976306
4	5.94	2.20	1	6	2	Dok ste mladi morate mnogo čitati.	Пока вы молоды, вы должны много читать.	1079459
4	5.95	4.96	0	3	1	Mleko lako prokisne.	Молоко легко прокисает.	4894715
4	5.95	3.62	2	3	1	Sve su obmanuli.	Они всех обманули.	6947308
4	5.95	2.12	3	5	1	Sviđa mi se ova emisija.	Мне нравится эта передача.	8838970
4	5.95	1.96	2	7	1	Koja je razlika između vere i poverenja?	В чем разница между верой и доверием?	3434993
4	5.95	1.12	2	7	2	Tom je rekao da nije video ništa.	Том сказал, что он ничего не видел.	4248536
4	5.96	3.47	1	3	2	Nemoj da razgovaraš.	Не разговаривай.	4996893
4	5.96	2.96	3	3	1	Šetali smo parkom.	Мы гуляли по парку.	5043452
4	5.96	2.80	2	5	1	Moj ujak živi blizu škole.	Мой дядя живёт недалеко от школы.	3387245
4	5.96	2.38	2	6	1	Išao sam za Pariz sledećeg jutra.	На следующее утро я уехал в Париж.	3394586
4	5.96	2.38	2	6	1	Koliko se Mađari razlikuju od Srba?	Насколько венгры отличаются от сербов?	11073318
4	5.96	1.72	3	6	1	Ne znam skoro ništa o tebi.	Я не знаю почти ничего о тебе.	4245942
4	5.96	2.21	1	6	2	Svi verovatno misle da sam lud.	Все вероятно думают, что я сумасшедший.	3364575
4	5.96	1.80	1	7	2	Da li on zna šta vi radite?	Он знает, что вы делаете?	1541673
4	5.97	3.47	1	3	2	Da li pušite?	Вы курите?	3253701
4	5.97	2.31	4	3	1	Sa kim razgovaraju?	С кем они разговаривают?	5039847
4	5.97	2.39	2	4	2	Izvinite, imam jedno pitanje.	Извините, у меня есть один вопрос.	3425453
4	5.97	2.81	2	5	1	Ko je vlasnik ove gitare?	Кто владелец этой гитары?	3305733
4	5.97	2.89	0	6	2	Da li je tvoj konj crn?	Твоя лошадь чёрная?	3477982
4	5.97	2.89	0	6	2	Da li je tvoj konj crn?	Твой конь чёрный?	3477982
4	5.97	1.72	3	6	1	Koliko sati je sada u Londonu?	Сколько сейчас времени в Лондоне?	3365454
4	5.98	2.82	2	3	2	Molim vas, napišite.	Пожалуйста, напишите.	5848027
4	5.98	2.40	2	4	2	Da li govorite kineski?	Вы говорите по-китайски?	1048708
4	5.98	3.24	2	4	1	Imaću vremena sutra ujutro.	У меня есть время завтра утром.	1228549
4	5.98	2.48	0	5	3	Da li voliš da pišeš?	Ты любишь писать?	4248696
4	5.98	2.15	3	5	1	Engleski jezik koristi mnogo ljudi.	Английским языком пользуются многие люди.	1643213
4	5.98	2.82	2	5	1	Evo ključa od mog stana.	Вот ключ от моей квартиры.	5889534
4	5.98	2.23	1	6	2	Ne mogu da koristim ovu mašinu.	Я не могу пользоваться этой машиной.	3243989
4	5.98	2.48	0	7	2	Ovo je pošta, a ovo je banka.	Это почта, а это банк.	1127214
4	5.99	3.66	2	3	1	Deca vole pustolovine.	Дети любят приключения.	1042348
4	5.99	3.91	1	4	1	Ne cepaj ovu knjigu.	Не трогай эту книгу.	3547624
4	5.99	2.58	3	4	1	Njene oči su plave.	Её глаза голубые.	1084662
4	5.99	2.57	3	4	1	Vetar duva sa istoka.	Ветер дует с востока.	3463568
4	5.99	2.57	3	4	1	Vetar duva sa severa.	Ветер дует с севера.	3463573
4	5.99	2.57	3	4	1	Vetar duva sa zapada.	Ветер дует с запада.	3463571
4	5.99	3.49	1	5	1	Ona se osmehnula i oprostila.	Она улыбнулась и попрощалась.	1116818
4	5.99	2.83	2	5	1	Policija je odbacila mogućnost samoubistva.	Полиция исключила возможность самоубийства.	5029227
4	5.99	1.49	4	5	1	Tom može ostati sa nama.	Том может остаться с нами.	11173185
4	5.99	2.24	1	6	2	Ja sam došao samo da slušam.	Я только послушать пришёл.	1042304
4	5.99	1.16	2	7	2	Ne znam da li imam dovoljno novca.	Я не знаю, достаточно ли у меня денег.	800837
4	5.99	1.99	2	7	1	Otvorio sam vrata i ušao sam unutra.	Я открыл дверь и вошёл внутрь.	3644183
4	6.00	3.00	3	2	1	Pokaži mi.	Покажи мне.	3439041
4	6.00	3.67	2	3	1	Devojke su spavale.	Девушки спали.	4249129
4	6.00	2.58	3	4	1	Kaži mi gde živiš.	Скажи мне, где ты живёшь.	4261883
4	6.00	3.92	1	4	1	Svaki jezik ima dijalekte.	Каждый язык имеет диалекты.	1185060
4	6.00	3.50	1	5	1	Bob i Marija sviraju flautu.	Боб и Мария играют на флейте.	3333536
4	6.00	2.16	3	5	1	Tom nije pametan kao ti.	Том не так умён, как ты.	8846276
4	6.00	2.16	3	5	1	Tom nije pametan kao ti.	Том не такой умный, как ты.	8846276
4	6.00	2.83	2	5	1	Tom se nije plašio smrti.	Том не боялся смерти.	3368350
4	6.00	2.42	2	6	1	Između glave i tela je vrat.	Между головой и туловищем — шея.	3477869
4	6.00	1.75	3	6	1	Ova knjiga mi je veoma važna.	Эта книга для меня очень важна.	3351340
4	6.01	3.00	3	3	1	Ja sam ateista.	Я атеист.	3387268
4	6.01	2.59	3	4	1	Meni je ime Bob.	Меня называют Боб.	1173797
4	6.01	3.26	2	4	1	Stalno smo se svađali.	Мы постоянно ссорились.	3418030
4	6.01	3.26	2	4	1	Stalno smo se svađali.	Мы постоянно ругались.	3418030
4	6.01	3.34	0	5	2	Problem je što je preskupo.	Проблема в том, что это слишком дорого.	665254
4	6.01	2.92	0	6	2	I ja želim da vidim okean.	И я хочу увидеть океан.	4246040
4	6.01	2.42	2	6	1	On je bio moj bliski prijatelj.	Он был моим близким другом.	3248322
4	6.01	2.43	2	6	1	On se pridružio klubu prošle godine.	Он стал членом клуба в прошлом году.	10042508
4	6.01	1.84	1	7	2	Nemam želju da živim u velikom gradu.	У меня нет желания жить в большом городе.	3650964
4	6.01	2.26	1	8	1	Bazel je treći grad po veličini u Švajcarskoj.	Базель — третий по величине город в Швейцарии.	3371770
4	6.02	3.69	2	3	1	Ima ukus buđi.	У него вкус плесени.	11055428
4	6.02	3.69	2	3	1	Ima ukus buđi.	У неё вкус плесени.	11055428
4	6.02	3.93	1	4	1	Gde su naši kišobrani?	Где наши зонты?	3430713
4	6.02	2.60	3	4	1	Orao je car ptica.	Орёл - царь птиц.	1082324
4	6.02	3.10	1	6	1	Ovaj sos je gorak po ukusu.	Этот соус горький на вкус.	1293948
4	6.02	2.69	1	7	1	Kakav je srednji uzrast u tom razredu?	Какой средний возраст в этом классе?	1124618
4	6.02	1.18	2	7	2	Ne može da se živi bez vode.	Нельзя жить без воды.	3380054
4	6.03	3.53	1	3	2	Nemoj da pevaš.	Не пой.	4996827
4	6.03	4.36	1	3	1	Preplivala je reku.	Она переплыла реку.	3392271
4	6.03	1.94	4	4	1	Hoćeš li sa nama?	Хочешь с нами?	3418721
4	6.03	2.86	2	5	1	Nikad nisam bio vernik Hrišćanstva.	Я никогда не был верующим христианином.	664760
4	6.03	3.53	1	5	1	Čitao sam knjigu Božanstvena komedija.	Я читал книгу "Божественная комедия".	1139243
4	6.03	1.78	3	6	1	Koliko puta si gledao taj fim?	Сколько раз ты видел этот фильм?	3265614
4	6.03	2.69	1	7	1	Veruješ li u ljubav na prvi pogled?	Ты веришь в любовь с первого взгляда?	5024398
4	6.04	3.70	2	3	1	Ne otvarajte ga.	Не открывайте его.	5024388
4	6.04	3.11	1	4	2	Mislio sam da spavaš.	Я думал, что ты спишь.	3439310
4	6.04	1.95	4	4	1	Treba nam tvoja pomoć.	Нам нужна твоя помощь.	4261732
4	6.04	2.62	3	4	1	Trebaju mi nove naočare.	Мне нужны новые очки.	4250730
4	6.04	3.28	2	4	1	Zečevi imaju dugačke uši.	У зайцев длинные уши.	3266900
4	6.04	2.87	2	5	1	Sakrio sam se ispod stola.	Я спрятался под столом.	665379
4	6.04	2.87	2	5	1	To su priče za budale.	Всё это сказки для идиотов.	3455078
4	6.04	1.79	3	6	1	Deset je deset procenata od sto.	Десять - это десять процентов от ста.	4992529
4	6.04	2.45	2	6	1	Tom je uradio nešto veoma glupo.	Том сделал что-то очень глупое.	3275372
4	6.04	1.37	3	7	1	Sigurno kao dva puta dva su četiri.	Ясно, как дважды два четыре.	1049154
4	6.05	3.71	2	3	1	Gde su žirafe?	Где жирафы?	2499863
4	6.05	2.88	2	3	2	Tri sladoleda, molim.	Три мороженых, пожалуйста.	6368937
4	6.05	3.71	2	3	1	Upucao sam medveda.	Я застрелил медведя.	5841964
4	6.05	2.62	3	4	1	Barak Obama je hrišćanin.	Барак Обама - христианин.	3429874
4	6.05	2.63	3	4	1	Nisam spavao dva dana.	Я два дня не спал.	1056899
4	6.05	2.63	3	4	1	Nisam spavao dva dana.	Я не спал два дня.	1056899
4	6.05	1.96	4	4	1	Prva faza je završena.	Первая фаза завершена.	4250207
4	6.05	2.88	2	5	1	Jesu li ovo vaše torbe?	Это ваши сумки?	4324650
4	6.05	2.29	1	6	2	Da li je Meri prirodno plava?	Мэри - натуральная блондинка?	4246062
4	6.05	2.96	0	6	2	Danas je baš vrućina, zar ne?	Сегодня настоящая жара, правда?	8894703
4	6.05	2.46	2	6	1	Imam dva brata i jednu sestru.	У меня два брата и одна сестра.	1315496
4	6.05	2.29	1	6	2	Kažu, taj je film veoma interesantan.	Говорят, что тот фильм очень интересный.	1081763
4	6.05	1.79	3	6	1	Mnogo ti hvala za ovu informaciju!	Большое тебе спасибо за эту информацию!	3535750
4	6.05	3.12	1	6	1	Šećer se topi u toploj kafi.	Сахар растворяется в горячем кофе.	3263552
4	6.06	3.71	2	2	1	Ne pevajte.	Не пойте.	4996828
4	6.06	2.89	2	5	1	On je slep od rođenja.	Он был слеп с рождения.	1195473
4	6.06	1.47	1	6	3	Kada Tom može da dođe kući?	Когда Том может прийти домой?	4259788
4	6.06	3.13	1	6	1	Ovi paraziti se razmnožavaju zaista brzo.	Эти паразиты очень быстро размножаются.	3359198
4	6.06	2.47	2	6	1	Tom i njegova žena žive odvojeno.	Том и его жена живут отдельно.	3414485
4	6.07	2.64	3	4	1	Veoma volim toga pevača.	Я очень люблю этого певца.	1676122
4	6.07	2.72	1	5	2	Da li Tom voli grožđe?	Том любит виноград?	8835619
4	6.07	2.06	2	5	2	Hajde da napravimo neke slike.	Давай нарисуем какие-нибудь картинки.	4273269
4	6.07	2.89	2	5	1	On ima mnoge originalne ideje.	У него много оригинальных идей.	1200548
4	6.07	2.23	3	5	1	Prestao sam sa jedenjsm mesa.	Я перестал есть мясо.	3298915
4	6.07	3.56	1	5	1	Reka je preplavila celu oblast.	Река затопила целую область.	3248395
4	6.07	3.56	1	5	1	Reka je preplavila celu oblast.	Река затопила всю область.	3248395
4	6.07	2.48	2	6	1	Crnogorski jezik je varijanta srpskog jezika.	Черногорский язык - это вариант сербского языка.	1214572
4	6.07	2.47	2	6	1	Neki ljudi nemaju osećaj za šalu.	У некоторых людей нет чувства юмора.	1457679
4	6.07	1.81	3	6	1	Tamo je bilo više stotina ljudi.	Там было больше сотни людей.	893238
4	6.07	2.48	2	6	1	Tom je čovek koga svi poštujemo.	Том — человек, которого мы все уважаем.	11060634
4	6.08	3.07	3	3	1	Nemam tvoje čizme.	У меня нет твоих сапог.	3357648
4	6.08	4.40	1	3	1	Prejeo sam se!	Я объелся.	8917515
4	6.08	3.15	1	4	2	Hajde da popijemo nešto.	Пойдём чего-нибудь выпьем.	4246002
4	6.08	2.48	2	4	2	Izvinite, gde je pošta?	Извините, где почта?	3387067
4	6.08	3.15	1	4	2	Mogu da vas podržim.	Я могу выступить в поддержку.	1243603
4	6.08	2.65	3	4	1	Poklonili smo mu sat.	Мы подарили ему часы.	3298562
4	6.08	2.90	2	5	1	Kupio sam šargarepe i kelerabu.	Я купил морковь и кольраби.	3644196
4	6.08	2.90	2	5	1	Matematika je osnova svim naukama.	Математика - основа всех наук.	3478041
4	6.08	2.99	0	6	2	Gde je dobro, tamo je domovina.	Где хорошо, там и родина.	5691371
4	6.08	2.48	2	6	1	Imamo dve ćerke i dva sina.	У меня две дочери и двое сыновей.	3334388
4	6.08	2.48	2	6	1	Imamo dve ćerke i dva sina.	У меня две дочери и два сына.	3334388
4	6.08	2.48	2	6	1	Ta greška ga je koštala glave.	Та ошибка стоила ему головы.	3306752
4	6.09	2.66	3	4	1	Ja sam noćna ptica.	Я сова.	3387080
4	6.09	2.58	0	5	3	Moram da idem da spavam.	Я должен идти спать.	1232276
4	6.09	2.58	0	5	3	Moram da idem da spavam.	Я должна идти спать.	1232276
4	6.09	2.58	0	5	3	Moram da idem da spavam.	Мне нужно идти спать.	1232276
4	6.09	2.91	2	5	1	Zgrada se srušila tokom zemljotresa.	Здание рухнуло во время землетрясения.	4967503
4	6.09	1.82	3	6	1	Ona je već završila sa radom.	Она уже закончила работу.	1171891
4	6.09	1.16	4	6	1	Svi mi tada nismo imali novca.	Нам всем тогда не хватало денег.	1178227
4	6.09	3.16	1	6	1	Tom čita Bibliju po ceo dan.	Том читает Библию целыми днями.	4248684
4	6.09	3.16	1	6	1	Tom čita Bibliju po ceo dan.	Том читает Библию весь день.	4248684
4	6.09	1.66	2	6	2	Uspeh znači puno novca, zar ne?	Успех значит много денег, не так ли?	6148796
4	6.10	2.00	4	4	1	Godina je brzo prošla.	Год прошёл быстро.	8894450
4	6.10	1.83	3	4	2	Hajde, daj mi to.	Ну, дай мне то.	5949516
4	6.10	3.84	0	4	2	Moraš da se sakriješ.	Ты должен спрятаться.	3650642
4	6.10	3.84	0	4	2	Moraš da se sakriješ.	Ты должна спрятаться.	3650642
4	6.10	3.83	0	4	2	Ne moraš da žuriš.	Ты не должен спешить.	1195466
4	6.10	3.83	0	4	2	Ne moraš da žuriš.	Ты не должна спешить.	1195466
4	6.10	3.83	0	4	2	Ne moraš da žuriš.	Ты не должна торопиться.	1195466
4	6.10	3.83	0	4	2	Ne moraš da žuriš.	Ты не должен торопиться.	1195466
4	6.10	2.92	2	5	1	Edinburg je glavni grad Škotske.	Эдинбург — столица Шотландии.	1200646
4	6.10	3.58	1	5	1	Hajdemo na kuglanje neki dan.	Давайте как-нибудь сходим в боулинг.	4249194
4	6.10	2.25	3	5	1	Radim svakoga dana osim nedelje.	Я работаю каждый день, кроме воскресенья.	1484529
4	6.10	1.58	4	5	1	Ti više nisi samo dete.	Ты уже не просто ребёнок.	3327866
4	6.10	2.50	2	6	1	Ko je tvoj omiljeni član porodice?	Кто у тебя любимый член семьи?	3534961
4	6.10	1.83	3	6	1	Ne sviđa mi se ovaj sat.	Мне не нравятся эти часы.	3248352
4	6.10	2.50	2	6	1	Tokom dugog vremena nisam ga video.	В течение долгого времени я не видел его.	1051432
4	6.10	1.83	3	6	1	Tom zna šta mu se sviđa.	Том знает, что ему нравится.	5043522
4	6.10	1.83	3	6	1	Zaista mi se sviđa vaša muzika.	Мне правда нравится ваша музыка.	5034810
4	6.10	2.75	1	7	1	U Instambulu ima otprilike tri hiljade džamija.	В Стамбуле примерно три тысячи мечетей.	3282762
4	6.10	2.75	1	7	1	U Instambulu ima približno tri hiljade džamija.	В Стамбуле около трех тысяч мечетей.	3282764
4	6.11	3.34	2	4	1	Ne znamo naše susede.	Мы не знаем наших соседей.	6904249
4	6.11	2.68	3	4	1	Ukrali su mi novac.	У меня украли деньги.	3286427
4	6.11	2.93	2	5	1	Stidim se lenjivosti mog sina.	Мне стыдно, что у меня такой ленивый сын.	3327899
4	6.11	1.43	3	5	2	Ti to možeš, zar ne?	Ты это можешь, так ведь?	3425282
4	6.11	1.26	2	7	2	Tom je počeo da traži novi posao.	Том начал искать новую работу.	3364580
4	6.12	1.60	4	3	2	Kada si rođen?	Когда ты родился?	3287651
4	6.12	2.43	4	3	1	Nestaje nam benzina.	У нас кончился бензин.	3262895
4	6.12	2.68	3	4	1	Ja trčim za suncem.	Я бегу за солнцем.	3303740
4	6.12	3.18	1	4	2	Nemoj da gubiš nadu.	Не теряй надежду.	3317256
4	6.12	2.52	2	6	1	Hoćeš li još soka od jabuke?	Хочешь ещё яблочного сока?	6567919
4	6.12	1.93	1	7	2	Počeo sam da čitam moju novu knjigu.	Я начал читать мою новую книгу.	5847095
4	6.13	2.44	4	2	1	Kažnjen sam.	Я наказан.	4999271
4	6.13	3.77	2	3	1	Tom se razbesneo.	Том взбесился.	3365599
4	6.13	2.02	4	4	1	Samo mi reci istinu.	Просто скажи мне правду.	4261922
4	6.13	2.69	3	4	1	U šta ti veruješ?	Во что ты веришь?	5909470
4	6.13	3.36	2	4	1	Šta vas je probudilo?	Что тебя разбудило?	1384481
4	6.13	2.94	2	5	1	Igrali smo poker ceo dan.	Мы целый день играли в покер.	4781282
4	6.13	2.94	2	5	1	Igrali smo poker ceo dan.	Мы весь день играли в покер.	4781282
4	6.13	3.61	1	5	1	Uspeh je bio samo delimičan.	Успех был лишь частичным.	6148809
4	6.13	2.94	2	5	1	Čovek bez ideala je prazan.	Человек без идеалов - пустой.	397585
4	6.13	2.53	2	6	1	Jutros sam primio email od Toma.	Сегодня утром я получил электронное сообщение от Тома.	3430308
4	6.13	2.53	2	6	1	Jutros sam primio pismo od Toma.	Сегодня утром я получил письмо от Тома.	3430306
4	6.13	1.69	2	6	2	Kada ste poslednji put to uradili?	Когда вы последний раз это делали?	5894217
4	6.13	1.94	1	7	2	Hoćeš li da idemo na utakmicu zajedno?	Хочешь, мы пойдем на матч вместе?	1091393
4	6.13	1.44	3	7	1	Ti si jedina koja mi može pomoći.	Ты единственная, кто может помочь мне.	1113763
4	6.14	2.70	3	4	1	Koliko imaš bliskih prijatelja?	Сколько у тебя близких друзей?	3292827
4	6.14	2.70	3	4	1	Pokažite mi vaša dokumenta!	Покажите мне ваши документы!	6966986
4	6.14	2.78	1	5	2	Mogao sam da iskoristim to.	Я мог это использовать.	4254055
4	6.14	2.78	1	5	2	Mogla sam da iskoristim to.	Я могла это использовать.	4254056
4	6.14	2.95	2	5	1	Tom ima mlađu sestru Meri.	У Тома есть младшая сестра Мэри.	5308566
4	6.14	1.86	3	6	1	Moja mama se ne bavi politikom.	Моя мама не интересуется политикой.	1232299
4	6.14	2.54	2	6	1	On je veliki ljubitelj naučne fantastike.	Он большой любитель научной фантастики.	908419
4	6.14	3.20	1	6	1	U njihovom vrtu je dvadesetak lipa.	У них в саду два десятка лип.	1505727
4	6.15	4.46	1	2	1	Smrt kolonijalizmu!	Смерть колониализму!	12678699
4	6.15	3.12	3	3	1	Treba mi šišanje.	Мне нужно подстричься.	6960720
4	6.15	2.71	3	4	1	Bila je luda godina.	Это был сумасшедший год.	5028935
4	6.15	4.04	1	4	1	Tom je potpuno hladnokrvan.	Том совершенно хладнокровен.	6852571
4	6.15	1.62	4	5	1	Mi znamo ko je on.	Мы знаем, кто он.	3396034
4	6.15	1.62	4	5	1	Mi znamo ko si ti.	Мы знаем, кто ты такой.	3441067
4	6.15	2.96	2	5	1	Ova supa ima ukus ribe.	У этого супа рыбный вкус.	6582989
4	6.15	4.29	0	5	1	Prestara sam ja za ovo.	Я слишком старая для этого.	4781922
4	6.15	2.29	3	5	1	Učio sam italijanski par meseci.	Я пару месяцев учил итальянский.	884454
4	6.15	1.96	1	7	2	Zar nije to ono što si želela?	Разве это не то, что ты хотела?	6925599
4	6.16	3.80	2	3	1	Gde su viljuške?	Где вилки?	3292581
4	6.16	3.80	2	3	1	Popij malo vode.	Попей немного воды.	5397805
4	6.16	3.13	3	3	1	Tomu treba istina.	Тому нужна правда.	4250992
4	6.16	3.13	3	3	1	Tomu treba pomoć.	Тому нужна помощь.	4975976
4	6.16	3.13	3	3	1	Tomu treba san.	Тому нужен сон.	4250993
4	6.16	3.89	0	4	2	Naučiću te da pišeš.	Я научу тебя писать.	4248734
4	6.16	2.80	1	5	2	Tom mora da se odmori.	Том должен отдохнуть.	4247181
4	6.16	1.72	2	6	2	Da li je Nemačka iznad svega?	Германия превыше всего?	925349
4	6.16	2.39	1	6	2	Šta ide brže, brod ili voz?	Что движется быстрее, корабль или поезд?	3245154
4	6.17	4.31	0	3	2	Dečko, isplazi jezik!	Мальчик, покажи язык!	1183365
4	6.17	4.06	1	4	1	Ona je tražila poštedu.	Она умоляла о пощаде.	1157193
4	6.17	2.65	0	5	3	Reka teče, ali kamenje ostaje.	Река течёт, а камни остаются.	5175032
4	6.17	2.81	1	5	2	Telefon nije prestao da zvoni.	Телефон не прекращал звонить.	894049
4	6.17	2.81	1	5	2	Telefon nije prestao da zvoni.	Телефон звонил, не переставая.	894049
4	6.17	2.81	1	5	2	Telefon nije prestao da zvoni.	Телефон не переставал звонить.	894049
4	6.17	1.89	3	6	1	Bilo je mnogo ljudi u sobi.	В комнате было много людей.	3463561
4	6.17	3.23	1	6	1	Tvoji problemi se ne tiču mene.	Твои проблемы ко мне не относятся.	1676111
4	6.17	2.64	0	7	2	Da li je ovo rečnik koji tražiš?	Это тот словарь, который ты ищешь?	3391996
4	6.17	2.40	1	8	1	Ona radi kao medicinska sestra u lokalnoj bolnici.	Она работает медсестрой в местной больнице.	3266911
4	6.18	2.73	3	4	1	Sviđaju mi se boje.	Я люблю краски.	3470180
4	6.18	2.98	2	5	1	Francuski je nastao od Latinskog.	Французский произошёл от латинского.	3341481
4	6.18	2.40	1	6	2	Moj brat zatvara oči kada pije.	Мой брат закрывает глаза, когда пьёт.	3370930
4	6.18	1.98	1	7	2	Upoznao sam ga kada sam bio student.	Я познакомился с ним, когда был студентом.	3243355
4	6.19	3.82	2	3	1	Tom je pocrveneo.	Том покраснел.	6535657
4	6.19	5.15	0	3	1	Volim Oksitanski jezik.	Я люблю окситанский язык.	3334453
4	6.19	2.74	3	4	1	Godine teku kao reka.	Годы текут как река.	1598528
4	6.19	1.49	3	5	2	Da li si ti siguran?	Ты уверен?	548790
4	6.19	2.99	2	5	1	Ovaj šešir je iz Australije.	Эта шляпа из Австралии.	3282893
4	6.19	3.00	2	5	1	Tokio je glavni grad Japana.	Токио — столица Японии.	665174
4	6.19	2.99	2	5	1	Tom je nosio crni šešir.	Том носил черную шляпу.	3368340
4	6.19	3.24	1	6	1	Svu noć se okretao u postelji.	Всю ночь он ворочался в постели.	1124624
4	6.20	3.16	3	3	1	Sa kime dolaziš?	С кем ты придёшь?	6593652
4	6.20	3.42	2	4	1	Oni su plovili uzvodno.	Они плыли вверх по течению.	1533438
4	6.20	3.00	2	5	1	Ona u bašti sadi ruže.	Она в саду, садит розы.	1498240
4	6.20	1.67	4	5	1	Otac mi je kupio knjigu.	Отец купил мне книгу.	3243678
4	6.20	3.66	1	5	1	Šta tvoja deca obično doručkuju?	Что твои дети обычно едят на завтрак?	3396041
4	6.20	1.75	2	6	2	Nisam više mogao da gledam to.	Я больше не мог смотреть на это.	8820702
4	6.20	3.25	1	6	1	Ona je bila veoma ambiciozna žena.	Она была очень амбициозной женщиной.	2708806
4	6.20	1.92	3	6	1	Ti si velika ljubav mog života.	Ты - большая любовь моей жизни.	5909310
4	6.20	2.42	1	8	1	Ja ne mogu tako brzo računati kao on.	Я не могу так быстро считать, как он.	1214484
4	6.21	3.00	2	3	2	Nemojte da odgovarate.	Не отвечайте.	4995894
4	6.21	3.42	2	4	1	Kišna sezona počinje juna.	Сезон дождей начинается в июне.	4246593
4	6.21	2.76	3	4	1	Spavaće sobe su gore.	Спальни наверху.	3644145
4	6.21	2.59	2	4	2	Želim da upoznam Toma.	Я хочу познакомиться с Томом.	3244650
4	6.21	3.01	2	5	1	Molim Vas popunite ovaj formular.	Пожалуйста, заполните этот бланк.	3253889
4	6.21	3.01	2	5	1	Tom je jurio njegovog psa.	Том догонял свою собаку.	5639578
4	6.21	3.01	2	5	1	Tom je jurio svog psa.	Том гнался за своей собакой.	5639577
4	6.21	3.01	2	5	1	Tom je jurio svog psa.	Том догонял свою собаку.	5639577
4	6.22	3.68	1	5	1	Ja sam ručao u podne.	Я обедал в полдень.	1053577
4	6.22	2.35	3	5	1	Kupio mi je novi rečnik.	Он купил мне новый словарь.	3266914
4	6.22	2.35	3	5	1	On je zamenio traumiranog igrača.	Он заменил травмированного игрока.	1081757
4	6.22	2.35	3	5	1	Oni nemaju krov nad glavom.	У них нет крыши над головой.	935622
4	6.22	2.35	3	5	1	Potreban mi je dobar rečnik.	Мне нужен хороший словарь.	4967419
4	6.22	2.35	3	5	1	Zašto si ti tako spor?	Почему ты такой медлительный?	3473636
4	6.22	2.85	1	7	1	Njihovo prijateljstvo se postepeno pretvorilo u ljubav.	Их дружба постепенно превратилась в любовь.	4250741
4	6.23	4.11	1	4	1	Udala se u sedamnaestoj.	Она вышла замуж в семнадцать.	3243557
4	6.23	2.36	3	5	1	Ja zaista cenim naše klijente.	Я действительно ценю наших клиентов.	2239196
4	6.23	2.36	3	5	1	Koliko imaš braće i sestara?	Сколько у тебя братьев и сестёр?	3362096
4	6.23	3.03	2	5	1	Poznajem čoveka koji govori latinski.	Я знаком с человеком, который говорит по-латински.	3384081
4	6.23	3.03	2	5	1	Poznajem čoveka koji govori latinski.	Я знакома с человеком, который говорит по-латински.	3384081
4	6.23	3.03	2	5	1	Poznajem čoveka koji govori latinski.	Я знаю человека, который говорит по-латински.	3384081
4	6.23	1.94	3	6	1	Hoćeš li mi dati malo vremena?	Ты дашь мне немного времени?	4246618
4	6.23	1.94	3	6	1	Voli i radi šta ti hoćeš.	Люби и делай, что ты хочешь.	1648274
4	6.23	2.44	1	8	1	Ona je bila prva žena koju sam sreo.	Она была первой женщиной, которую я встретил.	879220
4	6.24	2.12	4	4	1	Mi ne volimo bolnicu.	Мы не любим больницу.	1183368
4	6.24	4.11	1	4	1	Tom je pomalo ekscentričan.	Том немного эксцентричен.	4781916
4	6.24	3.03	2	5	1	Glavni grad Holandije je Amsterdam.	Столица Голландии - Амстердам.	3275992
4	6.24	2.36	3	5	1	Jesu li mi crvene uši?	У меня красные уши?	4324621
4	6.24	2.36	3	5	1	Jesu li mi uši crvene?	У меня уши красные?	4324622
4	6.24	3.53	0	5	2	Moraš da sačekaš sledeći autobus.	Ты должен подождать следующего автобуса.	3478031
4	6.24	3.12	0	6	2	Da li je to tvoj kišobran?	Это твой зонт?	3304547
4	6.24	3.12	0	6	2	Da li je to tvoj kišobran?	Это твой зонтик?	3304547
4	6.24	1.95	3	6	1	Meni je prosto potrebna tvoja ljubav.	Мне просто нужна твоя любовь.	3359225
4	6.24	2.62	2	6	1	Meri je stavila prsten na prst.	Мария надела кольцо на палец.	4243549
4	6.25	3.29	1	4	2	Nemoj da se ljutiš.	Не злись.	3424964
4	6.25	3.29	1	4	2	Nemoj da se ljutiš.	Не сердись.	3424964
4	6.25	2.21	2	5	2	Da li Tom jede jaja?	Том ест яйца?	6533001
4	6.25	1.71	4	5	1	Koliko je dugo banka otvorena?	Как долго открыт банк?	3366620
4	6.25	2.46	1	6	2	Da li znate šta je moda?	Вы знаете, что такое мода?	1250417
4	6.25	2.63	2	6	1	Tom je spavao samo četiri sata.	Том спал только четыре часа.	3547618
4	6.25	2.88	1	7	1	Ja se veoma brinem o tvom zdravlju.	Я очень волнуюсь о твоем здоровье.	1091386
4	6.25	1.62	1	8	2	Da li si video ko je to bio?	Ты видел, кто это был?	4259773
4	6.26	4.55	1	2	1	Pipni ga.	Потрогай его.	8852380
4	6.26	4.55	1	2	1	Pipni ga.	Прикоснись к нему.	8852380
4	6.26	4.55	1	2	1	Pipni ga.	Пощупай его.	8852380
4	6.26	4.13	1	4	1	Lusi je već telefonirala.	Люси уже позвонила?	1085940
4	6.26	1.47	5	4	1	Mi smo već počeli.	Мы уже начали.	3395295
4	6.26	3.13	0	4	3	Pa, treba da pođem.	Ладно, я должен идти.	11055680
4	6.26	2.80	3	4	1	Velike devojčice ne plaču.	Большие девочки не плачут.	5396763
4	6.26	3.96	0	4	2	Želim da usavršim engleski.	Я хочу совершенствовать свой английский.	3418926
4	6.26	2.89	1	5	2	Kada si bio u Bostonu?	Когда ты был в Бостоне?	3357150
4	6.26	3.05	2	5	1	Pas je najbolji čovekov prijatelj.	Собака - лучший друг человека.	2352607
4	6.26	3.30	1	6	1	To je moja četkica za zube.	Это моя зубная щётка.	3395247
4	6.26	2.05	1	7	2	Da li često pada kiša u Nemačkoj?	В Германии часто идёт дождь?	3440710
4	6.27	3.47	2	4	1	Jesen je vreme izobilja.	Осень — время изобилия.	3453819
4	6.27	2.15	4	4	1	Mi smo svi srećni.	Мы все счастливы.	3293183
4	6.27	2.14	4	4	1	Ostavila je otvoren prozor.	Она оставила окно открытым.	3382626
4	6.27	3.47	2	4	1	Pridržavajte se saobraćajnih pravila.	Соблюдайте правила дорожного движения.	11191231
4	6.27	2.81	3	4	1	Ti si zabavna devojka.	Ты забавная девчонка.	2067610
4	6.27	2.48	1	4	3	Veruj, ali i proveri!	Доверяй, но проверяй!	6546933
4	6.27	2.39	3	5	1	Imam nekoliko prijatelja iz Kanade.	У меня есть несколько друзей из Канады.	5035475
4	6.27	3.06	2	5	1	Ja imam najčešće dugačku suknju.	У меня слишком длинная юбка.	1457633
4	6.27	2.89	1	5	2	Mogu da pevam drugu pesmu.	Я могу спеть другую песню.	5397824
4	6.27	1.56	3	5	2	Smatram da smo dobar tim.	Я думаю, что мы хорошая команда.	3213542
4	6.27	2.48	1	6	2	Ja lako mogu da čitam španski.	Я легко могу читать по-испански.	1056897
4	6.27	3.31	1	6	1	On je iskopao rupu u vrtu.	Он выкопал яму в саду.	1043427
4	6.27	2.23	2	7	1	Koja je razlika između religije i filozofije?	В чем разница между религией и философией?	3395339
4	6.27	2.23	2	7	1	Koja je razlika između religije i filozofije?	Какая разница между религией и философией?	3395339
4	6.27	2.23	2	7	1	Koja je razlika između religije i filozofije?	В чём разница между религией и философией?	6369029
4	6.27	1.56	3	7	1	Ti i sam dobro znaš sve ovo.	Ты и сам всё это хорошо знаешь.	3467002
4	6.28	3.24	3	3	1	Imaću mnogo dece.	У меня будет много детей.	3471168
4	6.28	3.24	3	3	1	Imaću velikih poteškoća.	У меня будут большие трудности.	3344298
4	6.28	3.24	3	3	1	Imaću velikih problema.	У меня будут большие проблемы.	3340716
4	6.28	2.82	3	4	1	Dođi i pomozi mi.	Приди и помоги мне.	6968723
4	6.28	2.82	3	4	1	Dođi i pomozi mi.	Иди и помоги мне.	6968725
4	6.28	2.82	3	4	1	Dođi i pomozi mi.	Приходи и помоги мне.	6968725
4	6.28	2.82	3	4	1	Stanovništvo sela se smanjilo.	Население деревни сократилось.	1280750
4	6.28	2.82	3	4	1	Živeo je jednostavnim životom.	Он жил простой жизнью.	6475412
4	6.28	2.40	3	5	1	Učitelj je poslao znak prstom.	Учитель сделал знак пальцем.	1574948
4	6.28	2.48	1	6	2	Molim te, dodaj me na Fejsbuku.	Пожалуйста, добавьте меня в Facebook.	3795135
4	6.28	2.65	2	6	1	On ima više od pet rečnika.	У него больше пяти словарей.	1097812
4	6.28	2.48	1	6	2	Volim da vas gledam kako igrate.	Я люблю смотреть, как вы играете.	5035294
4	6.28	2.24	2	7	1	Iz restorana se može videti ceo park.	Из ресторана можно видеть весь парк.	1112034
4	6.29	3.91	2	2	1	Ne vičite.	Не кричите.	4996818
4	6.29	3.74	1	3	2	Nemoj da preteruješ.	Не преувеличивай.	4995926
4	6.29	3.07	2	3	2	Nemojte da lažete.	Не врите.	4995911
4	6.29	3.07	2	3	2	Nemojte da lažete.	Не лгите.	4995911
4	6.29	2.16	4	4	1	Kolika vam je plata?	Какая у вас зарплата?	6369117
4	6.29	4.82	0	4	1	To je višefazni proces.	Это многоступенчатый процесс.	3493077
4	6.29	2.41	3	5	1	Sviđa mi se ova plaža.	Мне нравится этот пляж.	8829696
4	6.29	1.99	3	6	1	Istorija je više umetnost nego nauka.	История - более искусство, чем наука.	1280741
4	6.29	1.57	3	7	1	Sutra mi je prvi dan na poslu.	Завтра мой первый день на работе.	4250205
4	6.30	3.16	0	4	3	Dok dišem, nadam se.	Пока дышу, надеюсь.	6196042
4	6.30	2.17	4	4	1	Mi verujemo u demokratiju.	Мы верим в демократию.	3267538
4	6.30	2.42	3	5	1	Autobus ide svakih deset minuta.	Автобусы ходят каждые десять минут.	3251058
4	6.30	3.09	2	5	1	Trougao ima takođe tri strane.	У треугольника также три стороны.	1982474
4	6.30	3.09	2	5	1	Trougao ima takođe tri strane.	У треугольника тоже три стороны.	1982474
4	6.31	3.60	0	5	2	Ne moraš da to pojedeš.	Ты не должен это есть.	3380023
4	6.31	3.18	0	6	2	Koristim veliki lonac da napravim supu.	Я варю суп в большой кастрюле.	3394984
4	6.31	2.26	2	7	1	Moja sestra je starija od mog brata.	Моя сестра старше, чем мой брат.	3274505
4	6.32	4.85	0	4	1	Ne govorim Klingonski jezik.	Я не говорю на клингонском языке.	3313378
4	6.32	4.19	1	4	1	Ona je preživela sunčanicu.	Она пережила солнечный удар.	1261887
4	6.32	3.10	2	5	1	Drži se podalje od mene.	Держись от меня подальше.	3425939
4	6.32	3.10	2	5	1	Koji je glavni grad Finske?	Какая столица у Финляндии?	3250712
4	6.33	2.61	4	2	1	Uništen sam.	Я уничтожен.	5043610
4	6.33	3.36	1	4	2	Elementarno, moj dragi Votsone.	Элементарно, мой дорогой Ватсон.	6090489
4	6.33	3.11	2	5	1	On protestuje protiv novog plana.	Он протестует против нового плана.	1520106
4	6.33	2.03	3	6	1	On je zadovoljan sa svojim poslom.	Он доволен своей работой.	884951
4	6.34	3.12	2	3	2	Izvinite što kasnim.	Извините за опоздание.	5778914
4	6.34	2.70	2	4	2	Mislim da su pogrešili.	Думаю, они ошиблись.	5034769
4	6.34	2.20	4	4	1	Niko joj nije verovao.	Никто ей не верил.	4308131
4	6.34	2.87	3	4	1	Učite na svojim greškama!	Учитесь на своих ошибках!	1073915
4	6.34	3.11	2	5	1	Dali su vode njihovim konjima.	Они напоили своих лошадей.	3414670
4	6.34	3.11	2	5	1	Dali su vode njihovim konjima.	Они напоили своих коней.	3414670
4	6.34	3.78	1	5	1	Ofarbao je plafon u plavo.	Он выкрасил потолок в синий цвет.	3242717
4	6.34	3.78	1	5	1	Ofarbao je plafon u plavo.	Он покрасил потолок в голубой цвет.	3242717
4	6.34	1.78	4	5	1	On ti nije učinio štetu.	Он тебе не причинит вреда.	1200598
4	6.34	2.45	3	5	1	Stari prijatelj mi je bolestan.	Мой старый друг болен.	8882030
4	6.34	2.45	3	5	1	Sve se dešava s razlogom.	На всё есть своя причина.	5848242
4	6.34	2.45	3	5	1	Sve se dešava s razlogom.	Всё происходит по причине.	5848242
4	6.34	2.36	0	6	3	Neobično, da on ima takvu stvar.	Странно, что у него может быть такая вещь.	1157210
4	6.34	2.03	3	6	1	On je čovek s velikim iskustvom.	Он человек с большим опытом.	3499344
4	6.34	2.04	3	6	1	Prošle sedmice umro je moj prijatelj.	На прошлой неделе умер мой друг.	1173834
4	6.34	2.28	2	7	1	On je doveo svoga psa u školu.	Он принёс свою собаку в школу.	1097800
4	6.35	2.88	3	4	1	Ostavi mi malo sladoleda.	Оставь мне немного мороженого.	3425872
4	6.35	2.21	4	4	1	Ti tzrenuci su dragi.	Эти часы дорогие.	1621139
4	6.35	1.80	4	5	1	Kako ti je prošao dan?	Как у тебя день прошёл?	6447036
4	6.35	1.79	4	5	1	Mi radimo za svetski mir.	Мы добиваемся мира во всём мире.	1648261
4	6.35	1.79	4	5	1	Mi radimo za svetski mir.	Мы работаем ради мира во всём мире.	1648261
4	6.35	2.45	3	5	1	Nedeljom nikada nisam kod kuće.	По воскресеньям меня никогда не бывает дома.	3357080
4	6.35	2.45	3	5	1	Nedeljom nisam uvek kod kuće.	По воскресеньям я не всегда дома.	1055734
4	6.35	3.12	2	5	1	Ona je poput našeg idola.	Она как наш кумир.	1046518
4	6.35	2.46	3	5	1	Ovo je ispalo sa kamiona.	Это выпало из грузовика.	4253931
4	6.35	2.54	1	6	2	Kako mogu da zaboravim te dane?	Как я могу забыть те дни?	1149256
4	6.35	2.04	3	6	1	Razgovarao sam sa njom jedan sat.	Я разговаривал с ним час.	1044446
4	6.35	3.38	1	6	1	YouTube video materijali su vrlo besmisleni.	Видеоролики на YouTube довольно бессмысленны.	6877148
4	6.35	2.12	1	7	2	Ona je mislila da sam ja lekar.	Она думала, что я врач.	1050843
4	6.36	5.30	0	2	1	Postaješ neobazriv.	Ты становишься неосторожным.	4273365
4	6.36	3.30	3	3	1	Kornjače nemaju zube.	У черепах нет зубов.	5308538
4	6.36	3.96	2	3	1	Tom je prolupao.	Том свихнулся.	3368358
4	6.36	3.30	3	3	1	Treba mi čekić.	Мне нужен молоток.	3437265
4	6.36	3.97	2	3	1	Videla sam mačora.	Я видела кота.	5841997
4	6.36	3.97	2	3	1	Video sam mačora.	Я видел кота.	5842003
4	6.36	2.88	3	4	1	Žabe se plaše zmija.	Лягушки боятся змей.	1076249
4	6.36	4.47	0	5	1	Tomov biznis ide prilično dobro.	Бизнес Тома идёт достаточно хорошо.	3438558
4	6.37	3.98	2	2	1	Pogledaćemo kasnije.	Мы потом посмотрим.	4273218
4	6.37	2.48	3	2	2	Zdravo, prijatelju!	Привет, друг!	5806661
4	6.37	2.64	4	3	1	Ja sam oženjen.	Я женат.	3334485
4	6.37	3.31	3	3	1	Kosti formiraju skelet.	Кости образуют скелет.	3477618
4	6.37	2.06	3	4	2	A ti, šta radiš?	А ты, что делаешь?	5919193
4	6.37	2.98	1	5	2	Da li često dolazite ovde?	Вы часто сюда приходите?	5843372
4	6.37	2.48	3	5	1	Malo ljudi doživi sto godina.	Немногие люди доживают до ста лет.	3243162
4	6.37	3.22	0	6	2	Da li je tvoj auto plav?	У тебя голубая машина?	6533014
4	6.37	3.22	0	6	2	Da li je tvoj auto plav?	У тебя синяя машина?	6533014
4	6.37	3.22	0	6	2	Da li je tvoj automobil plav?	Твой автомобиль голубой?	6533015
4	6.37	3.22	0	6	2	Da li je tvoj automobil plav?	Твой автомобиль синий?	6533015
4	6.37	3.22	0	6	2	Da li je tvoj automobil plav?	У тебя голубой автомобиль?	6533015
4	6.37	3.22	0	6	2	Da li je tvoj automobil plav?	У тебя синий автомобиль?	6533015
4	6.37	2.72	2	6	1	To su za mene španska sela.	Это для меня китайская грамота.	426702
4	6.37	1.23	3	8	1	Na Zemlji živi više od šest milijardi ljudi.	На Земле живёт больше шести миллиардов людей.	1047178
4	6.38	3.82	1	3	2	Nemoj da vičeš.	Не кричи.	4996819
4	6.38	3.57	2	4	1	Leukociti su krvne ćelije.	Лейкоциты - это кровяные клетки.	2051062
4	6.38	3.57	2	4	1	Leukociti su krvne ćelije.	Лейкоциты являются кровяными клетками.	2051062
4	6.38	3.57	2	4	1	Oni su se poljubili.	Они поцеловались.	3439313
4	6.38	1.56	5	4	1	Šta bi Tom želeo?	Чего бы хотел Том?	4251067
4	6.38	2.31	2	5	2	Da li vi govorite engleski?	Вы говорите по-английски?	3311702
4	6.38	2.48	3	5	1	Jabuka je pala sa drveta.	Яблоко упало с дерева.	3497858
4	6.38	2.48	3	5	1	Svi su sedeli za stolom.	Все сидели за столом.	6905750
4	6.38	3.23	0	6	2	Da li si nekada video NLO?	Ты видел когда-нибудь НЛО?	3425541
4	6.38	3.23	0	6	2	Da li si nekada video NLO?	Ты когда-нибудь видел НЛО?	3425541
4	6.38	2.56	1	6	2	Mogu li da vidim Vaš pasoš?	Я могу увидеть Ваш паспорт?	901911
4	6.38	2.06	3	6	1	Ta hrana mi se ne dopada.	Эта еда мне не подходит.	1498236
4	6.38	2.06	3	6	1	Ta ideja mi se ne dopada.	Эта идея мне не нравится.	1051449
4	6.38	2.06	3	6	1	Tebi se dopada tvoj novi posao?	Тебе нравится твоя новая работа?	1127250
4	6.38	2.98	1	7	1	Ova reka se uliva u Tihi Okean.	Эта река впадает в Тихий океан.	3281236
4	6.38	2.57	1	8	1	Imam skoro četrdeset i još se nisam udala.	Мне почти сорок, а я все ещё не замужем.	4246023
4	6.39	4.66	1	3	1	Munja prethodi gromu.	Молния предшествует грому.	11057682
4	6.39	3.41	1	4	2	Volim da gradim mostove.	Я люблю строить мосты.	3440676
4	6.40	3.83	1	3	2	Nemoj da žuriš.	Не спеши.	4996815
4	6.40	3.83	1	3	2	Nemoj da žuriš.	Не торопись.	4996815
4	6.40	3.58	2	4	1	Imate li bezalkoholna pića?	У вас есть безалкогольные напитки?	1053613
4	6.40	1.66	3	5	2	Ja sam spreman, a ti?	Я готов, а ты?	3371753
4	6.40	3.00	1	5	2	Mislila sam da trebaš pomoć.	Я думала, что тебе нужна помощь.	5864140
4	6.40	2.50	3	5	1	Ona ponekad piše svome sinu.	Она иногда пишет своему сыну.	3245616
4	6.40	2.58	1	6	2	Da li te je neko prevario?	Тебя кто-то обманул?	3535851
4	6.40	2.58	1	6	2	Kada si poslednji put otvorila torbu?	Когда ты последний раз открывала сумку?	3445834
4	6.40	2.75	2	6	1	Ovaj lek ćete brzo rešiti glavobolje.	Это лекарство быстро избавит тебя от головной боли.	1200603
4	6.40	2.08	3	6	1	Šta nije u redu s tobom?	Что с тобой не так?	3418548
4	6.40	2.34	2	7	1	Naša jedina ćerka je umrla od raka.	Наша единственная дочь умерла от рака.	3425033
4	6.40	2.16	1	7	2	Znam da je Tom veoma pametan momak.	Я знаю, что Том — очень умный парень.	8930986
4	6.41	3.34	3	3	1	Napisaću ti pismo.	Я напишу тебе письмо.	5980304
4	6.41	2.93	3	4	1	Obično nisam kući ponedeljkom.	По понедельникам меня обычно не бывает дома.	4250313
4	6.41	2.59	1	6	2	Uvek sam želeo da te upoznam.	Я всегда хотел с тобой познакомиться.	3365503
4	6.41	3.01	1	7	1	Stara gospođa se polako popela na brdo.	Пожилая дама легко поднялась на гору.	3356817
4	6.42	2.94	3	4	1	Daću ti jednu knjigu.	Я дам тебе одну книгу.	3307026
4	6.42	3.60	2	4	1	Rasisti su glupi ljudi.	Расисты - глупые люди.	4264039
4	6.42	2.52	3	5	1	Ponekad igram s njom tenis.	Иногда я играю с ней в теннис.	1214507
4	6.42	2.52	3	5	1	Često igram tenis sa njim.	Я часто играю с ним в теннис.	3266441
4	6.42	3.26	0	6	2	Da li je tvoj časovnik tačan?	Твои часы точные?	1053800
4	6.42	2.10	3	6	1	Mnogo sam naučio iz njegovih knjiga.	Я многому научился из его книг.	3430893
4	6.42	2.35	2	7	1	I živeli su srećno do kraja života.	И жили они счастливо до конца жизни.	3254989
4	6.42	2.35	2	7	1	Njegova nesreća mene je mnogo čemu naučila.	Его неудача меня многому научила.	1621133
4	6.42	1.52	2	7	2	Potrebno je mnogo novca da to uradi.	Нужно много денег, чтобы сделать это.	13570809
4	6.42	1.93	2	8	1	Nije kasno doći na posao u četiri sata.	В 16:00 приходить на работу — это не поздно.	477998
4	6.43	2.52	3	5	1	Ja učim dva strana jezika.	Я учу два иностранных языка.	1676068
4	6.43	2.53	3	5	1	Stvarno mi je žao Toma.	Мне действительно жаль Тома.	5842018
4	6.43	2.36	2	5	2	Vodite ljubav, a ne rat!	Занимайтесь любовью, а не войной!	5711743
4	6.44	3.04	1	5	2	A vi, kom klubu pripadate.	А вы в каком клубе состоите?	1133558
4	6.44	2.54	3	5	1	Lepota je u oku posmatrača.	Красота в глазах смотрящего.	5993453
4	6.44	2.62	1	6	2	Da li su to moje naočare?	Это мои очки?	4324642
4	6.44	1.37	1	7	3	Da li je to ono što želite?	Это то, что вы хотите?	5778835
4	6.45	3.62	2	4	1	Ko je napisao Hamleta?	Кто написал Гамлета?	3311726
4	6.45	2.29	4	4	1	Mi smo njegovi sinovi.	Мы его сыновья.	3251041
4	6.45	1.87	4	5	1	Hvala vam puno na svemu!	Спасибо вам большое за всё!	5806638
4	6.45	3.20	2	5	1	Ušli smo u uzak hodnik.	Мы вошли в узкий коридор.	3644840
4	6.45	1.12	2	6	3	Deca su, naravno, bila kod mene.	Дети, конечно, были со мной.	3456632
4	6.45	2.79	2	6	1	Nikad pre nisam video ovakvu biljku.	Я никогда раньше не видел такое растение.	8893509
4	6.45	3.45	1	6	1	Šerif vas čeka u svojoj kancelariji.	Шериф ждёт вас в своём кабинете.	3455069
4	6.46	4.05	2	2	1	Ne pucajte!	Не стреляйте!	6384779
4	6.46	2.80	2	4	2	Molim vas, uključite televizor.	Пожалуйста, включите телевизор.	1135368
4	6.46	2.38	2	5	2	Kada ste došli u Pariz?	Когда вы приехали в Париж?	5873235
4	6.46	2.55	3	5	1	Ovo je slično delovanju virusa.	Это похоже на действие вируса.	1097813
4	6.46	1.89	4	5	1	Ti si to namerno učinio.	Ты сделал это нарочно!	1173800
4	6.46	1.47	4	6	1	Tom mi je dao tu knjigu.	Том дал мне ту книгу.	5397769
4	6.46	2.88	0	7	2	Ona je bogata, a on je siromašan.	Она богатая, а он бедный.	1449045
4	6.46	2.88	0	7	2	Ona je bogata, a on je siromašan.	Она богата, а он беден.	1449045
4	6.46	2.38	2	7	1	Postoje sve vrste cveća u toj bašti.	В том саду есть всевозможные цветы.	6795853
4	6.46	2.38	2	7	1	Postoje sve vrste cveća u toj bašti.	В том саду есть все виды цветов.	6795853
4	6.46	2.39	2	7	1	To je voz između Tokija i Hakate.	Этот поезд ходит между Токио и Хаката.	2037926
4	6.47	4.72	1	2	1	Sada ručaj.	Сейчас обедай.	3244332
4	6.47	2.39	2	5	2	Izvinite, ko je ova žena?	Простите, кто эта женщина?	488807
4	6.47	2.39	2	5	2	Izvinite, ko je ova žena?	Извините, кто эта женщина?	488807
4	6.47	2.39	2	5	2	Izvinite, mama nije sada kući.	Извините, мамы сейчас нет дома.	3281220
4	6.47	2.56	3	5	1	Sviđa mi se tvoj ton.	Мне нравится твой тон.	8823743
4	6.47	2.39	2	5	2	Tom može da trči brže.	Том может бежать быстрее.	1135279
4	6.47	3.23	2	5	1	Tvoji rezultati ispita su odlični.	Результаты экзамена у тебя - отличные.	1173779
4	6.47	2.22	1	7	2	Da li ste ovde učitelj ili učenik?	Вы здесь учитель или ученик?	1102239
4	6.47	3.06	1	7	1	Naš avion je poleteo tačno u šest.	Наш самолёт вылетел ровно в шесть.	1050455
4	6.48	4.07	2	2	1	Širite esperanto!	Распространяйте эсперанто!	1505816
4	6.48	3.40	3	3	1	Pod zakletvom si.	Ты под присягой.	6818422
4	6.48	2.82	2	4	2	Molim vas, napišite to.	Пожалуйста, напишите это.	5848028
4	6.48	4.32	1	4	1	Čovek je misleće biće.	Человек — мыслящее существо.	3213536
4	6.48	3.24	2	5	1	Danas uveče imaću dovoljno vremena.	Сегодня вечером у меня будет достаточно времени.	1312220
4	6.48	3.23	2	5	1	Siromašni seljani su jeli krompir.	Бедные крестьяне ели картошку.	3394888
4	6.48	2.23	1	7	2	Sutra ne mogu da dođem na posao.	Завтра я не смогу выйти на работу.	11083966
4	6.48	2.65	1	8	1	Brazil je peta zemlja po veličini u svetu.	Бразилия — пятая по величине страна мира.	3437635
4	6.48	2.65	1	8	1	Brazil je peta zemlja po veličini u svetu.	Бразилия является пятой по величине страной в мире.	3437635
4	6.48	2.65	1	8	1	Nikada nisam razmišljala o tome na takav način.	Я никогда не думала об этом в таком ключе.	6547999
4	6.49	2.74	4	2	1	Oprosti nam.	Прости нас.	4997595
4	6.49	3.41	3	3	1	Lopte su okrugle.	Мячи круглые.	11055409
4	6.49	3.91	1	3	2	Nemoj da skačeš!	Не прыгай!	4995913
4	6.49	3.91	1	3	2	Nemoj da skačeš!	Не скачи!	4995913
4	6.49	3.24	2	5	1	Bio sam mršav u mladosti.	В молодости я был тощим.	3245558
4	6.49	2.58	3	5	1	On ima velike plave oči.	У него большие голубые глаза.	3535745
4	6.49	3.33	0	6	2	Čelik je elastičan ali gvožđe ne.	Сталь эластична, а железо - нет.	1054436
4	6.49	2.66	1	6	2	Šta više voliš, fiziku ili hemiju?	Что ты больше любишь, физику или химию?	3244062
4	6.50	4.09	2	2	1	Ignoriši ih.	Игнорируй их.	5043676
4	6.50	2.42	2	5	2	Mačka želi da uhvati miša.	Кошка хочет поймать мышь.	8823899
4	6.50	3.25	2	5	1	Obe moje sestre su učiteljice.	Обе мои сестры - учительницы.	5035489
4	6.50	2.59	3	5	1	Postoji mnogo tajni u životu.	В жизни много таинственного.	6583393
4	6.50	2.84	2	6	1	Jedna udovica je imao dve ćerke.	У одной вдовы было две дочери.	1168619
4	6.50	2.17	3	6	1	Šta ti misliš o otvorenom odnosu?	Что ты думаешь об открытых отношениях?	3531397
4	6.50	3.08	1	7	1	Komarci u Minesoti su veliki kao rode.	Комары в Миннесоте большие, как аисты.	425279
4	6.50	1.84	1	8	2	Vi možete da ostanete toliko dugo koliko hoćete.	Вы можете оставаться столько, сколько захотите.	1042387
4	6.51	3.01	3	4	1	Banane su vrsta voća.	Бананы — вид фруктов.	1080452
4	6.51	2.43	2	5	2	Da li ste jeli nešto?	Вы что-нибудь ели?	4292394
4	6.51	2.59	3	5	1	Tom ima starijeg brata Džona.	У Тома есть старший брат Джон.	5308564
4	6.51	2.43	2	5	2	Vera može da pomera planine.	Вера может сдвинуть горы.	5909479
4	6.51	3.51	1	6	1	On zatvara vrata i zaključava ih.	Он закрывает дверь и запирает её на ключ.	3473447
4	6.51	1.59	2	7	2	Stigao sam nakon što je Tom otišao.	Я приехал после того, как Том ушёл.	13395076
4	6.52	2.77	4	3	1	Mi smo susedi.	Мы соседи.	3306706
4	6.52	2.77	4	3	1	Mi znamo Mariju.	Мы знаем Марию.	3535361
4	6.52	2.43	2	5	2	Hajde da slušamo malo muzike.	Давай немного послушаем музыку.	3418554
4	6.52	2.60	3	5	1	Imam nekoliko drugova u Tokiju.	У меня есть несколько друзей в Токио.	1055733
4	6.52	2.43	2	5	2	Ne mogu da više jedem.	Я не могу больше есть.	3390086
4	6.52	2.18	3	6	1	Bilo je malo ljudi na plaži.	На пляже было мало людей.	3244049
4	6.52	2.85	2	6	1	Ekonomija zemlje zavisi od seoskog gazdinstva.	Экономика страны зависит от сельского хозяйства.	1139270
4	6.52	2.69	1	6	2	Hajde da to čuvamo kao tajnu.	Давай держать это в тайне.	3298665
4	6.52	2.69	1	6	2	Hajde da to čuvamo kao tajnu.	Давай держать это в секрете.	3298665
4	6.52	1.60	2	7	2	Ja mogu da trćim brže nego Ken.	Я могу бежать быстрее, чем Кен.	1185034
4	6.52	1.60	2	7	2	Ja mogu da trćim brže nego Ken.	Я бегаю быстрее, чем Кен.	1185034
4	6.52	2.51	0	8	2	On predaje matematiku, a takođe i engleski jezik.	Он преподаёт математику, а ещё английский язык.	1050467
4	6.53	2.86	2	4	2	Nastavite da se trudite.	Не оставляйте попыток.	6535756
4	6.53	2.61	3	5	1	Mnogo je brodova u luci.	В порту много кораблей.	3313396
4	6.54	3.45	3	3	1	Bojim se igala.	Я боюсь иголок.	8809977
4	6.54	3.45	3	3	1	Plašim se igala.	Я боюсь иголок.	8809976
4	6.54	3.04	3	4	1	Kako se ti zoveš?	Как тебя зовут?	468349
4	6.54	3.04	3	4	1	Kako se ti zoveš?	Тебя как зовут?	468349
4	6.54	3.03	3	4	1	Ti tečno govoriš Engleski.	Ты свободно говоришь по-английски.	3311336
4	6.54	3.29	2	5	1	Bilo je mračno ispod mosta.	Под мостом было темно.	3366509
4	6.54	3.28	2	5	1	Bolovao je od Parkinsonove bolesti.	У него была болезнь Паркинсона?	3435914
4	6.54	1.78	3	5	2	Sutra je nedelja, zar ne?	Завтра же воскресенье?	13690405
4	6.54	3.28	2	5	1	Zašto zečevi imaju dugačke uši?	Почему у зайцев длинные уши?	3430143
4	6.54	3.28	2	5	1	Zašto zečevi imaju velike uši?	Почему у кроликов большие уши?	4243526
4	6.54	2.04	2	6	2	Da li si ikad video jednog?	Ты когда-нибудь такого видел?	5024883
4	6.54	3.37	0	6	2	Ta reka izlgeda plitko, zar ne?	Та река кажется мелкой, да?	4249164
4	6.54	2.04	2	6	2	Tom nije imao šta da izgubi.	Тому было нечего терять.	5043546
4	6.54	2.45	2	7	1	Prozor moje dnevne sobe gleda na dvorište.	Окно моей гостиной выходит на двор.	1193145
4	6.55	2.88	2	4	2	Izvinite, kako se zovete?	Извините, как вас зовут?	3391280
4	6.55	3.71	2	4	1	Ne ostavljaj me samog.	Не оставляй меня одного.	4967427
4	6.55	2.63	3	5	1	Ja nisam spavao poslednjih dana.	Последние дни я не спал.	1157093
4	6.55	1.96	4	5	1	Mi smo brat i sestra.	Мы брат и сестра.	1127183
4	6.55	2.62	3	5	1	Sve njegove rečenice su kratke.	Все его предложения короткие.	11177976
4	6.55	2.63	3	5	1	Tvoj sat kasni deset minuta.	Твои часы отстают на десять минут.	3425228
4	6.55	2.70	1	6	2	Tom ne ume da svira gitaru.	Том не умеет играть на гитаре.	13695459
4	6.55	2.88	2	6	1	Tom pije samo kafu bez kofeina.	Том пьёт только кофе без кофеина.	6540687
4	6.55	2.88	2	6	1	Tom pije samo kafu bez kofeina.	Том пьёт только декофеинизированное кофе.	6540687
4	6.55	2.29	1	7	2	Govore da je to jedan interesantan film.	Говорят, что это интересный фильм.	3296209
4	6.55	2.46	2	7	1	Tom ima dva brata i jednu sestru.	У Тома два брата и одна сестра.	3449169
4	6.55	2.29	1	7	2	Zima je prošla, i stiglo je proleće.	Зима прошла, и наступила весна.	3313608
4	6.56	2.63	3	5	1	Dubina reke je desetak metara.	Глубина реки около десяти метров.	11178017
4	6.57	2.89	2	4	2	Da li govorite makedonski?	Вы говорите по-македонски?	1054388
4	6.57	3.06	3	4	1	Tom voli ekstremne sportove.	Том любит экстремальные виды спорта.	4237982
4	6.57	3.56	1	4	2	Treba da više treniraš.	Тебе нужно больше тренироваться.	3334410
4	6.57	3.06	3	4	1	Treba mi poštanska marka.	Мне нужна почтовая марка.	3311750
4	6.57	2.64	3	5	1	On nikada ne ide vozom.	Он никогда не ездит на поезде.	3424958
4	6.57	2.64	3	5	1	On nikada ne ide vozom.	Он никогда не ездит поездом.	3424958
4	6.57	3.31	2	5	1	Tom je prisvojio rusku rečenicu.	Том присвоил русское предложение.	5711724
4	6.57	3.81	0	5	2	Želim da idem na Bali.	Я хочу поехать на Бали.	4243541
4	6.57	2.89	2	6	1	Izađite iz autobusa na poslednjoj stanici.	Выйдите из автобуса на конечной остановке.	1089091
4	6.57	3.56	1	6	1	Kako se dogodila ova avionska nesreća?	Как произошла эта авиакатастрофа?	3256449
4	6.57	2.06	2	6	2	Mislim da je ona iz Austrije.	Думаю, она из Австрии.	6217707
4	6.57	2.06	2	6	2	Mislim da je ona iz Austrije.	По-моему, она из Австрии.	6217707
4	6.57	2.89	2	6	1	Ništa ne možemo protiv Božje volje.	Против воли Господа ничто не поможет.	1080603
4	6.57	2.90	2	6	1	Od jednog udarca hrast ne pada.	От одного удара ни один дуб не упадёт.	1457634
4	6.57	2.06	2	6	2	Šta ćeš da radiš ovog leta?	Чем ты будешь заниматься этим летом?	4238340
4	6.57	3.14	1	7	1	Isplatio sam dug i osećam se spokojno.	Я выплатил долг и чувствую себя спокойно.	1228545
4	6.58	3.06	3	4	1	Cipele su ti prljave.	У тебя грязная обувь.	7083598
4	6.58	2.40	4	4	1	Reci mi gde živite.	Скажи мне, где вы живёте.	4261888
4	6.58	3.06	3	4	1	Tvoje su pantalone prljave.	Твои брюки грязные.	3425253
4	6.58	3.82	0	5	2	Kakvu hranu voliš da kuvaš?	Какую еду ты любишь готовить?	4239896
4	6.58	2.65	3	5	1	Kiša je padala tri dana.	Дождь шёл три дня.	3305662
4	6.58	2.65	3	5	1	Nema nijednog oblaka na nebu.	На небе ни облачка.	1043510
4	6.58	2.65	3	5	1	Ti govoriš kao moja baba.	Ты говоришь как моя бабушка.	3284686
4	6.58	2.65	3	5	1	Ti zaista ništa ne razumeš!	Ты и правда ничего не понимаешь!	3469423
4	6.58	2.73	1	6	2	Ne želim da učestvujem u tome.	Я не хочу в этом участвовать.	3371755
4	6.58	2.48	2	7	1	Sva deca u školi vole novog učitelja.	Все дети в школе любят нового учителя.	3313475
4	6.58	2.07	2	8	1	U ovoj fabrici rade moj otac i brat.	На этой фабрике работают мои отец и брат.	1043423
4	6.59	4.16	2	2	1	Raširenost kompjutera.	Распространение компьютеров.	1157201
4	6.59	4.15	2	3	1	Istovarili su brod.	Они разгрузили корабль.	1060517
4	6.59	4.15	2	3	1	Ne zatvaraj oči.	Не закрывай глаза.	906395
4	6.59	2.66	3	5	1	Biblioteka je osamdeset godina stara.	Библиотеке восемьдесят лет.	4434775
4	6.59	3.32	2	5	1	Imate li vremena sutra poslepodne?	У вас будет время завтра после обеда?	894070
4	6.59	1.99	4	5	1	Ti nikada nisi bio srećan.	Ты никогда не был счастлив.	3357501
4	6.59	4.66	0	5	1	Za mene je ovde preglasno.	Для меня здесь слишком шумно.	4971882
4	6.59	2.91	2	6	1	Danas smo dvaput imali lažnu uzbunu.	У нас сегодня дважды была ложная тревога.	396713
4	6.60	3.50	3	2	1	Opraštamo ti.	Мы тебя прощаем.	3430519
4	6.60	3.50	3	3	1	Ti to zaslužuješ.	Ты этого заслуживаешь.	5848785
4	6.60	1.66	2	7	2	Istorija vremena je naša istorija, zar ne?	История времени - это наша история, не так ли?	1521244
4	6.61	4.01	1	3	2	Kada stižeš kući?	Когда ты будешь дома?	3302934
4	6.61	4.17	2	3	1	Pati od klaustrofobije.	Он страдает от клаустрофобии.	10688965
4	6.61	4.17	2	3	1	Pati od klaustrofobije.	Она страдает от клаустрофобии.	10688965
4	6.61	4.17	2	3	1	Pati od klaustrofobije.	Она страдает клаустрофобией.	10688965
4	6.61	4.17	2	3	1	Pati od klaustrofobije.	Он страдает клаустрофобией.	10688965
4	6.61	4.00	1	3	2	Počni da brojiš.	Начинай считать.	5842016
4	6.61	2.43	4	4	1	Sve je međusobno povezano.	Всё связано между собой.	5633340
4	6.61	2.76	1	6	2	Džekson to nije mogao da poveruje.	Джексон не мог в это поверить.	1116821
4	6.61	2.92	2	6	1	Gde je najduži tunel u Japanu?	Где самый длинный тоннель в Японии?	1221179
4	6.61	2.26	3	6	1	Naš restoran je bolji od ostalih.	Наш ресторан больше остальных.	1074412
4	6.61	2.26	3	6	1	Ona je starija od dve sestre.	Она старшая из двух сестёр.	3478102
4	6.62	3.35	2	3	2	Nemojte da preterujete.	Не преувеличивайте.	4995930
4	6.62	1.77	5	4	1	Samo nam daj priliku.	Просто дай нам шанс.	4251384
4	6.62	4.02	1	5	1	Ja sam čekao zaustavivši disanje.	Я ждал затаив дыхание.	1090481
4	6.62	3.18	1	5	2	Nemoj da zaboraviš moje ime!	Не забывай моё имя!	3414405
4	6.62	2.10	2	6	2	Tom me je naučio da čitam.	Том научил меня читать.	4975949
4	6.62	2.35	1	7	2	Da li više voliš čaj ili kafu?	Ты больше любишь чай или кофе?	3430848
4	6.62	2.51	2	7	1	Gde si kupila ovaj lak za nokte?	Где ты купила этот лак для ногтей?	6818438
4	6.63	5.52	0	2	1	Propustićeš sve.	Ты всё пропустишь.	4254020
4	6.63	2.86	4	3	1	Ja sam udata.	Я замужем.	3334486
4	6.63	3.11	3	4	1	Nepoznata mi je melodija.	Мелодия мне незнакома.	3248394
4	6.63	3.11	3	4	1	Svi mi sviramo klavir.	Мы все играем на пианино.	4784561
4	6.63	2.53	2	5	2	Kako mogu da mrzim Toma?	Как я могу ненавидеть Тома?	4449742
4	6.63	2.02	4	5	1	Ne mogu ti reci istinu.	Я не могу тебе сказать правду.	930875
4	6.63	2.02	4	5	1	Ne mogu ti reci istinu.	Я не могу сказать тебе правду.	930875
4	6.63	2.02	4	5	1	Reci mi šta si napisao.	Скажи мне, что ты написал.	4261895
4	6.63	2.27	3	6	1	Logika je očigledno tvoja jača strana.	Логика, очевидно, твоя сильная сторона.	6885574
4	6.63	3.61	1	6	1	To je bio samo delimičan uspeh.	Это был только частичный успех.	5588850
4	6.64	4.70	0	3	2	Kada obično doručkuješ?	Когда ты обычно обедаешь?	3440736
4	6.64	3.12	3	4	1	Ti me uvek lažeš.	Ты всегда врёшь мне.	4324364
4	6.64	3.12	3	4	1	Ti me uvek lažeš.	Ты всегда лжёшь мне.	4324364
4	6.64	3.36	2	5	1	Nebo je postajalo sve tamnije.	Небо становилось всё темнее.	3366727
4	6.64	3.20	1	5	2	Pevala je dok se šetala.	Она пела, пока гуляла.	3393656
4	6.64	3.36	2	5	1	Život je bez njega pust.	Жизнь без него пуста.	3387233
4	6.64	2.29	3	6	1	Sviđa mi se ovaj foto-aparat.	Мне нравится этот фотоаппарат.	8829799
4	6.64	2.95	2	6	1	Zar je Tom ponovo slomio nešto?	Опять Том что-то разбил?	5847143
4	6.64	2.95	2	6	1	Zar je Tom ponovo slomio nešto?	Неужели Том снова что-то сломал?	5847143
4	6.64	1.70	2	7	2	Oni žele da znaju šta se dogodilo.	Они хотят знать, что случилось.	4264054
4	6.64	1.87	3	7	1	U ovom selu ima mnogo starih ljudi.	В этой деревне много стариков.	3365419
4	6.65	3.54	3	3	1	Kokoške nose jaja.	Куры несут яйца.	1498276
4	6.65	2.96	2	4	2	Zatvorite vrata, molim Vas.	Пожалуйста, закройте дверь.	6368938
4	6.65	2.96	2	4	2	Zatvorite vrata, molim Vas.	Закройте, пожалуйста, дверь.	5294915
4	6.65	2.38	1	5	3	Da li mogu da pomognem?	Я могу помочь?	2263900
4	6.65	2.04	4	5	1	Muž mi je izgubio posao.	Мой муж потерял работу.	4971852
4	6.65	2.71	3	5	1	Sviđa mi se ovaj crtež.	Мне нравится этот рисунок.	8840051
4	6.65	2.71	3	5	1	Ta životinja se hrani mesom.	Это животное питается мясом.	1189017
4	6.65	2.29	3	6	1	Italijanski jezik sam učio nekoliko meseci.	Итальянский язык я учил несколько месяцев.	1111634
4	6.65	2.13	2	6	2	Mama voli da jede glavu ribe.	Мама любит есть рыбьи головы.	4243480
4	6.65	2.96	2	6	1	Neptun je osma planeta Sunčevog sistema.	Нептун — восьмая планета Солнечной системы.	1045813
4	6.65	1.46	3	6	2	Posle krize, ostao sam bez novca.	После кризиса я остался без денег.	3474693
4	6.66	4.89	1	2	1	Improvizovala sam.	Я импровизировала.	4999434
4	6.66	3.39	2	3	2	Molim vas, požurite.	Быстрее, пожалуйста.	6368935
4	6.66	3.39	2	3	2	Ustanite, molim Vas.	Встаньте, пожалуйста.	3791334
4	6.66	3.13	3	4	1	Dao sam Tomu majicu.	Я дал Тому футболку.	8877482
4	6.66	3.63	1	4	2	Nemoj da pušiš toliko.	Не кури столько.	4976108
4	6.66	3.13	3	4	1	Ništa nisam rekla Tomu.	Я ничего не сказала Тому.	5619107
4	6.66	4.47	1	4	1	Popravio sam Tomov bicikl.	Я починил велосипед Тома.	8894566
4	6.66	3.13	3	4	1	Potreban si Tomu ovde.	Ты нужен Тому здесь.	4247179
4	6.66	3.13	3	4	1	Tomu se sviđa Meri.	Тому нравится Мэри.	4644927
4	6.66	3.63	1	4	2	Treba da manje pušiš.	Тебе нужно меньше курить.	3327867
4	6.66	3.13	3	4	1	Šta si rekao Tomu?	Что ты сказал Тому?	4261852
4	6.66	3.13	3	4	1	Šta si rekla Tomu?	Что ты сказала Тому?	4261853
4	6.66	3.13	3	4	1	Šta ste rekli Tomu?	Что вы сказали Тому?	4261854
4	6.66	3.39	2	5	1	Glavni grad Norveške je Oslo.	Столица Норвегии — Осло.	3387058
4	6.66	2.05	4	5	1	Nikad ti nisam ništa obećao.	Я тебе никогда ничего не обещал.	3395248
4	6.66	2.72	3	5	1	Nikada ranije nismo igrale fudbal.	Мы никогда раньше не играли в футбол.	5035432
4	6.66	3.39	2	5	1	Oslo je glavni grad Norveške.	Осло - столица Норвегии.	3439249
4	6.66	2.97	2	6	1	Tvoja olovka je bolja od moje.	Твой карандаш больше, чем мой.	3425248
4	6.66	2.55	2	7	1	Kap po kap vode može stvoriti jezero.	Капля за каплей воды могут скопиться в озеро.	396756
4	6.67	3.64	1	4	2	Prestani da se guraš.	Перестань толкаться.	11057645
4	6.67	2.56	2	5	2	Slobodno možeš da pitaš Toma.	Ты легко можешь спросить Тома.	5843292
4	6.67	2.72	3	5	1	U učionici je nekoliko učenika.	В классе несколько учеников.	1261825
4	6.67	2.14	2	6	2	Govore da je ona bila bogata.	Говорят, она была богата.	3366864
4	6.67	2.14	2	6	2	Govore da je ona bila bogata.	Говорят, она была богатой.	3366864
4	6.67	2.14	2	6	2	Govore da je ona bila bogata.	Говорят, она была богатая.	3366864
4	6.67	2.15	2	6	2	Tom je rekao da je zdrav.	Том сказал, что он здоров.	5024843
4	6.68	3.15	3	4	1	Mnogo patim za tobom.	Мне тебя очень не хватает.	1116817
4	6.68	4.48	1	4	1	Ne pipaj plavo dugme.	Не трогай синюю кнопку.	3395305
4	6.68	2.31	3	6	1	Živim u Kanadi gotovo pet godina.	Я живу в Канаде почти пять лет.	799312
4	6.68	1.15	1	8	3	Svi žele ono što ne mogu da imaju.	Все хотят того, чего не могут иметь.	4246623
4	6.69	3.58	3	3	1	Ti si nezamenjiv.	Ты незаменимый.	3357455
4	6.69	3.58	3	3	1	Ti si nezamenjiv.	Ты незаменим.	3357455
4	6.69	3.82	2	4	1	Ona je instruktorka joge.	Она - инструктор по йоге.	6391050
4	6.69	4.74	0	5	1	Ona uvek nosi drečavu odeću.	Она всегда носит вызывающую одежду.	4243560
4	6.69	2.08	4	5	1	Reci mi šta si napisala.	Скажи мне, что ты написала.	4261896
4	6.70	4.92	1	3	1	Trčaćemo u parku.	Мы будем бегать в парке.	4253910
4	6.70	3.16	3	4	1	Imam nekoliko uticajnih prijatelja.	У меня есть несколько влиятельных друзей.	3439261
4	6.70	2.58	2	5	2	Da li Tom ima advokata?	У Тома есть адвокат?	6899946
4	6.70	2.34	3	6	1	Ima mnogo loših ljudi na svetu.	В мире много плохих людей.	4784506
4	6.70	2.34	3	6	1	Ima mnogo loših ljudi na svetu.	На свете много плохих людей.	4784506
4	6.70	1.67	4	6	1	Otac mi je kupio novi bicikl.	Отец купил мне новый велосипед.	3438832
4	6.70	2.34	3	6	1	Postoji mnogo loših ljudi na svetu.	На свете есть много плохих людей.	3244883
4	6.70	2.34	3	6	1	Postoji mnogo loših ljudi na svetu.	На свете много плохих людей.	3244883
4	6.70	2.42	1	7	2	Uči ozbiljno, inače ćeš pasti na ispitu.	Учись всерьёз, а то завалишь экзамен.	1049533
4	6.70	2.42	1	7	2	Uči ozbiljno, inače ćeš pasti na ispitu.	Учись всерьёз, иначе завалишь экзамен.	1049533
4	6.70	2.84	1	8	1	Indija je sedma zemlja na svetu po veličini.	Индия - седьмая по величине страна мира.	3243757
4	6.70	2.83	1	8	1	Izgledala je vrlo lepo u svojoj novoj haljini.	Она выглядела очень красиво в своём новом платье.	3437617
4	6.70	2.17	2	8	1	U početku Bog je stvorio nebo i Zemlju.	В начале Бог создал небо и землю.	1048705
4	6.70	2.17	2	8	1	U početku Bog je stvorio nebo i Zemlju.	В начале сотворил Бог небо и землю.	1048705
4	6.71	4.26	2	3	1	Upucala sam medveda.	Я застрелила медведя.	5841969
4	6.71	3.43	2	5	1	Nisam te ranije viđala ovde.	Я тебя раньше здесь не видела.	4264055
4	6.71	2.84	1	6	2	Da li verujete u večni život?	Вы верите в вечную жизнь?	5909473
4	6.71	2.84	1	6	2	Da li veruješ u večni život?	Ты веришь в вечную жизнь?	5909475
4	6.71	2.34	3	6	1	Držite ovaj lek dalje od dece.	Держите это лекарство подальше от детей.	918515
4	6.71	3.09	0	7	2	On ne želi da izgubiš celu nedelju.	Он не хочет, чтобы ты потерял целую неделю.	400805
4	6.71	2.59	2	7	1	Vetar je jeftin i čist izvor energije.	Ветер - это дешевый и экологически чистый источник энергии.	1116801
4	6.72	3.44	2	3	2	Nemojte da preterate.	Не преувеличивайте.	4995929
4	6.72	2.93	4	3	1	Sa kime razgovaraju?	С кем они разговаривают?	5039848
4	6.72	3.68	1	4	2	Da li si ručao?	Ты обедал?	4261845
4	6.72	2.10	4	5	1	Nemam ništa zajedničkog sa njima.	У меня нет с ними ничего общего.	3484108
4	6.72	3.43	2	5	1	Ona pravi od komarca slona.	Она делает из мухи слона.	3440928
4	6.72	3.02	2	6	1	Imam niski prag tolerancije na bol.	У меня низкий болевой порог.	3470789
4	6.72	2.85	1	6	2	Moj hobi je da konstrušem avione.	Моё хобби - конструировать самолёты.	1183326
4	6.73	3.19	3	4	1	Ja sam Tomova žena.	Я жена Тома.	3531361
4	6.73	4.52	1	4	1	Razmotriću detaljnije to pitanje.	Изучу подробнее этот вопрос.	3455079
4	6.73	3.44	2	5	1	Jezik je oštriji od mača.	Язык острее меча.	6137826
4	6.73	2.11	4	5	1	Ne znam ništa o ženama.	Я ничего не знаю о женщинах.	3440632
4	6.73	2.77	3	5	1	Padao je sneg celog dana.	Весь день шёл снег.	3278171
4	6.73	2.77	3	5	1	Padao je sneg celog dana.	Целый день шёл снег.	3278171
4	6.73	3.02	2	6	1	Bolje je ćutati nego govoriti gluposti.	Лучше молчать, чем говорить глупости.	1058559
4	6.73	2.61	2	7	1	Bergen je drugi najveći grad u Norveškoj.	Берген - второй по величине город в Норвегии.	3387060
4	6.73	2.44	1	7	2	Dok sneg pada u parku je hladno.	Пока идёт снег, в парке холодно.	3715076
4	6.73	3.11	0	7	2	Ko će da čita tako debelu knjigu?	Кто станет читать такую толстую книгу?	4249192
4	6.73	3.11	0	7	2	Ko će da čita tako debelu knjigu?	Кто будет читать такую толстую книгу?	4249192
4	6.74	1.70	4	6	1	Ljudi su bili dobri prema meni.	Люди были добры ко мне.	4971941
4	6.74	3.12	0	7	2	Možda da uzmem kišobran za svaki slučaj.	Может, возьмём на всякий случай зонтик?	3313595
4	6.74	1.12	3	7	2	On želi da bude jedan od njih.	Он хочет быть одним из них.	3469416
4	6.74	2.03	1	8	2	Ta kompanija pokreće svoje novine, je li istina?	Эта компания выпускает свой журнал, не правда ли?	1200592
4	6.75	3.21	3	4	1	Ja nemam široke kukove.	У меня бёдра не широкие.	3304531
4	6.75	2.38	3	4	2	Mogu da ti pomognem.	Я могу тебе помочь.	4449741
4	6.75	3.29	1	5	2	Nazovi me ako pronađeš nešto.	Позвони мне, если что-нибудь найдёшь.	3266907
4	6.75	2.12	4	5	1	Ubijen je na licu mesta.	Он был убит на месте.	7069894
4	6.75	2.38	3	6	1	Marija zna napamet kineske klasične tekstove.	Мария наизусть знает классические китайские тексты.	3474311
4	6.75	2.38	3	6	1	Obično ne kupujem ništa sa interneta.	Я обычно ничего не покупаю через Интернет.	4986737
4	6.75	2.29	0	7	3	To nije ono što pokušavam da kažem.	Это не то, что я пытаюсь сказать.	10006075
4	6.76	3.46	2	3	2	Nemojte da žurite.	Не спешите.	4996816
4	6.76	3.46	2	3	2	Nemojte da žurite.	Не торопитесь.	4996816
4	6.76	3.30	1	5	2	Kako mogu da se zaštitim?	Как я могу себя защитить?	5002289
4	6.77	3.48	2	3	2	Nemojte da pevate.	Не пойте.	4996829
4	6.77	3.22	3	4	1	Imate li jeftinijih soba?	У вас есть дешёвые комнаты?	665175
4	6.77	2.39	3	4	2	Izvinite, nisam Vas razumeo.	Извините, я Вас не понял.	3438890
4	6.77	3.22	3	4	1	Ti izgledaš veoma dobro.	Ты выглядишь очень хорошо.	3645037
4	6.77	2.14	4	5	1	Nik mi duguje deset dolara.	Ник должен мне десять долларов.	3311613
4	6.77	2.39	3	6	1	Koja ti je omiljena TV-zvezda?	Кто у тебя любимая телезвезда?	1185057
4	6.77	2.23	2	6	2	Ne mogu da čekam do ponedeljka.	Я не могу ждать до понедельника.	5024428
4	6.77	1.56	3	6	2	Za što ti je potreban novac?	Для чего тебе деньги?	1627576
4	6.78	2.82	3	3	2	Hajde, pomozi mi.	Давай, помоги мне.	4449678
4	6.78	2.31	5	3	1	O kome govorite?	О ком вы говорите?	3391317
4	6.78	4.40	0	4	2	Odlučiću šta da radim.	Я решу, что делать.	5049806
4	6.78	2.82	3	5	1	Daj mi svoj telefonski broj.	Дай мне свой телефонный номер.	1091366
4	6.78	3.48	2	5	1	Devojke su ga uvek volele.	Девушки всегда его любили.	3268096
4	6.78	2.15	4	5	1	On je sa svojim roditeljima.	Он со своими родителями.	3424943
4	6.78	2.82	3	5	1	Oni su zamenili ugalj naftom.	Они заменили уголь нефтью.	1232294
4	6.78	2.90	1	6	2	Da li si kupio povratnu kartu?	Ты купил обратный билет?	3418560
4	6.78	2.23	2	6	2	Tom nije bio spreman da umre.	Том не был готов умереть.	3368355
4	6.78	2.48	1	7	2	Da li te mogu dodati na Fejsbuku?	Можно я добавлю тебя в Фейсбуке?	3795179
4	6.78	2.48	1	7	2	Izvini što sam zaboravio. Danas sam nikakav.	Извини, что я забыл. Я сегодня совсем никакой.	396717
4	6.78	2.48	1	7	2	Švedska nije ono što je nekada bila.	Швеция уже не та, что была раньше.	3484071
4	6.79	2.57	4	4	1	Ne verujem sopstvenim očima.	Не верю глазам своим.	10001885
4	6.79	2.83	3	5	1	Sunce je Zemlji najbliža zvezda.	Солнце - ближайшая к Земле звезда.	1261879
4	6.79	3.08	2	6	1	Koja je najduža reka na svetu?	Какая самая длинная река в мире?	3440733
4	6.79	2.90	1	6	2	Očekujemo da će danas padati kiša.	Мы ожидаем, что сегодня пойдёт дождь.	5398739
4	6.79	2.41	3	6	1	Ubrzo posle incidenta stigla je policija.	Вскоре после происшествия приехала полиция.	1111652
4	6.79	1.99	3	7	1	Kupio sam ove lekove za mog oca.	Я купил эти лекарства для моего отца.	3412939
4	6.80	3.00	4	3	1	Zatvoreno zbog renoviranja.	Закрыто на ремонт.	6382564
4	6.80	3.00	4	3	1	Zatvoreno zbog renoviranja.	Закрыто из-за ремонтных работ.	6382564
4	6.80	4.00	0	5	2	Hoću da otpevam jednu pesmu.	Я хочу спеть одну песню.	3365521
4	6.80	2.83	3	5	1	Koliko ona ima telefonskih brojeva?	Сколько у неё телефонных номеров?	3429738
4	6.80	2.67	2	5	2	Mogu da čitam bez naočara.	Я могу читать без очков.	3311743
4	6.80	2.25	2	6	2	Moja majka mrzi da piše pisma.	Моя мама ненавидит писать письма.	3313363
4	6.80	2.25	2	6	2	Nisam imao pojma šta da napišem.	Я понятия не имел, что мне написать.	5874039
4	6.81	3.26	3	4	1	Poslao sam joj lutku.	Я выслал ей куклу.	1127254
4	6.81	3.93	2	4	1	Veliki sam obožavatelj fudbala.	Я большой поклонник футбола.	4972202
4	6.81	2.17	4	5	1	Mama mi je kupila knjigu.	Мама купила мне книгу.	3477963
4	6.81	2.84	3	5	1	On uvek ima tamne naočare.	Он всегда в тёмных очках.	1052108
4	6.81	3.60	0	6	2	Planiraš da sve to pojedeš sam?	Ты планируешь сам всё это съесть?	5843302
4	6.81	3.09	2	6	1	Tom je prošao kroz detektor metala.	Том прошёл через металлодетектор.	3414562
4	6.81	2.09	1	6	3	Šta je to što želiš, Tome?	Это то, что ты хочешь, Том?	3394969
4	6.81	2.09	1	6	3	Šta je to što želiš, Tome?	Это то, чего ты хочешь, Том?	3394969
4	6.81	2.09	1	8	2	Izgledalo je da je Tom zauzetiji nego obično.	Казалось, что Том занят больше, чем обычно.	4782073
4	6.82	3.02	4	2	1	Kažnjena sam.	Я наказана.	4999274
4	6.82	3.01	4	3	1	Nisam nimalo iznenađena.	Я нисколько не удивлена.	4986745
4	6.82	3.68	3	3	1	Ti se šališ!	Ты шутишь!	3359679
4	6.82	1.35	4	5	2	Da li vam mogu pomoći?	Я могу вам помочь?	3411114
4	6.82	2.52	1	7	2	Igrao sam tenis kada sam bio student.	Я играл в теннис, когда был студентом.	3313765
4	6.82	2.52	1	7	2	Nikada nisi poželeo da živiš na ostrvu?	Ты никогда не хотел жить на острове?	6289844
4	6.82	2.01	3	7	1	Potreban mi je neko ko zna Francuski.	Мне нужен кто-то, кто знает французский.	3357123
4	6.83	2.69	2	5	2	Da li veruješ u Boga?	Ты веришь в Бога?	3425699
4	6.83	3.36	1	5	2	Mislim da Tom voli bejzbol.	Я думаю, Том любит бейсбол.	5002793
4	6.83	3.36	1	5	2	Nemoj da ovde igraš bejzbol.	Не играй здесь в бейсбол.	3265507
4	6.83	2.02	3	5	2	Reci mi da nije istina.	Скажи мне, что это неправда.	4253849
4	6.83	3.11	2	6	1	Ne izlazi napolje posle zalaska sunca.	Не выходи на улицу после захода солнца.	3365491
4	6.83	2.44	3	6	1	Sviđa mi se kad je hladno.	Я люблю, когда холодно.	2926255
4	6.83	1.85	2	7	2	Ja ne mogu da živim bez televizije.	Я не могу жить без телевидения.	1103117
4	6.83	2.03	3	7	1	Vreme je bilo lepo do današnjeg dana.	Погода была хорошая до сегодняшнего дня.	1080585
4	6.83	2.94	1	8	1	Poznaješ li nekoga ko je položio ovaj ispit?	Ты знаешь кого-то, кто сдал этот экзамен?	4238430
4	6.83	2.94	1	8	1	Poznaješ li nekoga ko je položio prošlogodišnji ispit?	Ты знаешь кого-нибудь, кто сдал прошлогодний экзамен?	4238432
4	6.84	2.62	4	4	1	Daj mi moje naočare.	Дай мне мои очки.	3304309
4	6.84	2.45	3	6	1	Neprijatelj moga neprijatelja je moj prijatelj.	Враг моего врага - мой друг.	1142656
4	6.84	2.45	3	6	1	Problem je u izgradnji stambenih zgrada.	Проблема заключается в строительстве жилых домов.	11054974
4	6.84	1.78	4	6	1	Tom mi je odgovorio na pitanje.	Том ответил на мой вопрос.	11083969
4	6.84	3.78	1	6	1	Zašto si ofarbao klupu u crveno?	Зачем ты покрасил скамейку в красный цвет?	3263577
4	6.85	3.38	1	5	2	Mogu li da te poljubim?	Я могу тебя поцеловать?	5949315
4	6.85	2.88	3	5	1	On je umro prirodnom smrću.	Он умер естественной смертью.	1173831
4	6.85	2.04	3	7	1	Udovičin muž je umro pre pet godina.	Муж вдовы умер пять лет назад.	3476143
4	6.86	4.39	2	3	1	Instikti me vode.	Я руководствуюсь инстинктами.	3478672
4	6.86	3.80	1	4	2	Treba da budemo realistični.	Нам нужно быть реалистами.	5043471
4	6.86	2.97	1	6	2	Da li je ovo na latinskom?	Это на латинском?	3384501
4	6.86	2.96	1	6	2	Japanci vole da putuju u grupi.	Японцы любят путешествовать группами.	3248300
4	6.86	2.96	1	6	2	Mogao si da slušaš o tome.	Ты мог слышать об этом.	1657926
4	6.86	3.13	2	6	1	Ovi paraziti se razmnožavaju u krvi.	Эти паразиты размножаются в крови.	3359209
4	6.86	2.46	3	6	1	Tom i ja smo bili zauzeti.	Мы с Томом были заняты.	4251050
4	6.86	2.47	3	6	1	Tom se igra sa svojim sinom.	Том играет со своим сыном.	3304892
4	6.86	2.55	1	7	2	Da li si juče išao u bioskop?	Ты вчера ходил в кино?	3298554
4	6.86	3.22	0	7	2	Treba li da Škotska postane nezavisna zemlja?	Должна ли Шотландия стать независимой страной?	3504003
4	6.87	3.06	4	3	1	On je uplašen.	Он испуган.	3371094
4	6.87	3.06	4	3	1	On je uplašen.	Он напуган.	3371094
4	6.87	3.72	3	3	1	Počni s brojanjem.	Начинай считать.	5841858
4	6.87	3.72	3	3	1	Počni sa brojanjem.	Начинай считать.	5841856
4	6.87	3.31	3	4	1	Idi pričaj s Tomom.	Иди поговори с Томом.	4324595
4	6.87	3.31	3	4	1	Jesi li sa Tomom?	Ты с Томом?	4238288
4	6.87	3.31	3	4	1	Ne živim sa Tomom.	Я не живу с Томом.	3298946
4	6.87	3.31	3	4	1	Ostani ovde sa Tomom.	Останьтесь здесь с Томом.	11173158
5	6.87	3.39	1	5	2	Tom voli da igra bilijar.	Том любит играть в бильярд.	3250210
5	6.87	2.98	1	6	2	Ne želim da izgledam kao Tom.	Я не хочу выглядеть, как Том.	5841799
5	6.87	2.39	0	7	3	Možda sam i lud, ali nisam glup.	Может быть я и сумасшедший, но не глупый.	3365968
5	6.88	2.90	3	5	1	Francuska se graniči sa Italijom.	Франция граничит с Италией.	11055410
5	6.88	3.57	2	5	1	Moja baka ima brata blizanca.	У моей бабушки есть брат-близнец.	3476188
5	6.88	2.31	2	6	2	Da li svi vi govorite francuski?	Вы все говорите по-французски?	3395184
5	6.88	3.15	2	6	1	Ja vas molim - ispravite moje greške!	Я прошу вас, исправьте мои ошибки!	3474687
5	6.88	2.48	3	6	1	Tom nije glasao na poslednjim izborima.	Том не голосовал на последних выборах.	13693197
5	6.89	3.33	3	4	1	I posle nas - potop.	После нас - хоть потоп.	3439321
5	6.89	2.91	3	5	1	Pas je veran svom gospodaru.	Собака предана своему хозяину.	6818436
5	6.89	2.74	2	5	2	Tom nije znao da pliva.	Том не умел плавать.	3368348
5	6.89	2.49	3	6	1	Ja se vozim u školu autobusom.	Я езжу в школу на автобусе.	1367987
5	6.89	2.99	1	6	2	Kada sledeći put ideš u Boston?	Когда ты в следующий раз поедешь в Бостон?	4449887
5	6.89	2.32	2	6	2	Primetio sam da nema mog auta.	Я заметил, что моей машины нет.	3394608
5	6.89	2.99	1	6	2	Čula sam da ne jedeš meso.	Я слышала, что ты не ешь мясо.	4250425
5	6.89	2.99	1	6	2	Čuo sam da ne jedeš meso.	Я слышал, что ты не ешь мясо.	4250424
5	6.89	2.99	1	6	2	Čuo sam da ne jedeš meso.	Я слышал, ты не ешь мясо.	4250424
5	6.89	1.74	1	7	3	Da li je vreme da idemo kući?	Нам пора идти домой?	1189052
5	6.89	2.74	2	7	1	Pozorišni komad traje dva i po sata.	Спектакль длится два с половиной часа.	3306996
5	6.89	2.74	2	7	1	Tom je već popio tri čaše vina.	Том уже выпил три бокала вина.	5039752
5	6.89	2.16	1	8	2	Ovo pismo je stiglo dok si bio napolju.	Это письмо пришло, пока ты был на улице.	3243790
5	6.90	2.92	3	3	2	Molim, pričajte sporije.	Пожалуйста, говорите медленно.	6879917
5	6.90	4.25	1	3	2	Nemoj da preteraš.	Не преувеличивай.	4995927
5	6.90	2.92	3	5	1	Uvredio me je bez razloga.	Он оскорбил меня без причины.	10042526
5	6.90	3.16	2	6	1	Deca rastu kao gljive posle kiše.	Дети растут как грибы после дождя.	1055030
5	6.90	2.50	3	6	1	On mora kupiti novi bicikl sinu.	Он должен купить сыну новый велосипед.	5596447
5	6.90	2.50	3	6	1	Prošle godine imao je dugu kosu.	В прошлом году у него были длинные волосы.	1061998
5	6.90	1.83	4	6	1	Sviđa mi se šta si napisao.	Мне нравится то, что ты написал.	4248726
5	6.90	3.41	1	7	1	Njihovo drugarstvo je postepeno preraslo u ljubav.	Их дружба постепенно переросла в любовь.	3501836
5	6.91	3.34	3	4	1	Sviđaju ti se slonovi.	Тебе нравятся слоны.	11057678
5	6.91	4.00	2	4	1	Umirite se i slušajte!	Успокойтесь и слушайте!	1045243
5	6.91	4.26	1	5	1	Jabuka je na pisaćem stolu.	Яблоко на письменном столе.	3256228
5	6.91	3.59	2	5	1	Jutro je mudrije od večeri.	Утро вечера мудренее.	6088174
5	6.91	4.26	1	5	1	Na pisaćem stolu leži rečnik.	На письменном столе лежит словарь.	1528428
5	6.91	2.93	3	5	1	Obično nisam u kancelariji ponedeljkom.	Обычно меня не бывает в офисе по понедельникам.	4250312
5	6.91	4.26	1	5	1	Olovka je na pisaćem stolu.	Карандаш лежит на письменном столе.	3386944
5	6.91	4.26	1	5	1	Šta je na pisaćem stolu?	Что на письменном столе?	3317255
5	6.91	3.84	1	6	1	Skupoceni porcelan razbio se u paramparčad.	Драгоценный фарфор разбился вдребезги.	6827718
5	6.92	4.27	1	3	2	Da li kašljete?	Вы кашляете?	1142587
5	6.92	2.94	3	5	1	Dama uzima privatne časove klavira.	Дама берёт частные уроки игры на фортепиано.	5596944
5	6.92	2.94	3	5	1	Informisao se o svim činjenicama.	Он ознакомился со всеми фактами.	5397822
5	6.92	2.93	3	5	1	Ona spava sa dva jastuka.	Она спит на двух подушках.	1048885
5	6.92	3.85	1	6	1	Sudbina je bila blagonaklona prema njemu.	Судьба была к нему благосклонна.	7003504
5	6.92	3.85	1	6	1	To drvo se nije dovoljno osušilo.	Это дерево ещё недостаточно высохло.	5600200
5	6.92	2.60	1	7	2	Njemu se dopada da šeta u parku.	Ему нравится гулять в парке.	1102244
5	6.93	3.36	3	4	1	Sviđa mi se školjka.	Мне нравится ракушка.	8823767
5	6.93	2.70	4	4	1	Ti trenuci su skupi.	Эти часы дорогие.	1621135
5	6.93	3.03	1	6	2	Hoćeš li da se sretnemo sutra?	Хочешь встретиться сегодня?	1195475
5	6.93	2.52	3	6	1	Japanski ima nešto zajedničko sa Korejanskim.	Японский язык имеет что-то общее с корейским.	3311764
5	6.93	2.53	3	6	1	Kako si putovao do tih država?	Как ты ездил в эти страны?	11073266
5	6.93	3.19	2	6	1	Ne sudi o knjizi po koricama.	Не суди о книге по обложке.	3256119
5	6.93	3.27	0	7	2	Francuska zastava je plava, bela i crvena.	Флаг Франции сине-бело-красный.	1474322
5	6.93	2.77	2	7	1	Padao je sneg od Ponedeljka do Petka.	С понедельника до пятницы шёл снег.	3244849
5	6.94	3.78	3	3	1	Dosta s guranjem.	Хватит толкаться.	11057646
5	6.94	4.04	2	4	1	Lenjir je ispod knjige.	Линейка под книгой.	5294716
5	6.94	3.62	2	5	1	Persijska mačka spava ispod stola.	Персидская кошка спит под столом.	3313498
5	6.94	3.20	2	6	1	Ona je bila popularnija u gradu.	Она была популярна в городе.	3365442
5	6.94	3.04	1	6	2	Prema prognozi, sneg će padati sutra.	По прогнозу снег будет завтра.	1498238
5	6.94	1.95	2	7	2	Da li je tvoja majka kod kuće?	Твоя мама дома?	3368158
5	6.94	1.95	2	7	2	Da li tvoja deca imaju svoje sobe?	У твоих детей есть свои комнаты?	4243496
5	6.94	2.37	2	8	1	Svi se manje ili više interesuju za umetnost.	Все в большей или меньшей степени интересуются искусством.	1057890
5	6.95	3.63	2	3	2	Nemojte da vičete.	Не кричите.	4996820
5	6.95	3.79	3	3	1	Sviđaš mi se.	Ты мне нравишься.	7030677
5	6.95	4.04	2	4	1	Zašto optužuješ mog sina?	Почему ты обвиняешь моего сына?	884902
5	6.95	4.96	0	5	1	Ja danas neću koristiti grejalicu.	Я сегодня не буду пользоваться грелкой.	1046448
5	6.95	4.96	0	5	1	Ja sigurno neću izabrati njega.	Я, конечно, не выберу его.	5651309
5	6.95	4.96	0	5	1	On je veoma pohotljiv čovek.	Он очень похотливый человек.	1153327
5	6.95	2.96	3	5	1	Sviđa mi se ova supa.	Мне нравится этот суп.	8823750
5	6.95	2.54	3	6	1	Imamo devet osoba u mojoj porodici.	В моей семье девять человек.	3370998
5	6.95	2.54	3	6	1	Ja pišem mojoj majci jednom mesečno.	Я пишу моей матери раз в месяц.	3435906
5	6.95	2.54	3	6	1	Tvoja knjiga je u mojoj kancelariji.	Твоя книга в моём офисе.	6905695
5	6.95	2.12	3	7	1	Ja sam to prodao za deset dolara.	Я это продал за десять долларов.	3311359
5	6.96	3.39	3	4	1	Potrebno mi je prenoćište.	Мне нужно где-то переночевать.	3478582
5	6.96	3.39	3	4	1	Potrebno mi je prenoćište.	Мне необходимо где-то переночевать.	3478582
5	6.96	3.64	2	5	1	Mario i Luiđi su braća.	Марио и Луиджи — братья.	3254421
5	6.96	1.88	4	6	1	Samo neka mi padne u ruke!	Пусть только попадётся мне в руки!	1135332
5	6.96	1.72	3	8	1	Njegova kuća je tri puta bolja od moje.	Его дом в три раза больше моего.	1183344
5	6.97	4.31	1	3	2	Nemoj da buljiš.	Не пялься.	4996860
5	6.97	2.39	2	6	2	Da li ste pročitali ovu knjigu?	Вы прочитали эту книгу?	3503788
5	6.97	2.39	2	6	2	Znala sam da ste pročitali pismo.	Я знала, что вы прочитали письмо.	1299987
5	6.98	4.48	2	3	1	Imam belog konja.	У меня есть белый конь.	3317304
5	6.98	4.07	2	4	1	Esperanto je jezik prijateljstva.	Эсперанто — язык дружбы.	1076267
5	6.98	3.90	1	4	2	Hajde da ručamo ovde.	Давай здесь пообедаем.	4253530
5	6.98	3.32	0	5	3	Hoću da naučim da plivam.	Я хочу научиться плавать.	3392059
5	6.98	1.73	3	6	2	Da li si ti iz Amerike?	Ты из Америки?	3357128
5	6.98	2.40	2	6	2	Da li svi vi govorite kineski?	Вы все говорите по-китайски?	3424977
5	6.98	3.23	2	6	1	Moj pas me liže po rukama.	Моя собака лижет мне руки.	3470203
5	6.98	2.40	2	6	2	Molim vas da čitate između redova.	Пожалуйста, читайте между строк.	5819521
5	6.98	2.40	2	6	2	Želite li da posetite Crnu Goru?	Вы хотите посетить Черногорию?	1214565
5	6.98	3.32	0	7	2	Ona je trenutno nasilna, treba je izbegavati.	Она сейчас буйная. Её лучше избегать.	398724
5	6.98	2.15	3	7	1	Riba je važan izvor hrane za ljude.	Рыба - важный источник пищи для людей.	3426511
5	6.98	3.06	1	8	1	To je slika koju je on sam naslikao.	Это картина, которую он сам нарисовал.	3331589
5	6.99	3.41	3	4	1	Tvoje vreme je isteklo.	Твоё время истекло.	1457606
5	6.99	2.99	3	5	1	Skrati vest do sto reči.	Сократи новость до ста слов.	1124627
5	6.99	2.99	3	5	1	Sviđa mi se ova statua.	Мне нравится эта статуя.	8864407
5	6.99	2.99	3	5	1	Sviđa mi seovaj ručni sat.	Мне нравятся эти наручные часы.	8829706
5	6.99	2.40	2	6	2	Da li su to nove cipele?	Это новые туфли?	4324645
5	7.00	2.75	4	4	1	Zemlja je pokrivena snegom.	Земля покрыта снегом.	1059355
5	7.00	2.42	2	6	2	Devojčice vole da se igraju kuće.	Девочки любят играть дома.	5034672
5	7.00	2.42	2	6	2	Gde ima dima, ima i vatre.	Дыма без огня не бывает.	3414328
5	7.00	2.42	2	6	2	Gde ima dima, ima i vatre.	Нет дыма без огня.	3414328
5	7.00	2.42	2	6	2	Gde ima dima, ima i vatre.	Где дым, там и огонь.	3414328
5	7.00	3.34	0	7	2	Da li si nekada video leteći tanjir?	Ты когда-нибудь видел летающую тарелку?	3425539
5	7.00	2.84	2	7	1	Tom je video šta je Mari uradila.	Том видел, что сделала Мария.	5557585
5	7.01	3.84	3	3	1	Heder mi veruje.	Хизер верит мне.	2782796
5	7.01	3.51	1	5	2	Da li imate japansko pivo?	У вас есть японское пиво?	801031
5	7.01	2.34	4	5	1	Čime sam ja to zaslužio?	Чем я это заслужил?	6864584
5	7.01	1.92	4	6	1	Mnogo ljudi je došlo na koncert.	На концерт пришло много людей.	3363546
5	7.01	2.17	3	7	1	Novi sneg je belji nego stari sneg.	Новый снег белее, чем старый снег.	3715065
5	7.02	3.51	1	5	2	Da li vi studirate hemiju?	Вы изучаете химию?	1054358
5	7.02	2.18	3	7	1	Ispred moje kuće je bilo veliko drvo.	Перед моим домом росло большое дерево.	3419171
5	7.02	3.35	0	7	2	Nemački je veoma poetski jezik, zar ne?	Немецкий - очень поэтичный язык, правда?	5397759
5	7.03	4.36	1	3	2	Prestani da vrištiš.	Прекрати орать.	3748895
5	7.03	3.86	3	3	1	Shvatićeš jednog dana.	Когда-нибудь ты поймёшь.	6594187
5	7.03	4.36	1	5	1	Moja majka je bila alkoholičarka.	Моя мать была алкоголичкой.	4971936
5	7.03	2.61	3	6	1	Učim francuski svakog dana posle večere.	Каждый день после ужина я учу французский.	3435319
5	7.03	2.61	3	6	1	Učim francuski svakog dana posle večere.	Я каждый день после ужина учу французский.	3435319
5	7.03	3.27	2	6	1	Šuma je zimi bela i tiha.	Лес зимой белый и тихий.	3373224
5	7.03	2.19	3	7	1	Marija nije bila zadovoljna sa samom sobom.	Мария не была довольна собой.	3481536
5	7.03	1.78	3	8	1	Pre dve godine on je bio u Londonu.	Два года назад он был в Лондоне.	1089068
5	7.04	2.11	5	4	1	Mi smo pričali telefonom.	Мы разговаривали по телефону.	3419045
5	7.04	3.45	3	4	1	On je pod anestezijom.	Он под анестезией.	3291881
5	7.04	3.70	2	5	1	Molim Vas ne otvarajte prozor.	Пожалуйста, не открывайте окно.	800024
5	7.04	2.87	2	5	2	Učite decu da ne lažu.	Учите детей не лгать.	1055459
5	7.04	2.87	2	5	2	Učite decu da ne lažu.	Учите детей не врать.	1055459
5	7.04	3.04	3	5	1	Vidimo se u tvojim snovima.	Увидимся в твоих снах.	6391088
5	7.04	2.61	3	6	1	Mnogo je lepih parkova u Londonu.	В Лондоне много красивых парков.	3437481
5	7.04	2.20	3	7	1	Bil je dve godine mlađi od mene.	Билл на два года младше меня.	6975723
5	7.04	2.20	3	7	1	Bil je dve godine mlađi od mene.	Билл на два года моложе меня.	6975723
5	7.04	2.20	3	7	1	Koliko imaš godina i koliko si težak?	Сколько тебе лет и сколько ты весишь?	4238007
5	7.04	3.12	1	8	1	Izgubila sam moj kišobran i moram kupiti novi.	Я потеряла свой зонтик, и мне нужно купить новый.	805976
5	7.04	3.12	1	8	1	Izgubio sam moj kišobran i moram kupiti novi.	Я потерял свой зонтик, и мне нужно купить новый.	805975
5	7.05	3.87	3	3	1	Doneću ti nešto.	Я тебе кое-что принесу.	4254003
5	7.05	4.54	2	3	1	Ne derite se.	Не кричите.	4996824
5	7.05	3.95	1	6	1	Situacija u Kirgistanu je pravi haos.	Ситуация в Киргизии — настоящий беспорядок.	407321
5	7.05	3.95	1	6	1	Situacija u Kirgistanu je pravi haos.	Ситуация в Кыргызстане — настоящий хаос.	407321
5	7.05	1.96	4	6	1	To nije urađeno za sat vremena.	Это не за час сделано.	3478391
5	7.05	3.95	1	6	1	Ukrao je veoma dragocen dijamantski prsten.	Он украл очень ценное кольцо с алмазом.	4250227
5	7.05	2.88	2	7	1	Vavilon je bio glavni grad drevne Vavilonije.	Вавилон был столицей древней Вавилонии.	3503774
5	7.06	3.89	3	3	1	Dajte hranu beskućnicima.	Дайте еды бездомным.	3362176
5	7.06	2.80	4	4	1	Koliko cvetova si kupio?	Сколько цветов ты купил?	1080446
5	7.06	4.14	2	4	1	Tomove oči su crvene.	У Тома красные глаза.	3438588
5	7.06	3.72	2	5	1	Ispekao sam pitu od jabuka.	Я испёк яблочный пирог.	4240720
5	7.06	1.80	3	6	2	Da li si bio kod lekara?	Ты был у врача?	3365515
5	7.06	2.46	2	6	2	On voli da peva popularne pesme.	Он любит петь популярные песни.	3244321
5	7.06	2.88	2	7	1	Tom je izgubio svoj aprat za slušanje.	Том потерял свой слуховой аппарат.	5241349
5	7.06	2.89	2	7	1	Tom je živeo u Bostonu tri godine.	Том жил в Бостоне три года.	3365296
5	7.07	5.22	1	2	1	Postajete neobazrivi.	Вы становитесь неосторожными.	4273366
5	7.07	5.22	1	3	1	Vi mnogo brbljate.	Вы много болтаете.	1043525
5	7.07	2.81	4	4	1	Bio sam sjajno raspoložen.	Я был в отличном настроении.	6885521
5	7.07	2.81	4	4	1	Ja vam se divim.	Я вами восхищаюсь.	3501827
5	7.07	3.06	3	5	1	Bankarska kartica ima mnoge prednosti.	У банковской карты много преимуществ.	1045810
5	7.07	2.23	3	5	2	Da li pričate o nama?	Вы о нас говорите?	4986704
5	7.07	2.64	3	6	1	Peške ili biciklom ideš u školu?	Ты ходишь в школу пешком или ездишь на велосипеде?	5596942
5	7.07	1.81	3	6	2	Šta je veće, Sunce ili Zemlja?	Что больше: Солнце или Земля?	890854
5	7.08	2.23	3	5	2	Da li je to ptica?	Это птица?	4781364
5	7.08	3.99	1	6	1	Moj otac radi u elektroenergetskoj kompaniji.	Мой отец работает в электроэнергетической компании.	1183343
5	7.08	2.65	3	6	1	Zemlja je u teškom ekonomskom stanju.	Страна находится в тяжелом экономическом положении.	1367985
5	7.08	2.90	2	7	1	Bil je zamenio Džima u ulozi kapetana.	Бил заменил Джима в роли капитана.	1097798
5	7.08	2.23	3	7	1	Zašto se toliko puno ljudi plaši visine?	Почему так много людей боятся высоты?	3445757
5	7.08	1.65	2	8	2	Verujem da ima previše nasilja na TV-u.	Я считаю, что на телевидении слишком много насилия.	11054694
5	7.09	3.16	1	6	2	Da li si čitao Svetu Bibliju.	Ты читал Библию?	3243823
5	7.09	2.24	3	7	1	Linkoln je pozdravio svoga starog političkog protivnika.	Линкольн приветствовал своего старого политического оппонента.	1117644
5	7.09	2.91	2	7	1	Ona je kupila igračku za svoga sina.	Она купила игрушку для своего сына.	1056507
5	7.10	2.83	4	4	1	Roditelji su mi umrli.	Мои родители умерли.	7037770
5	7.10	2.66	3	6	1	Ima komaraca čak i u Grčkoj.	Комары есть даже в Греции.	3296430
5	7.10	1.83	3	6	2	Mislim da mi se sviđa Tom.	Думаю, Том мне нравится.	5034680
5	7.10	2.50	2	6	2	Ne mogu da živim bez televizora.	Я не могу жить без телевизора.	3371633
5	7.10	2.66	3	6	1	Sutra će biti kiša sa snegom.	Завтра будет дождь со снегом.	2135795
5	7.10	1.84	3	6	2	Tom govori pet jezika, uključujući ruski.	Том говорит на пяти языках, включая русский.	3414870
5	7.10	3.33	2	6	1	Voda u bunaru je bila ledena.	Вода в колодце была ледяная.	3304814
5	7.10	2.92	2	7	1	Moji seoski prijatelji imaju nekoliko košnica pčela.	У моих друзей в деревне есть несколько ульев с пчёлами.	1498278
5	7.11	3.09	3	5	1	Naoko živi u beloj kući.	Наоко живёт в белом доме.	2763053
5	7.11	1.84	3	6	2	Ne želim da živim sa tim.	Я не хочу с этим жить.	3394912
5	7.11	2.67	3	6	1	To je vrlo ljubazno od Vas.	Это очень любезно с Вашей стороны.	3410383
5	7.11	2.68	3	6	1	Tom je brzo zapisao sva imena.	Том быстро записал все имена.	8891135
5	7.11	2.59	0	7	3	Mađarski jezik nije lak, ali je divan.	Венгерский язык непростой, но чудесный.	5963082
5	7.11	1.67	2	8	2	To je mnogo lakše nego što sam mislio.	Это намного легче, чем я думал.	3418712
5	7.12	4.60	2	3	1	Ne nagazite leje!	По газону не ходить!	1949793
5	7.12	3.10	3	5	1	Svakog dana ustajem u sedam.	Я каждый день встаю в семь.	3395124
5	7.12	4.01	1	6	1	Lav je skočio kroz goreći obruč.	Лев прыгнул через горящий обруч.	1051818
5	7.12	2.10	2	7	2	Tom je naučio Meri da piše pesme.	Том научил Марию писать песни.	4248784
5	7.12	2.52	2	8	1	Put do muškog srca vodi preko njegovog stomaka.	Путь к сердцу мужчины лежит через его желудок.	6583415
5	7.13	3.53	3	4	1	Gde mi je četka?	Где моя щётка?	3360356
5	7.13	2.69	3	4	2	Nemoj da mu veruješ.	Не верь ему.	3424966
5	7.13	1.78	5	5	1	Ja sam ostavio otvorena vrata.	Я оставил дверь открытой.	3313487
5	7.13	1.78	5	5	1	Ko je ostavio otvorena vrata?	Кто оставил дверь открытой?	939957
5	7.13	1.78	5	5	1	Ko je ostavio otvorena vrata?	Кто оставил ворота открытыми?	939957
5	7.13	1.78	5	5	1	On je ostavio otvorena vrata.	Он оставил дверь открытой.	1153364
5	7.13	1.77	5	5	1	Ti si moj najbolji prijatelj!	Ты мой лучший друг!	3473696
5	7.13	1.77	5	5	1	Ti si moj najbolji prijatelj.	Ты мой лучший друг.	3366289
5	7.13	3.11	3	5	1	Tom je na tajnom zadatku.	Том на тайном задании.	6117860
5	7.13	2.53	2	6	2	Ona voli Toma, a ne mene.	Она любит Тома, а не меня.	3393840
5	7.13	2.53	2	6	2	Svi znaju da ne volim Toma.	Все знают, что я не люблю Тома.	5035354
5	7.13	3.03	0	6	3	To izgleda kao Latinski, ali nije.	Это похоже на латынь, но это не она.	3341499
5	7.13	3.36	2	6	1	Zašto dijamanti koštaju više od vode?	Почему алмазы стоят дороже воды?	3358439
5	7.13	3.36	2	6	1	Zašto dijamanti koštaju više od vode?	Почему алмазы ценятся выше воды?	3358439
5	7.13	2.27	3	7	1	Temperatura je ovde viša nego u Tokiju.	Температура здесь выше, чем в Токио.	5945074
5	7.13	3.03	0	8	2	Latinski je jezik koji će večno da postoji.	Латинский - язык, который будет существовать вечно.	3341504
5	7.13	2.53	2	8	1	Pitao sam Toma zašto je došao tako rano.	Я спросил Тома, почему он пришёл так рано.	11035079
5	7.14	4.20	2	4	1	Nensi je iz Londona.	Нэнси из Лондона.	3374536
5	7.14	3.11	3	5	1	Dali su vode svojim konjima.	Они напоили своих лошадей.	3414671
5	7.14	3.11	3	5	1	Dali su vode svojim konjima.	Они напоили своих коней.	3414671
5	7.14	1.78	5	5	1	Nikada to ne bih učinio.	Я бы никогда этого не сделал.	5848094
5	7.15	3.55	3	4	1	To je samo ogrebotina.	Это просто царапина.	6303068
5	7.15	2.54	2	6	2	Ne mogu da zaboravim njene oči.	Я не могу забыть её глаза.	3290336
5	7.15	2.13	2	7	2	Moram da vratim neke knjige u bibliotku.	Мне нужно вернуть в библиотеку кое-какие книги.	4781972
5	7.15	3.62	1	7	1	Možeš se lako razboleti u ovoj klimi.	В таком климате ты легко можешь заболеть.	3415069
5	7.16	3.13	3	5	1	Ja sam to objasnio Tomu.	Я объяснил это Тому.	3414389
5	7.16	3.13	3	5	1	Jesi li rekao Tomu ovo?	Ты сказал это Тому?	4261933
5	7.16	4.47	1	5	1	Tomov život nije bio lak.	Жизнь Тома не была лёгкой.	6897459
5	7.16	3.13	3	5	1	Tomu se ne sviđa Marija.	Тому не нравится Мария.	3392009
5	7.16	3.13	3	5	1	Zašto samo ne kažeš Tomu?	Почему просто не скажешь Тому?	6856798
5	7.16	2.55	2	6	2	Oni stalno zaboravljaju da plate račune.	Они постоянно забывают оплачивать счета.	3360419
5	7.16	3.63	1	7	1	Ona je napisala knjigu o toj ptici.	Она написала книгу об этой птице.	1045846
5	7.16	2.55	2	8	1	Tom ne zna razliku između Iraka i Irana.	Том не знает разницы между Ираком и Ираном.	6369062
5	7.17	4.06	1	4	2	Nemoj da ideš prebrzo.	Не иди слишком быстро.	3357569
5	7.17	3.56	3	4	1	To ti neće pomoći.	Это тебе не поможет.	3434506
5	7.17	3.56	3	4	1	Tom neće imati izbora.	У Тома не будет выбора.	5043487
5	7.17	3.14	3	5	1	Imam veliku kolekciju poštanskih marki.	У меня большая коллекция почтовых марок.	3275326
5	7.17	3.81	2	5	1	Neko je pokucao na vrata.	Кто-то постучал в дверь.	2044028
5	7.17	3.81	2	5	1	Neko je pokucao na vrata.	Кто-то постучал в ворота.	2044028
5	7.17	3.81	2	5	1	On je pokucao na vrata.	Он постучал в дверь.	1433846
5	7.17	1.73	2	8	2	Tom je znao da ga Marija ne voli.	Том знал, что Мария его не любит.	4250152
5	7.18	3.57	3	4	1	Zvezde su nemerljivo daleko.	Звёзды неизмеримо далеко.	2044039
5	7.18	1.82	5	5	1	Knjige su moji najbolji prijatelji.	Книги - мои лучшие друзья.	923291
5	7.18	3.15	3	5	1	Ko od tvojih prijatelja dolazi?	Кто из твоих друзей придёт?	3305851
5	7.18	2.06	4	6	1	Koja marka ti se više sviđa?	Какая марка тебе больше нравится?	8849172
5	7.18	2.07	4	6	1	Tata mi je kupio novi bicikl.	Папа купил мне новый велосипед.	801016
5	7.18	2.40	1	8	2	Nisam znao da Tom tako dobro piše kineski.	Я не знал, что Том так хорошо пишет по-китайски.	4248918
5	7.19	2.91	4	4	1	Niko joj nije poverovao.	Никто ей не поверил.	4308130
5	7.19	3.57	3	4	1	Treba mi kuhinjski nož.	Мне нужен кухонный нож.	3277807
5	7.19	3.58	3	4	1	Trebaju mi poštanske markice.	Мне нужны почтовые марки.	6532999
5	7.19	5.15	0	5	1	Prijateljev prijatelj je takođe prijatelj.	Друг друга - тоже друг.	1053605
5	7.19	3.16	3	5	1	Tom je govorio čvrstim glasom.	Том говорил твёрдым голосом.	3494084
5	7.19	2.99	2	5	2	Treba da jedeš više povrća.	Тебе нужно есть побольше овощей.	4262023
5	7.19	3.16	3	5	1	U Africi ima puno lavova.	В Африке много львов.	665344
5	7.19	2.74	3	6	1	Koliko je mačaka u toj kući?	Сколько котов в этом доме?	1181853
5	7.19	2.75	3	6	1	Marks je nemački filozof i ekonomista.	Маркс - немецкий философ и экономист.	3427970
5	7.19	1.91	3	6	2	Nemoj da loše misliš o meni.	Не думай обо мне плохо.	3357564
5	7.19	2.08	4	6	1	Sviđa mi se šta si napisala.	Мне нравится то, что ты написала.	4248727
5	7.19	2.99	2	7	1	Ova knjiga će se štampati sledeće godine.	Эта книга будет опубликована в следующем году.	3440801
5	7.19	2.57	2	8	1	Njegovo je sedište u avionu bilo uz prolaz.	Его место в самолёте было у прохода.	3355978
5	7.20	3.33	4	2	1	Napušteno je.	Оно заброшенное.	4992596
5	7.20	3.58	3	4	1	On je otvorio kovertu.	Он открыл конверт.	10042455
5	7.20	3.17	3	5	1	Iza planina živi sedam patuljaka.	За горами живут семь гномов.	1043535
5	7.20	2.09	4	6	1	Četiri oka vide bolje od dva.	Четыре глаза видят лучше, чем два.	3430971
5	7.21	3.34	4	3	1	Napisaću Vam pismo.	Я напишу Вам письмо.	5980303
5	7.21	3.01	2	5	2	Da li se plašite smrti?	Вы боитесь смерти?	1052446
5	7.21	2.34	3	5	2	Nemam reči, koliko sam zahvalan.	У меня нет слов, насколько я благодарен.	3266836
5	7.21	2.09	4	6	1	Čak i najveće zlo vodi dobru.	Даже самое большое зло ведёт к добру.	1139272
5	7.22	3.60	3	4	1	Ispričaću ti jednu priču.	Я расскажу тебе одну историю.	3340366
5	7.22	2.35	3	5	2	Hvala ti što me voliš.	Спасибо, что ты меня любишь.	4971848
5	7.22	3.85	2	5	1	Milano je glavni grad Lombardije.	Милан - столица Ломбардии.	3370970
5	7.22	4.10	1	6	1	Oktopod Pol je bio u pravu.	Осьминог Пауль был прав.	3438497
5	7.22	2.10	4	6	1	Treba mi soba za dve osobe.	Мне нужна комната на две персоны.	3437269
5	7.22	2.10	4	6	1	Treba mi soba za dve osobe.	Мне нужен номер на две персоны.	3437269
5	7.22	3.52	0	7	2	Ja volim da pijem prirodnu mineralnu vodu.	Я люблю пить природную минеральную воду.	1133512
5	7.23	2.53	4	5	1	Putovao sam autobusom i kolima.	Я ездил на автобусе и на машине.	11073268
5	7.23	3.19	3	5	1	Tomova kuća je na prodaju.	Дом Тома выставлен на продажу.	3438607
5	7.23	3.19	3	5	1	Tomova kuća je na prodaju.	Дом Тома продаётся.	3438607
5	7.23	3.19	3	5	1	Tomova porodica živi u Bostonu.	Семья Тома живёт в Бостоне.	3438599
5	7.23	2.61	2	6	2	Dođi da nas gledaš kako igramo.	Приходи посмотреть, как мы играем.	3357530
5	7.23	3.69	1	7	1	Ponekad je crna linija u životu uzlet.	Иногда и черная полоса в жизни бывает взлетной.	8223462
5	7.24	2.70	5	3	1	Pobeđenoga ne tuku.	Побеждённого не бьют.	1133549
5	7.24	2.12	4	4	2	Mi volimo da pričamo.	Мы любим говорить.	1636328
5	7.24	1.70	4	5	2	Da li si nekome rekao?	Ты кому-нибудь сказал?	3395325
5	7.24	3.86	2	5	1	Tomovi roditelji su bili učitelji.	Родители Тома были учителями.	3438639
5	7.24	2.12	4	6	1	Mi volimo one koji vole nas.	Мы любим тех, кто любит нас.	3435919
5	7.24	1.95	3	6	2	Tome, potrebna mi je tvoja pomoć.	Том, мне нужна твоя помощь.	3438537
5	7.24	3.45	2	6	1	Čaj je prejak. Dospi malo vode.	Чай слишком крепкий. Долей немного воды.	3434478
5	7.24	3.03	2	7	1	Oni su se spasili od nepotrebnih stvari.	Они избавились от ненужных вещей.	1157204
5	7.25	2.38	3	5	2	Kako mogu da ti pomognem?	Как я могу тебе помочь?	3429765
5	7.25	2.38	3	5	2	Mogu li da ti pomognem?	Я могу тебе помочь?	3290643
5	7.25	3.12	0	6	3	Da li planiraš da to uradiš?	Ты планируешь это сделать?	13690412
5	7.25	4.12	1	6	1	Prelepa plavuša sunčala se na plaži.	Красивая блондинка загорала на пляже.	6863188
5	7.25	3.04	2	7	1	Ona je na dijeti već dva meseca.	Она на диете уже два месяца.	1609965
5	7.25	3.04	2	7	1	U blizini naše škole je autobuska stanica.	Близко к нашей школе есть автобусная остановка.	6901905
5	7.25	3.04	2	7	1	U blizini naše škole je autobuska stanica.	Поблизости от нашей школы есть автобусная остановка.	6901905
5	7.26	4.55	1	5	1	Kiša je dobovala o prozor.	Дождь барабанил в окно.	3253815
5	7.26	4.55	1	5	1	Neko je ukrao Merin novac.	Кто-то украл у Мэри её деньги.	1183350
5	7.26	3.22	3	5	1	On za život zarađuje perom.	Он зарабатывает на жизнь пером.	1280745
5	7.26	3.30	1	8	1	Hamburg je drugi po veličini grad u Nemačkoj.	Гамбург - второй по величине город в Германии.	3371775
5	7.26	1.80	2	8	2	Kada si poslednji put uzeo knjigu iz biblioteke?	Когда ты последний раз брал книгу в библиотеке?	3434974
5	7.26	3.13	0	8	2	Kaže se da pas laje a karavn prolazi.	Как говорится: собака лает, караван идёт.	1498262
5	7.27	3.06	2	5	2	Jedite supu dok je vruća.	Ешьте суп, пока он горячий.	5024379
5	7.27	3.23	3	5	1	Sviđaju mi se tvoji psi.	Мне нравятся твои собаки.	3411091
5	7.27	3.23	3	5	1	Sviđaju mi se tvoji članci.	Мне нравятся твои статьи.	3343892
5	7.28	3.40	4	3	1	Pod zakletvom ste.	Вы под присягой.	6818424
5	7.28	3.40	4	3	1	Poslaću vam pismo.	Я пришлю вам письмо.	1089754
5	7.28	3.65	3	4	1	Pande su lepe životinje.	Панды - красивые животные.	1085937
5	7.28	3.23	3	5	1	Male ribe plivaju u akvarijumu.	В аквариуме плавают маленькие рыбки.	3402680
5	7.28	4.57	1	5	1	Tvoj bicikl je sličan mom.	Твой велосипед похож на мой.	3248420
5	7.28	2.31	0	6	4	Da, plašim se da je tako.	Да, боюсь, что так.	3547623
5	7.28	1.98	3	6	2	Tom želi da radi sa mnom.	Том хочет со мной работать.	8869748
5	7.28	2.48	1	6	3	Volim da vas gledam dok igrate.	Я люблю смотреть, как вы играете.	6368507
5	7.28	1.56	3	7	2	Tom je želeo da zna šta radimo.	Том хотел знать, что мы делаем.	4781411
5	7.29	4.33	2	4	1	Koliko košta flaša piva?	Сколько стоит бутылка пива?	1048597
5	7.29	2.41	3	5	2	Molim vas, pošaljite knjigu poštom.	Пожалуйста, пошли книгу почтой.	1124623
5	7.30	5.00	1	4	1	Gde se nazali hotel?	Где находится гостиница?	12409265
5	7.30	4.59	1	5	1	On je vodio razvratan život.	Он вёл порочную жизнь.	1178224
5	7.30	4.42	0	5	2	Treba da istakneš tu činjenicu.	Тебе стоит подчеркнуть этот факт.	3425279
5	7.30	1.50	5	6	1	Kakav bi bio svet bez žena?	Каким был бы мир без женщин?	3242687
5	7.30	2.92	1	7	2	Ja moram da vas zamolim za oproštaj.	Я должен попросить у вас прощения.	1135328
5	7.30	2.42	3	7	1	Probudi me sutra ujutru u šest sati.	Разбуди меня завтра в шесть утра.	3387084
5	7.30	2.67	2	8	1	Nemojte kazati kako se dolazi do gradske kuće.	Вы не подскажете, как пройти к зданию мэрии?	1091342
5	7.30	2.67	2	8	1	Ovaj zemljotres je takođe odneo stotinu pedeset života.	Это землетрясение также унесло сто пятьдесят жизней.	1098550
5	7.30	3.33	1	8	1	Ženeva je drugi po veličini grad u Švajcarskoj.	Женева - второй по величине город в Швейцарии.	3371773
5	7.31	3.01	4	4	1	Dugujem ti deset dolara.	Я должен тебе десять долларов.	3425059
5	7.31	3.93	2	5	1	Ja sam veliki obožavatelj fudbala.	Я большой поклонник футбола.	4972204
5	7.31	2.50	1	6	3	Da li planirate da to uradite?	Вы планируете это сделать?	13690417
5	7.31	2.09	1	7	3	Ako želiš mir, pripremi se za rat.	Хочешь мира, готовься к войне.	6955763
5	7.32	3.93	2	5	1	Ne stavljaj laktove na sto.	Не клади локти на стол.	4240734
5	7.32	3.93	2	5	1	Ne stavljaj laktove na sto.	Не ложи локти на стол.	4240734
5	7.32	3.27	3	5	1	Oni jedu nožem i viljuškom.	Они едят ножом и вилкой.	1157207
5	7.32	4.43	0	5	2	Zar ništa nećeš da pojedeš?	Разве ты ничего не поешь?	4248505
5	7.32	4.43	0	5	2	Zar ništa nećeš da pojedeš?	Неужели ты ничего не поешь?	4248505
5	7.32	3.35	1	6	2	Moraš da odgovoriš na ova pitanja.	Ты должен ответить на эти вопросы.	3359673
5	7.32	3.52	2	6	1	Nikad nisam video tako velikog kita.	Я никогда не видел такого большого кита.	3244025
5	7.32	2.77	0	7	3	Sneg se topi, sunce sija, stiže proleće.	Снег тает, солнце светит, наступает весна.	3368550
5	7.32	1.60	3	7	2	Želim da jednog dana ponovo budem čovek.	Я хочу однажды снова стать человеком.	4243239
5	7.32	1.18	3	8	2	Tom je rekao da mu treba moja pomoć.	Том сказал, что ему нужна моя помощь.	4986864
5	7.33	3.69	3	4	1	Koju vrstu umetnosti preferirate?	Какой вид искусства вы предпочитаете?	909844
5	7.33	3.11	2	5	2	Da li poznajete konkursne uslove?	Вы знаете условия конкурса?	3423374
5	7.33	2.95	1	7	2	Mogu li da pogledam Vašu vozačku dozvolu?	Я могу посмотреть Ваши водительские права?	3311604
5	7.33	2.44	3	7	1	Ovde nije tako hladno kao na Aljasci.	Здесь не так холодно, как на Аляске.	11175050
5	7.34	4.20	1	4	2	Da li si ručala?	Ты обедала?	4261846
5	7.34	5.70	0	4	1	Nikad nećemo saznati razlog.	Мы никогда не узнаем причину.	4981319
5	7.34	5.70	0	4	1	Nikad nećemo znati razlog.	Мы никогда не узнаем причину.	4981320
5	7.34	5.70	0	4	1	Tomovo lice je crveno.	У Тома красное лицо.	3438598
5	7.34	3.12	2	5	2	Molim Vas izvinite što kasnim.	Пожалуйста, извините за опоздание.	3382594
5	7.34	3.29	3	5	1	Napravio sam mnogo glupih grešaka.	Я сделал много глупых ошибок.	5308573
5	7.34	2.86	3	6	1	Ja sam obeležio tvoje greške olovkom.	Я пометил твои ошибки карандашом.	1153356
5	7.34	2.20	4	6	1	Malo učenika je znalo njegovo ime.	Немногие ученики знали его имя.	1135336
5	7.34	2.45	3	7	1	Granice moga jezika su granice moga sveta.	Границы моего языка — границы моего мира.	1159959
5	7.34	3.78	1	7	1	Ja sam pročitao knjigu o Snežnoj kraljici.	Я прочитал книгу о Снежной королеве.	3715071
5	7.34	2.45	3	7	1	Teorija se ne slaže uvek sa praksom.	Теория не всегда совпадает с практикой.	1511350
5	7.35	4.38	2	4	1	Hoćeš li malo kajgane?	Хочешь немножко яичницы?	3439089
5	7.35	3.05	4	4	1	Ukraden joj je pasoš.	У неё украли паспорт.	4644913
5	7.35	2.45	3	5	2	Ne treba da radiš nedeljom.	Тебе не нужно работать по воскресеньям.	3359648
5	7.35	2.63	4	5	1	Ona se dopada ostalim devojkama.	Она нравится другим девочкам.	1280751
5	7.35	4.04	0	6	2	Da li me optužuješ za nešto?	Ты меня в чём-то обвиняешь?	3410294
5	7.35	2.88	3	6	1	Koliko ljudi živi u tvom gradu?	Сколько людей живёт в твоём городе?	6294069
5	7.35	2.30	2	7	2	Ona voli da kupuje u malim prodavnicama.	Она любит делать покупки в маленьких магазинах.	1050865
5	7.35	1.88	2	8	2	Tom je znao da je to loša ideja.	Том знал, что это плохая идея.	4250909
5	7.36	3.30	3	5	1	Donesi mi malo hladne vode.	Принеси мне немного холодной воды.	3438896
5	7.36	3.13	2	5	2	Pas koji laje, ne ujeda.	Лающие собаки не кусают.	1088295
5	7.36	3.30	3	5	1	Poslala sam mapu Tomu faksom.	Я отправила карту Тому по факсу.	4324245
5	7.36	3.63	0	5	3	Treba da prestaneš da pušiš.	Тебе нужно бросить курить.	3334384
5	7.36	2.22	4	6	1	Ova kuća je izgrađena od kamena.	Этот дом построен из камня.	3362141
5	7.36	2.97	1	7	2	Odlučio sam da studiram francuski na univerzitetu.	Я решил изучать французский в университете.	4967613
5	7.36	2.47	3	7	1	Žene su ono najlepše u životu muškarca.	Женщины - это самое лучшее в жизни мужчины.	3299876
5	7.37	3.48	4	3	1	Bio si zauzet.	Ты был занят.	8847909
5	7.37	4.14	3	3	1	Ponavljaj za mnom!	Ты повторяешь за мной!	1086216
5	7.37	3.56	2	4	2	Triput meri, jednom seci.	Трижды померь, один раз разрежь.	547427
5	7.37	3.56	2	4	2	Triput meri, jednom seci.	Семь раз отмерь, один раз отрежь.	547427
5	7.37	3.31	3	5	1	Ajkula nije rođak domaćih pasa.	Акула - не родственник домашних собак.	2352636
5	7.37	3.31	3	5	1	Juče sam pričao sa Tomom.	Вчера я разговаривал с Томом.	5034784
5	7.37	3.31	3	5	1	Juče sam razgovarao sa Tomom.	Вчера я разговаривал с Томом.	5034789
5	7.37	2.48	3	5	2	Srećan rođendan, moj dragi prijatelju!	С днём рождения, мой дорогой друг!	3350449
5	7.37	3.56	2	6	1	Oni su plivali u ovom jezeru.	Они плавали в этом озере.	5405469
5	7.37	3.55	2	6	1	U pustinjama vrlo retko pada sneg.	В пустынях снег идёт очень редко.	3715086
5	7.37	3.64	0	7	2	Nije jutro kad svane, već kad ustaneš.	Утро не на рассвете, а когда ты встаёшь.	398924
5	7.38	1.82	4	5	2	Mnogo vam hvala, moji prijatelji!	Большое вам спасибо, мои друзья!	5397783
5	7.38	2.06	3	6	2	Meni se dopada da budem sam.	Мне нравится быть одному.	3518015
5	7.38	2.06	3	6	2	Meni se dopada da budem sama.	Мне нравится быть одной.	3518011
5	7.38	3.15	2	7	1	Zaljubio sam se u devojku iz Bostona.	Я влюбился в девушку из Бостона.	8894838
5	7.39	3.33	3	3	2	Posle nas, potop.	После нас - хоть потоп.	5785604
5	7.39	3.74	3	4	1	Klin se klinom izbija.	Клин клином вышибают.	6880167
5	7.39	3.33	3	5	1	Ova mi je košulja premala.	Эта рубашка мне мала.	3384609
5	7.39	3.57	2	6	1	Plaše me letnje munje i gromovi.	Я боюсь летних молний и грома.	1113783
5	7.39	3.41	1	6	2	Svi kažu da ličim na oca.	Все говорят, что я похож на отца.	5993492
5	7.39	3.41	1	6	2	Svi kažu da ličim na tatu.	Все говорят, что я похож на папу.	5993490
5	7.39	3.41	1	6	2	Svi kažu da ličim na tatu.	Все говорят, что я похожа на папу.	5993490
5	7.39	4.24	1	6	1	Tom je jedini hranilac u porodici.	Том - единственный кормилец в семье.	6391043
5	7.39	2.99	1	7	2	Da li Tom često ide u Boston?	Том часто ездит в Бостон?	8823837
5	7.39	1.32	1	7	4	To, što sam ja rekao, je istina.	То, что я сказал, правда.	1153351
5	7.40	3.33	3	5	1	Pričajte mi o svom učitelju.	Расскажите мне про своего учителя.	6536985
5	7.40	2.66	4	5	1	Zašto je to tako komplikovano?	Почему это так сложно?	5909441
5	7.40	2.75	2	6	2	Kad mačke nema, miševi kolo vode.	Без кота мышам раздолье.	1053988
5	7.40	2.75	2	6	2	Kad mačke nema, miševi kolo vode.	Кот за двери - мыши в пляс.	3256118
5	7.40	2.75	2	6	2	Kad nema mačke, miševi kolo vode.	Кот из дома — мыши в пляс.	1085890
5	7.40	2.08	3	6	2	Pokušao sam da pričam sa tobom.	Я пытался с тобой поговорить.	3410494
5	7.40	2.58	1	8	2	Da li si ikada jeo sam u restoranu?	Ты когда-нибудь ел в ресторане один?	3301074
5	7.40	1.92	2	8	2	Želim da znam istinu o smrti mog sina.	Я хочу знать правду о смерти моего сына.	3435356
5	7.41	3.34	3	5	1	Miš beži od gladne mačke.	Мышь убегает от голодной кошки.	3478668
5	7.41	3.84	1	5	2	Nisam doručkovao, pa sam gladan.	Я не завтракал, поэтому хочу есть.	8820615
5	7.41	2.26	4	6	1	Ova je knjiga popularna među studentima.	Эта книга популярна среди студентов.	3402678
5	7.41	4.26	1	6	1	Tvoja knjiga je na pisaćem stolu.	Твоя книга на письменном столе.	3425256
5	7.41	4.26	1	6	1	Tvoja knjiga je na pisaćem stolu.	Твоя книга лежит на письменном столе.	3425256
5	7.41	4.26	1	6	1	Čija je knjiga na pisaćem stolu?	Чья это книга на письменном столе?	3281746
5	7.41	3.43	1	8	1	Iznajmio sam sobu u Parizu na jedan mesec.	Я снял комнату в Париже на месяц.	3247807
5	7.42	5.10	1	4	1	On je sefardski Jevrejin.	Он сефардский еврей.	2755268
5	7.42	3.10	4	4	1	Ona je veoma zauzeta.	Она очень занята.	1280748
5	7.42	3.10	4	4	1	Sutra ću biti zauzeta.	Завтра я буду занята.	2263622
5	7.42	2.52	3	5	2	Da li ti živiš ovde?	Ты живёшь здесь?	3341471
5	7.42	2.52	3	5	2	Da li ti živiš ovde?	Ты здесь живёшь?	3341471
5	7.42	2.52	3	5	2	Da li ti živiš tamo?	Ты там живёшь?	3412954
5	7.43	5.52	1	3	1	Živim u Moldovi.	Я живу в Молдове.	3484216
5	7.43	3.78	3	4	1	Pas trči za mačkom.	Собака бежит за кошкой.	3307051
5	7.43	3.36	3	5	1	Imam kod kuće dva papagaja.	У меня дома два попугая.	3347571
5	7.43	2.77	2	6	2	Mislim da je to gubljenje vremena.	Я думаю, что это потеря времени.	3410517
5	7.43	2.53	3	7	1	Sem je dve godine mlađi od Toma.	Сэм на два года младше Тома.	5603348
5	7.43	2.53	3	7	1	Sem je dve godine mlađi od Toma.	Сэм на два года моложе Тома.	5603348
5	7.43	3.03	1	7	2	Voleo sam da učim Latinski na univerzitetu.	В университете я любил учить латынь.	3313760
5	7.43	3.03	1	7	2	Voleo sam da učim Latinski na univerzitetu.	В университете мне нравилось учить латынь.	3313760
5	7.43	1.94	2	8	2	Da li znate ko je napisao taj roman?	Вы знаете, кто написал этот роман?	1457697
5	7.43	1.77	1	8	3	Platon je prijatelj, ali istina je veći prijatelj.	Платон мне друг, но истина дороже.	665354
5	7.44	3.36	3	5	1	Ljudi su ovde veoma srdačni.	Люди здесь очень сердечные.	8849412
5	7.44	3.36	3	5	1	Ljudi su ovde veoma srdačni.	Люди здесь очень радушные.	8849412
5	7.44	2.61	1	8	2	Rekla je da ni jedan štampač ne radi.	Она сказала, что ни один принтер не работает.	11074691
5	7.45	3.79	3	4	1	Ti mi se sviđaš.	Ты мне нравишься.	4251412
5	7.45	2.71	4	5	1	Ona je razgovarala sa susedima.	Она разговорилась с соседями.	1228543
5	7.45	2.37	2	7	2	Kako mogu drveća da rastu bez vode?	Как могут деревья расти без воды?	11054967
5	7.46	4.89	2	2	1	Izujte cipele.	Снимите обувь.	3419153
5	7.46	4.89	2	2	1	Izujte cipele.	Разуйтесь.	3419153
5	7.46	3.13	4	4	1	Tomu se sviđaju obe.	Тому нравятся обе.	4251003
5	7.46	3.63	2	6	1	Eva je dala Adamu jabuku znanja.	Ева дала Адаму яблоко познания.	5980147
5	7.46	2.97	3	6	1	Ko je u vašoj kući gazda?	Кто у вас в доме хозяин?	6117854
5	7.46	2.97	3	6	1	Leti je veoma vruće u Tokiju.	Летом в Токио очень жарко.	3366152
5	7.46	3.63	2	6	1	On raste kao pečurka posle kiše.	Он растет как гриб после дождя.	1142654
5	7.46	3.22	2	7	1	Ja stanujem u starom delu velikog grada.	Я живу в старой части большого города.	1193137
5	7.46	2.38	2	7	2	Kad god došli, uvek ćete biti dobrodošli.	Когда бы вы ни пришли, вам всегда будут рады.	6818574
5	7.47	4.23	3	3	1	Dopadaš mi se.	Ты мне нравишься.	7030676
5	7.47	3.15	4	4	1	Ukradena mi je torba.	У меня украли сумку.	923578
5	7.47	2.39	2	5	3	Izvinite, ali to nije moguće.	Извините, но это невозможно.	3318077
5	7.47	2.39	2	5	3	Izvinite, ja moram da idem.	Извините, мне нужно идти.	1089052
5	7.47	3.39	3	5	1	Ptica na krovu je vrana.	Птица на крыше - это ворона.	1127200
5	7.48	3.57	4	3	1	Ti otvaraš vrata.	Ты открываешь дверь.	3353050
5	7.48	3.40	3	5	1	Ne budi drzak sa mnom!	Не дерзи мне.	6883600
5	7.48	4.07	2	5	1	Nikada ranije nisam opazila to.	Я никогда раньше этого не замечала.	5035503
5	7.48	2.15	3	6	2	Alesija ne zna da govori Engleski.	Алеся не умеет говорить по-английски.	3244897
5	7.48	2.32	4	6	1	Sport mu se uvek činio lak.	Спорт всегда даётся ему легко.	1528435
5	7.48	4.32	1	6	1	Tom je potpuno zadubljen u igru.	Том полностью погружен в игру.	3265649
5	7.48	3.23	2	7	1	U metrou je zbog nečega mnogo policije.	В метро почему-то много милиции.	1098554
5	7.49	3.91	1	5	2	Da li si nahranila psa?	Ты уже покормила псину?	1102247
5	7.49	3.41	3	5	1	Ne mešajte Austriju sa Australijom.	Не путайте Австрию с Австралией.	1200594
5	7.49	4.74	1	5	1	Sunce je pozlatilo njenu kosu.	Солнце позолотило её волосы.	1261871
5	7.49	3.49	1	6	2	To je bila veoma delikatna situacija,	Это была очень деликатная ситуация.	11060638
5	7.50	4.08	2	5	1	Razlikujemo žive i nežive objekte.	Мы различаем живые и неживые объекты.	3374219
5	7.50	4.09	2	5	1	Često pozajmljujem knjige od Toma.	Я часто беру книги у Тома.	5841959
5	7.50	2.83	2	6	2	Hajde da sačekamo još pet minuta.	Давай подождём ещё 5 минут.	2067614
5	7.50	4.34	1	6	1	Upao sam u pljusak i pokisao.	Я попал под дождь и промок.	1135343
5	7.50	3.08	1	7	2	Perje je to što čini pticu lepom.	Перья - это то, что делает птицу красивой.	3288909
5	7.50	3.50	1	8	1	Ime Kleopatra je postalo sinonim za prelepu ženu.	Имя Клеопатры стало синонимом прекрасной женщины.	3299141
5	7.51	3.43	3	5	1	Najlepši cvetovi imaju najoštrije trnje.	У самых красивых цветов самые острые шипы.	3429712
5	7.51	3.43	3	5	1	Pokazaću ti moj novi auto.	Я покажу тебе мою новую машину.	665290
5	7.51	3.43	3	5	1	Sendvič bez pršute nije sendvič.	Бутерброд без ветчины — это не бутерброд.	396704
5	7.51	2.84	2	6	2	Nemojte da stavljate ruke kroz prozor.	Не суйте руки в окно.	3414781
5	7.51	2.43	2	7	2	Svi znaju da je Mesec od sira.	Все знают, что Луна из сыра.	3306852
5	7.52	3.52	1	6	2	Hoću da se kupam u moru.	Я хочу купаться в море.	1676108
5	7.52	4.19	0	6	2	Mislim da je to slatkovodna riba.	Я думаю, это пресноводная рыба.	3265329
5	7.52	1.77	3	7	2	Daj mi malo vode, i to brzo!	Дай мне немного воды, и побыстрее!	3415065
5	7.52	2.18	3	8	1	On ima ne manje od tri stotine knjiga.	У него не меньше трёхсот книг.	1751655
5	7.52	2.01	2	8	2	Tom je počeo da uči Francuski prošle godine.	Том начал учить французский в прошлом году.	4238245
5	7.53	4.11	2	5	1	Stavite jaje u kipuću vodu.	Положите яйца в кипящую воду.	1047157
5	7.53	3.69	2	6	1	Jesi li ikad pojeo morskog ježa?	Ты когда-нибудь ел морского ежа?	6024226
5	7.53	3.53	1	6	2	Nikad nije trebalo da te poslušam.	Не надо было мне тебя слушать.	5909455
5	7.53	3.53	1	6	2	Nikad nije trebalo te da poslušam.	Не надо было мне тебя слушать.	5909454
5	7.53	1.77	3	7	2	Drago mi je da te opet vidim.	Рад снова тебя видеть.	6196058
5	7.53	1.77	3	7	2	Drago mi je da te opet vidim.	Я рад снова тебя видеть.	6196057
5	7.53	1.77	3	7	2	Drago mi je što si mi prijatelj.	Я рад, что ты мой друг.	8822171
5	7.53	1.77	3	7	2	Drago mi je što te vidim ponovo.	Я рад снова тебя видеть.	6196059
5	7.54	2.95	5	3	1	Mi smo šetali.	Мы гуляли.	1147074
5	7.54	4.20	0	6	2	Možeš da se osloniš na njega.	Можешь на него положиться.	3429973
5	7.54	3.29	2	7	1	U sobi je bilo mračno i hladno.	В комнате было темно и холодно.	3463548
5	7.54	2.20	3	8	1	Nikakve kiše tokom tri prošla meseca nije bilo.	Никакого дождя за три прошлых месяца не было.	1280735
5	7.55	2.38	4	4	2	Želim da vam pomognem.	Я хочу вам помочь.	6904293
5	7.55	3.46	3	5	1	Sviđaju mi se ovi šeširi.	Мне нравятся эти шляпы.	3411092
5	7.55	3.46	3	5	1	Često idu na piknik biciklom.	Они часто ездят на пикник на велосипеде.	5596442
5	7.55	2.88	2	6	2	Da li su ovo tvoje torbe?	Это твои сумки?	4324649
5	7.55	2.88	2	6	2	Da li su ovo vaše torbe?	Это ваши сумки?	4324651
5	7.55	3.54	1	6	2	Nisam te bio čuo da kucaš.	Я не слышал, как ты стучишь.	3395334
5	7.56	2.80	4	5	1	Ova knjiga je o zvezdama.	Это книга о звёздах.	3438840
5	7.56	4.39	1	6	1	Napisao sam mnogo rečenica na esperantu.	Я написал много предложений на эсперанто.	3440626
5	7.57	3.72	2	4	2	Kontaktna sočiva, može li?	Контактные линзы можно?	1139268
5	7.57	3.73	2	4	2	Nemoj da zatvoriš oči.	Не закрывай глаза.	3350532
5	7.57	2.64	3	5	2	Ti si umoran, zar ne?	Ты устал, правда?	3318116
5	7.57	3.56	1	6	2	Tom neće znati da sam ovde.	Том не узнает, что я здесь.	4975921
5	7.57	2.06	2	8	2	Ja mislim da je njegov život u opasnosti.	Я думаю, его жизнь в опасности.	1097796
5	7.58	3.90	3	4	1	Ti me činiš radosnim.	Ты меня радуешь.	1124622
5	7.58	2.65	3	5	2	Da li voliš crne mačke?	Ты любишь чёрных кошек?	3307024
5	7.58	3.32	2	5	2	Izgleda da sam pomešao datume.	Кажется, я перепутал даты.	7025131
5	7.58	3.48	3	5	1	Te jabuke su veoma ukusne.	Эти яблоки очень вкусные.	1051831
5	7.58	3.32	2	5	2	Volim da plivam u reci.	Я люблю плавать в реке.	3311762
5	7.58	3.07	3	6	1	On se razlikovao od drugih dečaka.	Он отличался от других мальчиков.	3535854
5	7.58	2.90	2	6	2	Pazi na pešake dok voziš auto.	Обращай внимание на пешеходов, когда ведёшь авто.	1124588
5	7.58	2.90	2	6	2	Pazi na pešake dok voziš auto.	Обращай внимание на пешеходов, когда ведёшь машину.	1124588
5	7.58	2.90	2	6	2	Pazi na pešake dok voziš auto.	Обращай внимание на пешеходов, когда ведёшь автомобиль.	1124588
5	7.58	4.40	1	6	1	Tom ima veliku čvorugu na potiljku.	У Тома большая шишка на затылке.	3292534
5	7.58	2.49	2	7	2	Ne mogu da zamislim život bez knjiga.	Я не могу себе представить жизнь без книг.	4246069
5	7.58	2.65	3	7	1	Nije bilo ni jednog oblaka na nebu.	На небе не было ни одного облака.	3439348
5	7.58	2.48	2	7	2	Volim da vodim moje ćerke u park.	Я хочу сводить моих дочерей в парк.	3440679
5	7.59	2.83	4	5	1	Mi uvozimo čaj iz Indije.	Мы импортируем чай из Индии.	1113768
5	7.59	2.41	4	6	1	U našem Institutu su najbolji predavači.	В нашем институте самые лучшие преподаватели.	1111666
5	7.60	3.50	3	5	1	Avion sleće u osam sati.	Самолёт приземляется в 8 часов.	1835592
5	7.60	3.34	2	5	2	Izgleda da sam pobrkao datume.	Кажется, я перепутал даты.	7025119
5	7.60	4.00	1	5	2	Mogu da otpevam drugu pesmu.	Я могу спеть другую песню.	5397825
5	7.60	3.09	3	6	1	Beli sneg pokrio je crvene krovove.	Белый снег укутал красные крыши.	3715063
5	7.60	3.09	3	6	1	Beli sneg pokrio je crvene krovove.	Белый снег укрыл красные крыши.	3715063
5	7.60	3.34	2	7	1	Mladi su hodali držeći se za ruke.	Молодожёны шли, взявшись за руки.	1090474
5	7.60	2.67	3	7	1	Muzej radi od devet do osamnaest časova.	Музей работает с девяти до шести.	1607294
5	7.61	3.35	2	5	2	Kada se vraćaš iz Nemačke?	Когда ты возвращаешься из Германии?	3439229
5	7.61	4.17	2	5	1	Zlato je dragocenije od gvožđa.	Золото ценится дороже, чем железо.	3366596
5	7.61	2.93	2	8	1	Juče su oni bili prvi put u Oslu.	Вчера они первый раз были в Осло.	3371860
5	7.61	2.92	2	8	1	Moj otac vratiće se kući krajem ove sedmice.	Мой папа вернётся домой на этих выходных.	1189005
5	7.61	2.93	2	8	1	Reka koja teče kroz Pariz naziva se Sena.	Река, которая течет через Париж, называется Сена.	1090510
5	7.62	4.19	2	5	1	Prevedi ove rečenice na engleski.	Переведи эти предложения на английский.	3311590
5	7.62	3.43	0	6	3	Kada porastem hoću da budem kralj.	Когда я вырасту, я хочу быть королём.	10042507
5	7.63	2.53	2	5	3	Bili smo siromašni, ali srećni.	Мы были бедными, но счастливыми.	3437802
5	7.63	2.69	3	5	2	Molim te da mi veruješ.	Пожалуйста, поверь мне.	4246083
5	7.63	2.86	4	5	1	Sve vidiš u crnim bojama.	Ты всё видишь в чёрном цвете.	4245998
5	7.63	2.52	2	7	2	Počeo sam da učim kineski prošle nedelje.	Я начал учить китайский на прошлой неделе.	3371588
5	7.63	1.69	2	7	3	Razumem više nego što mogu da kažem.	Я понимаю больше, чем могу сказать.	6883584
5	7.64	5.70	1	3	1	Tom je barbar.	Том варвар.	8472377
5	7.64	3.36	2	5	2	Izvolite, ne pušiti u sobi.	Пожалуйста, не курите в комнате.	1047305
5	7.64	2.87	4	5	1	Naše cene su se smanjile.	Наши тарифы стали меньше!	1135339
5	7.64	3.79	2	6	1	Nemate zbog čega ustajati tako rano.	Вам незачем вставать так рано.	1153985
5	7.64	1.87	3	7	2	Da li si ti muškarac ili žena?	Ты мужчина или женщина?	2925882
5	7.65	3.12	3	4	2	Ti piješ, zar ne?	Ты ведь пьешь, да?	4274656
5	7.65	3.54	3	5	1	Nemačka se graniči sa Holandijom.	Германия граничит с Голландией.	3439124
5	7.65	3.13	3	6	1	Dokument je dospeo u neprijateljske ruke.	Документ попал в руки врагов.	6484123
5	7.65	3.13	3	6	1	Dokument je dospeo u neprijateljske ruke.	Документ оказался в руках врага.	6484123
5	7.65	2.04	4	7	1	On je deset godina stariji od tebe.	Он на десять лет старше тебя.	1091360
5	7.65	2.04	4	7	1	On je tri godine stariji od mene.	Он на три года старше меня.	3333565
5	7.65	2.04	4	7	1	Tom je dve godine stariji od mene.	Том на два года старше меня.	665163
5	7.66	5.30	1	4	1	To je na ujgurskom?	Это на уйгурском?	397557
5	7.66	1.64	4	6	2	Mislim da si ti to uradio.	Я думаю, это ты сделал.	3424889
5	7.66	3.13	3	6	1	On je očistio sneg sa krova.	Он убрал снег с крыши.	3290783
5	7.66	3.21	1	7	2	Da li si ikada probao japansku hranu?	Ты когда-нибудь пробовал японскую еду?	3384606
5	7.66	2.55	2	7	2	Ništa ne može da živi bez kiseonika.	Ничто не может жить без кислорода.	3313791
5	7.67	3.56	3	5	1	Nema veće vrednosti od drugarstva.	Нет большей ценности, чем дружба.	1159984
5	7.67	2.98	2	6	2	Tom je rekao da izgledam glupo.	Том сказал, что я выгляжу глупо.	5873224
5	7.67	2.98	2	6	2	Tom je rekao da izgledam užasno.	Том сказал, что я выгляжу ужасно.	5841817
5	7.67	2.14	2	8	2	Da li su oni juče bili u biblioteci?	Они были вчера в библиотеке?	1261859
5	7.68	3.31	4	4	1	Daj mi hiljadu poljubaca.	Дай мне тысячу поцелуев.	12748852
5	7.68	2.32	3	6	2	Da li često pišete svojim roditeljima?	Вы часто пишете своим родителям?	8862139
5	7.68	3.15	3	6	1	Julije Cezar bio je rimski imperator.	Юлий Цезарь был римским императором.	1076258
5	7.68	2.48	4	6	1	On mi je čestitao na uspehu.	Он поздравил меня с успехом.	1183347
5	7.68	2.57	2	7	2	Ne krasi mesto čoveka, već čovek mesto.	Не место красит человека, а человек место.	1243597
5	7.68	2.73	3	7	1	Tog jutra Marija je obišla celo selo.	В то утро Мария обошла всё село.	4238378
5	7.68	2.73	3	7	1	Tog jutra Marija je obišla celo selo.	В то утро Мария обошла всю деревню.	4238378
5	7.68	2.81	1	8	2	Mogu li da skrenem vašu pažnju na ovo?	Я могу обратить ваше внимание на это?	1621144
5	7.69	3.99	3	4	1	Hijena je divlja životinja.	Гиена - дикое животное.	12682148
5	7.69	4.00	3	4	1	Ja jašem na biciklu.	Я ехал на велосипеде.	1150207
5	7.69	2.99	2	6	2	Možeš li da jedeš sirove ostige?	Можно ли есть сырые устрицы?	3425703
5	7.69	2.99	2	6	2	Tomo, moramo uzeti taksi do stanice.	Том, мы должны взять такси до станции.	6391908
5	7.69	3.24	1	7	2	Prema vremenskoj prognozi, sutra će padati kiša.	Согласно прогнозу погоды, завтра будет дождь.	1166855
5	7.70	4.92	1	5	1	Jesi li videla Tomovu sobu?	Ты видела комнату Тома?	5039797
5	7.70	3.16	3	6	1	Izaberi haljinu koja ti se sviđa.	Выбери платье, которое тебе нравится.	3390079
5	7.70	1.83	5	6	1	Ova knjiga mi se najmanje sviđa.	Эта книга мне меньше всего нравится.	4248679
5	7.70	3.17	3	6	1	Sviđa li ti se San Francisko?	Тебе нравится Сан-Франциско?	1457597
5	7.70	2.50	4	6	1	Većina kuća je bila potpuno uništena.	Большинство домов было полностью уничтожено.	6361130
5	7.70	2.16	2	8	2	Tom uopšte nije pametan koliko misli da jeste.	Том вообще не так умён, как думает.	8907938
5	7.71	2.68	5	4	1	Hteo bih nešto pojesti.	Я хотел бы что-нибудь поесть.	1045803
5	7.71	4.68	2	4	1	Imam keca u rukavu.	У меня туз в рукаве.	6878761
5	7.71	3.59	3	5	1	Umio sam se hladnom vodom.	Я умылся холодной водой.	3644354
5	7.72	5.10	2	2	1	Isplazite jezik!	Высуньте язык!	1484588
5	7.72	5.10	2	2	1	Isplazite jezik!	Покажите язык!	1484588
5	7.72	4.01	3	4	1	Ispekla mi je tortu.	Она испекла мне торт.	3393838
5	7.72	2.93	4	5	1	Marija je moje usvojeno dete.	Мария - мой приёмный ребёнок.	3445798
5	7.72	2.76	3	7	1	Ja još uvek nisam završio sa govorom.	Я ещё не закончил говорить.	6967209
5	7.73	3.77	4	3	1	Mi mrzimo paukove.	Мы терпеть не можем пауков.	3429970
5	7.73	2.94	4	5	1	Ceo gradić mi se smejao.	Весь городок смеялся надо мной.	3501826
5	7.73	2.77	3	5	2	Da li si ti studentkinja?	Ты студентка?	478768
5	7.73	2.77	3	5	2	Ja sam studentkinja, a ti?	Я студентка, а ты?	6971762
5	7.73	2.28	5	5	1	Mi smo doživeli tri rata.	Мы пережили три войны.	3396040
5	7.73	4.28	2	5	1	Tom je otpio veliki gutljaj.	Том отпил большой глоток.	4251400
5	7.73	2.53	4	6	1	Ova stolica je napravljena od plastike.	Этот стул сделан из пластика.	3438847
5	7.74	3.62	3	5	1	Maria je kupila sebi mikroskop.	Мария купила себе микроскоп.	4434771
5	7.74	3.62	3	5	1	Mario je kupio sebi mikroskop.	Марио купил себе микроскоп.	4434770
5	7.74	2.36	3	6	2	Da li su mi crvene uši?	У меня красные уши?	4324623
5	7.74	2.36	3	6	2	Da li su mi uši crvene?	У меня уши красные?	4324625
5	7.74	3.70	1	6	2	Marija je odlučila da ga otruje.	Мария решила его отравить.	3499796
5	7.74	3.95	0	7	2	Da li je ovo pastuv ili kobila?	Это жеребец или кобыла?	3434471
5	7.74	4.12	1	7	1	On je stavio knjigu na pisaći sto.	Он положил книгу на письменный стол.	3298968
5	7.74	3.45	2	7	1	Tom je izgledao mnogo drugačije nakon šišanja.	Том выглядел совсем по-другому после стрижки.	6882590
5	7.75	4.96	1	3	2	Nemoj da preuveličavaš.	Не преувеличивай.	4995933
5	7.75	4.46	3	3	1	Razumećeš jednog dana.	Когда-нибудь ты поймёшь.	6728722
5	7.75	2.38	3	6	2	U čemu mogu da vam pomognem?	Чем могу Вам помочь?	1178228
5	7.75	3.46	2	7	1	Danas smo čuli priču o izdvajanju biogasa.	Нам сегодня рассказали историю про извлечение биогаза.	398473
5	7.76	2.97	4	5	1	On slabo kontaktira sa ljudima.	Он плохо контактирует с людьми.	1135349
5	7.76	3.22	3	6	1	Voda ključa na sto stepeni Celzijusa.	Вода кипит при 100 градусах Цельсия.	4248495
5	7.76	2.80	3	7	1	Moj ujak je kupio meni tu knjigu.	Мой дядя купил для меня эту книгу.	1135338
5	7.77	3.64	3	5	1	Naš časopis traži nove pretplatnike.	Наш журнал ищет новых подписчиков.	1228632
5	7.77	2.81	3	5	2	Ti si usamljen, je li?	Тебе одиноко, да?	3484428
5	7.77	3.23	3	6	1	Uvek govori o vladi sa prezirom.	Всегда говори о власти с презрением.	1045872
5	7.77	1.97	3	7	2	Jezik sile je jedino što oni razumeju.	Язык силы - единственное, что они понимают.	3541324
5	7.77	2.81	3	7	1	Moj brat nije zadovoljan svojim novim autom.	Мой брат недоволен своей новой машиной.	3391310
5	7.78	4.57	1	6	1	U mom početku je moj kraj.	В моём начале есть мой конец.	5848408
5	7.78	2.40	3	6	2	Zašto želiš da pričaš sa mnom?	Почему ты хочешь со мной поговорить?	3360338
5	7.78	2.65	2	7	2	Da li si kupio hranu za mačke?	Ты купил еду для кошек?	4644961
5	7.78	2.65	2	7	2	Da li si kupio hranu za mačke?	Ты купил корм для кошек?	4644961
5	7.78	2.65	2	7	2	Hajdemo na želežničku stanicu da kupimo karte.	Пойдём на железнодорожный вокзал и купим билеты.	3650883
5	7.78	2.81	3	7	1	On svakih pola sata trči u laboratoriju.	Он каждые полчаса бежит в лабораторию.	396726
5	7.78	1.98	3	7	2	Tom ne želi da priča sa mnom.	Том не хочет со мной разговаривать.	3402627
5	7.78	2.23	2	8	2	Imaš li papir na kom mogu da pišem?	У тебя есть бумага, на которой можно писать?	4248866
5	7.79	2.99	4	3	2	Gospodine, moj šešir!	Господин, моя шляпа!	3254293
5	7.79	3.41	4	4	1	Ne ostavljaš mi izbora.	Ты не оставляешь мне выбора.	3430959
5	7.79	4.33	2	5	1	Na stolu stoji flaša vina.	На столе стоит бутылка вина.	6936607
5	7.79	2.82	3	7	1	Dopadaju mi se ljudi koji se šale.	Мне нравятся люди с юмором.	1266660
5	7.80	3.00	4	5	1	Pokaži mi šta si kupio.	Покажи мне, что ты купил.	3366752
5	7.80	2.25	2	6	3	Nisam imao pojma, šta da napišem.	Я понятия не имел, что мне написать.	5874038
5	7.81	3.43	4	4	1	Pokazaću vam nekoliko slika.	Я покажу вам несколько фотографий.	1055415
5	7.81	2.43	3	6	2	Da li su ti čiste ruke?	У тебя чистые руки?	3292435
5	7.81	2.01	3	7	2	Da li ti je ovo prvi ispit?	Это твой первый экзамен?	4250208
5	7.82	3.68	3	5	1	Kreč se meša sa vodom.	Известь смешивается с водой.	3472735
5	7.82	2.93	1	6	3	Kada si započeo da učiš engleski?	Когда ты начал учить английский?	938947
5	7.83	2.44	3	6	2	Ne želim da me ljudi mrze.	Я не хочу, чтобы люди меня ненавидели.	3394932
5	7.83	3.27	3	6	1	Nebo je vedro skoro svakog dana.	Небо ясное почти каждый день.	1610008
5	7.83	1.28	1	8	4	Da, ja mislim da je to u redu.	Да, я думаю, это в порядке.	1384472
5	7.84	3.45	4	4	1	Potraži u žutim stranama!	Поищи в "жёлтых страницах".	931817
5	7.84	5.70	0	5	1	Mamino srce nikada ne greši.	Материнское сердце никогда не ошибается.	5650883
5	7.84	3.04	4	5	1	Mariji su potrebne nove pantalone.	Марии нужны новые брюки.	3469430
5	7.84	5.70	0	5	1	Nikad se nećemo vratiti tamo.	Мы никогда туда больше не вернёмся.	4983352
5	7.84	3.04	4	5	1	Tom je Mariji sve objasnio.	Том всё объяснил Марии.	3365358
5	7.84	2.62	4	6	1	Zašto ti treba tako puno cipela?	Зачем тебе столько обуви?	4237980
5	7.85	2.63	4	6	1	Moja tetka mi je dala cveće.	Моя тетя дала мне цветы.	3477634
5	7.85	3.12	2	6	2	Ne zaboravi da piješ dosta vode.	Не забывай пить достаточное количество воды.	11060633
5	7.85	3.95	2	6	1	Šta kažeš na malo čokoladnog sira?	Как насчёт шоколадного сыра?	414145
5	7.85	3.12	2	6	2	Šta planiraš da radiš ovog leta?	Что ты планируешь делать этим летом?	4238339
5	7.85	3.12	2	6	2	Šta planiraš da radiš ovog leta?	Чем ты планируешь заниматься этим летом?	4238339
5	7.85	2.96	1	8	2	Možeš li da govoriš glasnije? Ne čujem te.	Можешь говорить погромче? Я тебя не слышу.	3327812
5	7.86	3.63	0	6	3	Neophodno je da prestaneš da pušiš.	Тебе необходимо бросить курить.	1076700
5	7.86	4.47	0	6	2	To je moj posao, ne Tomov.	Это моя работа, а не Тома.	5024449
5	7.86	3.39	1	7	2	Moj prijatelj mora da putije u Oslo.	Мой друг должен поехать в Осло.	3445914
5	7.86	2.89	3	7	1	Tom je otvorio prozore u spavaćoj sobi.	Том открыл окна в спальне.	4250300
5	7.87	3.48	4	4	1	Sada je on zauzet.	Сейчас он занят.	3473455
5	7.87	3.48	4	4	1	Sutra ću biti zauzet.	Завтра я буду занят.	2263619
5	7.87	3.72	3	5	1	Žirafe imaju veoma dugačke vratove.	У жирафов очень длинные шеи.	395209
5	7.87	3.98	2	6	1	Gde su sakrili svoju špijunsku opremu?	Где они спрятали своё шпионское снаряжение?	3370093
5	7.87	3.31	3	6	1	Išao sam u školu sa Tomom.	Я ходил в школу с Томом.	3435911
5	7.87	3.98	2	6	1	Japanci jedu bolju govedinu od Britanaca.	Японцы едят больше говядины, чем британцы.	1080461
5	7.88	3.32	3	6	1	Ja plivam tako dobro kao ti.	Я плаваю так же хорошо, как и ты.	3547621
5	7.88	2.07	3	7	2	Sutra ću da kupim šta mi treba.	Завтра я куплю то, что мне нужно.	4262021
5	7.88	3.82	1	8	1	On je jedini Amerikanac koji je preplivao Lamanš.	Он единственный американец, который переплыл Ла-Манш.	1133547
5	7.88	3.15	2	8	1	Tom će se vratiti iz Bostona sledećeg ponedeljka.	Том вернётся из Бостона в следующий понедельник.	4782060
5	7.89	2.74	2	7	2	Da li je on izgubio obe ruke?	Он потерял обе руки?	3290357
5	7.90	3.09	4	5	1	Gramatika je izuzetno složena stvar.	Грамматика — очень сложная вещь.	401605
5	7.90	3.09	4	5	1	Nešto mu utiče na nerve.	Что-то действует ему на нервы.	3501818
5	7.90	4.00	2	6	1	Alpski pejzaži su me neizmerno zadivili.	Альпийские пейзажи произвели на меня неизгладимое впечатление.	1076686
5	7.90	4.25	1	7	1	Delovao si glupo i platićeš za to.	Ты действовал глупо и заплатишь за это.	1153337
5	7.90	1.83	4	8	1	Sviđa nam se ista hrana i ista muzika.	Нам нравится одна и та же еда и одна и та же музыка.	3469691
5	7.91	4.01	2	6	1	Budite ljubazni pa iskopirajte ovu stranicu.	Пожалуйста, скопируйте эту страницу.	1232298
5	7.91	3.59	2	7	1	Buš je bio sledeći predsednik posle Regana.	Буш был следующим президентом после Рейгана.	1135333
5	7.91	2.26	4	7	1	Kod nas je dugo trajalo lepo vreme.	У нас был долгий период хорошей погоды.	1085941
5	7.91	3.01	1	8	2	Bilo je loše vreme, pa je avion kasnio.	Была плохая погода, и самолёт опоздал.	3328734
5	7.92	2.94	3	5	2	Daću ti sve što želiš.	Я дам тебе всё, что ты хочешь.	2797705
5	7.93	3.78	3	5	1	Lejla ima širok krug prijatelja.	У Лейлы широкий круг друзей.	6024225
5	7.93	1.69	3	8	2	Sve što imaš će jednog dana imati tebe.	Всё, что ты имеешь, будет однажды иметь тебя.	4248512
5	7.94	3.12	4	5	1	Greškom sam uzeo tvoj kišobran.	Я по ошибке взял твой зонтик.	3425160
5	7.94	3.62	2	5	2	Koliko jezika govoriš, toliko vrediš.	На скольких языках ты говоришь, настолько ты ценишься.	1185068
5	7.94	3.87	1	6	2	Da li se interesujete za politiku?	Вы интересуетесь политикой?	908607
5	7.94	2.53	3	6	2	Volim da dobijam pisma od prijatelja.	Я люблю получать письма от друзей.	3440680
5	7.94	2.11	3	7	2	Dao joj je sve što je tražila.	Он дал ей все, что она просила.	3425892
5	7.95	4.29	1	5	2	Ne možeš da nas otpustiš.	Ты не можешь нас отпустить.	7153856
5	7.95	4.29	1	5	2	Ne možeš da nas otpustiš.	Ты не можешь нас уволить.	7153856
5	7.96	2.47	5	5	1	Tom nije zainteresovan za nauku.	Том не интересуется наукой.	3395356
5	7.96	2.97	3	5	2	Volim da studiram strane jezike.	Мне нравится изучать иностранные языки.	2652557
5	7.96	2.05	5	6	1	Moja sestra mi je otvorila vrata.	Моя сестра открыла мне дверь.	3244887
5	7.97	4.23	3	4	1	Ti si mali lažljivac.	Ты маленький лжец.	5848216
5	7.97	3.14	4	5	1	Glasina se proširila celim gradom.	Слух распространился по всему городу.	4248670
5	7.97	2.98	3	7	1	Sveća mog života uskoro će se ugasiti.	Свеча моей жизни скоро потухнет.	13205684
5	7.98	3.15	4	5	1	Mama će nam kupiti štene.	Мама купит нам щенка.	4784559
5	7.98	2.48	5	5	1	Mi smo juče igrali košarku.	Вчера мы играли в баскетбол.	1135269
5	7.98	2.56	3	6	2	Prvo želim da ti pokažem nešto.	Сначала я хочу кое-что тебе показать.	4249122
5	7.99	2.99	3	5	2	Nemoj da jedeš kao svinja.	Не ешь как свинья.	3535661
5	7.99	2.58	3	6	2	Da li ti treba hitna pomoć?	Тебе нужна скорая помощь?	3366397
5	7.99	2.58	3	6	2	Izvinite, ja sam izgubio moj nož.	Извините, я потерял мой нож.	3395231
5	7.99	2.58	3	6	2	Izvinite, ja sam izgubio moj nož.	Извините, я потерял свой нож.	3395231
5	7.99	4.74	1	6	1	Ultravioletni zraci su opasni za nas.	Ультрафиолетовые лучи опасны для нас.	1124620
5	7.99	1.91	4	6	2	Šta ti misliš da sam radio?	Что, ты думаешь, я делал?	3644372
5	7.99	2.99	3	7	1	Uvek se unervozim pred izlazak na pozornicu.	Я всегда нервничаю перед выходом на сцену.	8820518
5	7.99	2.83	2	7	2	Zaljubljen sam, i nisam srećan zbog toga.	Я влюблён и от этого несчастен.	4246904
5	8.00	3.16	4	5	1	Sudbina mu je bila naklonjena.	Судьба была к нему благосклонна.	7003501
5	8.00	2.75	4	6	1	Planina je pokrivena snegom cele godine.	Гора покрыта снегом круглый год?	3264409
5	8.00	3.75	0	6	3	Šta želiš da budeš kada porasteš?	Кем ты хочешь стать, когда вырастешь?	3267224
5	8.00	2.16	3	7	2	Ljudi kažu da je Tom veoma pametan.	Говорят, Том очень умный.	8908013
5	8.00	2.42	2	8	2	Od čega treba da se sastoji zdrav doručak?	Из чего должен состоять здоровый завтрак?	1946227
5	8.01	4.51	2	5	1	Pivske flaše su od stakla.	Пивные бутылки делают из стекла.	1072145
5	8.01	2.59	3	6	2	Molim Vas, ne brinite o meni!	Пожалуйста, не беспокойтесь обо мне!	1221215
5	8.01	3.43	3	6	1	Tom je otrčao do svog automobila.	Том побежал к своему автомобилю.	4247171
5	8.02	4.10	2	6	1	Ja sam pročitao Koran dva puta.	Я прочитал Коран два раза.	5598819
5	8.02	3.69	2	7	1	Tom je polomio nogu u biciklističkoj nezgodi.	Том сломал ногу в велосипедной аварии.	4243348
5	8.02	2.60	3	8	1	Dva puta sam se popeo na planinu Fudži.	Я два раза поднимался на гору Фудзи.	3318083
5	8.03	4.03	4	3	1	Sada je prehlađen.	Он сейчас простывший.	3369428
5	8.03	2.78	4	6	1	Ova knjiga je štampana u Engleskoj.	Эта книга напечатана в Англии.	3535747
5	8.03	2.78	4	6	1	Ova knjiga štampana je u Engleskoj.	Эта книга напечатана в Англии.	1086194
5	8.03	1.94	4	6	2	Sigurna sam da si im potrebna.	Я уверена, что ты им нужна.	4972276
5	8.03	3.27	2	6	2	Voli da od muve pravi slona.	Он любит делать из мухи слона.	6951329
5	8.03	2.36	4	7	1	Ona nije bila pomenuta u njegovom testamentu.	Она не была упомянута в его завещании.	1214515
5	8.03	2.44	2	8	2	Na severu su zime duge, a leta kratka.	На севере зимы длинные, а лета короткие.	3484066
5	8.04	3.45	3	6	1	Sviđa mi se ovaj crtani film.	Мне нравится этот мультфильм.	8840055
5	8.04	1.45	6	6	1	Vi biste mogli biti u pravu.	Вы могли бы быть правы.	1127176
5	8.05	4.54	2	3	2	Nemojte da preuveličavate.	Не преувеличивайте.	4995935
5	8.05	4.96	2	4	1	Oni su se svadili.	Они поссорились.	1127256
5	8.05	3.87	3	5	1	Sviđa mi se instrumentalna muzika.	Мне нравится инструментальная музыка.	3387077
5	8.05	1.71	5	7	1	On ne zna gde bi trebao biti.	Он не знает, где должен быть.	401018
5	8.06	3.30	2	6	2	Da li su zrele ove banane?	Эти бананы спелые?	3250559
5	8.06	2.80	4	6	1	Moj ujak mi je dao poklon.	Мой дядя подарил мне подарок.	3256199
5	8.06	3.71	2	7	1	Kanada je zemlja-majka hokeja na ledu.	Канада - родина хоккея на льду.	4243222
5	8.07	5.22	1	5	1	On je sagorio svoju mladost.	Он прожег свою молодость.	1183345
5	8.08	4.32	3	4	1	Imam mnogo prijatelja esperantista.	У меня много друзей-эсперантистов.	1076269
5	8.08	3.23	4	5	1	Neko mi je ukrao torbicu.	Кто-то украл у меня сумочку.	1457591
5	8.08	4.57	2	5	1	Zamislite sebe na mom mestu.	Представьте себя на моём месте.	6289860
5	8.08	2.65	3	6	2	Da li ti to meni govoriš?	Ты это мне говоришь?	3418559
5	8.08	2.65	3	6	2	Ja mislim da me ti razumeš.	Я думаю, что ты меня понимаешь.	3469793
5	8.08	2.48	2	6	3	Kada si počeo da pišeš pesme?	Когда ты начал писать песни?	4248765
5	8.08	3.49	3	6	1	Norveška ima dosta starih praznih štala.	В Норвегии достаточно старых заброшенных конюшен и коровников.	3492511
5	8.09	3.49	3	6	1	Na prozorima su saksije sa cvećem.-	На окнах горшки с цветами.	1157224
5	8.10	5.00	2	4	1	Pevali su havajske pesme.	Они пели гавайские песни.	4246726
5	8.10	2.83	4	6	1	Mi pijemo u zdravlje naših prijatelja.	Мы пьём за здоровье наших друзей.	1088260
5	8.10	3.75	2	7	1	Njegova žena uveče i ujutro muze krave.	Его жена утром и вечером доит коров.	1498246
5	8.10	1.83	3	8	2	Ne sviđa mi se da idem u školu.	Я не люблю ходить в школу.	3439354
5	8.10	2.67	3	8	1	Tajna kreativnosti je znati kako sakriti svoje izvore.	Секрет креативности - знать, как скрыть свои источники.	3269648
5	8.11	2.25	3	7	2	Oni su ti koji žele da odu.	Это те, кто хочет пойти.	4967461
5	8.11	2.51	2	8	2	On je počeo da rano leže na spavanje.	Он начал рано ложиться спать.	1293950
5	8.12	2.68	3	6	2	Mogu li da trčim sa tobom?	Я могу побегать с тобой?	3418722
5	8.13	3.94	3	5	1	Dajte zrnevlje pticama u dvorištu!	Дайте птицам во дворе зерна!	3413878
5	8.13	3.94	3	5	1	Koliko ste Šekspirovih tragedija pročitali?	Сколько трагедий Шекспира вы читали?	1157205
5	8.13	3.94	3	5	1	Lavine predstavljaju opasnost za alpiniste.	Лавины представляют опасность для альпинистов.	3501835
5	8.13	3.27	4	5	1	Moj sat mora biti popravljen.	Мои часы нужно починить.	3343439
5	8.13	2.53	2	6	3	Da li možete da zasmejete Toma?	Вы можете рассмешить Тома?	5024896
5	8.13	2.53	2	8	2	Moj otac me je zamolio da otvorim vrata.	Мой отец попросил меня открыть дверь.	1133563
5	8.13	2.02	4	8	1	Prošle godine u nas je bilo mnogo snega.	В прошлом году у нас было много снега.	1178214
5	8.13	2.02	4	8	1	Rođen je u malom selu na jugu Turske.	Он родился в маленькой деревне на юге Турции.	4238269
5	8.14	3.11	3	5	2	Ja sam mislio, ti spavaš.	Я думал, ты спишь.	3518000
5	8.14	2.45	4	5	2	Čoveče, ostavi me na miru!	Человек, оставь меня в покое!	1074623
5	8.14	3.53	3	6	1	Ja nikada nisam video crvene frižidere.	Я никогда не видел красных холодильников.	1157199
5	8.14	3.11	3	7	1	Padale su mu na um čudne misli.	На ум ему приходили странные мысли.	1098604
5	8.14	2.37	1	8	3	Ako si pročitao knjigu, vrati je u biblioteku.	Если ты прочитал книгу, то верни её в библиотеку.	3503799
5	8.15	3.29	4	5	1	Zoološki vrt je zatvoren ponedeljkom.	Зоопарк закрыт по понедельникам.	4250311
5	8.15	3.55	3	6	1	Koliko arbitara učestvuje u fudbalskoj utakmici?	Сколько арбитров участвует в футбольном матче?	2044008
5	8.15	1.62	4	7	2	Želim da znam ko ide sa nama.	Я хочу знать, кто идёт с нами.	3243468
5	8.15	2.38	1	8	3	Ziro, nije neophodno da sutra ideš u školu.	Дзиро не нужно сегодня идти в школу.	2067618
5	8.16	3.13	3	5	2	Da li se Tomu sviđa?	Тому нравится?	8841677
5	8.16	3.13	3	5	2	Mislim da Tomu treba pomoć.	Я думаю, Тому нужна помощь.	4975985
5	8.16	3.13	3	5	2	Reci Tomu da sam spreman.	Скажи Тому, что я готов.	4781303
5	8.16	3.13	3	5	2	Reci Tomu da sam spremna.	Скажи Тому, что я готова.	4781305
5	8.17	2.06	4	6	2	Da li si ostavio otvoren prozor?	Ты оставил окно открытым?	3425265
5	8.17	2.98	2	7	2	Tom je rekao da ne izgledam pametno.	Том сказал, что я выгляжу не умно.	5873221
5	8.17	3.39	2	8	1	Tom je jutros otišao ne završivši svoj doručak.	Том сегодня утром ушёл, не закончив завтракать.	4790640
5	8.19	2.99	2	7	2	Interesantno, zbog čega se ona tako uznemirava.	Интересно, почему она так беспокоится.	1098608
5	8.20	4.34	0	7	2	Razume se, tu novost zapamtiću veoma dobro.	Конечно, я помню новость очень хорошо.	2037940
5	8.20	3.16	3	7	1	Reci mi gde će se prirediti susret.	Скажи мне, где будет проводиться встреча.	1457631
5	8.21	2.42	6	4	1	Sezona lova je završena.	Сезон охоты закрыт.	4972322
5	8.21	4.68	2	5	1	Pretplatila sam dva periodična izdanja.	Я подписался на два периодических издания.	1261857
5	8.21	2.09	4	6	2	Interesantno, šta ona misli tim rečima.	Интересно, что она имеет в виду под этими словами?	1080458
5	8.22	3.85	2	5	2	Moramo da sačekamo zakašnjenje voza.	Нам следует ожидать задержку поезда.	1621130
5	8.22	2.27	5	6	1	Nastavnik nam je objasnio značenje reči.	Учитель объяснил нам значение слова.	1178221
5	8.22	2.27	5	6	1	Tom je verovatno rođen u Australiji.	Том, вероятно, родился в Австралии.	5308596
5	8.22	2.10	4	8	1	On nije imao apsolutno ništa zajedničkog sa nama.	Он не имел абсолютно ничего общего с нами.	3465638
5	8.23	3.86	2	5	2	Nemojte da govorite punih ustiju.	Нельзя говорить с набитым ртом.	1676095
5	8.24	3.62	3	6	1	Priča me je dirnula do suza.	Рассказ тронул меня до слёз.	1312279
5	8.24	2.95	4	6	1	To se kosi s mojim principima.	Это противоречит моим принципам.	3243318
5	8.24	2.61	2	8	2	Da li poznajete nekog lekara koji zna japanski?	Вы знаете какого-нибудь врача, который говорит по-японски?	1185031
5	8.25	4.46	3	4	1	Ima mnogo neiskrenih ljudi.	Есть много неискренних людей.	3484082
5	8.25	3.96	0	6	3	Požuri, inače ćeš da propustiš avion.	Поспеши, а то опоздаешь на самолёт.	3356007
5	8.25	4.96	1	6	1	Verovatno nikad više neću koristiti ovo.	Видимо, я никогда больше не буду этим пользоваться.	5035386
5	8.25	2.54	4	7	1	U mojoj ulici su mnoge višespratne kuće.	На моей улице много многоэтажных домов.	1189023
5	8.25	3.29	1	8	2	Bolje vrabac u ruci, nego golub na grani.	Лучше синица в руках, чем журавль в небе.	1082341
5	8.26	1.64	6	6	1	Ja bih to bolje uradio sam.	Я бы лучше сделал это сам.	5557559
5	8.26	2.97	4	6	1	U našoj školi je mnogo učionica.	В нашей школе много учебных кабинетов.	1657958
5	8.26	3.05	2	7	2	Prestao sam da pušim pre dve godine.	Я бросил курить два года назад.	1312258
5	8.26	2.63	2	8	2	Mislim da sam već video tog momka negde.	Думаю, я уже этого парня где-то видел.	4246920
5	8.27	3.64	3	6	1	Izvinite. To je bilo jednostavno ogovaranje.	Извините. Это была просто оговорка.	1195471
5	8.27	3.64	3	6	1	Nekoliko puta sam plesala sa Tomom.	Я несколько раз танцевала с Томом.	8841988
5	8.27	3.06	2	7	2	Hajdemo na železničku stanicu da kupimo karte.	Пойдём на железнодорожный вокзал и купим билеты.	6882615
5	8.27	3.23	3	7	1	Ona se zaista može ponositi svojom kćerkom.	Она действительно может гордиться своей дочерью.	1074420
5	8.27	3.06	2	7	2	Volim da nosim suknje dužine do kolena.	Мне нравится носить юбки до колен.	6532969
5	8.28	4.48	3	4	1	Počinjem sa tridesetom stranom.	Начинаем с тридцатой страницы.	1261852
5	8.28	5.40	1	5	1	Gladni kučići laju na ulici.	Голодные щенки лают на улице.	396698
5	8.28	3.65	3	6	1	Moj avion poleće u šest časova.	Мой самолёт вылетает в шесть часов.	1051811
5	8.28	4.32	2	6	1	On je zadubljen u učenje latinskog.	Он погружён в изучение латыни.	3384496
5	8.28	4.57	1	7	1	Danas u mom gradu pada gust sneg.	Сегодня у нас в городе идёт густой снег.	3715053
5	8.28	2.65	2	8	2	Da li su bile neke čaše na stolu?	На столе были какие-нибудь стаканы?	3327891
5	8.29	2.57	4	7	1	Moja sestra je to videla sopstvenim očima.	Моя сестра видела это своими собственными глазами.	914580
5	8.30	3.08	2	5	3	Da li imaš brata, Petre?	Пётр, у тебя есть брат?	3438774
5	8.32	4.10	3	5	1	Utrnula mi je leva noga.	У меня левая нога затекла.	6905790
5	8.32	4.77	2	5	1	Voleću te do kraja života.	Я буду любить тебя до конца жизни.	3535527
5	8.32	3.77	1	7	2	Šta je bilo prvo, kokoš ili jaje?	Что было раньше, курица или яйцо?	3370014
5	8.33	1.77	4	7	2	Drago mi je da vas opet vidim.	Я рад вас видеть снова.	6960911
5	8.33	1.77	4	7	2	Drago mi je da vas opet vidim.	Я рад снова Вас видеть.	6960911
5	8.33	2.61	4	7	1	Molim te dođi najkasnije do osam sati.	Пожалуйста, приди самое позднее к восьми часам.	3278263
5	8.33	2.61	4	7	1	Molim te dođi najkasnije do osam sati.	Пожалуйста, приди не позже восьми часов.	3278263
5	8.35	2.54	6	4	1	Hteo bih neki kolač.	Я хотел бы какое-нибудь пирожное.	1052185
5	8.35	3.04	4	4	2	Kada je sagrađen zamak?	Когда был построен замок?	10042620
5	8.35	2.20	4	6	2	Da li vam se sviđa Moskva?	Вам нравится Москва?	3440838
5	8.36	3.22	5	4	1	Hteo bih šoljicu kafe.	Я бы хотел чашку кофе.	1221193
5	8.36	3.05	4	6	1	Moj ujak mi je darovao fotoaparat.	Мой дядя подарил мне фотоаппарат.	1384468
5	8.36	2.47	3	7	2	Treba samo da mu daš ovu knjigu.	Тебе нужно просто дать ему эту книгу.	3363692
5	8.36	4.89	0	8	1	Ovo je moja majka. Ona se zove Beatrisa.	Это моя мама. Её зовут Беатриса.	2153164
5	8.37	3.48	4	5	1	Moj otac je trenutno zauzet.	Мой отец в данный момент занят.	3304230
5	8.37	3.31	3	7	1	Mnogo puta sam igrao golf sa Tomom.	Я много раз играл с Томом в гольф.	5035344
5	8.37	3.14	2	7	2	Morali smo da zatvorimo prozor zbog komaraca.	Нам пришлось закрыть окно из-за комаров.	3440226
5	8.38	4.32	4	3	1	Zvezde su treperile.	Звёзды сверкали.	1166854
5	8.38	4.15	3	5	1	Ti se ponosiš svojim ocem.	Ты гордишься своим отцом?	1091324
5	8.38	3.15	2	7	2	Ja vas molim da ispravite moje greške.	Я прошу вас исправить мои ошибки.	3474686
5	8.39	2.83	5	5	1	Svi ispiti sada su završeni.	Все экзамены сейчас закончились.	1046929
5	8.39	2.49	3	7	2	Mislila sam da ideš u Bostom autobusom.	Я думала, ты поедешь в Бостон на автобусе.	4250262
5	8.39	2.49	3	7	2	Pitala je da li mi treba taksi.	Она спросила, нужно ли мне такси.	3439364
5	8.39	2.58	1	8	3	Moraš to da uradiš, hteo to ili ne.	Ты должен это сделать, хочешь ты этого или нет.	3307134
5	8.39	2.58	1	8	3	Moraš to da uradiš, hteo to ili ne.	Ты должна это сделать, хочешь ты этого или нет.	3307134
5	8.40	2.75	2	8	2	Glavni grad Crne Gore je Podgorica, nekadašnji Titograd.	Столица Черногории - Подгорица, когда-то называвшаяся Титоградом.	1214556
5	8.41	2.59	6	4	1	Držite vaše oči otvorene.	Держите ваши глаза открытыми.	5552556
5	8.41	2.67	4	7	1	Ruke su joj bile hladne kao led.	Руки у неё были холодные как лёд.	7009896
5	8.41	2.76	2	8	2	Računari treba da se drže van spavaće sobe.	Компьютеры нужно размещать за пределами спальни.	3484134
5	8.42	4.60	3	4	1	Vratite mi moju flašu.	Верните мне мою бутылку.	4273217
5	8.42	4.18	3	5	1	Danas je tvojoj ćerki rođendan.	Сегодня день рождения твоей дочери.	3425426
5	8.43	2.27	4	6	2	Ti si obavezan da bolje radiš.	Ты должен больше работать.	1098599
5	8.43	3.44	1	8	2	Ja ne mogu da trpim ovu glupu ženu.	Я терпеть не могу эту глупую женщину.	1088291
5	8.44	3.20	2	7	2	Da li ste vi preveli tu knjigu?	Вы перевели ту книгу?	4116542
5	8.45	3.46	1	6	3	Ako izlaziš, molim te zatvori vrata.	Как уйдёшь, пожалуйста, закрой дверь.	665364
5	8.46	3.97	4	4	1	Na kome spratu stanujete?	На каком этаже вы живёте?	1189033
5	8.46	5.30	2	4	1	Volim svog biseksualnog dečka!	Я люблю своего парня-бисексуала!	4264046
5	8.46	4.89	2	5	1	Iznenada oblaci su zatamnili nebo.	Внезапно небо потемнело от затянувших его туч.	1054859
5	8.46	2.72	4	5	2	Želim da im pošaljem pismo.	Я хочу отправить им письмо.	13692367
5	8.46	3.80	3	6	1	Sviđa mi se norveški kozji sir.	Мне нравится норвежский козий сыр.	3477956
5	8.46	1.30	3	8	3	Ako ne postoji rešenje, onda nema ni problema.	Если нет решения, то нет и проблемы.	3435326
5	8.47	2.14	3	8	2	Da li je bilo mnogo ljudi u biblioteci?	В библиотеке было много людей?	11060293
5	8.48	4.07	2	7	1	Ima li ovde nekog ko govori esperanto?	Здесь есть кто-нибудь, кто говорит на эсперанто?	3479637
5	8.49	2.66	6	4	1	Naše je vreme ograničeno.	Наше время ограничено.	3366078
5	8.49	3.57	4	5	1	Kažite imena najvećih pritoka Dunava.	Назовите крупные притоки Дуная.	1533455
5	8.49	2.99	3	6	2	Možeš li da jedeš sirove oštrige?	Можно ли есть сырые устрицы?	6362512
5	8.49	3.00	3	8	1	Došao je u Tokio u potrazi za poslom.	Он приехал в Токио в поисках работы.	884476
5	8.51	3.51	1	6	3	Dok se mačka šeta, miševi praznuju.	Кот за двери - мыши в пляс.	1124541
5	8.51	3.01	3	6	2	Zbog lošeg vremena, avion je kasnio.	Самолёт опоздал из-за плохой погоды.	5919385
5	8.51	2.59	3	7	2	Jabuke su obično zelene, žute ili crvene.	Яблоки обычно бывают зеленые, желтые или красные.	3350451
5	8.51	4.09	2	7	1	Juče sam završio učenje esperanta na Duolingu.	Вчера я закончил изучать эсперанто на Дуолинго.	4240649
5	8.51	2.59	3	7	2	Možete li da mi promenite jedan dolar?	Вы можете разменять мне один доллар?	3256385
5	8.51	2.84	2	8	2	Ona voli da se oblači u tamne boje.	Она любит одеваться в тёмное.	3394995
5	8.52	4.35	1	6	2	Ko te je naučio da plešeš?	Кто научил тебя танцевать?	3245593
5	8.52	3.01	3	6	2	Uvek držim prozor otvorenim dok spavam.	Я всегда держу окно открытым, когда сплю.	5028570
5	8.52	2.60	3	7	2	Tom reče da se šeta svakog dana.	Том сказал, что он каждый день гуляет.	6937856
5	8.53	4.03	4	4	1	On je sada prehlađen.	Он сейчас простывший.	3369426
5	8.53	3.03	3	6	2	Malo studenata može da čita Latinski.	Немногие из студентов могут читать по-латински.	3341498
5	8.53	3.03	3	6	2	Malo učenika može da razume Latinski.	Немногие ученики могут понять латынь.	3341500
5	8.53	3.02	3	6	2	Molim te, pošalji mi tvoju sliku.	Пожалуйста, пришли мне свою фотографию.	4782939
5	8.53	3.44	3	7	1	U Nemačkoj se priča puno različitih dijalekata.	В Германии говорят на многих разных диалектах.	843642
5	8.55	3.21	4	4	2	Moraš da nam pomogneš.	Ты должен нам помочь.	3644985
5	8.55	3.21	4	4	2	Moraš da nam pomogneš.	Ты должна нам помочь.	3644985
5	8.55	3.46	3	5	2	Ah, kakve su to besmislice!	Да ну, бред какой-то!	5651605
5	8.55	2.37	4	6	2	Sudbina meša karte, a mi igramo.	Судьба тасует карты, а мы играем.	6289865
5	8.55	1.96	4	7	2	Govori se da ona rođena u Nemačkoj.	Говорят, что она родилась в Германии.	3439207
5	8.55	2.37	4	8	1	Pre mnogo godina postojale su različite jedinice dužine.	Много лет назад существовали различные единицы длины.	5601710
5	8.56	2.97	5	5	1	Danas je nebo pokriveno oblacima.	Сегодня небо покрыто облаками.	5843301
5	8.56	2.97	5	5	1	Nebo je danas pokriveno oblacima.	Небо сегодня покрыто тучами.	1183312
5	8.56	2.97	5	5	1	Nebo je danas pokriveno oblacima.	Небо сегодня покрыто облаками.	1183312
5	8.56	4.55	2	6	1	Tom je zapisao Merin broj telefona.	Том записал номер телефона Мэри.	4248783
5	8.57	3.64	4	5	1	Je li ovo mesto zauzeto?	Это место занято?	7010403
5	8.57	3.48	3	5	2	Moram da napunim akvarijum vodom.	Мне нужно наполнить аквариум водой.	3300733
5	8.57	3.73	2	8	1	Moj sused je u potpunosti renovirao svoju kuću.	Мой сосед полностью отремонтировал свой дом.	6382551
5	8.58	2.23	3	8	2	Veoma mnogo ljudi želi da poseti ovaj grad.	Очень много людей хочет посетить этот город.	3478634
5	8.59	3.24	4	6	1	Moga komšiju su uhapsili prošle noći.	Моего соседа арестовали прошлой ночью.	1097814
5	8.59	3.32	2	7	2	Da li Vi imate vremena sutra poslepodne?	У Вас будет время завтра после обеда?	894072
5	8.59	1.82	3	7	3	Imam dosta vremena, ali mi nedostaje novac.	У меня много времени, но недостаточно денег.	3455063
5	8.60	2.75	1	8	3	Isključio sam televizor, jer sam već gledao film.	Я выключил телевизор, потому что я уже смотрел этот фильм.	2228676
5	8.60	3.08	3	8	1	Odveo sam ga u najskuplji restoran u kampusu.	Я его сводил в самый дорогой ресторан в университетском городке.	425901
5	8.61	3.51	3	7	1	Higsov bozon se zove još Božja čestica.	Бозон Хиггса ещё называют частицей Бога.	1153969
5	8.62	2.68	3	5	3	Prihvatam, ali pod jednim uslovom.	Я согласен, но при одном условии.	1073936
5	8.62	4.19	2	7	1	Mont Blank je najviša planina u Alpima.	Монблан — самая высокая гора в Альпах.	4239880
5	8.62	2.18	5	7	1	Recite mi naziv filma koji najviše volite?	Как называется фильм, который вы больше всего любите?	1159980
5	8.62	4.43	1	8	1	Juče sam se napio i uradih nešto glupo.	Вчера я напился и сделал глупость.	3276421
5	8.63	2.86	4	5	2	Udata sam, i imam ćerku.	Я замужем, и у меня есть дочь.	3437777
5	8.63	3.77	2	8	1	Lav je otvorio svoja ogromna usta i riknuo.	Лев раскрыл свою огромную пасть и зарычал.	1457636
5	8.64	3.78	2	6	2	Da li si video Toma besnog?	Ты видел Тома в ярости?	5843382
5	8.64	3.28	4	6	1	Molim te mi daj komad pite.	Пожалуйста, дай мне кусок пирога.	3485382
5	8.65	3.71	4	5	1	Treba nam još norveških rečenica.	Нам нужно ещё норвежских предложений.	3440696
5	8.65	2.88	4	7	1	Ova knjiga još nije prevedena na francuski.	Эта книга ещё не переведена на французский.	4250145
5	8.66	4.80	3	4	1	Oba brata su muzičari.	Оба брата - музыканты.	3243501
5	8.66	3.13	3	6	2	Mislim da je Tomu potrebna pomoć.	Думаю, Тому нужна помощь.	4975986
5	8.66	3.13	3	6	2	Pomogla sam Tomu da se spremi.	Я помогла Тому подготовиться.	8895044
5	8.66	3.13	3	6	2	Pomogli smo Tomu da nađe posao.	Мы помогли Тому найти работу.	8894549
5	8.66	3.13	3	6	2	Zašto ne možemo da kažemo Tomu?	Почему мы не можем сказать Тому?	4253533
5	8.66	2.89	4	7	1	Tom živi u Bostonu sa svojom decom.	Том живет в Бостоне со своими детьми.	13690401
5	8.67	3.14	3	6	2	Ispostavilo se da je glasina lažna.	Слухи оказались ложными.	891420
5	8.67	2.64	5	6	1	Oženjen sam i imam dvoje dece.	Я женат, и у меня двое детей.	3364063
5	8.69	1.82	5	6	2	Hteo bih da ostanem jednu noć.	Я хотел бы остановиться на одну ночь.	1098606
5	8.69	3.41	2	7	2	Konačno, veliki uspeh krunisao je višegodišnje eksperimentisanje.	Наконец, многолетние эксперименты увенчались большим успехом.	5588857
5	8.69	2.91	4	7	1	Tom me je upoznao sa svojim sestrama.	Том познакомил меня со своими сёстрами.	8868983
5	8.69	3.16	3	8	1	Moje ime je Rikardo.Kako se ti zoveš?	Моё имя - Рикардо. А как тебя зовут?	3795174
5	8.70	2.75	3	5	3	Ja, takođe, imam sedamnaest godina.	Мне тоже семнадцать лет.	1511331
5	8.70	2.75	3	7	2	Imam mnogo problema koje moram da rešim.	У меня много проблем, которые мне нужно решить.	3485396
5	8.72	4.19	4	4	1	Bred Pit je glumac.	Брэд Питт — актёр.	10047226
5	8.72	4.85	3	4	1	Skuvaću ti malo kafe.	Я приготовлю тебе немного кофе.	3425008
5	8.72	3.35	4	6	1	Ona mi je to rekla šapatom.	Она сказала мне шёпотом.	1159993
5	8.72	4.35	0	6	3	Volim da te gledam dok plešeš.	Я люблю смотреть, как ты танцуешь.	5035287
5	8.72	3.19	3	6	2	Za baterije treba dopunski da platite.	За батареи надо дополнительно заплатить.	1676114
5	8.72	3.60	3	7	1	Pogledaj ove cvetove koji trepere na vetru.	Взгляни на эти цветы дрожащие на ветру.	1676112
5	8.72	3.18	3	8	1	Tom je osvojio deset hiljada dolara na lutriji.	Том выиграл десять тысяч долларов в лотерею.	3437271
5	8.73	2.61	2	7	3	Svaki dan, posle večere, ja učim francuski.	Каждый день после ужина я учу французский.	3434476
5	8.74	2.95	4	5	2	Doktore, ja se zovem Mutaz.	Доктор, меня зовут Мутаз.	3391450
5	8.75	2.29	5	7	1	Bog je mrtav.Mi smo ga ubili.	Бог мёртв. Мы его убили.	935243
5	8.75	3.21	3	8	1	Pazi! U bašti je pet gladnih sovjetskih krava!	Осторожно! В саду пять голодных советских коров!	10001497
5	8.76	4.47	3	5	1	Dopao mi se Tomov video.	Мне понравилось видео Тома.	8882131
5	8.76	4.55	1	8	1	Izgubio je nadu i izvršio samoubistvo popivši otrov.	Он потерял надежду и покончил жизнь самоубийством, выпив яд.	6982170
5	8.77	3.23	3	6	2	Daj mi malo vode, i požuri.	Дай мне немного воды, и побыстрее.	3243675
5	8.77	3.56	0	8	3	Kada se dete rodi, mora se zasaditi drvo.	Когда рождается ребёнок, нужно посадить дерево.	1505805
5	8.78	3.15	5	5	1	Nebo je bilo prekriveno oblacima.	Небо было покрыто тучами.	3366703
5	8.78	3.48	2	5	3	Pravda je spora, ali dostižna.	Справедливость медленна, но достижима.	402888
5	8.79	3.66	3	5	2	Proleteri svih zemalja, ujedinite se!	Пролетарии всех стран, соединяйтесь!	3445167
5	8.79	3.91	2	6	2	Da li sam ja plašljivi egoista?	Я трусливый эгоист?	3478649
5	8.79	2.58	4	6	2	Nisam ti rekao da uradiš to.	Я не говорил тебе это делать.	4250601
5	8.79	2.58	4	6	2	Nisam ti rekla da uradiš to.	Я не говорила тебе это делать.	4250602
5	8.79	2.99	4	7	1	On je prošao kroz veoma složena vremena.	Он прошёл через очень сложные времена.	1142608
5	8.80	3.92	2	6	2	Da li imaš neke natprirodne sposobnosti?	У тебя есть какие-нибудь сверхъестественные способности?	3412955
5	8.80	3.25	3	8	1	Daj mu prst i uzeće ti celu ruku.	Дай ему палец, и он тебе всю руку откусит.	8894352
5	8.80	2.42	3	8	2	Ideje ne pripadaju nikome, one lete u vazduhu.	Идеи не принадлежат никому, они парят в воздухе.	3432866
5	8.81	2.76	5	6	1	Prekršio si jedno od najvažnijih pravila.	Ты нарушил одно из самых важных правил.	6880242
5	8.82	4.43	0	6	3	Nikada nećeš znati, ako ne probaš.	Никогда не узнаешь, если не попробуешь.	3418709
5	8.82	3.68	3	7	1	Ja sam ručao sa Majkom u restoranu.	Я пообедал с Майком в ресторане.	1266652
5	8.82	4.85	0	7	2	Zapamti da pomaziš mačku i zaliješ drvo.	Не забудь погладить кошку и полить дерево.	3478326
5	8.84	2.29	2	8	3	Da li misliš da vredi sačuvati ova pisma?	Как ты думаешь, эти письма стоит сохранить?	3243066
5	8.85	3.29	3	6	2	Mogu li da platim kreditnom karticom?	Я могу заплатить кредитной картой?	3371478
5	8.85	3.29	3	6	2	Mogu li da platim kreditnom karticom?	Я могу расплатиться кредитной картой?	3371478
5	8.85	2.21	4	7	2	Ti znaš da ja ne volim jaja.	Ты знаешь, что я не люблю яйца.	3306777
5	8.86	3.63	5	4	1	Moji roditelji su razvedeni.	Мои родители разведены.	1050449
5	8.86	3.39	1	7	3	Da li zaista mislite da sam sebičan?	Вы правда думаете, что я эгоист?	5035482
5	8.87	3.48	4	4	2	Da li si zauzet?	Ты занят?	941202
5	8.87	1.81	4	6	3	Mislim da treba da mu kažemo.	Я думаю, нам нужно ему сказать.	7035776
5	8.88	3.90	4	5	1	Nemam pojima šta se dešava.	Понятия не имею, что происходит.	3298908
5	8.90	3.34	3	6	2	Da li se slažeš sa tim?	Ты с этим согласен?	5919553
5	8.90	2.92	3	7	2	Teško mi je da poverujem u to.	Мне трудно в это поверить.	8864434
5	8.91	3.51	4	6	1	Moja sestra se igra sa lutkama.	Моя сестра играет в куклы.	800881
5	8.92	3.77	3	5	2	Pozli mi kada vidim krv.	Мне становится плохо, когда я вижу кровь.	3366868
5	8.92	3.10	4	7	1	Bez oklevanja on mi je dostavio dokument.	Без промедления он предоставил мне документ.	1055003
5	8.92	3.10	4	7	1	Gospodin Hirose predaje ovim studentima englesku gramatiku.	Господин Хиросе преподает этим студентам грамматику английского языка.	1069781
5	8.93	2.52	3	8	2	Ne želim da učim reči bez nekog konteksta.	Я не хочу учить слова вне контекста.	3474305
5	8.93	2.52	3	8	2	Ne želim da učim reči bez nekog konteksta.	Я не хочу учить слова без контекста.	3474305
5	8.93	2.69	4	8	1	U vreme diktature i zidovi su imali uši.	Во время диктатуры и у стен были уши.	1214531
5	8.94	4.04	2	6	2	Vidiš, on je dobar igrač bejzbola.	Видишь, он хороший бейсболист.	884824
5	8.94	3.78	3	7	1	Sjedinjene Američke Države se graniče sa Kanadom.	Соединённые Штаты Америки граничат с Канадой.	3247799
5	8.94	2.53	3	8	2	Da li je bilo mnogo putnika u autobusu?	В автобусе было много пассажиров?	11060287
5	8.95	4.96	0	5	3	Znaš da neću da pevam.	Ты знаешь, что я петь не буду.	13693181
5	8.95	4.96	0	7	2	Govori šta hoćeš, ja neću promeniti mišljenje.	Говори что хочешь, я не передумаю.	1091373
5	8.95	4.96	0	7	2	Govori šta hoćeš, ja neću promeniti mišljenje.	Говори что хочешь, я не изменю своё мнение.	1091373
5	8.96	2.47	5	7	1	Tom je bio dobro pripremljen za ispit.	Том был хорошо готов к экзамену.	3368342
5	8.96	3.05	1	8	3	Ona je Amerikanka, ali živi u Velikoj Britaniji.	Она американка, хотя живёт в Великобритании.	3414375
5	8.97	3.39	3	6	2	Volim da spavam na mekom krevetu.	Я люблю спать на мягкой кровати.	3333629
5	8.98	2.73	4	6	2	Da li ti se sviđaju filmovi?	Тебе нравятся фильмы?	3313447
5	8.98	4.07	2	6	2	Možeš li da jedeš sirove ostrige?	Можно ли есть сырые устрицы?	6362511
5	8.98	4.07	2	6	2	Nesumnjivo, esperanto je velika ušteda vremena.	Несомненно, эсперанто является великой тратой времени.	1751654
5	8.98	3.07	1	8	3	Ne volim da kuvam kada je napolju vruće.	Я не люблю готовить, когда на улице жарко.	3243423
5	8.98	2.56	3	8	2	Želim da ti pokažem kako se to radi.	Я хочу показать тебе, как это делается.	4250607
5	8.99	4.82	4	3	1	Njam! Pohovan sir.	Вкуснятина! Жареный сыр.	7129489
5	8.99	2.82	7	3	1	Škole su zatvorene.	Школы закрыты.	3390824
5	8.99	4.66	3	5	1	Mačka je jurila za pacovom.	Кошка гналась за крысой.	1498237
5	8.99	2.99	3	7	2	Mislila sam da idete u Boston autobusom.	Я думала вы едете в Бостон на автобусе.	4250263
5	9.00	6.00	1	5	1	Aladin je pronašao čarobnu lampu.	Аладдин нашёл волшебную лампу.	3503792
5	9.00	3.67	2	7	2	Bolje je poslušno jaje, nego neposlušni bik.	Лучше послушное яйцо, чем непослушный бык.	1511354
5	9.01	4.26	3	6	1	Ima li olovaka na pisaćem stolu?	На письменном столе есть карандаши?	3438849
5	9.01	3.00	3	7	2	Samo što je objavio interesantnu seriju članaka.	Он только что опубликовал интересную серию статей.	1097799
5	9.01	2.59	3	8	2	Tom želi da ide na skijanje sa Meri.	Том хочет пойти кататься на лыжах с Мэри.	8890942
5	9.03	3.19	4	7	1	Njegove ambicije kretale su se do neba.	Его амбиции простирались до небес.	3435903
5	9.04	2.45	7	4	1	Život mi je ugrožen.	Моя жизнь под угрозой.	3425099
5	9.04	2.62	3	8	2	Svaki put kad vidim Toma, on nosi naočare.	Я никогда не видел Тома без очков.	5002773
5	9.05	4.04	4	5	1	Plan je odbačen kao nepraktičan.	План отброшен как непрактичный.	1676084
5	9.06	4.13	2	6	2	Prevedite ovo na engleski, molim vas.	Переведите это на английский, пожалуйста.	4248101
5	9.06	3.47	3	8	1	On se prema meni odnosi kao prema odraslom.	Он относится ко мне как к взрослому.	1085936
5	9.07	3.89	3	5	2	Meni se sviđa da pešačim.	Мне нравится ходить пешком.	1266615
5	9.07	2.64	3	8	2	Ne možemo da sebi dozvolimo ni jednu grešku.	Мы не можем позволить себе ни одной ошибки.	3365982
5	9.08	5.40	2	5	1	Više volim narandže od jabuka.	Я больше люблю апельсины, чем яблоки.	4239857
5	9.08	3.65	4	6	1	On radi na baš ludim projektima.	Он работает на очень сумасшедших проектах.	397592
5	9.08	4.57	2	7	1	U mom stanu postoje dve spavaće sobe.	В моей квартире две спальни.	1657947
5	9.08	3.73	2	7	2	Zaboravila sam da napišem adresu na koverti.	Я забыла написать адрес на конверте.	4248884
5	9.09	3.66	4	6	1	U mojoj bašti ima mnogo voćki.	В моём саду много фруктовых деревьев.	3438783
5	9.09	4.66	0	8	2	Kao sedamdesetogodišnjak, moj otac još je veoma aktivan.	Для семидесятилетнего человека, мой отец ещё очень активен.	1166763
5	9.09	4.66	0	8	2	Kao sedamdesetogodišnjak, moj otac još je veoma aktivan.	Для семидесятилетнего человека, мой отец ещё весьма активен.	1166763
5	9.09	2.82	4	8	1	On se isticao među ostalim umetnicima toga vremena.	Он выделялся среди прочих художников своего времени.	1676125
5	9.10	2.00	4	6	3	Objasni mi, molim te, pravila fudbala.	Пожалуйста, объясни мне правила футбола.	801027
5	9.10	2.67	3	8	2	Tom ne može da čita ništa bez naočara.	Том ничего не может прочесть без очков.	5843291
5	9.10	2.67	3	8	2	Tom ne može da čita ništa bez naočara.	Том ничего не может прочитать без очков.	5843291
5	9.11	3.84	5	4	1	Moje cipele su iznošene.	Мои туфли износились.	3366745
5	9.11	3.75	2	7	2	Da li Tom često pešači do kuće?	Том часто ходит домой пешком?	8829887
5	9.11	1.84	3	8	3	Ti si visok, ali on je još višlji.	Ты высокий, но он ещё выше.	3266443
5	9.12	4.60	2	7	1	Ono se primicalo sve bliže i bliže.	Оно приближалось ближе и ближе.	1484539
5	9.13	1.77	5	7	2	Baš bih voleo da radim od kuće.	Мне бы очень хотелось работать удалённо.	11074707
5	9.14	4.12	4	5	1	Pisaći sto je prekriven prašinom.	Письменный стол покрыт пылью.	3317253
5	9.15	2.71	3	8	2	Tom i ja znamo da je Marija plakala.	Мы с Томом знаем, что Мэри плакала.	6536988
5	9.16	3.13	3	7	2	Svi znaju da se Meri dopada Tomu.	Все знают, что Мэри нравится Тому.	4245959
5	9.17	3.48	5	5	1	Tom je bio zauzet poslom.	Том был занят работой.	4251072
5	9.17	3.56	3	6	2	Ona neće da priča sa njim.	Она не будет с ним разговаривать.	3355818
5	9.17	2.89	4	8	1	Koliko ja znam roman nije preveden na Japanski.	Насколько я знаю, роман не переведен на японский.	3263406
5	9.18	2.40	1	8	4	Ako hoćete, možete da čitate i nešto drugo.	Если хотите, можете почитать и что-нибудь другое.	1055742
5	9.19	3.99	3	7	1	Vedrih dana može se videti planina Fudži.	В ясные дни можно увидеть гору Фудзи.	3253731
5	9.21	2.67	5	7	1	Kako vam se dopalo u Sjedinjenim Državama?	Как Вам понравилось в Соединённых Штатах?	2067616
5	9.22	4.27	2	8	1	Koja je razlika između rasterske i vektorske grafike?	В чем разница между растровой и векторной графикой?	6369034
5	9.22	4.27	2	8	1	Koja je razlika između rasterske i vektorske grafike?	В чём разница между растровой и векторной графикой?	6369034
5	9.23	5.52	2	5	1	Poučila nas je susedova greška.	Нас научила ошибка соседа.	1533423
5	9.23	3.61	3	8	1	Tom i Meri su sedeli za kuhinjskim stolom.	Том и Мэри сидели за кухонным столом.	6905758
5	9.24	4.11	1	8	2	Konj ima četiri noge, a ipak se spotiče.	Конь и о четырёх ногах, да спотыкается.	1043429
5	9.25	3.79	4	6	1	Moja majka je sada obuzeta tenisom.	Моя мать сейчас увлечена теннисом.	1946226
5	9.25	3.63	3	8	1	On je preveo Homera sa Grčkog na Engleski.	Он перевёл Гомера с греческого на английский.	3343990
5	9.25	2.79	3	8	2	Ove kuće ne moraju da se puno greju.	Эти дома не нужно много отапливать.	3503995
5	9.26	4.47	3	6	1	Tomov auto ima sto konjskih snaga.	В машине Тома сто лошадиных сил.	6475381
5	9.26	3.47	2	8	2	Ja više ne mogu da trpim tu vrućinu.	Я больше не могу терпеть этой жары.	1200601
5	9.28	2.73	5	7	1	Japan je okružen morem sa svih strana.	Япония со всех сторон окружена морем.	3278176
5	9.28	2.56	4	7	2	Mi o vuku, a vuk na vrata.	О волке речь, а он навстречь.	392446
5	9.28	2.81	3	8	2	Nemam dovoljno vremena da ti detaljno objašnjavam to.	У меня недостаточно времени, чтобы тебе подробно объяснить.	5002787
5	9.29	2.99	4	6	2	Žao mi je, nisam zapamtio ime.	К сожалению, я не запомнил имени.	5944884
5	9.29	3.32	1	8	3	Da li ste sigurni da je on Šveđanin?	Вы уверены, что он швед?	13701232
5	9.30	3.67	3	6	2	Dozvolite da razgovaramo o Sunčevoj energiji.	Давайте поговорим о солнечной энергии.	1251317
5	9.30	3.42	4	7	1	Tačka na ovaj slučaj stavljena je prerano.	Точку в этом деле ставить рано.	5651578
5	9.30	3.66	3	8	1	To je bila crna haljina sa dubokim dekolteom.	Это было чёрное платье с глубоким декольте.	3471924
5	9.31	3.67	3	6	2	Da li si ti pravi kauboj?	Ты настоящий ковбой?	8865458
5	9.32	4.10	3	5	2	Srušite,srušite zidove među narodima!	Разрушьте, разрушьте стены между народами!	884929
5	9.32	2.76	5	5	2	Šta bi hteo da budeš?	Кем бы ты хотел стать?	2067620
5	9.32	4.10	3	7	1	Tom je skinuo naočare i protrljao oči.	Том снял очки и протёр глаза.	6818568
5	9.32	3.94	2	7	2	Zašto ne možemo da dosegnemo do Sunca?	Почему мы не можем добраться до солнца?	3476204
5	9.33	4.52	3	6	1	Ne upoređuj me sa filmskom zvezdom.	Не сравнивай меня с кинозвездой.	1676105
5	9.33	3.94	2	7	2	Knjizi nedostaju drugo, peto i trinaesto poglavlje.	В книге не хватает второй, пятой и тринадцатой главы.	4644917
5	9.34	1.70	6	6	2	Da li biste želeli nešto drugo?	Хотели бы вы что-то другое?	8840205
5	9.34	4.11	3	7	1	Ne vređaj me u prisustvu drugih ljudi.	Не оскорбляй меня в присутствии других людей.	10042517
5	9.34	2.70	2	8	3	Nažalost, ne mogu da pronađem tekst ove pesme.	К сожалению, я не могу найти текст этой песни.	3465604
5	9.37	3.48	4	5	2	Da li si danas zauzet?	Ты сегодня занят?	3425001
5	9.38	3.90	4	6	1	Nemam pojima o čemu ti pričaš.	Понятия не имею, о чём ты говоришь.	3297153
5	9.38	3.32	3	7	2	U svakom slučaju, ti nisi tipičan Norvežanin.	Во всяком случае, ты не типичный норвежец.	3484709
5	9.38	2.23	4	8	2	Imaš li papir po kome mogu da pišem?	У тебя есть бумага, на которой мне можно писать?	4248869
5	9.38	2.07	3	8	3	Očekivao sam da će Tom da napravi tim.	Я ожидал, что Том соберёт команду.	8903965
5	9.39	2.74	2	6	4	Kada uđe učitelj, prestanite da ragovarate.	Когда войдёт учитель, перестаньте разговаривать.	1080435
5	9.40	3.75	3	8	1	Atomska energija se može koristiti u miroljubive svrhe.	Атомная энергия может быть использована в мирных целях.	3262891
5	9.41	3.76	3	6	2	Ne želim da ti uništim dan.	Я не хочу испортить тебе день.	5024412
5	9.41	2.92	3	8	2	Da li je bilo mnogo ljudi u vozu?	В поезде было много людей?	11060292
5	9.41	2.92	3	8	2	Da li je bilo mnogo putnika u vozu?	В поезде было много пассажиров?	11060290
5	9.42	3.26	5	6	1	Mi smo mu poklonili ručni časovnik.	Мы подарили ему наручные часы.	1081278
5	9.42	4.60	3	6	1	Ona popije flašu mleka svako jutro.	Она выпивает бутылку молока каждое утро.	3366871
5	9.42	4.60	3	6	1	Ona popije flašu mleka svako jutro.	Каждое утро она выпивает бутылку молока.	3366871
5	9.42	3.52	4	7	1	U ludom svetu samo su ludi normalni.	В безумном мире только сумасшедшие нормальны.	797471
5	9.42	2.43	5	8	1	On nam je napravio sto i dve klupe.	Он сделал нам стол и две скамьи.	1195481
5	9.43	3.02	6	5	1	On bi nas sve pobio!	Он нас всех угробит!	5651572
5	9.43	3.44	1	8	3	Mač je oštar, ali je jezik još oštriji.	Язык острее меча.	6137833
5	9.45	3.71	5	5	1	Treba nam više norveških rečenica.	Нам нужно больше норвежских предложений.	3440694
5	9.45	3.29	5	6	1	Nekoliko minuta kasnije je zazvonio telefon.	Несколькими минутами позже зазвонил телефон.	3287708
5	9.45	4.96	0	8	2	A evo ja neću početi da te slušam.	А вот я не стану тебя слушать!	1157195
5	9.46	4.80	4	4	1	Tomu se sviđaju oba.	Тому нравятся оба.	4250999
5	9.46	1.80	6	6	2	Šta biste hteli da radite sutra?	Что бы вы хотели сегодня сделать?	1080577
5	9.46	2.72	4	7	2	Ovih dana, temperatura je opala zbog kiše.	На днях температура снизилась из-за дождя.	11073241
5	9.46	2.97	3	8	2	Da li vi jedete pirinač u vašoj zemlji?	Едите ли вы рис в вашей стране?	1043440
5	9.48	2.23	6	5	2	Hteo bih da budem ptica.	Я хотел бы быть птицей.	1214521
5	9.48	3.98	4	6	1	Na meni je stara Tomova pidžama.	На мне старая пижама Тома.	3518018
5	9.49	2.91	5	7	1	Nijedan pametan čovek to ne bi poverovao.	Ни один разумный человек бы в это не поверил.	2243920
5	9.50	6.00	1	6	1	Keli razume samo dobar engleski jezik.	Келли понимает толк в хорошем английском языке.	1232295
5	9.50	1.67	5	8	2	Kada bih imao dovoljno novca kupio bih knjigu.	Если бы у меня было достаточно денег, я бы купил книгу.	3438677
5	9.51	4.26	3	7	1	Mačje oči su veoma osetljive na svetlo.	Кошачьи глаза очень чувствительны к свету.	3243682
5	9.51	3.68	2	8	2	Atomi se sastoje od protona, neutrona i elektrona.	Атомы состоят из протонов, нейтронов и электронов.	3368325
5	9.52	2.10	5	7	2	Nisam dovoljno mlad da bih sve znao.	Я не настолько молод, чтобы всё знать.	6391057
5	9.53	3.02	3	8	2	Ko drugome jamu kopa, sam u nju upada.	Кто роет яму другому, сам в неё упадёт.	4943018
5	9.56	3.89	3	8	1	Iz naše kuće veoma je teško isterati bubašvabe.	Из нашего дома очень сложно вывести тараканов.	1135331
5	9.57	4.72	3	6	1	Uvek mi telefoniraš iz njene kuće.	Ты всегда звонишь мне из ее дома.	1484538
5	9.58	1.90	6	6	2	Da li biste mi učinili uslugu?	Не окажете ли вы мне услугу?	1221178
5	9.58	2.57	5	8	1	Ti si najlepša žena koju sam ikada video.	Ты - самая красивая женщина, какую я когда-либо видел.	6391054
5	9.58	4.57	2	8	1	To je bio bolji dan u mom životu.	Это был лучший день в моей жизни.	1181855
5	9.59	3.91	3	8	1	Ovo je najgluplja stvar koju sam ikada izgovorio.	Это самая глупая вещь, которую я когда-либо говорил.	3292821
5	9.62	4.10	4	6	1	Tomu je otac kupio stari moped.	Отец купил Тому старый мопед.	3469811
5	9.65	2.21	5	7	2	Ne zaslužuju svi tekstovi da budu objavljeni.	Не все тексты заслуживают публикации.	6877166
5	9.67	4.22	2	7	2	Ne možeš da se oslanjaš na Toma.	Ты не можешь полагаться на Тома.	4251422
5	9.69	3.33	4	6	2	Iskoristiću ono što si mi dao.	Я использую то, что ты мне дал.	8841764
5	9.69	2.65	5	8	1	Ovo je jedan od najpopularnijih restorana u gradu.	Это один из самых популярных ресторанов в городе.	4243433
5	9.70	2.09	4	7	3	Mislim da mi možemo da uradimo to.	Думаю, мы можем это сделать.	8845649
5	9.72	4.85	3	4	2	Telefoniraj mi kada dođeš.	Позвони мне, как приедешь.	1103108
5	9.72	4.27	2	7	2	Opasno je iskakati iz voza dok ide.	Выпрыгивать из идущего поезда опасно.	3481405
5	9.73	4.52	1	8	2	Imamo dve mačke u kući, belu i crnu.	У нас в доме две кошки, белая и чёрная.	3311482
5	9.75	2.88	6	6	1	Na tvom mestu uradio bih isto.	На твоём месте я бы сделал то же самое.	942388
5	9.76	3.39	4	6	2	Meni čaj s limunom, molim vas.	Мне чай с лимоном, пожалуйста.	1091380
5	9.76	3.38	4	8	1	Brod je bio izgrađen za priličnu sumu novca.	Корабль был построен за солидные деньги.	1228540
5	9.77	3.48	2	7	3	Sačekajmo dok ne prestane da pada kiša.	Подождём, пока дождь не закончится.	6368518
5	9.77	2.98	4	7	2	Ti više ne možeš da kupuješ jabuke!	Ты больше не можешь покупать яблоки!	3394948
5	9.78	4.07	3	8	1	Esperanto je lakši od bilo kog nacionalnog jezika.	Эсперанто легче любого национального языка.	1185092
5	9.79	3.58	5	6	1	Otvoreni prozori su dobri za rashlađivanje.	Открытые окна хороши для охлаждения.	408971
5	9.80	3.25	3	8	2	Ne želim više da slušam tvoje glupe viceve.	Я не хочу больше слушать твои глупые анекдоты.	3276424
5	9.80	3.25	3	8	2	Ne želim više da slušam tvoje glupe viceve.	Я не желаю больше слушать твои глупые анекдоты.	3276424
5	9.81	4.68	4	5	1	Mi mu se ne sviđamo.	Мы ему не нравимся.	3425835
5	9.81	4.09	3	8	1	On me je uvredio i nazvao me magarcem.	Он меня оскорбил и назвал ослом.	800995
5	9.81	4.09	3	8	1	On me je uvredio i nazvao me magarcem.	Он оскорбил меня и назвал меня ослом.	10042522
5	9.82	3.69	3	7	2	Nemam prijatelja sa kojima mogu da popričam.	У меня нет друзей, с которыми можно было бы поговорить.	3439274
5	9.85	4.96	3	4	2	Neću da ti smetam.	Я не буду тебе мешать.	4274715
5	9.85	4.96	3	6	1	Neću više govoriti Francuski sa tobom.	Я больше не буду говорить с тобой по-французски.	3278488
5	9.85	3.29	3	8	2	Ja ti savetujem da dobro proveriš svoga muža.	Я советую тебе хорошенько проверить своего мужа.	1179893
5	9.86	3.30	3	8	2	On nosi bradu, pa mu nije potrebno brijanje.	Он носит бороду, поэтому ему не нужно бриться.	3547619
5	9.88	4.57	3	7	1	Napisao sam pismo mom nastavniku na engleskom.	Я написал своему учителю по-английски.	3363256
5	9.88	3.99	2	8	2	Gluvi ljudi mogu da razgovaraju na znakovnom jeziku.	Глухие люди могут говорить на языке жестов.	7089851
5	9.89	2.49	3	8	3	Da li ćeš da ideš autobusom u školu?	Ты поедешь в школу на автобусе?	3440848
5	9.90	2.41	5	5	3	Pa, trebalo bi da krenem.	Ладно, я должен идти.	11055678
5	9.90	3.42	6	5	1	U gradovima je vazduh zagađen.	В городах грязный воздух.	1243593
5	9.92	4.60	3	7	1	Tom je sam popio celu flašu vina.	Том один выпил целую бутылку вина.	8931024
5	9.96	3.97	4	5	2	Gde ti je majka, dečače?	Где твоя мама, мальчик?	1097794
5	9.96	3.13	4	7	2	Da li se Tomu dopao tvoj dizajn?	Тому понравился твой дизайн?	8841750
5	9.96	3.21	2	8	3	Ne mogu da verujem da si poljubila Toma.	Не могу поверить, что ты поцеловала Тома.	4250729
5	9.97	2.39	2	8	4	Izvinite, ali ja njemu ne mogu da verujem.	Извините, но я не могу на него положиться.	1528433
5	9.97	4.22	3	8	1	Monotni zvuk točkova železničkog vagona otkucavaju kao sat.	Монотонный звук колёс железнодорожного вагона похож на тиканье часов.	6974423
5	9.98	1.56	7	6	2	Koliko novca bi želeo da imaš?	Сколько денег ты хотел бы иметь?	3425267
5	10.00	4.42	4	6	1	Moj otac je popravio polomljenu stolicu.	Мой отец починил сломанный стул.	665177
5	10.00	6.00	1	7	1	Hladno vreme je ofarbalo lišće u crveno.	Холодная погода окрасила листья в красный цвет.	885969
5	10.00	4.25	3	8	1	Četiri veka Krakov je bio glavni grad Poljske.	Четыре века Краков был столицей Польши.	1188979
5	10.02	5.10	3	6	1	Muka mi je od tvog cmizdrenja.	Я устал от твоего нытья.	5002867
5	10.03	3.86	3	7	2	Možeš li da pogodiš koliko imam godina?	Ты можешь угадать, сколько мне лет?	4782959
5	10.04	4.03	4	7	1	Ona mi je mahnula rukom za oproštaj.	Она помахала мне на прощание.	1113770
5	10.05	3.38	5	5	2	Volela bih da te poljubim.	Я хотела бы поцеловать тебя.	6332595
5	10.05	3.38	5	5	2	Voleo bih da te poljubim.	Я хотел бы поцеловать тебя.	6332599
5	10.05	2.96	5	6	2	Hteo bih da popijem nešto toplo.	Я бы хотел выпить чего-нибудь горячего.	3358501
5	10.06	3.22	4	5	3	Meni, molim vas, šoljicu kafe.	Мне, пожалуйста, чашку кофе.	1080444
5	10.06	2.72	6	7	1	Šta ti se najviše svidelo u Budimpešti?	Что тебе больше всего понравилось в Будапеште?	11073295
5	10.07	3.64	4	6	2	Da li je ovo mesto zauzeto?	Это место занято?	7010400
5	10.08	4.57	2	7	2	Prema mom časovniku, sada su četiri sata.	По моим часам, сейчас четыре.	1280746
5	10.08	3.99	1	8	3	Boli me noga, jer sam danas mnogo pešačio.	У меня болит нога, потому что я сегодня много ходил пешком.	3267063
5	10.08	2.65	3	8	3	Tome, da li više voliš pse ili mačke?	Том, ты больше любишь собак или кошек?	4249161
5	10.09	1.99	9	4	1	Tom je poštovani biznismen.	Том — уважаемый бизнесмен.	4238014
5	10.09	2.99	5	6	2	Hteo bih da posetim Južnu Koreju.	Я хотел бы посетить Южную Корею.	1046009
5	10.09	4.49	4	6	1	Njegova žena mu je zakrpila košulju.	Его жена зашила ему рубашку.	714991
5	10.09	3.25	4	7	2	Hej, mi smo Norvežani! Mi uvek kasnimo.	Эй, мы норвежцы! Мы всегда опаздываем.	3473441
5	10.10	3.42	5	7	1	Tačka u ovom slučaju stavljena je prerano.	Точку в этом деле ставить рано.	5651577
5	10.12	2.85	4	8	2	Ko ti je rekao da pišeš levom rukom?	Кто тебе сказал писать левой рукой?	665244
5	10.13	2.78	6	7	1	Oprostite. Ja imam zakazan još jedan susret.	Извините. У меня назначена ещё одна встреча.	1124619
5	10.14	3.61	6	5	1	Zabranjeno voće je uvek najslađe.	Запретный плод всегда самый сладкий.	6196048
5	10.14	4.37	3	6	2	Mogu li da pričam sa Bilom?	Я могу поговорить с Биллом?	3243494
5	10.14	4.37	3	6	2	Mogu li da razgovaram s Bilom?	Могу ли я поговорить с Биллом?	1085935
5	10.16	2.55	7	6	1	Ljudi koji krše zakon bivaju kažnjeni.	Люди, которые нарушают закон, подлежат наказанию.	3331594
5	10.16	3.13	3	7	3	Misliš li da treba da pišem Tomu?	Думаешь, мне нужно написать Тому?	6309108
5	10.16	4.80	3	7	1	Stara stolica zaškripala je pod njegovom težinom.	Старый стул заскрипел под его весом.	3484431
5	10.16	3.05	5	8	1	Tom je jedan od najboljih kuvara u gradu.	Том один из лучших поваров в городе.	8931032
5	10.18	4.40	3	6	2	Pokazaćemo vam kako da upecate ribu.	Мы покажем вам, как поймать рыбу.	4243534
5	10.20	2.25	5	8	2	On je sigurno došao da bi dobio zlato.	Он действительно пришёл, чтобы добыть золото.	1127248
5	10.21	3.43	2	8	3	Ako sutra bude padala kiša, ostaću kod kuće.	Если завтра будет дождь, я останусь дома.	3296423
5	10.22	4.01	3	7	2	Možeš li da razbiješ jaje jednom rukom?	Ты можешь разбить яйцо одной рукой?	6818469
5	10.22	3.10	5	8	1	Tom je kamenom gađao jednog od mojih pasa.	Том бросил камнем в одну из моих собак.	3547615
5	10.25	3.63	3	8	2	Dajte mi ključ, i ja ću otključati svemir.	Дайте мне ключ, и я раскрою Вселенную.	470632
5	10.26	4.47	3	6	2	Ti si Tomov prijatelj , zar ne?	Ты друг Тома, да?	884903
5	10.26	4.47	3	6	2	Ti si Tomov prijatelj, zar ne?	Ты друг Тома, да?	8845978
5	10.27	3.48	7	4	1	On je nečim zauzet.	Он чем-то занят.	1127258
5	10.27	2.89	6	5	2	Deco, pijte mleko svakog dana!	Дети, пейте молоко каждый день!	1097770
5	10.27	3.56	5	7	1	Ti lekovi su me izlečili od prehlade.	Это лекарство излечило меня от простуды.	1181857
5	10.29	4.74	2	7	2	Da li poznajete nekog čarobnjaka ili čarobnicu?	Вы знакомы с каким-нибудь волшебником или волшебницей?	1200618
5	10.29	4.74	2	7	2	Da li poznajete nekog čarobnjaka ili čarobnicu?	Вы знаете какого-нибудь волшебника или волшебницу?	1200618
5	10.29	4.24	4	7	1	Dva dečaka počeli su okrivljavati jedan drugog.	Два мальчика начали обвинять друг друга.	1053138
5	10.30	4.08	3	7	2	Tata može da ispusti mnogo dimnih kolutova.	Папа может пустить много колечек дыма.	1221176
5	10.31	2.67	7	6	1	Šta vam se najviše dopalo usput?	Что вам больше всего понравилось в пути?	5842424
5	10.31	2.59	4	7	3	Vidim, mačka ti je važnija, nego ja.	Я вижу, что для тебя кошка важнее, чем я.	7331295
5	10.31	2.59	4	7	3	Vidim, mačka ti je važnija, nego ja.	Я вижу, что кошка для тебя важнее, чем я.	7331295
5	10.36	4.80	2	7	2	Da li ste vi nekada videli samovar?	Вы когда-нибудь видели самовар?	3474677
5	10.36	3.30	3	7	3	Kornjače, koje jedu meso, žive u moru.	Черепахи, которые едят мясо, живут в море.	1053134
5	10.36	3.05	4	8	2	Zabavno je da se šeta sa mojim psom.	Гулять с моей собакой весело.	3470194
5	10.38	2.40	5	8	2	Ti najbolje pričaš francuski u našoj kancelariji, mislim.	Ты говоришь по-французски лучше всех в нашем офисе, я думаю.	8931057
5	10.41	3.75	3	8	2	Da li je bilo pisama u poštanskom sandučetu?	В почтовом ящике были письма?	11060285
5	10.42	4.60	3	6	2	Ne mogu da otvorim ovu flašu.	Я не могу открыть эту бутылку.	3340293
5	10.43	2.86	5	7	2	Oni nisu znali da je Meri udata.	Они не знали, что Мэри замужем.	3517996
5	10.46	3.80	3	8	2	Komad hleba nije bio dovoljan da utoli glad.	Куска хлеба было недостаточно, чтобы утолить голод.	3264413
5	10.48	4.48	2	8	2	Imamo tri psa, jednog belog i dva crna.	У нас три собаки, одна белая и две чёрных.	908415
5	10.49	2.49	5	8	2	Uzeo sam taksi da bih stigao na voz.	Я взял такси, чтобы успеть на поезд.	3306064
5	10.53	4.44	4	7	1	On ju je nazivao svakakvim ružnim rečima.	Он называл ее всякими нехорошими словами.	1384470
5	10.56	5.30	4	5	1	Pua je pevao u crkvi.	Пуа пел в церкви.	3281011
5	10.58	3.40	5	8	1	On se s ljubavlju seća svoje umrle žene.	Он с любовью вспоминает свою умершую жену.	1166864
5	10.59	4.08	4	6	2	Dovikivali smo joj da bude opreznija.	Мы кричали ей, чтобы она была осторожнее.	1103119
5	10.60	3.00	5	7	2	Hteo bih da se sretnem sa njom.	Я хотел бы встретиться с ней.	1124626
5	10.60	1.08	6	8	3	Da nije bilo vode, ne bi bilo života.	Если бы не было воды, не было бы жизни.	3313790
5	10.66	3.14	3	8	3	Meri je katolik, ali njen dečko je ateista.	Мария католичка, но её парень атеист.	4246724
5	10.67	4.64	2	6	3	Nemam vremena, možeš li da požuriš?	У меня нет времени, ты можешь поторопиться?	3340737
5	10.68	2.65	5	8	2	Most mora da bude sagrađen za šest meseci.	Мост должен быть построен за шесть месяцев.	1086199
5	10.69	4.82	3	8	1	Mnoge stvari nam se čine zbunjujućim i nesigurnim.	Многие вещи кажутся нам сбивающими с толку и неопредёленными.	11062733
5	10.69	3.83	2	8	3	Nisam imao vremena da ručam, pa sam gladan.	Я не успел пообедать, поэтому я голодный.	8820200
5	10.69	3.83	2	8	3	Nisam imao vremena da ručam, pa sam gladan.	У меня не было времени пообедать, поэтому я голодный.	8820200
5	10.70	3.75	4	7	2	Otišla je da pokaže stan potencijalnim zakupcima.	Она поехала показывать квартиру потенциальным съёмщикам.	11074716
5	10.72	4.01	3	8	2	Možeš li da razbiješ jaje sa jednom rukom?	Ты можешь разбить яйцо одной рукой?	6818467
5	10.73	4.03	3	6	3	Nemoj da mi smetaš da učim.	Не мешай мне учить.	3356491
5	10.74	3.28	6	7	1	Voleti i biti voljen je najveća sreća.	Любить и быть любимым - вот величайшее счастье.	5909446
5	10.75	3.05	7	6	1	Novčanik mi je ukraden u autobusu.	Мой кошелёк украли в автобусе.	4248497
5	10.76	3.13	5	5	3	Pa, trebalo bi da pođem.	Ладно, я должен идти.	11055679
5	10.85	4.12	3	8	2	Moj otac ima ranč, gaji krave i konje.	Мой отец содержит ранчо, разводит коров и лошадей.	1135326
5	10.88	2.56	6	7	2	Ja bih hteo da to pokažem vama.	Я бы хотел показать это вам.	1178173
5	10.91	2.59	6	7	2	Voleo bih da te upoznam malo bolje.	Я хотел бы узнать тебя немного лучше.	1097786
5	10.91	2.84	5	8	2	Bila bi mi potrebna večnost da sve objasnim.	Мне потребовалась бы вечность, чтобы всё объяснить.	3411135
5	11.05	4.96	2	8	2	Mislio sam da te više nikada neću videti.	Я думал, я больше никогда тебя не увижу.	3402653
5	11.07	3.47	3	8	3	Crvena je boja ljubavi, strasti, izobilja i moći.	Красный - цвет любви, страсти, изобилия и силы.	3465758
5	11.09	3.41	5	7	2	Zubar mi je rekao da otvorim usta.	Зубной врач сказал мне открыть рот.	3394897
5	11.14	4.62	2	7	3	Zemlja, ona je planeta, a ne planetoid.	Земля - это планета, а не планетоид.	3368100
5	11.16	3.97	3	7	3	Ti znaš da plivaš, a ja ne.	Ты умеешь плавать, а я нет.	1091388
5	11.17	2.98	7	7	1	Njihova imena bila su skinuta sa spiska.	Их имена были удалены из списка.	1232292
5	11.26	2.63	7	8	1	Nekoliko turista bilo je povređeno u saobraćajnoj nesreći.	Несколько туристов было травмировано в аварии.	1135335
5	11.37	3.48	4	7	3	Mislio sam da ćeš da budeš zauzet.	Я думал, ты будешь занят.	4292354
5	11.43	3.19	7	7	1	Tomova knjiga je prevedena na mnogo jezika.	Книга Тома переведена на многие языки.	4243352
5	11.49	3.82	3	8	3	Ako neće breg Muhamedu, onda će Muhamed bregu.	Если гора не идет к Магомету, то Магомет идет к горе.	6137941
5	11.49	3.82	3	8	3	Ako neće bregu Muhamedu, doći će Muhamed bregu.	Если гора не идет к Магомету, то Магомет идет к горе.	6137942
5	11.50	3.91	6	7	1	Neke engleske reči pozajmljene su iz japanskog.	Некоторые английские слова заимствованы из японского.	1081779
5	11.53	5.52	3	8	1	Video sam na drugoj strani ulice postariju ženu.	Я увидел на другой стороне улицы пожилую женщину.	1081774
5	11.76	4.14	6	7	1	Tomove knjige su prevedene na mnogo jezika.	Книги Тома переведены на множество языков.	4239837
5	11.76	4.89	3	8	2	Zar se ne plašiš da se zaraziš virusom?	Разве ты не боишься заразиться вирусом?	3535366
5	11.88	2.31	7	6	3	Da li biste želeli da govorite?	Хотели бы вы поговорить?	1142661
5	12.52	4.18	5	8	2	Želeo bih da prevedeš ovu knjigu na engleski.	Я хотел бы, чтобы ты перевёл эту книгу на английский.	3245554
5	12.54	5.70	4	6	2	Mi nikad nećemo da ih koristimo.	Мы никогда не будем ими пользоваться.	4264050
5	12.62	3.44	5	8	3	Kada dobijete Vaš telefon, baterija je unapred napunjena.	Когда Вы приобретаете телефон, батарея заранее заряжена.	3503827
5	12.65	4.96	4	8	2	Kirija nam je previoka, pa tražimo novi stan.	У нас слишком дорогая аренда, поэтому мы ищем другую квартиру.	8882209
5	12.65	3.62	6	8	2	U budućnosti, mnogi radnici će biti zamenjeni robotima.	В будущем многих работников заменят роботы.	4246857
5	12.66	5.30	6	6	1	Nikad nisam video Toma ovako zauzetog.	Я никогда не видел Тома таким занятым.	4644921
5	12.80	3.91	7	8	1	Veliki broj reči pozajmljene su iz stranih jezika.	Большое количество слов заимствовано из иностранных языков.	5909417
5	12.84	3.53	7	7	2	Prstom je pokazao mesto, zaokruženo crvenom olovkom.	Он указал пальцем на место, обведённое красным карандашом.	1511311
5	13.15	3.21	6	8	3	Veoma sam umoran, hteo bih da legnem ranije.	Я очень устал, хочу лечь пораньше.	1080591
5	13.55	3.71	7	8	2	Knjige o umetnosti moraju da budu dobro ilustrovane.	Книги об искусстве должны быть хорошо иллюстрированы.	1097751
5	14.50	6.00	6	8	1	Molim vas tiše. U pozorištu je zabranjeno šuštati.	Пожалуйста, тише. В театре запрещено шуметь.	1157196
