sr	ru	words	top2000	sr_id
A sad?	А сейчас?	2	1	397572
A sad?	А теперь?	2	1	397572
A ti?	А ты?	2	1	3414401
Agresivna je.	Она агрессивна.	2	0	8917473
Ako želite.	Как хотите.	2	1	1484520
Ali zašto?	Но почему?	2	1	4264018
Bez komentara!	Без комментариев!	2	0	6900272
Bez sumnje!	Без сомнения!	2	0	5809566
Biću automehaničar.	Я буду автомехаником.	2	0	3472102
Biću tamo.	Я буду там.	2	1	5586402
Bog zna.	Бог знает.	2	1	5874298
Bojim se.	Я боюсь.	2	1	4999356
Brod tone.	Корабль тонет.	2	0	3281933
Budi spreman.	Будь готов.	2	1	6535749
Budi tamo.	Будь там.	2	1	6897319
Budi zahvalan.	Будь благодарен.	2	0	11170926
Budi zdrav!	Будь здоров!	2	0	1111663
Budite hrabri!	Будьте храбры!	2	0	5558017
Budite tamo.	Будьте там.	2	1	6897328
Budite zahvalan.	Будь благодарен.	2	0	11170932
Da, možemo.	Да, можем.	2	1	3283428
Da, možemo.	Да, мы можем.	2	1	6900252
Da, znam.	Да, знаю.	2	1	8845746
Deca spavaju.	Дети спят.	2	0	4292342
Do viđenja!	До свидания!	2	0	5553177
Dobar dan!	Добрый день!	2	1	3314350
Dobar je.	Он хороший.	2	1	2271285
Dobar je.	Он добрый.	2	1	2271285
Dobra ideja!	Хорошая идея!	2	1	1098561
Dobro došli!	Добро пожаловать!	2	1	8852064
Dobro došli.	Добро пожаловать.	2	1	2332062
Dobro je.	Это хорошо.	2	1	3644358
Dobro je.	Оно хорошее.	2	1	3644358
Dobro jutro!	Доброе утро!	2	1	3384118
Dobro kuvaš?	Ты хорошо готовишь?	2	0	8888785
Dobro pitanje.	Хороший вопрос.	2	1	3263627
Dobro radiš.	Ты хорошо работаешь.	2	1	4273226
Dobro sam.	У меня всё хорошо.	2	1	4248516
Dolazi autobus.	Автобус подходит.	2	0	3279785
Dosadan sam.	Я скучный.	2	0	3669242
Dođi bliže.	Подойди ближе.	2	0	4995976
Dođi sutra.	Приходи завтра.	2	1	4995968
Dođite sutra.	Приходите завтра.	2	1	4995969
Drvo gori.	Дерево горит.	2	0	5003672
Drži ovo.	Держи это.	2	1	8831007
Duva vetar.	Дует ветер.	2	0	3463566
Evo knjige.	Вот книги.	2	1	3438803
Gde ideš?	Куда ты идёшь?	2	1	1232300
Gde ćeš?	Где ты будешь?	2	1	3387240
Gladan sam.	Я голоден.	2	1	3264437
Gladan sam.	Я голодный.	2	1	3264437
Glup si.	Ты глуп.	2	1	3243180
Glupa si.	Ты глупая.	2	1	4993188
Glupi ste.	Вы глупые.	2	1	4993189
Govori jasno.	Говори ясно.	2	1	3654415
Govori tiho.	Говори тихо.	2	1	6976046
Govori tiše!	Говори тише!	2	0	6976050
Govori tiše.	Говори тише.	2	0	6877252
Hajdemo kući.	Пойдём домой.	2	1	3243882
Hladno je.	Холодно.	2	1	3242667
Hoću mač!	Я хочу меч!	2	0	3313557
Hvala lepo!	Большое спасибо!	2	1	6369107
I ja.	И я.	2	1	3390858
I šta?	И что?	2	1	5577303
Idemo kući.	Мы идём домой.	2	1	5599964
Ignoriši ih.	Игнорируй их.	2	0	5043676
Igram hokej.	Я играю в хоккей.	2	0	5841833
Igram hokej.	Играю в хоккей.	2	0	5863910
Igram tenis.	Я играю в теннис.	2	0	3384568
Igraću tenis.	Я буду играть в теннис.	2	0	6993132
Ima bradu.	У него есть борода.	2	0	8888770
Ima grčeve.	У неё судороги.	2	0	8854747
Ima grčeve.	У него судороги.	2	0	8854747
Imam auto.	У меня есть машина.	2	1	6960920
Imam auto.	У меня есть автомобиль.	2	1	6960920
Imam baklju.	У меня есть факел.	2	0	8838971
Imam bicikl.	У меня есть велосипед.	2	0	1457600
Imam biljke.	У меня есть растения.	2	0	8891991
Imam dijabetes.	У меня диабет.	2	0	8842695
Imam dušu.	У меня есть душа.	2	0	8892088
Imam dvorište.	У меня есть двор.	2	0	8840301
Imam glavobolju.	У меня болит голова.	2	0	3384084
Imam glavobolju.	У меня голова болит.	2	0	3384084
Imam gorušicu.	У меня изжога.	2	0	8844632
Imam granatu.	У меня граната.	2	0	3350419
Imam granatu.	У меня есть граната.	2	0	3350419
Imam ideju.	У меня есть идея.	2	1	2925861
Imam ideju.	У меня идея.	2	1	2925861
Imam izbor.	У меня есть выбор.	2	1	8823877
Imam kišobran.	У меня есть зонт.	2	0	8829771
Imam kišobran.	У меня есть зонтик.	2	0	8829771
Imam knjigu.	У меня есть книга.	2	1	3434499
Imam kompjuter.	У меня есть компьютер.	2	0	8892045
Imam košnice.	У меня есть ульи.	2	0	8854796
Imam kuću.	У меня есть дом.	2	1	8829996
Imam mačku.	У меня есть кошка.	2	0	8890371
Imam modricu.	У меня синяк.	2	0	4967535
Imam nož.	У меня есть нож.	2	1	8823937
Imam nož.	У меня нож.	2	1	8823937
Imam partnera.	У меня есть партнёр.	2	0	8823797
Imam pitanje.	У меня есть вопрос.	2	1	5248269
Imam pitanje.	У меня вопрос.	2	1	3424927
Imam pištolj.	У меня есть пистолет.	2	1	8892023
Imam pištolj.	У меня пистолет.	2	1	8892023
Imam porodicu.	У меня есть семья.	2	1	2499654
Imam praznike.	У меня каникулы.	2	0	1505701
Imam problem.	У меня проблема.	2	1	5635284
Imam problem.	У меня есть проблема.	2	1	5635284
Imam proliv.	У меня диарея.	2	0	1179885
Imam rečnik.	У меня есть словарь.	2	0	3425851
Imam skejtbord.	У меня есть скейтборд.	2	0	8840458
Imam violinu.	У меня есть скрипка.	2	0	8823914
Imam ćerku.	У меня есть дочь.	2	0	3266425
Imaš pravo.	Ты прав.	2	1	3243480
Imaš temperaturu.	У тебя температура.	2	0	3650677
Improvizovala sam.	Я импровизировала.	2	0	4999434
Isplazite jezik!	Высуньте язык!	2	0	1484588
Isplazite jezik!	Покажите язык!	2	0	1484588
Izgledaš glupavo.	Ты глупо выглядишь.	2	0	6303055
Izgledaš glupavo.	Ты выглядишь глупо.	2	0	6303055
Izgledaš glupo.	Ты выглядишь глупо.	2	1	3430033
Izgledaš zdravo.	Ты выглядишь здоровым.	2	1	3650664
Izgledaš zdravo.	Ты выглядишь здоровой.	2	1	3650664
Izlazite odatle.	Выходите оттуда.	2	0	4449684
Izmešajte šećer.	Размешайте сахар.	2	0	2067549
Izujte cipele.	Снимите обувь.	2	0	3419153
Izujte cipele.	Разуйтесь.	2	0	3419153
Izvinite me.	Извините меня.	2	1	2263875
Ja plaćam.	Я плачу.	2	0	6825062
Ja predajem.	Я преподаю.	2	0	3243460
Ja prevodim.	Я перевожу.	2	0	399088
Ja radim.	Я работаю.	2	1	5577304
Ja, takođe.	Я тоже.	2	1	3390861
Jedem ovde.	Я ем здесь.	2	0	1054923
Još ne.	Ещё нет.	2	1	6895821
Kada dolaziš?	Когда придёшь?	2	0	8888762
Kada odlaziš?	Когда ты уезжаешь?	2	0	1384492
Kada odlaziš?	Когда уезжаешь?	2	0	1384492
Kafu, moliću.	Кофе, пожалуйста.	2	0	3791383
Kakav ego!	Какое эго!	2	0	5955144
Kako brzo!	Как быстро!	2	1	4246036
Kako dirljivo!	Как трогательно!	2	0	4999454
Kako melodramatično!	Как мелодраматично!	2	0	4999458
Kako si?	Как ты?	2	1	1076696
Kako ste?	Как поживаете?	2	1	400925
Kako ste?	Как дела?	2	1	400925
Kako ste?	Как вы?	2	1	400925
Kasno je.	Поздно.	2	1	4960967
Kaži joj.	Скажи ей.	2	1	7009902
Kaži mu.	Скажи ему.	2	1	7009912
Kažnjen sam.	Я наказан.	2	0	4999271
Kažnjena sam.	Я наказана.	2	0	4999274
Klaustrofobična sam.	У меня клаустрофобия.	2	0	4999320
Ko kuca?	Кто стучит?	2	0	4248687
Ko kuca?	Кто стучится?	2	0	4248687
Ko zna?	Кто знает?	2	1	1178208
Koga briga?	Кого это волнует?	2	1	6369051
Koga voliš?	Кого ты любишь?	2	1	8888761
Koga čekate?	Кого вы ждёте?	2	0	3371112
Koga čekaš?	Кого ты ждёшь?	2	0	3371121
Koji broj?	Какое число?	2	1	1214488
Koji broj?	Какой номер?	2	1	1214488
Koliko duboko?	Как глубоко?	2	1	5003570
Koliko jabuka?	Сколько яблок?	2	0	664830
Kuvam ručak.	Я готовлю обед.	2	0	6475470
Lako je.	Это легко.	2	1	1133783
Lako je.	Оно лёгкое.	2	1	1133783
Laku noć!	Спокойной ночи!	2	1	1714768
Laku noć.	Спокойной ночи.	2	1	3392020
Ljubav oslepljuje.	Любовь ослепляет.	2	0	1181847
Ljubazan je.	Он любезный.	2	0	2271280
Ljudi greše.	Люди ошибаются.	2	0	6900217
Loše plivam.	Я плохо плаваю.	2	0	3387078
Mama radi.	Мама работает.	2	1	3430877
Mama, požuri!	Мама, поторопись!	2	1	3390925
Mačka jede.	Кошка ест.	2	0	1228507
Mene vole.	Меня любят.	2	1	2175402
Mlad sam.	Я молод.	2	0	6905813
Mlad sam.	Я молодой.	2	0	6905813
Mlada sam.	Я молода.	2	1	6905822
Mnogo hvala!	Большое спасибо!	2	1	1157180
Moje je.	Это моё.	2	1	4993374
Moje je.	Оно моё.	2	1	4993374
Mraz je.	Морозно.	2	0	1228538
Mrtav si.	Ты мёртв.	2	1	4243583
Mrzim hemiju.	Ненавижу химию.	2	0	3644416
Mrzim karaoke.	Ненавижу караоке.	2	0	11055427
Mrzim komarce.	Ненавижу комаров.	2	0	1200590
Mrzim muškarce.	Я ненавижу мужчин.	2	0	13969396
Mrzim te.	Ненавижу тебя.	2	1	805594
Mrzim školu.	Я ненавижу школу.	2	1	4781399
Mrzim školu.	Ненавижу школу.	2	1	4781399
Mrzimo Toma.	Мы ненавидим Тома.	2	0	4782995
Napad je.	Это нападение.	2	1	4246925
Napiši nešto.	Напиши что-нибудь.	2	0	6535673
Napišite nešto.	Напишите что-нибудь.	2	0	6535674
Napušteno je.	Оно заброшенное.	2	0	4992596
Nađi posao!	Найди работу!	2	1	3439022
Ne brini.	Не беспокойся.	2	1	465950
Ne brini.	Не волнуйся.	2	1	465950
Ne gledaj.	Не смотри.	2	1	4995904
Ne gledajte.	Не смотрите.	2	1	4995906
Ne govori.	Не говори.	2	1	4996840
Ne govorite.	Не говорите.	2	1	4996842
Ne mogu.	Я не могу.	2	1	1056515
Ne mogu.	Не могу.	2	1	1056515
Ne pevaj.	Не пой.	2	0	4996826
Ne pevajte.	Не пойте.	2	0	4996828
Ne pevam.	Я не пою.	2	0	2708807
Ne pucaj!	Не стреляй!	2	0	3439027
Ne pucajte!	Не стреляйте!	2	0	6384779
Ne razgovaraj.	Не разговаривай.	2	0	4996884
Ne razgovarajte.	Не разговаривайте.	2	0	4996892
Ne razumem.	Я не понимаю.	2	1	3242664
Ne razumem.	Не понимаю.	2	1	6369065
Ne trči.	Не беги.	2	0	4996805
Ne trči.	Не бегай.	2	0	4996805
Ne trčite.	Не бегите.	2	0	4996807
Ne trčite.	Не бегайте.	2	0	4996807
Ne vičite.	Не кричите.	2	0	4996818
Ne znam.	Я не знаю.	2	1	3243810
Ne znam.	Не знаю.	2	1	3243810
Ne žuri.	Не спеши.	2	0	4996813
Ne žuri.	Не торопись.	2	0	4996813
Ne žurite.	Не спешите.	2	0	4996814
Ne žurite.	Не торопитесь.	2	0	4996814
Ne, hvala.	Нет, спасибо.	2	1	3254031
Nego šta!	Безусловно!	2	1	8846192
Nemam apetit.	У меня нет аппетита.	2	0	3275410
Nemam broj.	У меня нет номера.	2	1	3357657
Nemam gitaru.	У меня нет гитары.	2	0	4782915
Nemam kartu.	У меня нет карты.	2	1	3247840
Nemam kartu.	У меня нет билета.	2	1	3247840
Nemam odgovor.	У меня нет ответа.	2	1	3357592
Nemam pasoš.	У меня нет паспорта.	2	0	3359501
Nemam pojma.	Совсем не знаю.	2	1	396750
Nemam pojma.	Понятия не имею.	2	1	396750
Nemam predrasuda.	У меня нет предрассудков.	2	0	3425236
Nemam reči.	У меня нет слов.	2	1	3414822
Nemam vremena.	У меня нет времени.	2	1	3357647
Nemamo izbora.	У нас нет выбора.	2	1	4254043
Nemamo vode.	У нас нет воды.	2	1	3429741
Nemaš temperaturu.	У тебя нет температуры.	2	0	3292426
Nešto nedostaje.	Чего-то не хватает.	2	1	3494449
Nešto novo?	Что-нибудь новое?	2	1	5003549
Nešto novo?	Что-то новое?	2	1	5003549
Nije hladno.	Не холодно.	2	1	1243595
Nije loše.	Неплохо.	2	1	5003550
Nije moguće!	Не может быть!	2	1	1221185
Nisam bogat.	Я не богат.	2	0	6900204
Nisam grofica.	Я не графиня.	2	0	5628245
Nisam lep.	Я не красивый.	2	1	4246554
Nisam lepa.	Я не красивая.	2	1	4246555
Nisam nepismen.	Я не неграмотный.	2	0	3644439
Nisam pevač.	Я не певец.	2	0	8874148
Nisam pevačica.	Я не певица.	2	0	8874150
Nisam star.	Я не старый.	2	1	3434501
Nisam učitelj.	Я не учитель.	2	0	2925858
Nisam učiteljica.	Я не учительница.	2	0	2925859
Nisam vlasnik.	Я не собственник.	2	0	4972113
Nisam vojnik.	Я не солдат.	2	0	12405859
Nisam znao.	Я не знал.	2	1	5955339
Nisu moje.	Они не мои.	2	1	5002922
Nisu moji.	Они не мои.	2	1	5002920
Ništa više?	Больше ничего?	2	1	6368381
Novo je.	Оно новое.	2	1	2263886
O Bože!	О Боже!	2	1	5963141
O, ne!	О нет!	2	1	6535682
Obećala sam.	Я обещала.	2	0	4992637
Obožavam jesen.	Обожаю осень.	2	0	5557521
Odakle si?	Откуда ты?	2	1	3334516
Odgovori mi.	Ответь мне.	2	1	5003616
Odgovorite mi.	Ответьте мне.	2	0	5003617
Odlazim ujutru.	Я уезжаю утром.	2	1	6900011
Odlično izgledaš.	Отлично выглядишь.	2	1	665235
Odlično izgledaš.	Ты отлично выглядишь.	2	1	665235
Odlučila sam.	Я решила.	2	0	5043661
Odlučio sam.	Я решил.	2	1	5043659
On pliva.	Он плывёт.	2	0	3384571
On pliva.	Он плавает.	2	0	3384571
On pokušava.	Он пытается.	2	1	5003653
On studira.	Он учится.	2	0	3386919
On trči.	Он бежит.	2	0	2263846
On trči.	Он бегает.	2	0	2263846
On čita.	Он читает.	2	0	6960923
Ona plače.	Она плачет.	2	0	3438837
Ona pliva.	Она плывёт.	2	0	3384570
Ona pliva.	Она плавает.	2	0	3384570
Ona puca.	Она стреляет.	2	0	3478714
Ona čita.	Она читает.	2	0	13420943
Ona šeta.	Она гуляет.	2	0	5003670
Oni razgovaraju.	Они разговаривают.	2	0	1266686
Ono pliva.	Оно плывёт.	2	0	3384569
Ono pliva.	Оно плавает.	2	0	3384569
Opraštamo ti.	Мы тебя прощаем.	2	0	3430519
Oprosti nam.	Прости нас.	2	1	4997595
Oprostite nam.	Простите нас.	2	1	4997596
Ostala sam.	Я осталась.	2	1	4992627
Otvorite prozor!	Откройте окно!	2	0	1135352
Ovde sam.	Я здесь.	2	1	4999268
Ovde smo.	Мы здесь.	2	1	4993212
Ovde spavam.	Здесь я сплю.	2	1	10686088
Pa šta?	И что?	2	1	3243822
Pada grad.	Идёт град.	2	1	3267007
Pada kiša.	Идёт дождь.	2	0	3242666
Pada sneg.	Идет снег.	2	0	3264898
Pada sneg.	Идёт снег.	2	0	6673719
Padaće kiša.	Пойдёт дождь.	2	0	3418820
Pametan sam.	Я умный.	2	1	5043614
Pametna sam.	Я умная.	2	0	5043615
Pasoš, molim.	Паспорт, пожалуйста.	2	0	3386990
Pečem hleb.	Я пеку хлеб.	2	0	8874145
Pijete kafu?	Ты пьёшь кофе?	2	0	1168708
Pipni ga.	Потрогай его.	2	0	8852380
Pipni ga.	Прикоснись к нему.	2	0	8852380
Pipni ga.	Пощупай его.	2	0	8852380
Pitaj Aleksa.	Спроси у Алекса.	2	0	2263852
Plaćam unapred.	Я заплачу вперёд.	2	0	893558
Plašim se.	Я боюсь.	2	1	4999357
Pobedila si!	Ты победила!	2	0	4993170
Pobedili smo!	Мы победили!	2	0	4993205
Pobedili smo.	Мы победили.	2	0	2057008
Pobedili ste!	Вы победили!	2	0	4993171
Pobedili su.	Они победили.	2	0	6535748
Pobedio si!	Ты победил!	2	0	4993169
Pogledaj nebo.	Посмотри на небо.	2	0	3370031
Pogledaj nebo.	Взгляни на небо.	2	0	3370031
Pogledaj tamo.	Посмотри там.	2	1	6535758
Pogledajte tamo.	Посмотрите там.	2	1	6535759
Pogledaćemo kasnije.	Мы потом посмотрим.	2	0	4273218
Pokaži mi.	Покажи мне.	2	1	3439041
Pokreni se!	Пошевеливайся!	2	0	5909481
Pokušaj opet.	Попробуй снова.	2	1	3278264
Pokušaj ponovo.	Попробуй снова.	2	1	2263892
Pokušajte ponovo.	Попробуйте снова.	2	0	2263893
Poljubi me!	Поцелуй меня.	2	0	1153979
Poljubi me.	Поцелуй меня.	2	0	1166819
Pomozi mi!	Помоги мне!	2	1	3478054
Pomozi mi.	Помоги мне.	2	1	5003629
Pomozite mi.	Помогите мне.	2	1	5003630
Popij lek.	Выпей лекарство.	2	0	3484257
Popravi sat.	Почини часы.	2	0	1065882
Popravljam kuću.	Я ремонтирую дом.	2	0	3291852
Postajete neobazrivi.	Вы становитесь неосторожными.	2	0	4273366
Postaješ neobazriv.	Ты становишься неосторожным.	2	0	4273365
Pozovite policiju!	Вызовите полицию!	2	0	3243723
Pozovite policiju!	Позовите полицию!	2	0	3243723
Početnik sam.	Я начинающий.	2	0	5848246
Pošalji telegram!	Пошли телеграмму!	2	0	3425110
Požuri malo!	Поспеши немножко!	2	1	398506
Prazan je.	Он пуст.	2	0	4992590
Prazan je.	Он пустой.	2	0	4992590
Prazna je.	Она пуста.	2	0	4992589
Prazna je.	Она пустая.	2	0	4992589
Prazno je.	Оно пустое.	2	0	4992588
Pretoplo je.	Слишком жарко.	2	0	665301
Prijatno veče.	Приятного вечера.	2	0	3245710
Prirodan sam.	Я естественный.	2	0	5043569
Prirodna sam.	Я естественная.	2	0	5043570
Pričaj polako.	Говори медленно.	2	1	5944894
Probudite se!	Проснитесь!	2	0	5558019
Probudite se!	Просыпайтесь!	2	0	5558019
Prodajem kafu.	Я продаю кофе.	2	0	5841956
Propustićeš sve.	Ты всё пропустишь.	2	0	4254020
Psi laju.	Собаки лают.	2	0	1734121
Psi laju.	Псы лают.	2	0	1734121
Ptice lete.	Птицы летают.	2	0	2263871
Ptice pevaju.	Птицы поют.	2	0	2263899
Ptice pevaju.	Поют птицы.	2	0	2263899
Radite ovde?	Вы здесь работаете?	2	1	5800246
Razumela sam.	Я поняла.	2	0	2263859
Razumela sam.	Поняла.	2	0	2263859
Razumeo sam.	Я понял.	2	1	2263858
Razumeo sam.	Понял.	2	1	2263858
Račun, molim.	Счёт, пожалуйста.	2	1	5003535
Raširenost kompjutera.	Распространение компьютеров.	2	0	1157201
Reci joj.	Скажи ей.	2	1	7009905
Reci mu.	Скажи ему.	2	1	7009909
Reka teče.	Река течёт.	2	0	1533431
Riba je.	Это рыба.	2	0	4243589
Ruke uvis!	Руки вверх!	2	0	392453
Sada ručaj.	Сейчас обедай.	2	0	3244332
Saglasan sam.	Согласен.	2	0	1133560
Samo gledam.	Я просто смотрю.	2	1	6473747
Samo gledam.	Я только смотрю.	2	1	3425923
Slušaj pažljivo.	Слушай внимательно.	2	1	5003552
Slušam muziku.	Я слушаю музыку.	2	0	1168695
Slušam radio.	Я слушаю радио.	2	1	3418697
Slušate li?	Вы слушаете?	2	0	4292396
Slušaš li?	Ты слушаешь?	2	0	4292395
Smanji televizor.	Сделай телевизор потише.	2	0	665166
Smisliću nešto.	Я что-нибудь придумаю.	2	0	4258246
Smrt kolonijalizmu!	Смерть колониализму!	2	0	12678699
Spava li?	Спит?	2	1	8854949
Spavam čvrsto.	Я крепко сплю.	2	0	4972124
Sporo čitam.	Я медленно читаю.	2	0	5628180
Spreman sam!	Я готов!	2	1	4992614
Spreman sam.	Я готов.	2	1	5043584
Spremna sam!	Я готова!	2	1	4992615
Spremna sam.	Я готова.	2	1	5043585
Srce bije.	Сердце бьется.	2	0	11889498
Srećan Božić!	Счастливого Рождества!	2	1	5003507
Srećan put.	Счастливого пути.	2	1	3244087
Srećan rođendan!	С днём рождения!	2	1	398928
Starica kašlje.	Старуха кашляет.	2	0	1949834
Starica kašlje.	Старушка кашляет.	2	0	1949834
Stidim se.	Мне стыдно.	2	0	3365485
Stiže voz!	Поезд прибывает!	2	1	3303906
Studiram Engleski.	Я изучаю английский.	2	0	3266832
Studiram matematiku.	Я изучаю математику.	2	0	3411088
Svako zna.	Все знают.	2	1	4996917
Sve teče.	Всё течёт.	2	0	5691391
Sve znam.	Я всё знаю.	2	1	3245813
Svi greše.	Все ошибаются.	2	0	8917511
Svi idu.	Все идут.	2	1	4997544
Svi pričaju.	Все разговаривают.	2	0	4996934
Svi tapšu.	Все хлопают.	2	0	4996903
Svi tapšu.	Все аплодируют.	2	0	4996903
Svi znaju.	Все знают.	2	1	4996916
Svi čekaju.	Все ждут.	2	0	4997552
Tako misliš?	Ты так думаешь?	2	1	5785654
Taksi čeka.	Такси ждёт.	2	1	4324208
Tamo je.	Это там.	2	1	4993351
Tamo je.	Там.	2	1	4993351
Tata radi.	Папа работает.	2	1	3430878
Tačan je.	Он пунктуален.	2	0	11057720
Tačno je.	Точно.	2	1	4248672
Tačno je.	Правильно.	2	1	4248672
Teška je.	Она тяжёлая.	2	0	4992594
Teško je.	Тяжело.	2	1	1060932
Teško je.	Это тяжело.	2	1	1060932
Teško je.	Оно тяжёлое.	2	1	1060932
Težak je.	Он тяжёлый.	2	1	4992595
Tom je.	Это Том.	2	1	4993349
Tom peva.	Том поёт.	2	0	4644919
Tom čita.	Том читает.	2	0	8844366
Tražim asistenta.	Я ищу ассистента.	2	0	892223
Tražim baterije.	Я ищу батарейки.	2	0	892213
Tražim posao.	Я ищу работу.	2	1	892219
Tu smo.	Мы тут.	2	1	4993214
Tvoj sam.	Я – твой.	2	1	5043653
Tvoj sam.	Я твой.	2	1	5043653
Tvoja sam.	Я твоя.	2	1	5043654
Udobno je.	Оно удобное.	2	0	4992601
Uključi svetlo.	Включи свет.	2	0	3425922
Ukusno miriše!	Вкусно пахнет!	2	0	1157213
Umrla je.	Она умерла.	2	1	8851959
Uništen sam.	Я уничтожен.	2	0	5043610
Unutra smo.	Мы внутри.	2	1	4993211
Uradi to!	Сделай это!	2	1	8851424
Usvojen sam.	Меня усыновили.	2	0	4999361
Usvojen sam.	Меня удочерили.	2	0	4999361
Uvek kasniš.	Ты всегда опаздываешь.	2	0	8888738
Uzmi novac.	Возьми деньги.	2	1	5626287
Uzmi sve.	Возьми всё.	2	1	4997601
Uzmite malo.	Возьмите немного.	2	1	4997626
Učim japanski.	Я учу японский.	2	0	4264041
Učim korejski.	Я учу корейский.	2	0	4243342
Učim sada.	Я сейчас учусь.	2	0	5873225
Učimo španski.	Я учу испанский.	2	0	3362094
Učiću nemački.	Я буду учить немецкий.	2	0	2764229
Uđite unutra.	Войдите внутрь.	2	1	4997609
Vegetarijanac sam.	Я вегетарианец.	2	0	5043642
Veliko hvala!	Большое спасибо!	2	1	5553211
Veoma dobro!	Очень хорошо!	2	1	5552596
Verujte mi.	Верьте мне.	2	0	6535651
Verujte mi.	Поверьте мне.	2	0	6535651
Vidim devojčicu.	Я вижу девочку.	2	0	3440617
Vidim lava.	Я вижу льва.	2	0	3438807
Vidim nekoga.	Я кого-то вижу.	2	1	3424903
Vidim ogledalo.	Я вижу зеркало.	2	0	3478287
Vidim pauka.	Я вижу паука.	2	0	3440953
Vidim ružu.	Я вижу розу.	2	0	3437876
Vidim to.	Я это вижу.	2	1	4250468
Vidimo se!	До встречи!	2	1	6369112
Volim astronomiju.	Я люблю астрономию.	2	0	11060641
Volim boje.	Я люблю краски.	2	1	3470181
Volim Francusku.	Я люблю Францию.	2	0	8890372
Volim hleb.	Я люблю хлеб.	2	0	4781352
Volim jezike.	Я люблю языки.	2	0	3334510
Volim mačke.	Я люблю кошек.	2	0	4644934
Volim prirodu.	Я люблю природу.	2	0	3535441
Volim pse.	Я люблю собак.	2	0	4644935
Volim slatkiše.	Я люблю сладкое.	2	0	3387075
Volim slatkiše.	Я люблю сладости.	2	0	3387075
Volim slatko.	Я люблю сладкое.	2	1	3387076
Volim sport.	Я люблю спорт.	2	0	1113746
Volim sunce.	Я люблю солнце.	2	1	3293196
Volim sunce.	Люблю солнце.	2	1	3293196
Volim te.	Я люблю тебя!	2	1	565947
Volim te.	Я люблю тебя.	2	1	3253181
Volim vatromete	Я люблю фейерверки.	2	0	8823770
Volim zabave.	Я люблю праздники.	2	0	1054401
Vozi brže.	Едь быстрее.	2	1	4996899
Vozite brže.	Едьте быстрее.	2	0	4996900
Vrati se.	Вернись.	2	1	6947932
Vratiću se.	Я вернусь.	2	0	5599965
Za što?	Для чего?	2	1	1157214
Zabavno je.	Это забавно.	2	1	4993365
Zaboravila sam.	Я забыла.	2	1	6018054
Zaboravili smo.	Мы забыли.	2	0	6018047
Zaboravio sam.	Я забыл.	2	1	6018051
Zaboravite Toma.	Забудьте Тома.	2	0	4997594
Zaslužujem to.	Я заслуживаю этого.	2	0	5848781
Zatvori prozor.	Закрой окно.	2	1	664836
Zatvori vrata.	Закрой дверь.	2	1	3294874
Zatvori vrata.	Закрой ворота.	2	1	3294874
Zatvorite vrata!	Закройте дверь!	2	0	1135357
Zatvorite vrata!	Закройте ворота!	2	0	1135357
Završi ovo.	Закончи это.	2	1	4997588
Zašto ja?	Почему я?	2	1	6314412
Zašto ne?	Почему нет?	2	1	1946216
Zašto odlazite?	Почему вы уходите?	2	0	5919378
Zašto odlaziš?	Почему ты уходишь?	2	0	5919377
Zašto pitaš?	Почему ты спрашиваешь?	2	1	3292856
Zašto to?	Почему так?	2	1	6307691
Zdravo, prijatelju!	Привет, друг!	2	1	5806661
Zezam se.	Я веселюсь.	2	0	5043552
Znam ga.	Я его знаю.	2	1	8847981
Znam gospodina.	Я знаю господина.	2	0	5848212
Znamo dovoljno.	Мы знаем достаточно.	2	1	5626291
Znamo ga.	Мы его знаем.	2	1	1085887
Znaće oni.	Они узнают.	2	0	4993314
Znaš pravila.	Ты знаешь правила.	2	1	3645020
Ćao, Tome.	Привет, Том.	2	1	466204
Ćitam sve.	Я читаю всё.	2	0	3494483
Čekala sam.	Я ждала.	2	0	4992623
Čekam autobus.	Я жду автобус.	2	0	6475473
Čekam brod.	Я жду корабль.	2	1	5396784
Čekam brod.	Я жду корабля.	2	1	5396784
Čekam mamu.	Я жду маму.	2	1	6923396
Čekao sam.	Я ждал.	2	0	4992622
Čekaću ovde.	Я буду ждать здесь.	2	0	3434924
Čisto je.	Оно чистое.	2	1	4992604
Šalim se.	Я шучу.	2	0	5043551
Šališ se?	Ты шутишь?	2	1	3291028
Širite esperanto!	Распространяйте эсперанто!	2	0	1505816
Šta gledaš?	На что ты смотришь?	2	1	3425564
Šta hoćeš?	Чего ты хочешь?	2	1	3303668
Šta hoćeš?	Что ты хочешь?	2	1	3303668
Šta imaš?	Что у тебя?	2	1	1113403
Šta imaš?	Что у тебя есть?	2	1	1113403
Šta pije?	Что она пьёт?	2	0	4243505
Šta pije?	Что он пьёт?	2	0	4243505
Šta radite?	Что делаете?	2	1	2332056
Šta radite?	Чем занимаетесь?	2	1	2332056
Šta radite?	Что вы делаете?	2	1	2332056
Šta radite?	Чем вы занимаетесь?	2	1	2332056
Šta radiš?	Что ты делаешь?	2	1	2332057
Šta tražite?	Что вы ищете?	2	1	3384102
Šta tražiš?	Что ты ищешь?	2	1	3384098
Šta tražiš?	Что ищешь?	2	1	3384098
Šta čitaš?	Что ты читаешь?	2	0	6365240
Šta čitaš?	Что читаешь?	2	0	6365240
Žedan sam.	Мне хочется пить.	2	0	3243475
Žedan sam.	Я хочу пить.	2	0	3243475
Žedna sam.	Я хочу пить.	2	0	5557579
Žene rade.	Женщины работают.	2	1	2499852
Amerika se vratila!	Америка вернулась!	3	0	13073286
Australija je ostrvo.	Австралия - это остров.	3	0	13679758
Auto je plav.	Машина синяя.	3	0	3334496
Baš si visok!	Ну и высокий же ты!	3	0	1091404
Bezbednost pre svega!	Безопасность прежде всего.	3	0	6385000
Bezbednost pre svega!	Безопасность превыше всего!	3	0	6385000
Bicikl je moj.	Велосипед мой.	3	0	3478048
Bila sam prljava.	Я была грязная.	3	0	8849031
Bila si moja.	Ты была моей.	3	1	11055433
Bile ste moje.	Вы были моими.	3	1	11055434
Bili smo poslednji.	Мы были последними.	3	1	5028634
Bili ste moji.	Вы были моими.	3	1	11055432
Bio sam učitelj.	Я был учителем.	3	0	3430712
Bio si moj.	Ты был моим.	3	1	11055431
Bio si zauzet.	Ты был занят.	3	1	8847909
Bitkoin je kriptovaluta.	Биткоин — это криптовалюта.	3	0	7010999
Bićeš potpuno bezbedan.	Ты будешь в полной безопасности.	3	0	6361140
Bićeš potpuno bezbedna.	Ты будешь в полной безопасности.	3	0	6361142
Bog ili priroda.	Бог или природа.	3	0	6937670
Bog je veliki.	Бог велик.	3	1	5557564
Bojim se igala.	Я боюсь иголок.	3	0	8809977
Bole me oči.	У меня болят глаза.	3	0	3477987
Boli me glava.	У меня болит голова.	3	1	3243462
Boli me grlo.	У меня болит горло.	3	0	3275306
Boli te glava?	У тебя болит голова?	3	1	7014785
Bolnica je prepuna.	Госпиталь переполнен.	3	0	3455076
Cena nije bitna.	Цена не имеет значения.	3	0	665363
Cene su pale.	Цены упали.	3	0	3243930
Da ili ne?	Да или нет?	3	1	3334520
Da li kašljete?	Вы кашляете?	3	0	1142587
Da li pušite?	Вы курите?	3	0	3253701
Da li razumeš?	Ты понимаешь?	3	1	3047056
Da li siguran?	Ты уверен?	3	1	3243718
Da, volim to!	Да, я это люблю!	3	1	5894271
Daj mi broj.	Дай мне номер.	3	1	3244167
Daj mi kašiku.	Дай мне ложку.	3	0	4790584
Daj mi mač.	Дай мне меч.	3	0	4781276
Daj mi mleko.	Дай мне молоко.	3	0	6294001
Daj mi olovku.	Дай мне карандаш.	3	0	4783004
Daješ loš primer.	Ты подаёшь плохой пример.	3	0	3425542
Dajte hranu beskućnicima.	Дайте еды бездомным.	3	0	3362176
Dajte mi kašiku.	Дайте мне ложку.	3	0	4790585
Dakle, šta misliš?	Итак, что думаешь?	3	1	5778822
Dan je sunčan.	День солнечный.	3	0	1261893
Dan se završava.	День заканчивается.	3	0	3314326
Danas je hladno.	Сегодня холодно.	3	1	3503790
Danas je oblačno.	Сегодня облачно.	3	0	1070683
Danas je ponedeljak.	Сегодня понедельник.	3	0	1051837
Danas je vruće.	Сегодня жарко.	3	0	3292476
Danas nema vetra.	Сегодня нет ветра.	3	0	3248309
Danas nemam domaći.	Сегодня у меня нет домашней работы.	3	0	6728732
Danas nemam domaći.	Сегодня у меня нет домашки.	3	0	6728732
Danas očekujem klijenta.	Сегодня я ожидаю клиента.	3	0	3391272
Danas pada sneg.	Сегодня идёт снег.	3	0	2135763
Danas prekrasno izgledaš!	Сегодня ты прекрасно выглядишь!	3	0	1091406
Danas sam slobodan.	Сегодня я свободен.	3	1	3307021
Danas sunce sija.	Сегодня светит солнце.	3	0	1261861
Deca vole pustolovine.	Дети любят приключения.	3	0	1042348
Delovao je iskreno.	Он казался честным.	3	0	11057721
Devojka jede hleb.	Девочка ест хлеб.	3	0	6334110
Devojka vidi dečaka.	Девочка видит мальчика.	3	0	5635185
Devojke su spavale.	Девушки спали.	3	0	4249129
Devojčica ima temperaturu.	У девочки температура.	3	0	1484569
Dečko, isplazi jezik!	Мальчик, покажи язык!	3	0	1183365
Dobro. A ti?	Хорошо. А ты?	3	1	476818
Dobro. A vi?	Хорошо. А вы?	3	1	476817
Dodaj još vode.	Добавь ещё воды.	3	0	5024382
Dodajte još vode.	Добавьте ещё воды.	3	0	5024383
Doktor zna sve.	Доктор знает всё.	3	1	5396806
Doktor zna sve.	Доктор всё знает.	3	1	5396806
Dolaziš li, Tome?	Ты придёшь, Том?	3	0	4371176
Doneću ti nešto.	Я тебе кое-что принесу.	3	0	4254003
Dopadaš mi se.	Ты мне нравишься.	3	0	7030676
Dosadno mi je.	Мне скучно.	3	0	3669334
Dosta s guranjem.	Хватит толкаться.	3	0	11057646
Dragi moj prijatelju!	Дорогие мои друзья!	3	1	1280752
Drvo dobro gori.	Дерево хорошо горит.	3	0	1505742
Drvo lako gori.	Дерево легко загорается.	3	0	3351973
Držala je kišobran.	Она держала зонтик.	3	0	3393542
Emili je Engleskinja.	Эмили - англичанка.	3	0	2925892
Evo nešto interesantno.	Вот кое-что интересное.	3	0	3395326
Evo šta mislim.	Вот что я думаю.	3	1	5002292
Fali nam nešto.	Нам чего-то не хватает.	3	0	3304184
Gde je biletarnica?	Где касса?	3	0	3402150
Gde je hotel?	Где гостиница?	3	1	2499652
Gde je kelner?	Где официант?	3	0	3357157
Gde je knjiga?	Где книга?	3	1	3334500
Gde je Lori?	Где Лори?	3	0	2499649
Gde je Misisipi?	Где находится Миссисипи?	3	0	3314359
Gde je muzej?	Где музей?	3	0	1053787
Gde je studentkinja?	Где студентка?	3	0	5294773
Gde je Teheran?	Где находится Тегеран?	3	0	3282889
Gde je Tom?	Где Том?	3	1	12402898
Gde je votka?	Где водка?	3	0	3298602
Gde je žena?	Где женщина?	3	1	6960614
Gde on živi?	Где он живёт?	3	1	3295056
Gde sam pogrešila?	Где я ошиблась?	3	0	4449861
Gde sam pogrešio?	Где я ошибся?	3	0	4449860
Gde sam sad?	Где я сейчас?	3	1	5843314
Gde sam sada?	Где я сейчас?	3	1	5843312
Gde si bio?	Где ты был?	3	1	3429996
Gde si radila?	Где ты работала?	3	1	4986885
Gde si radio?	Где ты работал?	3	1	4986884
Gde si sad?	Где ты сейчас?	3	1	5843305
Gde si sada?	Где ты сейчас?	3	1	5039825
Gde si ti?	Где ты?	3	1	396724
Gde smo sad?	Где мы сейчас?	3	1	5843310
Gde smo sada?	Где мы сейчас?	3	1	5843307
Gde ste radili?	Где вы работали?	3	1	4986886
Gde su noževi?	Где ножи?	3	0	900758
Gde su roditelji?	Где родители?	3	1	3344183
Gde su rukavice?	Где перчатки?	3	0	3370808
Gde su rukavice?	Где рукавицы?	3	0	3370808
Gde su viljuške?	Где вилки?	3	0	3292581
Gde su žirafe?	Где жирафы?	3	0	2499863
Gde svi idu?	Куда все идут?	3	1	3357152
Gde vi živite?	Где вы живёте?	3	0	1312278
Glasnije, molim te.	Громче, пожалуйста.	3	0	5003564
Godine su protekle.	Прошли годы.	3	0	1057376
Godine su prošle.	Прошли годы.	3	1	5003642
Golub simbolizuje mir.	Голубь символизирует мир.	3	0	1053636
Gore je nebo.	Сверху небо.	3	0	1266647
Gospodine, moj šešir!	Господин, моя шляпа!	3	0	3254293
Govorite li engleski?	Вы говорите по-английски?	3	0	3382591
Govoriš li Italijanski?	Ты говоришь по-итальянски?	3	0	3298587
Govoriš li Latinski?	Ты говоришь на латыни?	3	0	3341497
Grešim li ikada?	Я когда-нибудь ошибаюсь?	3	0	4324455
Hajde, pomozi mi.	Давай, помоги мне.	3	1	4449678
Hajdemo po kafu.	Пойдём кофе попьём.	3	1	4253974
Heder mi veruje.	Хизер верит мне.	3	0	2782796
Heljda je poskupela.	Гречка подорожала.	3	0	3650891
Hladno mi je.	Мне холодно.	3	1	6895806
Hodao je brzo.	Он быстро шёл.	3	0	11057708
Hoće li umreti?	Он умрёт?	3	1	11057717
Hoće neko pivo?	Кто-нибудь хочет пива?	3	1	4324607
Hoće neko pivo?	Кто-нибудь хочет пиво?	3	1	4324607
Hoćete li bananu?	Вы хотите банана?	3	0	3503793
Hoćeš li bananu?	Ты хочешь банана?	3	0	3503794
Hoćeš li ribe?	Хочешь рыбы?	3	0	3430782
Hoću da spavam!	Я спать хочу!	3	1	3547622
Hvala na informaciji.	Спасибо за информацию.	3	0	3244099
Hvala na komentaru.	Спасибо за комментарий.	3	0	3350398
Hvala na poklonu.	Спасибо за подарок.	3	0	6316119
Hvala na pozivu.	Спасибо за приглашение.	3	0	6369113
Hvala vam puno!	Большое вам спасибо!	3	1	5806622
Hvala. Dobro sam.	Спасибо, хорошо.	3	1	884783
I malo hleba.	И немного хлеба.	3	0	1166821
I ti, Brute?	И ты, Брут?	3	0	478013
Idem da pecam.	Я иду рыбачить.	3	0	10688967
Idem na plažu.	Я иду на пляж.	3	0	4250142
Idem na plažu.	Я пойду на пляж.	3	0	4250142
Idem na putovanje.	Я еду путешествовать.	3	1	4782117
Idem u bioskop.	Я иду в кино.	3	0	3293162
Idemo li kući?	Мы идём домой?	3	1	4333664
Idemo po Toma.	Мы сходим за Томом.	3	0	4247095
Idemo u pozorište.	Мы идём в театр.	3	0	3418950
Idemo u pozorište.	Мы ходим в театр.	3	0	3418950
Idi da pogledaš.	Иди посмотри.	3	0	4324582
Idi prvo ti.	Иди сначала ты.	3	1	3246279
Idite da pogledate.	Идите посмотрите.	3	0	4324583
Igrao sam fudbal.	Я играл в футбол.	3	0	3248255
Ima mnogo posla.	Работы много.	3	1	3275085
Ima oko trideset.	Ему около тридцати.	3	0	7310239
Ima oko trideset.	Ей около тридцати.	3	0	7310239
Ima ukus buđi.	У него вкус плесени.	3	0	11055428
Ima ukus buđi.	У неё вкус плесени.	3	0	11055428
Imam belog konja.	У меня есть белый конь.	3	0	3317304
Imam crne oči.	У меня чёрные глаза.	3	0	3314349
Imam dobru intuiciju.	У меня хорошая интуиция.	3	0	3342553
Imam dosadan posao.	У меня скучная работа.	3	0	3424930
Imam dva automobila.	У меня два автомобиля.	3	0	3425849
Imam dva cveta.	У меня есть два цветка.	3	0	2931650
Imam dva cveta.	У меня два цветка.	3	0	2931650
Imam dve mačke.	У меня две кошки.	3	0	3081398
Imam dve ćerke.	У меня две дочери.	3	0	3265620
Imam li nož?	У меня есть нож?	3	1	6567915
Imam loš mamurluk.	У меня тяжелое похмелье.	3	0	4274693
Imam mnogo prijatelja.	У меня много друзей.	3	1	3245539
Imam nekoliko prijatelja.	У меня есть несколько друзей.	3	1	6947300
Imam ogromne probleme.	У меня огромные проблемы.	3	0	3432881
Imam osamnaest godina.	Мне восемнадцать лет.	3	0	1085904
Imam ozbiljno pitanje.	У меня есть серьёзный вопрос.	3	1	5024423
Imam ozbiljno pitanje.	У меня серьёзный вопрос.	3	1	5024423
Imam plave oči.	У меня голубые глаза.	3	0	3435556
Imam sopstveni kompjuter.	У меня есть собственный компьютер.	3	0	8895236
Imam svoj kompjuter.	У меня есть свой компьютер.	3	0	8895234
Imam težak dan.	У меня тяжёлый день.	3	1	4258205
Imam tvoju adresu.	У меня есть твой адрес.	3	0	8840459
Imam velikog psa.	У меня есть большая собака.	3	1	3350424
Imam velikog psa.	У меня большая собака.	3	1	3350424
Imamo dva sina.	У нас два сына.	3	1	3412962
Imamo dva televizora.	У нас два телевизора.	3	0	3425009
Imamo dvoje dece.	У нас двое детей.	3	1	706338
Imamo petoro dece.	У нас пятеро детей.	3	0	3362109
Imamo puno hrane.	У нас много еды.	3	1	4251424
Imamo tri dečaka.	У нас три мальчика.	3	0	8894485
Imate li pitanja?	У вас есть вопросы?	3	1	3253699
Imate li pivo?	У вас есть пиво?	3	1	6960895
Imate li psa?	У вас есть собака?	3	1	4784592
Imate trideset dana.	У вас тридцать дней.	3	0	6902437
Imaćemo dvonedeljni raspust.	У нас будут двухнедельные каникулы.	3	0	3440798
Imaću mnogo dece.	У меня будет много детей.	3	0	3471168
Imaću velikih poteškoća.	У меня будут большие трудности.	3	0	3344298
Imaću velikih problema.	У меня будут большие проблемы.	3	0	3340716
Imaš lepe oči.	У тебя красивые глаза.	3	0	3380046
Imaš li Fejsbuk?	У тебя есть Фейсбук?	3	0	4246899
Imaš li glavobolju?	У тебя болит голова?	3	0	3253752
Imaš li olovku?	У тебя есть с собой карандаш?	3	0	1657924
Imaš li pasoš?	У тебя есть паспорт?	3	0	1097809
Imaš li psa?	У тебя есть собака?	3	1	4784591
Imaš li sestre?	У тебя есть сёстры?	3	1	3438687
Imaš lošu narav.	У тебя плохой характер.	3	0	5039840
Imaš nešto protiv?	Ты что-то имеешь против?	3	1	5843294
Imaš plave usne.	У тебя губы синие.	3	0	3476198
Imaš čudesan glas.	У тебя чудесный голос.	3	0	3418509
Instikti me vode.	Я руководствуюсь инстинктами.	3	0	3478672
Ispekao sam hleb.	Я испёк хлеб.	3	0	6334116
Ispustio je dušu.	Он испустил дух.	3	0	6952696
Istorija se ponavlja.	История повторяется.	3	0	1073913
Istovarili su brod.	Они разгрузили корабль.	3	0	1060517
Italija nije Grčka.	Италия не Греция.	3	0	4995353
Izgledaš veoma umorno.	Ты выглядишь очень усталым.	3	0	3426503
Izgledaš veoma umorno.	Ты выглядишь очень усталой.	3	0	3426503
Iznajmili smo stan.	Мы сняли квартиру.	3	0	3425449
Izvinite što kasnim.	Извините за опоздание.	3	1	5778914
Ja dobro pevam.	Я хорошо пою.	3	0	3265715
Ja igram hokej.	Я играю в хоккей.	3	0	5863913
Ja imam prijatelje.	У меня есть друзья.	3	1	3424928
Ja imam problem.	У меня проблема.	3	1	3650927
Ja imam računar.	У меня есть компьютер.	3	0	1124496
Ja mrzim matematiku.	Я ненавижу математику.	3	0	3748920
Ja mrzim pse.	Я ненавижу собак.	3	0	3644854
Ja ne grešim.	Я не ошибаюсь.	3	0	3437532
Ja ne pevam.	Я не пою.	3	0	3430778
Ja nemam novca.	У меня нет денег.	3	1	1102221
Ja nisam bogat.	Я не богат.	3	0	6900203
Ja nisam filolog.	Я не филолог.	3	0	3435499
Ja nisam grofica.	Я не графиня.	3	0	5628243
Ja nisam Kanađanin.	Я не канадец.	3	0	3334744
Ja nisam lekar.	Я не врач.	3	0	2634771
Ja nisam nastavnica.	Я не преподавательница.	3	0	2332086
Ja nisam nastavnik.	Я не учитель.	3	0	2332085
Ja nisam nastavnik.	Я не преподаватель.	3	0	2332085
Ja nisam pevač.	Я не певец.	3	0	8874149
Ja nisam popularan.	Я не популярен.	3	0	3644851
Ja nisam profesor.	Я не учитель.	3	0	2332087
Ja nisam profesorka.	Я не учительница.	3	0	2332088
Ja nisam učenik.	Я не ученик.	3	0	797466
Ja nisam učitelj.	Я не учитель.	3	0	2332083
Ja nisam učiteljica.	Я не учительница.	3	0	2332084
Ja nisam vlasnik.	Я не хозяин.	3	0	4972114
Ja nisam vojnik.	Я не солдат.	3	0	12405813
Ja nisam zaboravio.	Я не забыл.	3	1	396735
Ja nisam ćelav.	Я не лысый.	3	0	3644980
Ja pamtim sve.	Я помню всё.	3	0	1081264
Ja pijem kafu.	Я пью кофе.	3	0	1113734
Ja predajem geografiju.	Я преподаю географию.	3	0	3424891
Ja preporučujem engleski.	Я предпочитаю английский.	3	0	1127257
Ja prodajem kafu.	Я продаю кофе.	3	0	5841973
Ja radim ovde.	Я работаю здесь.	3	1	1097793
Ja sam arheolog.	Я археолог.	3	0	3340738
Ja sam astronom.	Я астроном.	3	0	6960924
Ja sam ateista.	Я атеист.	3	0	3387268
Ja sam Berlinac.	Я берлинец.	3	0	3430953
Ja sam dobro.	Я в порядке.	3	1	3311719
Ja sam doktor.	Я доктор.	3	1	3392021
Ja sam Gregor.	Я Грегор.	3	0	2149766
Ja sam heroj.	Я герой.	3	0	3285959
Ja sam Horhe.	Я Хорхе.	3	0	6825081
Ja sam inženjer.	Я инженер.	3	0	397590
Ja sam Jorge.	Я Хорхе.	3	0	665331
Ja sam Kanađanin.	Я канадец.	3	0	4999323
Ja sam Kanađanka.	Я канадка.	3	0	4999324
Ja sam lekar.	Я врач.	3	0	3440822
Ja sam lekar.	Я доктор.	3	0	3440822
Ja sam lekar.	Я медик.	3	0	3440822
Ja sam lekar.	Врач — это я.	3	0	3440822
Ja sam levoruk.	Я левша.	3	0	3300231
Ja sam Marija.	Я Мария.	3	0	12217473
Ja sam mehaničar.	Я механик.	3	0	4264024
Ja sam monah.	Я монах.	3	0	3542480
Ja sam nastavnica.	Я преподавательница.	3	0	2332075
Ja sam nastavnik.	Я преподаватель.	3	0	2332074
Ja sam navikao.	Я привык.	3	0	396742
Ja sam negovatelj.	Я медбрат.	3	0	1085928
Ja sam nepoverljiv.	Я недоверчивый.	3	0	1050459
Ja sam novinar.	Я журналист.	3	0	2708802
Ja sam odlučio.	Я решил.	3	1	3298950
Ja sam opasan.	Я опасен.	3	0	3370609
Ja sam oženjen.	Я женат.	3	0	3334485
Ja sam početnik.	Я начинающий.	3	0	5848245
Ja sam profesor.	Я профессор.	3	0	478981
Ja sam profesor.	Я учитель.	3	0	2332076
Ja sam profesorka.	Я профессор.	3	0	479035
Ja sam profesorka.	Я учительница.	3	0	2332077
Ja sam sit.	Я сыт.	3	0	1173747
Ja sam snažan.	Я сильный.	3	0	3343547
Ja sam stranac.	Я иностранец.	3	0	3274495
Ja sam student.	Я студент.	3	0	2332068
Ja sam studentkinja.	Я студентка.	3	0	2332070
Ja sam tridesetogodišnjak.	Мне тридцать лет.	3	0	5571547
Ja sam tridesetogodišnjakinja.	Мне тридцать лет.	3	0	5571548
Ja sam trkač.	Я бегун.	3	0	4250168
Ja sam udata.	Я замужем.	3	0	3334486
Ja sam učenica.	Я ученица.	3	0	2332067
Ja sam učenik.	Я ученик.	3	0	2332066
Ja sam učitelj.	Я учитель.	3	0	2332072
Ja sam učitelj.	Я - учитель.	3	0	2332072
Ja sam učiteljica.	Я учительница.	3	0	2332073
Ja sam vegetarijanac.	Я вегетарианец.	3	0	1442153
Ja sam Zemljanin.	Я землянин.	3	0	3473654
Ja sam ćelava.	Я лысая.	3	0	3644984
Ja se slažem.	Я согласен.	3	1	3267413
Ja se umivam.	Я умываюсь.	3	0	1498219
Ja sporo čitam.	Я медленно читаю.	3	0	5628175
Ja sve znam.	Я знаю всё.	3	1	392447
Ja sve znam.	Я все знаю.	3	1	475316
Ja sve znam.	Я всё знаю.	3	1	392447
Ja sviram violinu.	Я играю на скрипке.	3	0	5603343
Ja to zaslužujem.	Я заслуживаю этого.	3	0	5848780
Ja učim engleski.	Я учу английский.	3	0	1195478
Ja volim matematiku.	Я люблю математику.	3	0	396708
Ja volim sir.	Я люблю сыр.	3	1	2152882
Ja volim tenis.	Я люблю теннис.	3	0	3314357
Ja želim mač!	Я хочу меч!	3	0	1362103
Jabuke su crvene.	Яблоки красные.	3	0	1183324
Je li čisto?	Оно чистое?	3	1	6924611
Jedan nož, nedostaje.	Одного ножа не хватает.	3	1	3313383
Jedem puno mesa.	Я ем много мяса.	3	0	4324233
Jesi li ručala?	Ты обедала?	3	0	4261848
Jesi li ručao?	Ты обедал?	3	0	4261847
Jesi li spavala?	Ты спала?	3	0	4258417
Jesi li spavao?	Ты спал?	3	1	4258416
Jesi li spreman?	Ты готов?	3	1	4371149
Jesi li trudna?	Ты беременна?	3	1	11057695
Jeste li spremni?	Вы готовы?	3	1	4371150
Još nisam odlučila.	Я ещё не решила.	3	0	3503801
Kada dolaziš kući?	Когда ты придёшь домой?	3	0	3419236
Kada dolaziš kući?	Когда ты приходишь домой?	3	0	3419236
Kada je ručak?	Когда обед?	3	1	3380095
Kada je spremna.	Ванна готова.	3	1	3425913
Kada obično doručkuješ?	Когда ты обычно обедаешь?	3	0	3440736
Kada počinje film?	Когда начинается фильм?	3	1	3418915
Kada počinje igra?	Когда начинается матч?	3	1	1221171
Kada si jeo?	Когда ты ел?	3	0	3424517
Kada si rođen?	Когда ты родился?	3	0	3287651
Kada stižeš kući?	Когда ты будешь дома?	3	0	3302934
Kada će ručak?	Когда будет обед?	3	1	3380094
Kada ćemo jesti?	Когда будем есть?	3	1	6382645
Kafa ili čaj?	Кофе или чай?	3	0	3437801
Kafa je hladna.	Кофе холодный.	3	0	3404935
Kafu ili čaj?	Кофе или чай?	3	1	1179827
Kakav je osećaj?	Как ощущения?	3	1	5848023
Kakav čudesan dan!	Какой чудесный день!	3	0	1135344
Kako ga zovu?	Как его зовут?	3	1	4972337
Kako ide posao?	Как идёт работа?	3	1	5843375
Kako je škola?	Как школа?	3	1	5843373
Kako lep automobil!	Какой красивый автомобиль!	3	0	5039827
Kako lepa kuća!	Какой красивый дом!	3	1	5002949
Kako ona izgleda?	Как она выглядит?	3	1	3495054
Kako se zove?	Как его зовут?	3	1	476810
Kako se zove?	Как её зовут?	3	1	476810
Kako se zovete?	Как Вас зовут?	3	0	476824
Kako se zoveš?	Как тебя зовут?	3	1	4308102
Kako si, Tome?	Как ты, Том?	3	1	4258406
Kako zarađujete novac?	Как вы зарабатываете деньги?	3	0	1070678
Kakve probleme imaš?	Какие у тебя проблемы?	3	1	6401105
Kakvo fantastično jutro!	Какое фантастическое утро!	3	0	3395299
Kakvo glupo pitanje!	Какой глупый вопрос!	3	1	3429749
Kakvu kafu želite?	Какой кофе вы хотите?	3	1	884960
Kanada nije raj.	Канада не рай.	3	0	3434984
Kao i obično.	Как обычно.	3	1	3327882
Kao patriota, ne.	Как патриот, нет.	3	0	13842626
Ken ima gitaru.	У Кена есть гитара.	3	0	885010
Kiša jako pada.	Идёт сильный дождь.	3	0	3384136
Knjiga je mala.	Книга маленькая.	3	1	2155080
Knjiga je ovde.	Книга здесь.	3	1	3438804
Ko je prva?	Кто первая?	3	1	4993204
Ko je prvi?	Кто первый?	3	1	4993203
Ko je tamo?	Кто там стоит?	3	1	3243207
Ko je to?	Кто это?	3	1	3425087
Ko je učestvovao?	Кто участвовал?	3	0	11057639
Ko si ti?	Кто ты?	3	1	466242
Ko smo mi?	Кто мы?	3	1	5993482
Ko ste vi?	Кто вы?	3	1	490796
Kod roditelja sam.	Я у родителей.	3	0	6593653
Koja je razlika?	В чём разница?	3	0	6369061
Koja je razlika?	Какая разница?	3	0	6369061
Koje jezike govoriš?	На каких языках ты говоришь?	3	0	3440834
Koje vino imaš?	Какое вино у тебя есть?	3	1	1116816
Koji jezik govoriš?	На каком языке говоришь?	3	1	5806725
Koji jezik govoriš?	На каком языке ты говоришь?	3	1	5806725
Kojim putem ideš?	Каким путём ты идёшь?	3	1	6148838
Kokoške nose jaja.	Куры несут яйца.	3	0	1498276
Koliko godina imaš?	Сколько тебе лет?	3	1	1627567
Koliko imate dece?	Сколько у вас детей?	3	1	3424525
Koliko imaš godina?	Сколько тебе лет?	3	1	5944876
Koliko imaš knjiga?	Сколько у тебя книг?	3	1	3284534
Koliko je sati?	Который час?	3	1	3243720
Koliko je sati?	Сколько времени?	3	1	3243720
Koliko jezika govoriš?	На скольких языках ты говоришь?	3	0	3419230
Koliko me voliš?	Как сильно ты меня любишь?	3	1	5909359
Koliko si popio?	Сколько ты выпил?	3	0	8862236
Koliko to košta?	Сколько это стоит?	3	0	3242663
Koliko vremena imam?	Сколько у меня времени?	3	1	5800253
Koliko živite ovde?	Сколько вы живёте здесь?	3	0	5909467
Kompjuter je nov.	Компьютер новый.	3	0	888583
Kompjuter štedi vreme.	Компьютер экономит время.	3	0	1052561
Konačno je petak.	Наконец-то пятница.	3	0	3651134
Konj je žedan.	Лошадь хочет пить.	3	0	3402683
Konj je žedan.	Конь хочет пить.	3	0	3402683
Konji spavaju stojeći.	Лошади спят стоя.	3	0	1511403
Kornjače nemaju zube.	У черепах нет зубов.	3	0	5308538
Kosti formiraju skelet.	Кости образуют скелет.	3	0	3477618
Kreda je bela.	Мел белый.	3	0	5294836
Krit je ostrvo.	Крит - это остров.	3	0	13637951
Kupila sam je.	Я её купила.	3	0	8917323
Kupio je tepih.	Он купил ковёр.	3	0	13466279
Lagala te je.	Она лгала тебе.	3	0	6827713
Lagao te je.	Он лгал тебе.	3	1	6827709
Latinski nije težak.	Латынь не трудная.	3	0	3384080
Lav jede meso.	Лев ест мясо.	3	0	3284678
Lepota nije važna.	Красота не важна.	3	0	3357521
Limun je kiseo.	Лимон кислый.	3	0	3247826
Lingvistika je korisna.	Лингвистика полезна.	3	0	3484162
Ljubav pobeđuje sve.	Любовь побеждает всё.	3	0	5848752
Ljubav sve pobeđuje.	Любовь побеждает всё.	3	0	5848755
Ljudi nemaju vremena.	У людей нет времени.	3	1	799194
Ljudi se menjaju.	Люди меняются.	3	0	8852223
Lopte su okrugle.	Мячи круглые.	3	0	11055409
Loš sam glumac.	Я плохой актёр.	3	0	3340748
Mama je plakala.	Мама плакала.	3	0	6535707
Marija mrzi paukove.	Мария терпеть не может пауков.	3	0	3429971
Marija se ugojila.	Мария растолстела.	3	0	3368246
Mačka lovi miševe.	Кошка ловит мышей.	3	0	3478324
Mačka nije čovek!	Кошка не человек!	3	0	481569
Mačke su pametne.	Кошки умные.	3	0	3424985
Meri je spavala.	Мэри спала.	3	0	6897290
Mi mrzimo paukove.	Мы терпеть не можем пауков.	3	0	3429970
Mi neznamo ništa.	Мы не знаем ничего.	3	0	3267506
Mi smo prijatelji.	Мы друзья.	3	1	3648727
Mi smo studenti.	Мы студенты.	3	0	3296420
Mi smo susedi.	Мы соседи.	3	0	3306706
Mi smo šetali.	Мы гуляли.	3	0	1147074
Mi znamo Mariju.	Мы знаем Марию.	3	0	3535361
Mislim da grešiš.	Думаю, что ты ошибаешься.	3	0	3425575
Mleko je prokislo.	Молоко прокисло.	3	0	4894718
Mleko lako prokisne.	Молоко легко прокисает.	3	0	4894715
Mnogo sam umoran!	Я сильно устал!	3	0	8853445
Mnogo vam hvala!	Большое спасибо!	3	1	5806623
Moda se menja.	Мода меняется.	3	0	11057642
Mogu li ući?	Я могу войти?	3	1	6593981
Mogu li ući?	Можно войти?	3	1	6593981
Moj otac puši.	Мой отец курит.	3	0	8856040
Molim te, dođi.	Пожалуйста, приходи.	3	1	5003677
Molim te, požuri.	Быстрее, пожалуйста.	3	1	6368934
Molim te, požuri.	Пожалуйста, поторопись.	3	1	5003512
Molim vas, napišite.	Пожалуйста, напишите.	3	0	5848027
Molim vas, požurite.	Быстрее, пожалуйста.	3	0	6368935
Molim vas, račun!	Счет, пожалуйста.	3	1	1188850
Molim, pričajte sporije.	Пожалуйста, говорите медленно.	3	0	6879917
Moram da živim.	Я должен жить.	3	1	2708809
Moram nešto popiti.	Мне нужно чего-нибудь выпить.	3	0	6936617
Moraš da ideš.	Ты должен идти.	3	1	3318100
Moraš da ideš.	Ты должна идти.	3	1	3318100
Moraš joj pomoći.	Ты должен ей помочь.	3	1	3291899
Moraš joj pomoći.	Ты должна ей помочь.	3	1	3291899
Moraš mi verovati.	Ты должна мне верить.	3	1	3283215
Moraš mi verovati.	Ты должен мне верить.	3	1	3283215
Možda jednog dana.	Возможно, когда-нибудь.	3	1	8853601
Možete li govoriti?	Вы можете говорить?	3	1	5819413
Možeš da ideš.	Можешь идти.	3	1	3359658
Mrzim te, Tome.	Ненавижу тебя, Том.	3	1	11083967
Munja prethodi gromu.	Молния предшествует грому.	3	0	11057682
Muškarac je pocrveneo.	Мужчина покраснел.	3	0	11055417
Na plaži sam.	Я на пляже.	3	0	4992682
Nada nije strategija.	Надежда - не стратегия.	3	0	3245392
Najviše volim jesen.	Я больше всего люблю осень.	3	0	3391470
Napisaću ti pismo.	Я напишу тебе письмо.	3	0	5980304
Napisaću Vam pismo.	Я напишу Вам письмо.	3	0	5980303
Napunio sam čašu.	Я наполнил стакан.	3	0	3650886
Napunio sam čašu.	Я наполнил бокал.	3	0	3650886
Nastavi da pevaš.	Продолжай петь.	3	0	8835754
Nastavi da pišeš.	Продолжай писать.	3	0	8835722
Nastavi da pokušavaš.	Продолжай попытки.	3	1	6535755
Nastavi da radiš.	Продолжай работать.	3	1	8835723
Nastavi da slušaš.	Продолжай слушать.	3	0	6535647
Nastavite da pokušavate.	Продолжайте попытки.	3	0	6535757
Naš voz kasni.	Наш поезд опаздывает.	3	0	3438819
Našla sam Vas.	Я нашла Вас.	3	1	1221174
Ne budi glup.	Не будь глупым.	3	1	3307039
Ne derite se.	Не кричите.	3	0	4996824
Ne gazi travu!	Не трогай траву.	3	0	1189011
Ne govorim japanski.	Я не говорю по-японски.	3	0	3242662
Ne govorim turski.	Я не говорю по-турецки.	3	0	4249198
Ne govorite japanski.	Не говорите по-японски.	3	0	1048711
Ne gubi nadu.	Не теряй надежды.	3	0	1392042
Ne izgledaš loše.	Ты выглядишь неплохо.	3	1	4256587
Ne krivim te.	Я тебя не виню.	3	0	3426477
Ne lažem te.	Я тебе не вру.	3	0	4972151
Ne lažem te.	Я тебе не лгу.	3	0	4972151
Ne ljuti se!	Не сердись!	3	0	828613
Ne mogu čekati.	Не могу ждать.	3	1	5806729
Ne mogu čekati.	Я не могу ждать.	3	1	5806729
Ne nagazite leje!	По газону не ходить!	3	0	1949793
Ne optužujem te.	Я тебя не обвиняю.	3	0	3426478
Ne otvaraj prozor.	Не открывай окно.	3	0	2499659
Ne otvarajte ga.	Не открывайте его.	3	0	5024388
Ne pij vodu!	Не пей воду!	3	0	3278464
Ne razumem Nemački.	Я не понимаю по-немецки.	3	0	6369084
Ne razumem problem.	Я не понимаю проблему.	3	1	5955187
Ne razumem vas.	Я не понимаю вас.	3	1	3478051
Ne razumem vas.	Я вас не понимаю.	3	1	6369071
Ne tako brzo!	Не так быстро!	3	1	6878868
Ne verujem ženama.	Я не верю женщинам.	3	0	5396814
Ne vidim ništa.	Я ничего не вижу.	3	1	3300894
Ne volim kafu.	Я не люблю кофе.	3	1	3425928
Ne volim kišu.	Я не люблю дождь.	3	0	6533002
Ne volim kolače.	Я не люблю пирожные.	3	0	3284425
Ne zaboravi me!	Не забывай меня!	3	1	1214508
Ne zatvaraj oči.	Не закрывай глаза.	3	0	906395
Ne znam istinu.	Я не знаю правду.	3	1	3432858
Ne znamo razlog.	Мы не знаем причину.	3	1	8882187
Ne znamo susede.	Мы не знаем соседей.	3	0	6904256
Ne želim meso.	Я не хочу мяса.	3	1	1111644
Ne želimo tog.	Мы этого не хотим.	3	1	4253992
Nebo je plavo.	Небо голубое.	3	0	3245670
Nebo je plavo.	Небо синее.	3	0	3245670
Nedostaje nam Tom.	Мы скучаем по Тому.	3	1	10847051
Nedostaje nam Tom.	Нам не хватает Тома.	3	1	10847051
Neizmerno ti hvala.	Огромное тебе спасибо.	3	0	3425064
Nejmar je Brazilac.	Неймар — бразилец.	3	0	8890433
Neko svira klavir.	Кто-то играет на пианино.	3	0	3394945
Neko te zove.	Тебя кто-то зовёт.	3	1	1116812
Nema na čemu.	Пожалуйста.	3	1	399224
Nemam bliskih prijatelja.	У меня нет близких друзей.	3	0	3439273
Nemam dovoljno memorije.	Мне не хватает памяти.	3	0	3394640
Nemam drugih pitanja.	У меня нет других вопросов.	3	1	8888867
Nemam mnogo prijatelja.	У меня немного друзей.	3	1	3439275
Nemam puno prijatelja.	У меня немного друзей.	3	1	4238274
Nemam sada novaca.	У меня сейчас нет денег.	3	0	3387251
Nemam tvoje čizme.	У меня нет твоих сапог.	3	0	3357648
Nemamo drugog izbora.	У нас нет другого выбора.	3	1	4971979
Nemaš sve činjenice.	У вас нет всех фактов.	3	0	3531363
Nemaš sve činjenice.	У тебя нет всех фактов.	3	0	3531363
Nemaš sve činjenice.	Ты не располагаешь всеми фактами.	3	0	3531363
Nemoj da buljiš.	Не пялься.	3	0	4996860
Nemoj da gledaš.	Не смотри.	3	1	4995905
Nemoj da govoriš.	Не говори.	3	1	4996841
Nemoj da lažeš.	Не ври.	3	1	4995909
Nemoj da lažeš.	Не лги.	3	1	4995909
Nemoj da odgovaraš.	Не отвечай.	3	0	4995891
Nemoj da odgovoriš.	Не отвечай.	3	0	4995892
Nemoj da pevaš.	Не пой.	3	0	4996827
Nemoj da preteraš.	Не преувеличивай.	3	0	4995927
Nemoj da preteruješ.	Не преувеличивай.	3	0	4995926
Nemoj da preuveličavaš.	Не преувеличивай.	3	0	4995933
Nemoj da pričaš!	Не разговаривай!	3	1	3254291
Nemoj da pričaš.	Не разговаривай.	3	1	4996846
Nemoj da razgovaraš.	Не разговаривай.	3	0	4996893
Nemoj da skačeš!	Не прыгай!	3	0	4995913
Nemoj da skačeš!	Не скачи!	3	0	4995913
Nemoj da vičeš.	Не кричи.	3	0	4996819
Nemoj da žuriš.	Не спеши.	3	0	4996815
Nemoj da žuriš.	Не торопись.	3	0	4996815
Nemoj zvati policiju.	Не вызывай полицию.	3	1	3301053
Nemojte da gledate.	Не смотрите.	3	0	4995907
Nemojte da govorite.	Не говорите.	3	1	4996843
Nemojte da lažete.	Не врите.	3	0	4995911
Nemojte da lažete.	Не лгите.	3	0	4995911
Nemojte da odgovarate.	Не отвечайте.	3	0	4995894
Nemojte da odgovorite.	Не отвечайте.	3	0	4995893
Nemojte da pevate.	Не пойте.	3	0	4996829
Nemojte da preterate.	Не преувеличивайте.	3	0	4995929
Nemojte da preterujete.	Не преувеличивайте.	3	0	4995930
Nemojte da preuveličavate.	Не преувеличивайте.	3	0	4995935
Nemojte da pričate.	Не разговаривайте.	3	0	4996847
Nemojte da razgovarate.	Не разговаривайте.	3	0	4996894
Nemojte da vičete.	Не кричите.	3	0	4996820
Nemojte da žurite.	Не спешите.	3	0	4996816
Nemojte da žurite.	Не торопитесь.	3	0	4996816
Nestaje nam benzina.	У нас кончился бензин.	3	0	3262895
Neverovatno, ali istinito.	Невероятно, но правда.	3	0	6159426
Nešto je iskrslo.	Что-то появилось.	3	0	6893043
Nešto se desilo.	Что-то случилось.	3	1	6535706
Nešto se dogodilo.	Что-то случилось.	3	1	3244899
Nešto smo zaboravili.	Мы что-то забыли.	3	0	3395297
Nije bilo odgovora.	Ответа не было.	3	0	3395358
Nije dobro lagati.	Лгать нехорошо.	3	0	3418885
Nije dobro lagati.	Врать нехорошо.	3	0	3418885
Nije teško raditi.	Работать не тяжело.	3	1	3305531
Niko ne zna.	Никто не знает.	3	1	3282784
Niko nije gledao.	Никто не смотрел.	3	1	6537000
Niko nije savršen.	Никто не совершенен.	3	0	3324380
Niko nije vikao.	Никто не кричал.	3	0	11057647
Niko nije vrisnuo.	Никто не заорал.	3	0	11057648
Nisam imao izbor.	У меня не было выбора.	3	1	940178
Nisam imao pojma.	Я понятия не имел.	3	1	5874127
Nisam još spreman.	Я ещё не готов.	3	1	6895798
Nisam još spremna.	Я ещё не готова.	3	1	6895796
Nisam ljubitelj postmodernizma.	Я не любитель постмодернизма.	3	0	3437377
Nisam loš student.	Я не плохой студент.	3	0	4972173
Nisam nimalo iznenađena.	Я нисколько не удивлена.	3	0	4986745
Nisam noćna ptica.	Я не сова.	3	0	4972224
Nisam prepoznala Toma.	Я не сразу узнала Тома.	3	0	6970940
Nisam prepoznao Toma.	Я не сразу узнал Тома.	3	0	6970968
Nisam razumeo pitanje.	Я не понял вопрос.	3	1	3304927
Nisam razumeo pitanje.	Я не понял вопроса.	3	1	3304927
Nisam video nkoga.	Я ничего не вижу.	3	0	1057429
Nismo ništa pitali.	Мы ничего не спрашивали.	3	0	3410249
Nisu svi siromašni.	Не все бедны.	3	0	1098602
Ništa nije besplatno.	Ничто не бесплатно.	3	0	3256178
Ništa nisam izabrao.	Я ничего не выбрал.	3	0	4254032
Njam! Pohovan sir.	Вкуснятина! Жареный сыр.	3	0	7129489
Njoj nije hladno.	Ей не холодно.	3	1	3535347
Novac nije sve.	Деньги - не всё.	3	1	3535703
Nož nije oštar.	Нож не острый.	3	0	4975957
O kome govorite?	О ком вы говорите?	3	1	3391317
O čemu govoriš?	О чём ты говоришь?	3	1	3371567
O čemu pričaš?	О чём ты говоришь?	3	1	1598562
O, sunce moje!	О, солнце моё!	3	1	1261905
Oblak je siv.	Облако серое.	3	0	3328701
Obojica su lagali.	Оба солгали.	3	0	12415002
Oborio si drvo.	Ты срубил дерево.	3	0	3402128
Odakle duva vetar?	Откуда дует ветер?	3	0	6895677
Odakle znaš to?	Откуда ты это знаешь?	3	1	4243492
Odgovor na pitanje.	Ответь на вопрос.	3	1	1090479
Odgovori mi odmah.	Ответь мне сейчас.	3	1	4324598
Odgovori na pitanje!	Ответь на вопрос!	3	1	895165
Odgovori na pitanje!	Отвечай на вопрос!	3	1	895165
Odmori se, Tome.	Отдохни, Том.	3	0	4247106
On brzo trči.	Он быстро бегает.	3	0	2813086
On dobro radi.	Он хорошо работает.	3	1	1185030
On gleda mapu.	Он смотрит на карту.	3	0	1142607
On govori engleski.	Он говорит по-английски?	3	0	1266653
On govori engleski.	Он говорит по-английски.	3	0	3366867
On govori francuski.	Он говорит по-французски.	3	0	1195477
On grize nokte.	Он грызёт ногти.	3	0	3500266
On ide dalje.	Он идёт дальше.	3	1	3478712
On ide dalje.	Он едет дальше.	3	1	3478712
On igra golf.	Он играет в гольф.	3	0	800439
On ima kamenac.	У него камень.	3	0	1636334
On je Amerikanac.	Он американец.	3	0	481660
On je biolog.	Он биолог.	3	0	3424951
On je dobar.	Он хороший.	3	1	2271283
On je dobar.	Он добрый.	3	1	2271283
On je Francuz.	Он француз.	3	0	483034
On je glasan.	У него громкий голос.	3	0	6382640
On je glasan.	Он громкий.	3	0	6382640
On je glumac.	Он актёр.	3	0	1047180
On je heroj.	Он герой.	3	0	3334506
On je knjigovođa.	Он бухгалтер.	3	0	2228723
On je ljubazan.	Он любезный.	3	0	2271279
On je ljubomoran.	Он ревнивый.	3	0	3299024
On je naučnik.	Он учёный.	3	0	486838
On je trčao.	Он бежал.	3	0	2263835
On je trčao.	Он бегал.	3	0	2263835
On je uplašen.	Он испуган.	3	0	3371094
On je uplašen.	Он напуган.	3	0	3371094
On je učitelj.	Он учитель.	3	0	3392019
On je učitelj.	Он является учителем.	3	0	6960619
On je šampion.	Он является чемпионом.	3	0	4261998
On jede jabuku.	Он ест яблоко.	3	0	1082315
On kupuje računar.	Он покупает компьютер.	3	0	3770317
On lepo piše.	Он красиво пишет.	3	1	3412943
On marljivo uči.	Он прилежно учится.	3	0	4245952
On me izbegava.	Он меня избегает.	3	0	4993479
On ne puši.	Он не курит.	3	0	3265324
On nije budala.	Он не дурак.	3	1	1081766
On nije doktor.	Он не доктор.	3	1	665383
On nije društven.	Он необщителен.	3	0	665151
On nije društven.	Он необщительный.	3	0	665151
On nije gladan.	Он не голоден.	3	1	3350411
On nije mašina.	Он не машина.	3	0	3476228
On nije mlad.	Он немолод.	3	0	2149676
On nije opasan.	Он не опасен.	3	0	3464214
On nosi brkove.	Он носит усы.	3	0	925357
On nosi naočare.	Он носит очки.	3	0	4243489
On nosi šešir.	У него на голове шляпа.	3	0	3369416
On obožava fudbal.	Он обожает футбол.	3	0	4992724
On poznaje gradonačelnika.	Он знаком с градоначальником.	3	0	3264392
On poznaje gradonačelnika.	Он знаком с мэром.	3	0	3264392
On priča glasno.	Он разговаривает громко.	3	0	3369410
On priča glasno.	Он громко разговаривает.	3	0	3369410
On prodaje cipele.	Он продаёт обувь.	3	0	3395226
On prodaje piće.	Он продает напитки.	3	0	3478691
On radi sporo.	Он работает медленно.	3	0	3278467
On radi sporo.	Он медленно работает.	3	0	3278467
On razume francuski.	Он понимает французский.	3	0	8842782
On razume francuski.	Он понимает по-французски.	3	0	8842782
On se ošišao.	Он постригся.	3	0	3369721
On se približava.	Он подходит ближе.	3	0	11171921
On se uplašio.	Он испугался.	3	0	3472815
On traži posao.	Он ищет работу.	3	1	3288638
On uvek kasni.	Он всегда опаздывает.	3	0	8906901
On voli kafu.	Он любит кофе.	3	1	2149661
On voli pomorandže.	Он любит апельсины.	3	0	3287633
On voli životinje.	Он любит животных.	3	1	3357094
On će razumeti.	Он поймёт.	3	0	5955193
On živi udobno.	Он живёт с удобствами.	3	0	11057711
Ona ga voli.	Она его любит.	3	1	3314321
Ona govori poljski.	Она говорит по-польски.	3	0	3318253
Ona ima grčeve.	У неё судороги.	3	0	8854746
Ona izgleda srećno.	Она выглядит счастливой.	3	1	8917469
Ona je agresivna.	Она агрессивная.	3	0	8917471
Ona je bogata.	Она богата.	3	0	11955383
Ona je pevačica.	Она певица.	3	0	1474313
Ona je plakala.	Она плакала.	3	0	1228544
Ona je plavuša.	Она блондинка.	3	0	665293
Ona je trudna.	Она беременна.	3	1	3454069
Ona je učiteljica.	Она учительница.	3	0	6960621
Ona je vrisnula.	Она закричала.	3	0	1124629
Ona je zatrudnela.	Она забеременела.	3	0	1511353
Ona kupuje računar.	Она покупает компьютер.	3	0	3770318
Ona nema braće.	У нее нет братьев.	3	0	3243691
Ona nema braće.	У неё нет братьев.	3	0	3243691
Ona nema neprijatelje.	У нее нет врагов.	3	0	3265615
Ona nije pevačica.	Она не певица.	3	0	3245572
Ona nosi naočare.	Она носит очки.	3	0	4243490
Ona obično kasni.	Она обычно опаздывает.	3	0	6594094
Ona radi sama.	Она работает одна.	3	1	3342337
Ona se ugojila.	Она разжирела.	3	0	3368175
Ona se ugojila.	Она растолстела.	3	0	3368175
Ona voli slatkiše.	Она любит сладкое.	3	0	3438002
Ona voli slatkiše.	Она любит сладости.	3	0	3438002
Ona voli životinje.	Она любит животных.	3	1	3357089
One nisu moje.	Они не мои.	3	1	5002923
Oni gledaju film.	Они смотрят фильм.	3	0	3438833
Oni imaju konja.	У них есть лошадь.	3	1	1498249
Oni imaju računar?	У них есть компьютер?	3	0	3439358
Oni kopaju rupu.	Они роют яму.	3	0	1183332
Oni mrze paukove.	Они терпеть не могут пауков.	3	0	3429972
Oni nisu moji.	Они не мои.	3	1	5002921
Oni su deca.	Они дети.	3	1	3535459
Oni su plivali.	Они плавали.	3	0	3439314
Oni su učitelji.	Они учителя.	3	0	3300918
Oni to vole.	Они это любят.	3	1	3484430
Oni će znati.	Они узнают.	3	1	4993315
Oni žive tamo.	Они живут там.	3	1	3434989
Oporavila sam se.	Я поправилась.	3	0	4992630
Osećam se glupo.	Я чувствую себя глупо.	3	1	3469778
Ostani sa mnom.	Останьтесь со мной.	3	1	11173133
Ostanite sa nama.	Побудьте с нами.	3	1	11173112
Ostaću do prekosutra.	Я останусь до послезавтра.	3	0	3424543
Ostaću do sutra.	Я останусь до завтра.	3	0	879237
Otac obožava picu.	Отец обожает пиццу.	3	0	1188990
Otvorila je vrata.	Она открыла дверь.	3	0	6900190
Ova je najveća.	Эта самая большая.	3	0	8928694
Ovaj je najveći.	Этот самый большой.	3	1	8928693
Ovde je hladno.	Здесь холодно.	3	1	3410447
Ovde su knjige.	Здесь книги.	3	1	5405467
Ovde svi skijaju.	Здесь все ходят на лыжах.	3	0	3306849
Ovo je anahronizam.	Это анахронизм.	3	0	3245157
Ovo je glupost.	Это глупость.	3	0	3503797
Ovo je knjiga.	Это книга.	3	1	482796
Ovo je komunizam.	Это коммунизм.	3	0	508492
Ovo je Kopakabana!	Это Копакабана!	3	0	3283152
Ovo je madžong.	Это маджонг.	3	0	11055424
Ovo je poslovica.	Это пословица.	3	0	12408056
Ovo je rečenica.	Это предложение.	3	0	396739
Ovo je skraćenica.	Это сокращение.	3	0	11055425
Ovo je slika.	Это картина.	3	1	8931014
Ovo je život.	Это жизнь.	3	1	5819528
Ovo nije istina.	Это неправда.	3	1	409221
Ovo nije kraj.	Это не конец.	3	1	4246098
Ovo nije važno.	Это не важно.	3	1	3292863
Ovo su pravila.	Это правила.	3	1	3429755
Ovo su životinje.	Это животные.	3	1	1064068
Padala je kiša.	Шёл дождь.	3	0	6535704
Pametan si ti.	Ты умный.	3	1	4784496
Pametna si ti.	Ты умная.	3	0	4784497
Papir trpi sve.	Бумага терпит всё.	3	0	5687892
Pas je moj.	Собака моя.	3	1	493299
Pas je mrtav.	Пёс мёртв.	3	1	3395183
Pas je mrtav.	Собака мёртвая.	3	1	3395183
Pas je mrtav.	Собака дохлая.	3	1	3395183
Pas sada laje.	Собака сейчас лает.	3	0	4237996
Pas voli meso.	Собака любит мясо.	3	1	2067603
Pati od klaustrofobije.	Он страдает от клаустрофобии.	3	0	10688965
Pati od klaustrofobije.	Она страдает от клаустрофобии.	3	0	10688965
Pati od klaustrofobije.	Она страдает клаустрофобией.	3	0	10688965
Pati od klaustrofobije.	Он страдает клаустрофобией.	3	0	10688965
Plašim se igala.	Я боюсь иголок.	3	0	8809976
Plašim se pasa.	Я боюсь собаки.	3	0	3298729
Plašim se pasa.	Я боюсь собаку.	3	0	3298729
Plašim se visine.	Я боюсь высоты.	3	0	3430701
Plašim se zmija.	Я боюсь змей.	3	0	4972157
Plivam u okeanu.	Я плаваю в океане.	3	0	2708800
Pobeda ili smrt!	Победа или смерть!	3	0	6937633
Pobeđenoga ne tuku.	Побеждённого не бьют.	3	0	1133549
Pod zakletvom si.	Ты под присягой.	3	0	6818422
Pod zakletvom ste.	Вы под присягой.	3	0	6818424
Pogledaj negde drugde.	Посмотри где-нибудь в другом месте.	3	0	11057634
Pogrešila sam jutros.	Я сегодня утром ошиблась.	3	0	4258283
Pogrešio sam jutros.	Я сегодня утром ошибся.	3	0	4258277
Pogrešno sam razumeo.	Я неправильно понял.	3	1	4999431
Policija me traži.	Полиция ищет меня.	3	1	8931038
Policija me traži.	Полиция меня ищет.	3	1	8931038
Položio sam ispit!	Я сдал экзамен!	3	0	4238444
Ponavljaj za mnom!	Ты повторяешь за мной!	3	0	1086216
Popij malo vode.	Попей немного воды.	3	0	5397805
Posetićemo te nekad.	Мы тебя как-нибудь навестим.	3	0	4250237
Posetiću te sutra.	Я тебя завтра навещу.	3	0	3277803
Poslaću vam pismo.	Я пришлю вам письмо.	3	0	1089754
Posle nas, potop.	После нас - хоть потоп.	3	0	5785604
Posluišajte moj savet.	Прислушайтесь к моему совету.	3	0	1112032
Postalo je mračno.	Стало темно.	3	0	4993472
Postao je hrišćanin.	Он стал христианином.	3	0	11057705
Potpuno sam ozdravio.	Я полностью выздоровел.	3	0	1124585
Poznajem tvog oca.	Я знаю твоего отца.	3	1	3318087
Poznajem tvog oca.	Я знаком с твоим отцом.	3	1	3318087
Poznajem tvog oca.	Я знакома с твоим отцом.	3	1	3318087
Počni da brojiš.	Начинай считать.	3	0	5842016
Počni s brojanjem.	Начинай считать.	3	0	5841858
Počni sa brojanjem.	Начинай считать.	3	0	5841856
Prejeo sam se!	Я объелся.	3	0	8917515
Preplivala je reku.	Она переплыла реку.	3	0	3392271
Prestani da vrištiš.	Прекрати орать.	3	0	3748895
Prilično je hladno.	Достаточно холодно.	3	1	3285955
Pričala sam glasno.	Я говорила громко.	3	0	10801000
Pričao sam glasno.	Я говорил громко.	3	0	10800998
Proces nije javan.	Процесс закрыт для публики.	3	0	1080438
Prodao sam auto.	Я продал машину.	3	0	6877216
Prodao sam stan.	Я продал квартиру.	3	0	3650897
Prodao sam TV.	Я продал телевизор.	3	0	3650898
Prodaću moj auto.	Я продам свою машину.	3	0	3424536
Promenio sam posao.	Я сменил работу.	3	0	3356864
Promućajte pre korišćenja.	Взболтайте перед употреблением.	3	0	11057683
Prozor je otvoren.	Окно открыто.	3	0	3438993
Pročitao sam knjigu.	Я прочитал книгу.	3	0	4243494
Prsten je tesan.	Кольцо тесное.	3	0	3395222
Psi su pametni.	Собаки умные.	3	0	4250186
Psihoanaliza je pseudonauka.	Психоанализ – лженаука.	3	0	13575424
Puno Vam hvala!	Большое спасибо!	3	1	5806624
Put je dug.	Путь долог.	3	1	1076692
Put je dug.	Дорога длинная.	3	1	1076692
Put je dug.	Дорога долгая.	3	1	1076692
Pčele jedu nektar.	Пчёлы едят нектар.	3	0	1251300
Pčele prave med.	Пчёлы делают мёд.	3	0	1085930
Radim u banci.	Я работаю в банке.	3	0	3291067
Radim u Milanu.	Я работаю в Милане.	3	0	2502367
Rat nije neizbežan.	Войны можно избежать.	3	0	3434929
Razumećeš jednog dana.	Когда-нибудь ты поймёшь.	3	0	6728722
Računar je novi.	Компьютер новый.	3	0	3284118
Reci mi istinu.	Скажи мне правду.	3	1	897906
Recite mi istinu.	Скажите мне правду.	3	1	888243
Rezultati su negativni.	Результаты негативные.	3	0	1528417
Reči nisu potrebne.	Слова не нужны.	3	0	6401052
Rešili smo problem.	Мы решили проблему.	3	0	5633348
Rimljani, idite kući!	Римляне, идите домой!	3	0	1056896
Rizik je prevelik.	Риск слишком велик.	3	0	6769583
Sa kim razgovaraju?	С кем они разговаривают?	3	0	5039847
Sa kime dolaziš?	С кем ты придёшь?	3	0	6593652
Sa kime razgovaraju?	С кем они разговаривают?	3	0	5039848
Sad ili nikad!	Сейчас или никогда!	3	1	6937645
Sada je prehlađen.	Он сейчас простывший.	3	0	3369428
Sada je ručak.	Сейчас обед.	3	1	3387086
Sada ne učim.	Я сейчас не учусь.	3	0	3369396
Samo gubite vreme.	Вы только теряете время.	3	0	5045355
Samo vodu, molim.	Только воду, пожалуйста.	3	1	11055429
Server ne radi.	Сервер не работает.	3	0	3402655
Shvatićeš jednog dana.	Когда-нибудь ты поймёшь.	3	0	6594187
Sin liči ocu.	Сын похож на отца.	3	1	1142611
Sloboda nema cenu.	У свободы нет цены.	3	0	13559440
Sloboda nema cenu.	Свобода бесценна.	3	0	13559440
Slušala je muziku.	Она слушала музыку.	3	0	3392070
Slušao sam muziku.	Я слушал музыку.	3	0	4243495
Smejali smo se.	Мы смеялись.	3	0	8830182
Sobu sutra okrečiti.	Комнату завтра покрасят.	3	0	1080582
Spustio sam pištolj.	Я опустил пистолет.	3	0	8898612
Srećan Dan zahvalnosti.	Счастливого Дня Благодарения.	3	0	11057679
Srećna Nova godina!	С Новым годом!	3	1	3290645
Srećno na ispitu!	Удачи на экзамене!	3	0	409430
Stalno govorim to.	Я постоянно это говорю.	3	1	5029162
Stigao je vikend.	Наступил уикенд.	3	1	4250242
Studiram u inostranstvu.	Я учусь за границей.	3	0	3311755
Sumnjate na nekoga?	Вы кого-то подозреваете?	3	0	5651579
Sunce je zvezda.	Солнце - звезда.	3	1	3394794
Sunce je zvezda.	Солнце - это звезда.	3	1	3394794
Sunce topi sneg.	Солнце растапливает снег.	3	0	1048556
Supa je preslana.	Суп пересолен.	3	0	1097785
Supa je preslana.	Суп слишком солёный.	3	0	1097785
Sutra je Božić.	Завтра Рождество.	3	1	3287647
Svako je znao.	Все знали.	3	1	4996915
Sve je besplatno.	Всё бесплатно.	3	0	4997563
Sve je besplatno.	Все бесплатно.	3	0	4997563
Sve je bitno.	Всё имеет значение.	3	1	6535747
Sve je ovde.	Всё здесь.	3	1	4997565
Sve je spremno.	Всё готово.	3	0	6860949
Sve je važno.	Всё важно.	3	1	6535746
Sve ostavljam tebi.	Я оставляю всё тебе.	3	0	3313471
Sve ostavljam tebi.	Оставлю всё тебе.	3	0	3313471
Sve se promenilo.	Всё изменилось.	3	0	3395314
Sve su obmanuli.	Они всех обманули.	3	0	6947308
Sve u redu.	Всё в порядке.	3	1	396999
Svetlost je život.	Свет — это жизнь.	3	0	12696537
Svi imamo cenu.	Мы все имеем свою цену.	3	0	4324330
Svi je vole.	Все её любят.	3	1	1387053
Svi još spavaju.	Все ещё спят.	3	0	3395313
Svi kažu tako.	Все так говорят.	3	1	5944899
Svi kažu to.	Все это говорят.	3	1	4250672
Svi mi lažemo.	Мы все врём.	3	0	3359300
Svi mi lažemo.	Все мы лжём.	3	0	3359300
Svi moramo umreti.	Мы все должны умереть.	3	1	4324347
Svi prave greške.	Все делают ошибки.	3	0	8917510
Svi se smeju.	Все смеются.	3	0	4996918
Svi su aplaudirali.	Все аплодировали.	3	0	4996901
Svi su bolesni.	Все больны.	3	0	4997549
Svi su gledali.	Все смотрели.	3	0	4997539
Svi su mrtvi.	Все мертвы.	3	1	4997543
Svi su napolju.	Все на улице.	3	1	4997547
Svi su ostali.	Все остались.	3	1	4996930
Svi su ovde.	Все здесь.	3	1	4997545
Svi su spremni.	Все готовы.	3	1	3287650
Svi su tamo.	Все там.	3	1	4997551
Svi su zaspali.	Все заснули.	3	0	4790617
Svi su znali.	Все знали.	3	1	4996914
Svi su čekali.	Все ждали.	3	0	4996931
Svi znaju zakon.	Все знают закон.	3	1	3243826
Svi ćemo umreti.	Мы все умрём.	3	1	4992639
Sviđa mi se.	Мне нравится.	3	1	8842733
Sviđa ti se?	Тебе нравится?	3	1	8852035
Sviđaš mi se.	Ты мне нравишься.	3	0	7030677
Takav je on.	Он такой.	3	1	3313590
Takav primer nemamo.	У нас нет такого примера.	3	1	6173418
Tako si mršav.	Ты такой худой.	3	0	6309113
Tako si mršav.	Ты такой тощий.	3	0	6309113
Taksi je skup.	Такси дорогое.	3	0	1149294
Takva su pravila.	Таковы правила.	3	1	3430791
Tamo je izlaz.	Там выход.	3	0	4262033
Tek smo počeli.	Мы только начали.	3	1	5949499
Telefon nije zvonio.	Телефон не звонил.	3	0	3311355
Televizor ne radi.	Телевизор не работает.	3	0	1228537
Teoretski je moguće.	Теоретически это возможно.	3	0	6918474
Termiti jedu drvo.	Термиты едят дерево.	3	0	1261854
Tečno govori Francuski.	Он свободно говорит по-французски.	3	0	3254999
Tečno govori Francuski.	Она свободно говорит по-французски.	3	0	3254999
Teško shvatam matematiku.	Мне тяжело даётся математика.	3	0	1111687
Ti govoriš engleski.	Ты говоришь по-английски.	3	0	3425427
Ti ili ja?	Ты или я?	3	1	3438784
Ti imaš problem.	У тебя проблема.	3	1	3645019
Ti me razumeš.	Ты меня понимаешь.	3	1	3440669
Ti ne znaš.	Ты не знаешь.	3	1	3357177
Ti nemaš trideset.	Тебе нет тридцати.	3	0	3392048
Ti otvaraš vrata.	Ты открываешь дверь.	3	0	3353050
Ti se šališ!	Ты шутишь!	3	1	3359679
Ti si dobar.	Ты хороший.	3	1	1139274
Ti si izvanredan.	Ты исключительный.	3	0	3357404
Ti si neprijatelj.	Ты враг.	3	0	3300724
Ti si nezamenjiv.	Ты незаменимый.	3	0	3357455
Ti si nezamenjiv.	Ты незаменим.	3	0	3357455
Ti si ubica.	Ты убийца.	3	1	3307058
Ti si čovek.	Ты человек.	3	1	5800177
Ti to zaslužuješ.	Ты этого заслуживаешь.	3	0	5848785
Tiho je hodao.	Он тихо шагал.	3	0	11057722
To je besmisleno.	Это бессмысленно.	3	0	3410384
To je besplatno.	Это бесплатно.	3	0	1097782
To je cirkus!	Это цирк!	3	0	3268125
To je glupost.	Это глупость.	3	0	3503241
To je glupost.	Это чушь.	3	0	3503241
To je moje.	Это моё.	3	1	8847896
To je nevažno.	Это неважно.	3	0	3242665
To je nevažno.	Неважно.	3	0	3242665
To je riba.	Это рыба.	3	0	4243590
To je Saturn.	Это Сатурн.	3	0	4993329
To je sjajno!	Это замечательно!	3	1	6885519
To je tačno.	Это точно.	3	1	3425034
To je život.	Это жизнь.	3	1	5819529
To mi odgovara.	Мне это подходит.	3	1	5848760
To mi odgovara.	Меня это устраивает.	3	1	5848759
To nije moguće.	Это невозможно.	3	1	1097804
To nije važno.	Это неважно.	3	1	4993324
To su lubenice.	Это арбузы.	3	0	11057685
Tom brzo misli.	Том быстро соображает.	3	1	4253937
Tom ga koristi.	Том им пользуется.	3	1	8835502
Tom hrani psa.	Том кормит собаку.	3	0	8894915
Tom ide kući.	Том идёт домой.	3	1	3301080
Tom je barbar.	Том варвар.	3	0	8472377
Tom je gluv.	Том глухой.	3	0	12818574
Tom je gore.	Том наверху.	3	1	6925648
Tom je naivan.	Том наивный.	3	0	3350423
Tom je naivan.	Том наивен.	3	0	3350423
Tom je nezadovoljan.	Том недоволен.	3	0	3297893
Tom je pocrveneo.	Том покраснел.	3	0	6535657
Tom je površan.	Том поверхностный.	3	0	6332631
Tom je prolupao.	Том свихнулся.	3	0	3368358
Tom je siromašan.	Том бедный.	3	0	3391253
Tom je skočio.	Том подпрыгнул.	3	0	4967374
Tom je skočio.	Том прыгнул.	3	0	4967374
Tom mnogo pije.	Том много пьёт.	3	0	3505269
Tom mnogo čita.	Том много читает.	3	0	6966983
Tom mrzi Mariju.	Том ненавидит Марию.	3	0	3392008
Tom mrzi Meri.	Том ненавидит Мэри.	3	0	4644932
Tom mrzi strance.	Том ненавидит иностранцев.	3	0	5024822
Tom nema posao.	У Тома нет работы.	3	1	4247149
Tom nije introvertan.	Том не интроверт.	3	0	11083968
Tom nije lep.	Том некрасивый.	3	1	4247065
Tom nije loš.	Том не плох.	3	1	4247130
Tom nije loš.	Том не плохой.	3	1	4247130
Tom nije ovde.	Том не здесь.	3	1	3314362
Tom nije ovde.	Тома здесь нет.	3	1	3314362
Tom nije žurio.	Том не спешил.	3	0	4972319
Tom nije žurio.	Том не торопился.	3	0	4972319
Tom pije pivo.	Том пьёт пиво.	3	0	6895707
Tom poznaje Meri.	Том знаком с Мэри.	3	0	4644930
Tom razume francuski.	Том понимает по-французски.	3	0	4782036
Tom razume francuski.	Том понимает французский.	3	0	4782036
Tom se razbesneo.	Том взбесился.	3	0	3365599
Tom voli cveće.	Том любит цветы.	3	0	4247098
Tom voli Meri.	Том любит Мэри.	3	1	4644929
Tom voli sportove.	Том любит разные виды спорта.	3	0	4781917
Tom vozi automobil.	Том водит автомобиль.	3	0	8890383
Tom će govoriti.	Том будет говорить.	3	1	4993232
Tom će znati.	Том узнает.	3	1	4993244
Tom čeka brod.	Том ждёт корабль.	3	1	5397811
Tomu treba istina.	Тому нужна правда.	3	0	4250992
Tomu treba pomoć.	Тому нужна помощь.	3	0	4975976
Tomu treba san.	Тому нужен сон.	3	0	4250993
Tražim moj sat.	Я ищу свои часы.	3	1	3334771
Tražiš li nekoga?	Ты кого-то ищешь?	3	1	3248349
Treba da počnemo.	Нам надо начинать.	3	0	4251423
Treba mi papir.	Мне нужна бумага.	3	0	3440851
Treba mi pivo.	Мне нужно пиво.	3	1	4449762
Treba mi taksi.	Мне нужно такси.	3	1	3368553
Treba mi čekić.	Мне нужен молоток.	3	0	3437265
Treba mi šišanje.	Мне нужно подстричься.	3	0	6960720
Treba nam novac.	Нам нужны деньги.	3	1	3306716
Treba nam papir.	Нам нужна бумага.	3	0	4983285
Treba ti hobi.	Тебе нужно хобби.	3	0	6728729
Treba ti novac.	Тебе нужны деньги.	3	1	5594067
Treba ti ovo.	Тебе это нужно.	3	1	3531366
Tri sladoleda, molim.	Три мороженых, пожалуйста.	3	0	6368937
Trčaćemo u parku.	Мы будем бегать в парке.	3	0	4253910
U Rimu sam.	Я в Риме.	3	0	6294007
U šta veruješ?	Во что ты веришь?	3	1	5909471
Udario sam Toma.	Я ударил Тома.	3	0	8841957
Udobno mi je.	Мне удобно.	3	0	4999317
Umirem od gladi!	Умираю от голода!	3	0	1056916
Upucala sam medveda.	Я застрелила медведя.	3	0	5841969
Upucao sam medveda.	Я застрелил медведя.	3	0	5841964
Uradi to sada!	Сделай это сейчас!	3	1	3304430
Usamljenost je strašna.	Одиночество ужасно.	3	0	3374224
Usput, gde živiš?	Кстати, где ты живешь?	3	1	3311332
Ustanite, molim Vas.	Встаньте, пожалуйста.	3	0	3791334
Uvek govori istinu.	Всегда говори правду.	3	1	3334401
Uvek idem autobusom.	Я всегда езжу на автобусе.	3	0	4324416
Uvek imamo izbor.	У нас всегда есть выбор.	3	1	4256597
Uvek je nezadovoljan.	Он всегда недоволен.	3	0	6955989
Uvek postoji sutra.	Всегда существует завтра.	3	1	5848723
Učim nekoliko jezika.	Я изучаю несколько языков.	3	0	4248097
Učitelj čita knjigu.	Учитель читает книгу.	3	0	3440640
Učiš li engleski?	Ты учишь английский?	3	0	1098626
Vaše ime, izvolite.	Ваше имя, пожалуйста.	3	1	1151334
Veliko vam hvala!	Большое вам спасибо!	3	1	5552601
Veoma dobra ideja.	Это хорошая идея.	3	1	1052564
Veoma si lep.	Ты очень красивый.	3	1	4967424
Veoma si lepa.	Ты очень красивая.	3	1	4967423
Veoma ste lepi.	Вы очень красивые.	3	0	4967425
Verovatno je uklet.	Наверно, он проклят.	3	0	5628146
Veruj u ljubav!	Верь в любовь!	3	1	3486051
Veruj u sebe!	Верь в себя!	3	1	5626447
Veruj, ali proveri!	Доверяй, но проверяй!	3	0	6546932
Već imam konvertu.	У меня уже есть конверт.	3	0	3245696
Već imam posao.	У меня уже есть работа.	3	1	8834803
Već imam vizu.	У меня уже есть виза.	3	0	8834802
Već sam odabrao.	Я уже выбрал.	3	0	6303073
Večera je spremna!	Ужин готов!	3	0	4995944
Vi mnogo brbljate.	Вы много болтаете.	3	0	1043525
Vi mnogo radite.	Вы много работаете.	3	1	5557570
Vi ste glumice.	Вы актрисы.	3	0	11057677
Vi ste ludi.	Вы сумасшедшие.	3	1	3650821
Vi učite engleski.	Вы изучаете английский.	3	0	1200608
Videla sam autobus.	Я видела автобус.	3	0	5841980
Videla sam mačku.	Я видела кошку.	3	0	5841810
Videla sam mačora.	Я видела кота.	3	0	5841997
Videla sam miša.	Я видела мышь.	3	0	5841829
Video sam autobus.	Я видел автобус.	3	0	5841985
Video sam ga.	Я сам его видел.	3	1	1714773
Video sam mačku.	Я видел кошку.	3	0	5841809
Video sam mačora.	Я видел кота.	3	0	5842003
Video sam miša.	Я видел мышь.	3	0	5841826
Video sam zmiju.	Я видел змею.	3	0	5841818
Vidimo se kasnije!	До скорого!	3	1	3384160
Vidimo se kasnije!	Увидимся.	3	1	3384160
Vidimo se kasnije!	Увидимся позже.	3	1	3384160
Vidimo se sutra.	Увидимся завтра.	3	1	3791345
Vidiš li to?	Ты это видишь?	3	1	3246664
Vodiš li dnevnik?	Ты ведёшь дневник?	3	0	3340835
Voli me sutra!	Люби меня завтра!	3	1	3334730
Volim analni seks.	Я люблю анальный секс.	3	0	3350457
Volim crnu čokoladu.	Я люблю тёмный шоколад.	3	0	3424915
Volim kratku kosu.	Я люблю короткие волосы.	3	0	3291895
Volim Norveški jezik.	Я люблю норвежский язык.	3	0	3340822
Volim norveško leto.	Я люблю норвежское лето.	3	0	3477911
Volim norvešku prirodu.	Я люблю норвежскую природу.	3	0	3477958
Volim norvešku zimu.	Я люблю норвежскую зиму.	3	0	3438003
Volim okcitanski jezik.	Я люблю окситанский язык.	3	0	1091305
Volim Oksitanski jezik.	Я люблю окситанский язык.	3	0	3334453
Volim ovaj restoran.	Я люблю этот ресторан.	3	0	3440957
Volim ovu pesmu.	Я люблю эту песню.	3	1	2763043
Volim ovu školu.	Я люблю эту школу.	3	1	3430868
Volim takve momente.	Я люблю такие моменты.	3	0	3474263
Volim vas oboje.	Я люблю вас обоих.	3	1	5848232
Volim šum mora.	Я люблю шум моря.	3	0	3535436
Voliš li golf?	Ты любишь гольф?	3	0	3302967
Voliš li kostime?	Ты любишь костюмы?	3	0	4246853
Vozim te kući.	Я отвезу тебя домой.	3	0	3429914
Vreme je proletelo.	Время пролетело.	3	0	6535569
Vreme je stalo.	Время остановилось.	3	1	11057643
Vreme je užasno.	Погода ужасная.	3	1	1113726
Vreme prebrzo prolazi.	Время проходит слишком быстро.	3	0	1195448
Vrlo si hrabar.	Ты очень храбрый.	3	0	3426505
Zaboravi svoju tugu!	Забудь о своей печали.	3	0	1102240
Zamoli šta hoćeš!	Проси что хочешь!	3	0	1200596
Zatvoreno zbog renoviranja.	Закрыто на ремонт.	3	0	6382564
Zatvoreno zbog renoviranja.	Закрыто из-за ремонтных работ.	3	0	6382564
Zatvori oči, Tome.	Закрой глаза, Том.	3	1	4449658
Zavisi od situacije.	Зависит от ситуации.	3	0	3476229
Zašto baš ja?	Почему я?	3	1	6314414
Zašto mi radimo?	Зачем мы работаем?	3	1	3484693
Zašto sam ovde?	Почему я здесь?	3	1	4324468
Zašto sam ovde?	Для чего я здесь?	3	1	4324468
Zašto tako mislite?	Почему вы так думаете?	3	1	5990939
Zašto to misliš?	Почему ты так думаешь?	3	1	5990937
Zašto uvek ja?	Почему всегда я?	3	1	924317
Zemlja je planeta.	Земля - это планета.	3	0	3366101
Zemlja je planeta.	Земля - планета.	3	0	3366101
Zemlja se okreće.	Земля вращается.	3	0	11057686
Zidovi imaju uši.	У стен есть уши.	3	0	3299042
Zidovi su beli.	Стены белые.	3	0	3475741
Znam ti lice.	Я знаю твоё лицо.	3	1	4992857
Znam ti lice.	Мне знакомо твоё лицо.	3	1	4992857
Znam tvoje ime.	Я знаю твоё имя.	3	1	3426493
Znam tvoje lice.	Я знаю твоё лицо.	3	1	4992856
Znam tvoje lice.	Мне знакомо твоё лицо.	3	1	4992856
Znam šta misliš.	Я знаю, что ты думаешь.	3	1	3425224
Znate li arapski?	Вы знаете арабский?	3	0	3440842
Znaš li Engleski?	Ты знаешь английский?	3	0	3263527
Znaš li Francuski?	Ты знаешь французский?	3	0	3318259
Znaš li Latinski?	Ты знаешь латинский?	3	0	3341484
Zovem se Džek.	Меня зовут Джек.	3	1	466258
Zovem se Saša.	Меня зовут Саша.	3	0	1069050
Zvala se Marija.	Её звали Мария.	3	0	4434774
Zvezde su treperile.	Звёзды сверкали.	3	0	1166854
Čaj je vruč.	Чай горячий.	3	0	6857009
Čašu vode, molim.	Стакан воды, пожалуйста.	3	0	3318074
Čeka te pakao.	Гореть тебе в аду.	3	1	3437600
Čekam svoju prijateljicu.	Я жду свою подругу.	3	0	1066445
Čekam vaš odgovor.	Я жду Вашего ответа.	3	1	2243883
Čestitam Dan žena.	Поздравляю с международным женским днём.	3	1	1474331
Čestitam ti rođendan.	Поздравляю тебя с днём рождения.	3	1	870439
Čije je ovo?	Чьё это?	3	0	3281750
Čiji je red?	Чья очередь?	3	0	1056864
Čitaš nešto zanimljivo?	Что-то интересное читаешь?	3	0	5990980
Šetali smo parkom.	Мы гуляли по парку.	3	0	5043452
Škola nalikuje zatvoru.	Школа похожа на тюрьму.	3	0	3243986
Škole su zatvorene.	Школы закрыты.	3	0	3390824
Šta ima novo?	Что нового?	3	1	2332060
Šta imate tamo?	Что у вас там?	3	1	4258333
Šta imaš tamo?	Что у тебя там?	3	1	4258332
Šta je ovo?	Что это?	3	1	468730
Šta je problem?	В чем проблема?	3	1	3650921
Šta je sreća?	Что такое счастье?	3	1	3440313
Šta je to?	Что это?	3	1	2057027
Šta je tu?	Что тут?	3	1	1175646
Šta je umetnost?	Что такое искусство?	3	0	4238036
Šta je umetnost?	Что есть искусство?	3	0	4238036
Šta krijete sada?	Что вы сейчас прячете?	3	0	4967395
Šta on radi?	Чем он занимается?	3	1	5806674
Šta on radi?	Что он делает?	3	1	5806674
Šta ona pije?	Что она пьёт?	3	0	4243506
Šta pije ona?	Что она пьёт?	3	0	4243507
Šta pije Tom?	Что пьёт Том?	3	0	4245958
Šta pišu novine?	Что пишут в газетах?	3	0	6484211
Šta proučava sovjetolog?	Что изучает советолог?	3	0	3434472
Šta radiš ovde?	Что ты здесь делаешь?	3	1	5848076
Šta sada radiš?	Что ты сейчас делаешь?	3	1	5778950
Šta se desilo?	Что случилось?	3	1	5003686
Šta se dogodilo?	Что случилось?	3	1	5003687
Šta si jeo?	Что ты ел?	3	0	3434926
Šta si kupio?	Что ты купил?	3	1	1166857
Šta si odgovorio?	Что ты ответил?	3	0	3318211
Šta si radila?	Что ты делала?	3	1	4258321
Šta si radio?	Что ты делал?	3	1	4258320
Šta si rekao?	Что ты сказал?	3	1	3440707
Šta si sakrio?	Что ты спрятал?	3	0	3347551
Šta ste kupili?	Вы кого купили?	3	0	1103110
Šta ti fali?	Чего тебе не хватает?	3	0	3418978
Šta ti je?	Кто ты?	3	1	891936
Šta ti misliš?	Что ты думаешь?	3	1	3301071
Šta ti smeta?	Что тебе мешает?	3	1	3418546
Šta to znači?	Что это значит?	3	1	3362008
Šta žele žene?	Чего хотят женщины?	3	1	5874249
Šta žene žele?	Чего хотят женщины?	3	1	5874247
Šuma je olistala.	Лес покрылся листвой.	3	0	2583166
Žao mi je.	Мне жаль.	3	1	3382610
Žao mi je.	Извините.	3	1	3382610
Žao mi je.	Извините меня.	3	1	3382610
Žao mi je.	Сожалею.	3	1	3382610
Želim da radim.	Я хочу работать.	3	1	13745776
Žena jede hleb.	Женщина ест хлеб.	3	0	6334112
Žice provode struju.	Провода проводят ток.	3	0	11057691
Živeću u Kambodži.	Я буду жить в Камбодже.	3	0	2763110
Živim u Indoneziji.	Я живу в Индонезии.	3	0	4292449
Živim u Moldovi.	Я живу в Молдове.	3	0	3484216
Živim u stanu.	Я живу в квартире.	3	1	3402679
Živim u Teheranu.	Я живу в Тегеране.	3	0	13818656
Živimo u kući.	Мы живём в доме.	3	1	3333561
Živimo u Rusiji.	Мы живём в России.	3	0	13765047
Život je kratak.	Жизнь коротка.	3	0	4649511
Život nije fer.	Жизнь не справедлива.	3	0	5633334
Život se nastavlja!	Жизнь продолжается!	3	0	5894339
A ko si ti?	А ты кто?	4	1	4243554
A ti, šta radiš?	А ты, что делаешь?	4	1	5919193
Ali ja želim automobil.	Но я хочу автомобиль.	4	0	3313570
Alkohol ne rešava probleme.	Алкоголь не решает проблемы.	4	0	3425432
Ana veoma voli muziku.	Анна очень любит музыку.	4	0	3356490
Anja dobro igra tenis.	Аня хорошо играет в теннис.	4	0	1097790
Automobil je zamenio bicikl.	Автомобиль заменил велосипед.	4	0	11172042
Avion ide tako brzo!	Самолёт движется так быстро!	4	1	3355823
Banane su vrsta voća.	Бананы — вид фруктов.	4	0	1080452
Banka ne radi nedeljom.	Банк не работает в воскресенье.	4	0	3366622
Banka ne radi nedeljom.	Банк не работает по воскресеньям.	4	0	1166772
Barak Obama je hrišćanin.	Барак Обама - христианин.	4	0	3429874
Beli suncobran je tvoj.	Белый зонтик от солнца - твой.	4	0	3484266
Bez upornosti nema uspeha.	Без упорства не бывает успеха.	4	0	5588831
Bila je luda godina.	Это был сумасшедший год.	4	1	5028935
Bila je odlična godina.	Это был отличный год.	4	0	5028936
Bila je velika eksplozija.	Был большой взрыв.	4	0	4971893
Bili smo dobri prijatelji.	Мы были хорошими друзьями.	4	1	3373365
Bilo je oko deset.	Было около десяти.	4	1	3359302
Bilo je tako tamno.	Было так темно.	4	0	1097811
Bilo je veoma hladno.	Было довольно холодно.	4	1	1133566
Bilo je vrlo vetrovito.	Было очень ветрено.	4	0	3650968
Bio je dobar dan.	Хороший был день.	4	1	4238281
Bio je dobar dan.	Это был хороший день.	4	1	4238281
Bio je veliki uspeh.	Это был большой успех.	4	0	6567930
Bio sam sjajno raspoložen.	Я был в отличном настроении.	4	0	6885521
Bio sam u banci.	Я был в банке.	4	0	3366632
Bio sam u bioskopu.	Я был в кино.	4	0	3306669
Bio sam u Rimu.	Я был в Риме.	4	0	3318254
Bob je moj prijatelj.	Боб — мой друг.	4	0	3334517
Bolje ikad nego nikad.	Лучше поздно, чем никогда.	4	1	414465
Boston je prelep grad.	Бостон — прекрасный город.	4	0	3410296
Braon šešir je star.	Коричневая шляпа старая.	4	0	3440806
Bred Pit je glumac.	Брэд Питт — актёр.	4	0	10047226
Britanci su pobedili Francuze.	Британцы победили французов.	4	0	3356184
Brod je promenio kurs.	Корабль изменил курс.	4	0	3282406
Budućnost zavisi od nas.	Будущее зависит от нас.	4	1	5396810
Cipele su ti prljave.	У тебя грязная обувь.	4	0	7083598
Cirkus je u gradu.	Цирк в городе.	4	0	3268141
Crvena kuća je nova.	Красный дом новый.	4	0	1054005
Da li govorite engleski?	Вы говорите по-английски?	4	0	3791335
Da li govorite italijanski?	Вы говорите по-итальянски?	4	0	2057033
Da li govorite kineski?	Вы говорите по-китайски?	4	0	1048708
Da li govorite makedonski?	Вы говорите по-македонски?	4	0	1054388
Da li govoriš kineski?	Ты говоришь по-китайски?	4	0	6293988
Da li idemo kući?	Мы идём домой?	4	1	4333665
Da li igrate fudbal?	Вы играете в футбол?	4	0	4273336
Da li imam nož?	У меня есть нож?	4	1	6567914
Da li imate pitanja?	У вас есть вопросы?	4	1	3284644
Da li imate psa?	У вас есть собака?	4	1	4784590
Da li imaš blog?	У тебя есть блог?	4	0	2499655
Da li imaš jedan?	У тебя есть один?	4	1	3426497
Da li imaš jedno?	У тебя есть одно?	4	1	3426499
Da li imaš jednu?	У тебя есть одна?	4	1	3426498
Da li imaš nekog?	У тебя кто-то есть?	4	1	3357515
Da li imaš olovku?	У тебя есть карандаш?	4	0	3295021
Da li imaš plan?	У тебя есть план?	4	1	3284640
Da li imaš psa?	У тебя есть собака?	4	1	4784589
Da li imaš rečnik?	У тебя есть словарь?	4	0	3425433
Da li imaš rešenje?	У тебя есть решение?	4	0	800081
Da li je loše?	Это плохо?	4	1	8844558
Da li je tamo?	Это там?	4	1	3402173
Da li je tamo?	Она там?	4	1	3402173
Da li je tamo?	Он там?	4	1	3402173
Da li je tamo?	Оно там?	4	1	3402173
Da li je tvoj?	Это твой?	4	1	469015
Da li je tvoj?	Он твой?	4	1	469015
Da li je tvoje?	Это твоё?	4	1	469026
Da li me voli?	Он меня любит?	4	1	6147463
Da li me voli?	Она меня любит?	4	1	6147463
Da li me voliš?	Ты меня любишь?	4	1	3470325
Da li pričaju francuski?	Они говорят по-французски?	4	0	10686153
Da li sam trudna?	Я беременна?	4	1	10042536
Da li si dobro?	Ты в порядке?	4	1	3478062
Da li si gladan?	Ты голоден?	4	1	3384112
Da li si gledao?	Ты смотрел?	4	1	4258409
Da li si ručala?	Ты обедала?	4	0	4261846
Da li si ručao?	Ты обедал?	4	0	4261845
Da li si spavala?	Ты спала?	4	0	4258414
Da li si spavao?	Ты спал?	4	1	4258413
Da li si spreman?	Ты готов?	4	1	3417982
Da li si trudna?	Ты беременна?	4	1	11057694
Da li si umoran?	Ты устал?	4	0	3384127
Da li si zauzet?	Ты занят?	4	1	941202
Da li ste spremni?	Вы готовы?	4	1	3318091
Da li voliš kostime?	Ты любишь костюмы?	4	0	4246854
Da li voliš muziku?	Ты любишь музыку?	4	0	3287631
Da li voliš zimu?	Ты любишь зиму?	4	0	10689101
Da li zahtevam previše?	Я слишком многого требую?	4	0	6550153
Da li zahtevam previše?	Я слишком много требую?	4	0	6550153
Da li znaš Kineski?	Ты знаешь китайский?	4	0	3311760
Da li živiš ovde?	Ты живёшь здесь?	4	1	3318107
Daj mi hiljadu poljubaca.	Дай мне тысячу поцелуев.	4	0	12748852
Daj mi moje naočare.	Дай мне мои очки.	4	0	3304309
Daj mi tu knjigu.	Дай мне ту книгу.	4	1	3412949
Daj mi tu knjigu.	Подай мне ту книгу.	4	1	3412949
Daleko je Južna Afrika.	Южная Африка далеко.	4	0	404627
Daleko je Južna Afrika.	ЮАР далеко.	4	0	404627
Danas imam dobar apetit.	У меня сегодня хороший аппетит.	4	0	1195476
Danas imam mnogo posla.	Сегодня у меня много работы.	4	1	1054847
Danas je jak vetar.	Сегодня сильный ветер.	4	0	3314417
Danas je lepo vreme.	Сегодня хорошая погода.	4	1	1221198
Danas je strašno hladno.	Сегодня ужасно холодно.	4	1	3314317
Danas je tako vruće!	Сегодня так жарко!	4	0	3248244
Danas je veoma vruće.	Сегодня очень жарко.	4	0	3371626
Danas nisam kročio napolje.	Я сегодня не выходил на улицу.	4	0	4782975
Danas, nažalost, pada kiša.	Сегодня, к сожалению, дождь.	4	0	1117653
Dao sam Tomu majicu.	Я дал Тому футболку.	4	0	8877482
Daću ti jednu knjigu.	Я дам тебе одну книгу.	4	1	3307026
Deca se raduju snegu.	Дети радуются снегу.	4	0	2135775
Devojka je medicinska sestra.	Девушка - медицинская сестра.	4	0	3245175
Dobar dan, dobri ljudi!	Добрый день, добрые люди!	4	1	1178234
Dobar dan, kako si?	Добрый день, как дела?	4	1	476800
Dobio je prvu nagradu.	Он получил первую награду.	4	0	3340721
Dobri ljudi mladi umiru.	Хорошие люди умирают молодыми.	4	0	1142577
Dobro došli, dragi gosti!	Добро пожаловать, дорогие гости!	4	0	5842265
Dobro jutro, nebo plavo.	Доброе утро, небо голубое.	4	0	1090398
Dobro jutro, nebo plavo.	Доброе утро, небо синее.	4	0	1090398
Dobro jutro. Kako si?	Доброе утро. Как ты?	4	1	5991028
Dobro uvek pobeđuje zlo.	Добро всегда побеждает зло.	4	0	2657017
Dobro, kao i uvek.	Хорошо, как и всегда.	4	1	5806618
Dobrodošao u San Francisko.	Добро пожаловать в Сан-Франциско.	4	0	3402130
Dodajte soli prema želji.	Соль добавляйте по вкусу!	4	0	1183342
Dok dišem, nadam se.	Пока дышу, надеюсь.	4	0	6196042
Dok živim, nadam se.	Пока живу, надеюсь.	4	1	6196043
Dođi i pomozi mi.	Приди и помоги мне.	4	1	6968723
Dođi i pomozi mi.	Иди и помоги мне.	4	1	6968725
Dođi i pomozi mi.	Приходи и помоги мне.	4	1	6968725
Došao je kao gost.	Он пришёл, как гость.	4	0	1091308
Došli smo po tebe.	Мы пришли за тобой.	4	1	4253864
Došli smo po vas.	Мы пришли за вами.	4	1	4253865
Držite vaše oči otvorene.	Держите ваши глаза открытыми.	4	0	5552556
Dugujem ti deset dolara.	Я должен тебе десять долларов.	4	0	3425059
Dunav je evropska reka.	Дунай - река в Европе.	4	0	1080608
Dvaput sam bila tamo.	Я была там дважды.	4	0	6148836
Dvaput sam bio tamo.	Я был там дважды.	4	0	6148835
Dvorište je veoma malo.	Двор очень маленький.	4	0	1157219
Džon živi u Njujorku.	Джон живет в Нью-Йорке.	4	0	3288346
Egipat je dar Nila.	Египет – дар Нила.	4	0	13229881
Elektricitet je veoma koristan.	Электричество очень полезно.	4	0	1181858
Elementarno, moj dragi Votsone.	Элементарно, мой дорогой Ватсон.	4	0	6090489
Emili je napisala rečenicu.	Эмили написала предложение.	4	0	3340833
Esperanto je jezik prijateljstva.	Эсперанто — язык дружбы.	4	0	1076267
Esperanto je međunarodni jezik.	Эсперанто - международный язык.	4	0	1185069
Eto šta se dešava.	Вот что происходит.	4	1	4259757
Evo šta ja mislim.	Вот что я думаю.	4	1	5002291
Filipini su u Aziji.	Филиппины в Азии.	4	0	3478830
Gde ide ovaj voz?	Куда идёт этот поезд?	4	1	3248254
Gde je moj sat?	Где мои часы?	4	1	3425863
Gde je moja knjiga?	Где моя книга?	4	1	3391152
Gde je moja lopta?	Где мой мяч?	4	0	4339804
Gde je moja soba?	Где моя комната?	4	1	5919200
Gde je najbliža banka?	Где ближайший банк?	4	0	3263603
Gde je našao novac?	Где он нашёл деньги?	4	1	1097801
Gde je tvoj otac?	Где твой отец?	4	1	3384150
Gde je tvoj prijatelj?	Где твой друг?	4	1	3380092
Gde je tvoj računar?	Где твой компьютер?	4	0	3357160
Gde je tvoja škola?	Где твоя школа?	4	1	3306998
Gde mi je kofer?	Где мой чемодан?	4	0	4243524
Gde mi je lopta?	Где мой мяч?	4	0	4339803
Gde mi je voda?	Где моя вода?	4	1	13810163
Gde mi je četka?	Где моя щётка?	4	0	3360356
Gde sam ga stavila?	Куда я его поставила?	4	0	4449846
Gde sam ga stavila?	Куда я его положила?	4	0	4449846
Gde sam ga stavio?	Куда я его положил?	4	1	4449844
Gde sam ga stavio?	Куда я его поставил?	4	1	4449844
Gde sam je stavila?	Куда я её положила?	4	0	4449847
Gde sam je stavila?	Куда я её поставила?	4	0	4449847
Gde sam je stavio?	Куда я её положил?	4	1	4449845
Gde sam je stavio?	Куда я её поставил?	4	1	4449845
Gde se nazali hotel?	Где находится гостиница?	4	0	12409265
Gde se sada nalazimo?	Где мы сейчас находимся?	4	0	5843311
Gde se sada nalaziš?	Где ты сейчас находишься?	4	0	5843306
Gde si ih video?	Где ты их видел?	4	1	3438991
Gde si je video?	Где ты её видел?	4	1	888471
Gde si je video?	Где ты его видел?	4	1	888471
Gde si kupila cipele?	Где ты купила туфли?	4	0	899012
Gde si kupio cipele?	Где ты купил туфли?	4	1	899013
Gde si naučio engleski?	Где ты выучил английский?	4	0	5945091
Gde si našao ključeve?	Где ты нашёл ключи?	4	0	4246030
Gde si našla ključeve?	Где ты нашла ключи?	4	0	4246032
Gde si pronašao ključeve?	Где ты нашёл ключи?	4	0	4246031
Gde si se sakrio?	Где ты спрятался?	4	0	6311723
Gde si videla Toma?	Где ты видела Тома?	4	0	4246055
Gde si video Toma?	Где ты видел Тома?	4	0	4246054
Gde su moje naočare?	Где мои очки?	4	0	1221130
Gde su naši kišobrani?	Где наши зонты?	4	0	3430713
Gde su tvoje stvari?	Где твои вещи?	4	1	3292434
Gde ti je prijatelj?	Где твои друзья?	4	1	3360357
Gde ti je prijatelj?	Где твой друг?	4	1	6905664
Gde ćeš da studiraš?	Где ты будешь учиться?	4	0	2993057
Gde želiš da sediš?	Где ты хочешь сидеть?	4	0	3331315
Gde živi tvoj deda?	Где живёт твой дед?	4	1	3425516
Gde živi tvoj deda?	Где живёт твой дедушка?	4	1	3425516
Gde živi tvoj ujak?	Где живет твой дядя?	4	0	3425158
Gladan sam kao vuk.	Я голоден как волк.	4	0	1074626
Gledam televiziju ceo dan.	Я весь день смотрю телевизор.	4	0	888639
Gledam televiziju ceo dan.	Я целый день смотрю телевизор.	4	0	888639
Gledam, a ne vidim.	Я смотрю, но не вижу.	4	1	6550985
Gledam, ali ne vidim.	Я смотрю, но не вижу.	4	1	6550990
Gledao sam jutros TV.	Сегодня утром я смотрел телевизор.	4	1	3364068
Godina ima dvanaest meseci.	В году двенадцать месяцев.	4	0	1598497
Godina je brzo prošla.	Год прошёл быстро.	4	0	8894450
Godine teku kao reka.	Годы текут как река.	4	0	1598528
Gorela je od ljubomore.	Она сгорала от ревности.	4	0	3392077
Grešim li ja ikad?	Я когда-нибудь ошибаюсь?	4	0	4324453
Grešim li ja ikada?	Я когда-нибудь ошибаюсь?	4	0	4324458
Grčka je stara zemlja.	Греция — древняя страна.	4	0	3935503
Hajde da budemo prijatelji.	Давай будем друзьями.	4	1	3599415
Hajde da popijemo nešto.	Пойдём чего-нибудь выпьем.	4	0	4246002
Hajde da probamo nešto.	Давайте что-нибудь попробуем.	4	0	3292799
Hajde da promenimo temu.	Давайте изменим тему.	4	0	6583434
Hajde da ručamo ovde.	Давай здесь пообедаем.	4	0	4253530
Hajde, daj mi to.	Ну, дай мне то.	4	1	5949516
Hijena je divlja životinja.	Гиена - дикое животное.	4	0	12682148
Hjustone, imali smo problem.	Хьюстон, у нас была проблема.	4	0	6059324
Holandija je mala zemlja.	Голландия — маленькая страна.	4	0	3250716
Hoćeš li malo kajgane?	Хочешь немножко яичницы?	4	0	3439089
Hoćeš li sa nama?	Хочешь с нами?	4	1	3418721
Hoću da se vratim.	Я хочу возвратиться.	4	1	3435909
Hrana je u frižideru.	Еда в холодильнике.	4	0	1135373
Hristos voskrese! - Vaistinu voskrese!	"Христос воскресе!" - "Воистину воскресе!"	4	0	3484256
Hteo bih neki kolač.	Я хотел бы какое-нибудь пирожное.	4	0	1052185
Hteo bih nešto pojesti.	Я хотел бы что-нибудь поесть.	4	0	1045803
Hteo bih šoljicu kafe.	Я бы хотел чашку кофе.	4	0	1221193
Hvala puno za sve!	Большое спасибо за всё!	4	1	5806645
Hvala ti mnogo, Tome.	Большое тебе спасибо, Том.	4	1	5029110
Hvala, to je sve.	Спасибо, это всё.	4	1	1089855
I da, i ne.	И да и нет.	4	1	5944927
I ja sam učitelj.	И я учитель.	4	0	3439331
I ja tako mislim.	И я так думаю.	4	1	6580728
I ja tako mislim.	Я тоже так думаю.	4	1	6580730
I ja to radim.	И я это делаю.	4	1	6532994
I posle nas - potop.	После нас - хоть потоп.	4	0	3439321
Idem u školu autobusom.	Я езжу в школу на автобусе.	4	0	1078491
Idemo tamo svi zajedno.	Мы идём туда все вместе.	4	1	3470165
Idemo u tržni centar.	Мы идём в торговый центр.	4	0	3395350
Idi pričaj s Tomom.	Иди поговори с Томом.	4	0	4324595
Igramo futbal svake subote.	Мы каждую субботу играем в футбол.	4	0	1066180
Igramo po novim pravilima.	Мы играем по новым правилам.	4	0	1059338
Ili Cezar ili ništa.	Или Цезарь, или ничего.	4	0	5809524
Ili Cezar ili ništa.	Или Цезарь, или ничто.	4	0	5809523
Ima li kraja ovome?	Есть ли конец этому?	4	1	8906802
Ima li taksija ovde?	Здесь есть такси?	4	0	1261829
Ima li Tom kišobran?	У Тома есть зонт?	4	0	8834611
Ima li Tom kišobran?	У Тома есть зонтик?	4	0	8834611
Ima li Tom ključ?	У Тома есть ключ?	4	1	4251066
Ima li Tom partnera?	У Тома есть партнёр?	4	0	8829814
Ima li Tom sestara?	У Тома есть сёстры?	4	0	8849132
Ima li Tom sestru?	У Тома есть сестра?	4	1	8829889
Ima li Tom telefon?	У Тома есть телефон?	4	1	8869973
Ima mnogo neiskrenih ljudi.	Есть много неискренних людей.	4	0	3484082
Imam alergiju na mleko.	У меня аллергия на молоко.	4	0	3484163
Imam dve udate sestre.	У меня две замужних сестры.	4	0	1949883
Imam još dva pitanja.	У меня ещё два вопроса.	4	1	3366327
Imam još dva pitanja.	У меня есть ещё два вопроса.	4	1	3366327
Imam kamen u cipeli.	У меня камень в туфле.	4	0	4239860
Imam keca u rukavu.	У меня туз в рукаве.	4	0	6878761
Imam mačku i psa.	У меня есть кошка и собака.	4	0	3307023
Imam mnogo da radim.	Мне много чего нужно сделать.	4	1	3438758
Imam mnogo da radim.	У меня много работы.	4	1	3438758
Imam mnogo prijatelja esperantista.	У меня много друзей-эсперантистов.	4	0	1076269
Imam nekoliko uticajnih prijatelja.	У меня есть несколько влиятельных друзей.	4	0	3439261
Imam nešto za tebe.	У меня для тебя кое-что есть.	4	1	3371261
Imam nešto za tebe.	У меня есть кое-что для тебя.	4	1	3371261
Imam prijatelja u Engleskoj.	У меня есть друг в Англии.	4	0	3278183
Imam privremenu vozačku dozvolu.	У меня временные водительские права.	4	0	3279778
Imam samo dvadeset evra.	У меня только двадцать евро.	4	0	3473436
Imam samo jednu knjigu.	У меня только одна книга.	4	1	4292441
Imam tri foto-aparata.	У меня три фотоаппарата.	4	0	8891157
Imamo samo dva dolara.	У нас только два доллара.	4	1	4967439
Imamo samo dva dolara.	У нас всего два доллара.	4	1	4967439
Imamo šta nam treba.	У нас есть то, что нам нужно.	4	1	4261960
Imao sam dobar život.	У меня была хорошая жизнь.	4	1	3368904
Imao si dug dan.	У тебя был длинный день.	4	1	3650682
Imate li bezalkoholna pića?	У вас есть безалкогольные напитки?	4	0	1053613
Imate li japansko pivo?	У вас есть японское пиво?	4	0	1541674
Imate li jeftinijih soba?	У вас есть дешёвые комнаты?	4	0	665175
Imaću vremena sutra ujutro.	У меня есть время завтра утром.	4	0	1228549
Imaš li dve knjige?	У тебя две книги?	4	1	1103131
Imaš li email adresu?	У тебя есть электронный адрес?	4	0	3267428
Imaš vremena do ponoći.	У тебя есть время до полуночи.	4	0	4292419
Imaš šta ti treba.	У тебя есть то, что тебе нужно.	4	1	4256590
Ispekla mi je tortu.	Она испекла мне торт.	4	0	3393838
Ispričaću ti jednu priču.	Я расскажу тебе одну историю.	4	0	3340366
Istorija se završila dobro.	История закончилась хорошо.	4	0	1048819
Izašao sam iz autobusa.	Я вышел из автобуса.	4	0	6914696
Izbeglički logor je prepun.	Лагерь беженцев переполнен.	4	0	3455077
Izgleda da će kiša.	Кажется, будет дождь.	4	0	3256226
Izgubio sam moj fotoaparat.	Я потерял свой фотоаппарат.	4	0	3262901
Izgubio sam moj ključ.	Я потерял свой ключ.	4	1	3350412
Izgubio sam moj sat.	Я потерял свои часы.	4	1	897694
Izgubio sam moju olovku.	Я потерял свой карандаш.	4	0	3438994
Izledao je prilično umorno.	Он выглядел достаточно усталым.	4	0	1133539
Između zemlje i neba.	Между землёй и небом.	4	0	1056835
Izvinite, gde je pošta?	Извините, где почта?	4	0	3387067
Izvinite, imam jedno pitanje.	Извините, у меня есть один вопрос.	4	1	3425453
Izvinite, kako se zovete?	Извините, как вас зовут?	4	0	3391280
Izvinite, nisam Vas razumeo.	Извините, я Вас не понял.	4	1	3438890
Ja govorim malo engleski.	Я немного говорю по-английски.	4	0	3418937
Ja idem sa njom.	Я иду с ним.	4	1	3292501
Ja ih ne poznajem.	Я их не знаю.	4	1	1676102
Ja imam dve kćerke.	У меня две дочери.	4	0	1135274
Ja imam krive zube.	У меня кривые зубы.	4	0	1751623
Ja imam lovačkog psa.	У меня есть охотничья собака.	4	0	2352638
Ja imam mali vinograd.	У меня есть небольшой виноградник.	4	0	2315427
Ja imam mnogo knjiga.	У меня много книг.	4	1	1232303
Ja imam ovo auto.	У меня есть эта машина.	4	1	1271510
Ja imam samo sestru.	У меня только сестра.	4	1	3518006
Ja jašem na biciklu.	Я ехал на велосипеде.	4	0	1150207
Ja jedem puno mesa.	Я ем много мяса.	4	0	4324234
Ja još uvek govorim.	Я всё ещё говорю.	4	1	6971814
Ja ne govorim japanski.	Я не говорю по-японски.	4	0	1173804
Ja ne govorim nemački.	Я не говорю по-немецки.	4	0	1055740
Ja ne mislim tako.	Я так не думаю.	4	1	3441057
Ja ne volim filmove.	Я не люблю фильмы.	4	0	3390085
Ja ne volim haos.	Я не люблю хаос.	4	0	3474673
Ja ne volim sneg.	Я не люблю снег.	4	0	2135780
Ja nemam dovoljno vremena.	Мне не хватает времени.	4	1	1166760
Ja nemam ništa protiv.	Я не имею ничего против.	4	1	3263137
Ja nemam široke kukove.	У меня бёдра не широкие.	4	0	3304531
Ja nisam izabrao njega.	Я его не выбирал.	4	0	5651308
Ja sam bez posla.	Я без работы.	4	1	3311706
Ja sam bogat čovek.	Я богатый человек.	4	0	3284529
Ja sam građanin sveta.	Я гражданин мира.	4	0	5819526
Ja sam igrač tenisa.	Я теннисист.	4	0	3298725
Ja sam iz Kine.	Я из Китая.	4	0	8917498
Ja sam iz Norveške.	Я из Норвегии.	4	0	3327906
Ja sam načulio uši.	Я навострил уши.	4	0	1043439
Ja sam noćna ptica.	Я сова.	4	0	3387080
Ja sam pio mleko.	Я пил молоко.	4	0	1181830
Ja sam protiv rata.	Я против войны.	4	1	3573300
Ja sam samo prevodilac.	Я всего лишь переводчик.	4	0	6533016
Ja sam slobodan čovek.	Я свободный человек.	4	1	3426473
Ja sam stanovnik Berlina.	Я житель Берлина.	4	0	3430954
Ja sam Tomova žena.	Я жена Тома.	4	0	3531361
Ja sam tvoja savest.	Я твоя совесть.	4	0	3644143
Ja sam u Londonu.	Я в Лондоне.	4	0	3425854
Ja sam u razredu.	Я в классе.	4	0	1097805
Ja sam u Rimu.	Я в Риме.	4	0	6169163
Ja sam uključila svetlo.	Я включила свет.	4	0	3518001
Ja sam uključio svetlo.	Я включил свет.	4	0	3518002
Ja sam upalila svetlo.	Я зажгла свет.	4	0	3518004
Ja sam upalio svetlo.	Я зажёг свет.	4	0	3518005
Ja sam vas video.	Я вас видел.	4	1	1776385
Ja sam veoma gladan.	Я очень голоден.	4	1	1046020
Ja sam veštačka inteligencija.	Я – искусственный интеллект.	4	0	13901917
Ja stanujem u Beogradu.	Я живу в Белграде.	4	0	1080495
Ja stanujem u stanu.	Я живу в квартире.	4	0	1076259
Ja svetu nisam potreban.	Я не нужен миру.	4	1	3430974
Ja to govorim stalno.	Я говорю это постоянно.	4	1	5029160
Ja to ne razumem.	Я этого не понимаю.	4	1	1046457
Ja to stalno govorim.	Я это постоянно говорю.	4	1	5029161
Ja trčim za suncem.	Я бегу за солнцем.	4	0	3303740
Ja vam se divim.	Я вами восхищаюсь.	4	0	3501827
Ja Vas ne kritikujem.	Я Вас не критикую.	4	0	3484432
Ja volim mog oca.	Я люблю своего отца.	4	1	3499732
Ja volim sunčevu svetlost.	Я люблю солнечный свет.	4	0	1261882
Ja volim svoju suprugu.	Я люблю свою супругу.	4	0	1050818
Ja volim svoju školu.	Я люблю свою школу.	4	1	6533011
Ja volim tu sliku.	Я люблю ту картину.	4	1	1042302
Ja ću te zaštititi!	Я буду тебя защищать!	4	0	3503804
Ja ću ukloniti dodatak.	Я буду удалять червеобразный отросток.	4	0	895107
Ja ću vas zaštititi!	Я буду вас защищать!	4	0	3503802
Ja čitam ovu knjigu.	Я читаю эту книгу.	4	0	3314345
Ja živim u Indoneziji.	Я живу в Индонезии.	4	0	4292448
Jako mi je žao.	Мне очень жаль.	4	1	3395232
Je li to ptica?	Это птица?	4	0	4781363
Je li Tom poludeo?	Том сошёл с ума?	4	0	4264044
Je li Tom poludeo?	Том тронулся умом?	4	0	4264044
Jesam li pitala tebe?	Я тебя спрашивала?	4	1	4449805
Jesam li pitao tebe?	Я тебя спрашивал?	4	1	4449803
Jesen je vreme izobilja.	Осень — время изобилия.	4	0	3453819
Jesen je vreme kiša.	Осень - время дождей.	4	0	1117665
Jesi li jela nešto?	Ты что-нибудь ела?	4	0	4292390
Jesi li jeo nešto?	Ты ел что-нибудь?	4	0	4292389
Jesi li jeo nešto?	Ты что-нибудь ел?	4	0	4292389
Jesi li pojela nešto?	Ты чего-нибудь поела?	4	0	4292392
Jesi li pojeo nešto?	Ты чего-нибудь поел?	4	0	4292391
Jesi li prošao ispite?	Ты сдал экзамены?	4	0	6401114
Jesi li sa Tomom?	Ты с Томом?	4	0	4238288
Jesmo li svi ovde?	Мы все здесь?	4	1	4324658
Jesmo li svi tu?	Мы все тут?	4	1	4324656
Jezik Evrope je prevod.	Язык Европы - перевод.	4	0	6482074
Još jednom se izvinjavam.	Ещё раз прошу прощения.	4	1	12415225
Još ništa nisam rekao.	Я ещё ничего не сказал.	4	1	4364000
Još se nismo upoznali.	Мы ещё не знакомы.	4	1	6401093
Jumi ima mnogo knjiga.	У Юми много книг.	4	0	3380027
Juče je bilo oblačno.	Вчера было облачно.	4	0	1835585
Juče je bilo vruće.	Вчера было жарко.	4	0	3414795
Juče je padala kiša.	Вчера шел дождь.	4	0	923624
Juče je padao sneg.	Вчера шёл снег.	4	0	4993451
Juče nije bilo kiše.	Вчера дождя не было.	4	0	8907051
Juče sam bila srećna.	Вчера я была счастлива.	4	1	2925864
Juče sam igrala tenis.	Вчера я играла в теннис.	4	0	8894889
Kad si došao kući?	Когда ты пришёл домой?	4	1	6918390
Kada je sagrađen zamak?	Когда был построен замок?	4	0	10042620
Kada je to bilo?	Когда это было?	4	1	3384582
Kada je tvoj rođendan?	Когда у тебя день рождения?	4	1	3791309
Kada počinje pozorišni komad?	Когда начинается спектакль?	4	0	3419141
Kada počinje zimski raspust?	Когда начинаются зимние каникулы?	4	0	5847128
Kada se to desilo?	Когда это случилось?	4	1	10689102
Kada se to dogodilo?	Когда это случилось?	4	1	10689103
Kada si jutros ustao?	Во сколько ты сегодня утром встал?	4	0	3440724
Kada si ustao jutros?	Во сколько ты встал сегодня утром?	4	0	898463
Kada stiže sledeći voz?	Когда прибывает следующий поезд?	4	1	3386971
Kada ćete nas posetiti?	Когда нас посетите?	4	0	6811967
Kada ćeš konačno naučiti?	Когда ты наконец научишься?	4	0	1074617
Kada ćeš nas posetiti?	Когда посетишь нас?	4	0	6811961
Kakav je bio koncert?	Как прошёл концерт?	4	0	5843380
Kakav jogurt najviše voliš?	Какой йогурт ты больше всего любишь?	4	0	4781280
Kakav si to čovek!	Что ты за человек!	4	1	5848203
Kako glasi tvoj nadimak?	Какое у тебя прозвище?	4	0	3795220
Kako glasi tvoj nadimak?	Какая у тебя кличка?	4	0	3795220
Kako je dospelo ovde?	Как я сюда попал?	4	0	4449813
Kako je na poslu?	Как дела на работе?	4	1	5843376
Kako je ona izgledala?	Как она выглядела?	4	0	3495248
Kako je prošao intervju?	Как прошло интервью?	4	0	3371252
Kako je prošao test?	Как прошёл тест?	4	1	5847175
Kako on brzo trči!	Как он быстро бежит!	4	0	3440826
Kako on brzo trči!	Как он быстро бегает!	4	0	3440826
Kako se dečak zove?	Как зовут этого мальчика?	4	1	3478274
Kako se ovo zove?	Как это называется?	4	1	5843361
Kako se ti zoveš?	Как тебя зовут?	4	1	468349
Kako se ti zoveš?	Тебя как зовут?	4	1	468349
Kako si divan prijatelj!	Какой ты замечательный друг!	4	1	8862306
Kako si samo veliki!	Какой же ты большой!	4	1	3247767
Kako si uradila to?	Как ты это сделала?	4	1	6567902
Kako si uradio to?	Как ты это сделал?	4	1	6567904
Kako ti je žena?	Как твоя жена?	4	1	3311744
Kako zovete vašeg psa?	Как вы зовёте свою собаку?	4	0	2352616
Kako zovete vašeg psa?	Как зовут вашу собаку?	4	0	2352616
Kakva je vremenska prognoza?	Как прогноз погоды?	4	0	1111594
Kakva je vremenska prognoza?	Какой прогноз погоды?	4	0	1111594
Kakve su vam namere?	Какие у вас намерения?	4	0	3484412
Kakvo je vreme tamo?	Какая там погода?	4	1	1076605
Kakvu muziku sluša tom?	Какую музыку слушает Том?	4	0	4507072
Kaži mi gde živiš.	Скажи мне, где ты живёшь.	4	1	4261883
Kažu, ljubav je slepa.	Говорят, любовь слепа.	4	0	1195479
Kiša je padala danima.	Дождь шёл несколько дней.	4	0	945339
Kiša pada od utorka.	Дождь идёт со вторника.	4	0	3425015
Kišna sezona počinje juna.	Сезон дождей начинается в июне.	4	0	4246593
Klin se klinom izbija.	Клин клином вышибают.	4	0	6880167
Ključ je na stolu.	Ключ на столе.	4	0	3340744
Knjiga je na polici.	Книга на полке.	4	0	4971855
Knjiga je na polici.	Книга лежит на полке.	4	0	4971855
Knjiga je na stolu.	Книга на столе.	4	0	2345996
Knjige imaju svoju sudbinu.	У книг есть своя судьба.	4	0	6947303
Knjige imaju svoju sudbinu.	Книги имеют свою судьбу.	4	0	6947303
Ko brine o deci?	Кто присматривает за детьми?	4	0	1676109
Ko je bio kući?	Кто был дома?	4	1	8894446
Ko je napisao Hamleta?	Кто написал Гамлета?	4	0	3311726
Ko je ovaj čovek?	Кто этот человек?	4	1	488787
Ko je taj čovek?	Кто этот человек?	4	1	493338
Ko je tvoj učitelj?	Кто твой учитель?	4	0	1091400
Ko je uradio to?	Кто это сделал?	4	1	8842637
Ko kuca na vratima?	Кто стучит в дверь?	4	0	4248688
Ko kuca na vratima?	Кто стучится в дверь?	4	0	4248688
Ko si ti zaista?	Кто ты на самом деле?	4	1	5893986
Ko su ovi ljudi?	Кто эти люди?	4	1	3429825
Ko su tvoji prijatelji?	Кто твои друзья?	4	1	5397784
Ko to ne radi?	Кто этого не делает?	4	1	3650920
Ko to ne radi?	Кто этим не занимается?	4	1	3650920
Ko će toplu čokoladu?	Кто будет горячий шоколад?	4	0	3290972
Ko želi toplu čokoladu?	Кто хочет горячего шоколада?	4	0	3430030
Koja je ovo godina?	Какой это год?	4	1	3395340
Koja je tvoja knjiga?	Которая книга твоя?	4	1	3425926
Koja je tvoja knjiga?	Какая книга твоя?	4	1	3425926
Koje te oko boli?	Какой глаз у тебя болит?	4	1	665373
Koje ti je ime?	Какое у тебя имя?	4	1	3317298
Koje ti je ime?	Как твоё имя?	4	1	6974399
Koji je dan sutra?	Какой день завтра?	4	1	5874138
Koji je danas dan?	Какой сегодня день?	4	1	3267229
Koji je njegov posao?	Какая у него работа?	4	1	5919309
Koji je sutra dan?	Какой завтра день?	4	1	5874141
Koji je tvoj auto?	Которая машина твоя?	4	1	4251415
Koji ste film gledali?	Какой фильм вы смотрели?	4	0	3439096
Koju vrstu umetnosti preferirate?	Какой вид искусства вы предпочитаете?	4	0	909844
Kolika vam je plata?	Какая у вас зарплата?	4	0	6369117
Koliko cvetova si kupio?	Сколько цветов ты купил?	4	0	1080446
Koliko dugo si čekao?	Как долго ты ждал?	4	0	1074608
Koliko dugo živiš ovde?	Как давно ты живёшь здесь?	4	1	5909468
Koliko ima do aerodroma?	Сколько до аэропорта?	4	0	3393697
Koliko imaš bliskih prijatelja?	Сколько у тебя близких друзей?	4	0	3292827
Koliko knjiga pročitaš mesečno?	Сколько книг ты читаешь за месяц?	4	0	3250842
Koliko košta flaša piva?	Сколько стоит бутылка пива?	4	0	1048597
Koliko košta ova kamera?	Сколько стоит эта камера?	4	0	6316172
Koliko košta ovaj kišobran?	Сколько стоит этот зонтик?	4	0	5843318
Koliko košta ovaj kišobran?	Сколько стоит этот зонт?	4	0	5843318
Koliko košta ovaj telefon?	Сколько стоит этот телефон?	4	0	6535541
Koliko košta ovaj šešir?	Сколько стоит эта шляпа?	4	0	6316171
Koliko nam novca treba?	Сколько нам нужно денег?	4	1	4781341
Koliko novca nam treba?	Сколько денег нам нужно?	4	1	4781339
Koliko si velik porastao!	Какой ты большой вырос!	4	0	931762
Koliko stvarno imaš godina?	Сколько тебе на самом деле лет?	4	1	5028679
Koliko često dolaziš ovde?	Как часто ты сюда приходишь?	4	0	3418044
Koliko često koristiš telefon?	Как часто ты пользуешься телефоном?	4	0	4238282
Kolumbo je otkrio Ameriku.	Колумб открыл Америку.	4	0	11055423
Konačno sam postao odrastao.	Наконец я стал взрослым.	4	0	3374228
Konferencija će završiti sutra.	Конференция завтра кончится.	4	0	405730
Kontaktna sočiva, može li?	Контактные линзы можно?	4	0	1139268
Kraljevi imaju duge ruke.	У королей длинные руки.	4	0	3334300
Kravata je veoma lepa.	Галстук очень красив.	4	0	12682111
Kupio je par obuće.	Он купил одну пару обуви.	4	0	1266645
Kupio sam nešto odeće.	Я купил кое-что из одежды.	4	0	3410459
Kuća mi je daleko.	Мой дом далеко.	4	1	4781371
Latinski je jezik budućnosti!	Латинский — язык будущего!	4	0	3341495
Latinski je mrtav jezik.	Латынь - мёртвый язык.	4	0	3341490
Lenjir je ispod knjige.	Линейка под книгой.	4	0	5294716
Leukociti su krvne ćelije.	Лейкоциты - это кровяные клетки.	4	0	2051062
Leukociti su krvne ćelije.	Лейкоциты являются кровяными клетками.	4	0	2051062
Lignit je fosilno gorivo.	Лигнит - это ископаемое топливо.	4	0	798387
Ljudi se plaše rata.	Люди боятся войны.	4	0	3265622
Loše sam znao Engleski.	Я плохо знаю английский.	4	0	3243533
Lusi je već telefonirala.	Люси уже позвонила?	4	0	1085940
Mama se iznenadila novostima.	Мама удивилась новостям.	4	0	1178225
Marija je kupila mikroskop.	Мария купила себе микроскоп.	4	0	3547617
Marija je kupila mikroskop.	Мария купила микроскоп.	4	0	4434772
Marija je već otišla.	Мария уже ушла.	4	0	3311352
Marija je već počela.	Мария уже начала.	4	0	3311351
Marija skoro uvek kasni.	Мария почти всегда опаздывает.	4	0	3473442
Marija te zaista voli.	Мария тебя действительно любит.	4	0	3429945
Mario je kupio mikroskop.	Марио купил микроскоп.	4	0	4434769
Matis je poznati slikar.	Матисс - известный художник.	4	0	1835594
Mačka ima dva uva.	У кошки два уха.	4	0	3313613
Mačka je ispod stola.	Кошка под столом.	4	0	3430388
Mačka spava na stolici.	Кошка спит на стуле.	4	0	3285274
Mačka vidi u mraku.	Кошка видит в темноте.	4	0	3248292
Mačke se boje vode.	Кошки боятся воды.	4	0	1054360
Mačke vide u mraku.	Кошки видят в темноте.	4	0	905803
Medvedi su prilično opasni.	Медведи достаточно опасны.	4	0	4250283
Medvedi su veoma opasni.	Медведи очень опасны.	4	0	4250285
Mene vole moji roditelji.	Меня любят мои родители.	4	1	1178181
Meni je ime Bob.	Меня называют Боб.	4	0	1173797
Meni je njega žao.	Мне его жалко.	4	1	3501823
Meta je na vidiku.	Цель на горизонте.	4	0	4246039
Mi ne volimo bolnicu.	Мы не любим больницу.	4	0	1183368
Mi smo iz Francuske.	Мы из Франции.	4	0	6293985
Mi smo iz Rusije.	Мы из России.	4	0	3437783
Mi smo njegovi sinovi.	Мы его сыновья.	4	0	3251041
Mi smo pričali telefonom.	Мы разговаривали по телефону.	4	0	3419045
Mi smo svi srećni.	Мы все счастливы.	4	0	3293183
Mi smo već počeli.	Мы уже начали.	4	1	3395295
Mi verujemo u demokratiju.	Мы верим в демократию.	4	0	3267538
Mi više nismo deca.	Мы уже не дети.	4	1	5028578
Mi volimo da pričamo.	Мы любим говорить.	4	0	1636328
Mi želimo veliku porodicu.	Мы хотим большую семью.	4	1	3300778
Mi živimo blizu mora.	Мы живем рядом с морем.	4	1	8849180
Mislim da imaš grip.	Думаю, у тебя грипп.	4	0	1384480
Mislim da sam debela.	Думаю, я толстая.	4	0	4250441
Mislim da su pogrešili.	Думаю, они ошиблись.	4	0	5034769
Mislim da su srećni.	Думаю, они счастливы.	4	0	5002271
Mislim da te razumem.	Думаю, я тебя понимаю.	4	1	5034770
Mislim da znam zašto.	Думаю, я знаю почему.	4	1	3410518
Mislim da znaš zašto.	Думаю, ты знаешь почему.	4	1	3410499
Mislio sam da spavaš.	Я думал, что ты спишь.	4	1	3439310
Mleko ima kiseo ukus.	У молока кислый вкус.	4	0	1062000
Mnogo ljudi ima san.	У многих людей есть мечта.	4	1	3430915
Mnogo mi je žao.	Мне очень жаль.	4	1	1232283
Mnogo patim za tobom.	Мне тебя очень не хватает.	4	0	1116817
Mnogo vremena je prošlo.	Прошло много времени.	4	1	5028956
Mogu da ti pomognem.	Я могу тебе помочь.	4	1	4449741
Mogu da vas podržim.	Я могу выступить в поддержку.	4	0	1243603
Mogu li da uđem?	Я могу войти?	4	0	6593985
Mogu li da uđem?	Можно войти?	4	0	6593985
Moj brat je idiot.	Мой брат - идиот.	4	1	3302927
Moj brat svira gitaru.	Мой брат играет на гитаре.	4	0	3311737
Moj francuski je sranje.	Мой французский хреновый.	4	0	776533
Moj motocikl je nov.	Мой мотоцикл новый.	4	0	5024376
Moj otac je ostario.	Мой отец постарел.	4	0	3380344
Moj otac je ostario.	Мой отец состарился.	4	0	3380344
Moj pas je srećan.	Моя собака счастлива.	4	1	3470205
Moj pas me gleda.	Моя собака смотрит на меня.	4	1	3470198
Moj pas voli mačke.	Моя собака любит кошек.	4	0	7035801
Moj pas voli mačke.	Мой пёс любит кошек.	4	0	7035801
Moj rođendan se približava.	Приближается мой день рожденья.	4	0	808572
Moj rođendan se približava.	Приближается мой день рождения.	4	0	808572
Moj rođendan se približava.	Мой день рождения приближается.	4	0	808572
Moj sin ima sina.	У моего сына есть сын.	4	1	1183395
Moja majka voli muziku.	Моя мама любит музыку.	4	0	2424525
Moja mati je Grkinja.	Моя мать гречанка.	4	0	4597910
Moja porodica nije bogata.	Моя семья не богатая.	4	0	5396788
Moja sestra je lepa.	Моя сестра красивая.	4	1	3451158
Moja sestra je udovica.	Моя сестра — вдова.	4	0	3244886
Moja soba je svinjac.	Моя комната - настоящий свинарник.	4	0	3386961
Moja supruga je Poljakinja.	Моя супруга — полька.	4	0	1088272
Moja žena mrzi mačke.	Моя жена терпеть не может кошек.	4	0	3266418
Moje cipele su iznošene.	Мои туфли износились.	4	0	3366745
Moje ime je Luis.	Моё имя - Луис.	4	0	3440830
Moje prezime je Vang.	Моя фамилия Ванг.	4	0	1055467
Moji roditelji me vole.	Мои родители меня любят.	4	1	1091150
Moji roditelji su razvedeni.	Мои родители разведены.	4	0	1050449
Moji roditelji su umrli.	Мои родители умерли.	4	0	7037766
Moli ima veliki časovnik.	У Молли большие часы.	4	0	1133564
Molim vas, napišite to.	Пожалуйста, напишите это.	4	0	5848028
Molim vas, uključite televizor.	Пожалуйста, включите телевизор.	4	0	1135368
Moram da to uzmem.	Я должен это взять.	4	1	3365556
Moram da to uzmem.	Я должна это взять.	4	1	3365556
Moram da uhvatim voz.	Я должен сесть на поезд.	4	0	4274674
Moram da uhvatim voz.	Я должна сесть на поезд.	4	0	4274674
Moram da uradim nešto.	Я должен что-то сделать.	4	1	3395185
Moram da zaradim novac.	Я должен заработать денег.	4	0	3484673
Moram da zaradim novac.	Я должна заработать денег.	4	0	3484673
Moramo da se vratimo.	Мы должны вернуться.	4	1	4253880
Moramo da uradimo nešto!	Мы должны что-нибудь сделать!	4	1	3244710
Moramo nešto da uradimo.	Нам нужно кое-что сделать.	4	1	3395298
Moramo nešto da uradimo.	Нам нужно что-нибудь сделать.	4	1	3395298
Moraću da učim sutra.	Завтра я должен буду учиться.	4	0	938781
Moraću da učim sutra.	Завтра я должна буду учиться.	4	0	938781
Moraš da govoriš glasnije.	Ты должен говорить громче.	4	0	4261836
Moraš da govoriš glasnije.	Ты должна говорить громче.	4	0	4261836
Moraš da nam pomogneš.	Ты должен нам помочь.	4	1	3644985
Moraš da nam pomogneš.	Ты должна нам помочь.	4	1	3644985
Moraš da nosiš kacigu.	Ты должен надеть каску.	4	0	3469815
Moraš da se sakriješ.	Ты должен спрятаться.	4	0	3650642
Moraš da se sakriješ.	Ты должна спрятаться.	4	0	3650642
Moraš da uradiš ovo.	Ты должен это сделать.	4	1	3645005
Moraš da uradiš ovo.	Ты должна это сделать.	4	1	3645005
Možemo li ovo kasnije?	Можем ли мы сделать это позже?	4	1	4258715
Možete li da pričate?	Вы можете говорить?	4	0	8810088
Možete li mi pomoći?	Вы можете мне помочь?	4	1	6879905
Možete li to ponoviti?	Не могли бы вы повторить это?	4	0	5848013
Možete li to ponoviti?	Можете ли это повторить?	4	0	5848013
Možete me zvati Bob.	Можете звать меня Боб.	4	0	1059328
Možeš li mi pokazati?	Ты можешь мне показать?	4	1	3244412
Možeš li mi pomoći?	Ты можешь мне помочь?	4	1	3265321
Mrzim nedelju! Odvratan dan!	Ненавижу воскресенье! Отвратительный день!	4	0	4246688
Muškarac sedi pored potoka.	Мужчина сидит за ручьём.	4	0	1117645
Muškarci idu na posao.	Мужчины идут на работу.	4	1	11171702
Na kome spratu stanujete?	На каком этаже вы живёте?	4	0	1189033
Na moru su ostrva.	В море есть острова.	4	0	3664054
Na stolu je pomorandža.	На столе апельсин.	4	0	1080464
Najviše volim ovu knjigu.	Больше всего я люблю эту книгу.	4	1	801030
Napisala je mnogo pesama.	Она написала много песен.	4	0	3288626
Napisao sam pismo Džimu.	Я написал письмо Джиму.	4	0	5566313
Napisao sam ti pismo.	Я написал тебе письмо.	4	1	3341505
Napišite ovde vaše ime.	Вы напишете здесь ваше имя?	4	0	1384482
Napišite svoje ime ovde.	Напишите здесь своё имя.	4	0	4248733
Napravila mi je zvezdu.	Она сделала мне звезду.	4	0	3393837
Napuštamo Japan sutra ujutru.	Я покидаю Японию завтра утром.	4	0	3387083
Nastavi da se trudiš.	Продолжай попытки.	4	0	6535754
Nastavite da se trudite.	Не оставляйте попыток.	4	0	6535756
Nauči da misliš pozitivno!	Учись мыслить позитивно!	4	0	6309096
Naučiću te da pišeš.	Я научу тебя писать.	4	0	4248734
Našao sam mu knjigu.	Я нашёл ему книгу.	4	1	6905692
Naše je vreme ograničeno.	Наше время ограничено.	4	0	3366078
Nažalost, padala je kiša.	К сожалению, шел дождь.	4	0	11055436
Ne boj se ničega.	Не бойся ничего.	4	0	11055376
Ne budite zaspalog mačka.	Не будите спящего кота.	4	0	1714764
Ne cepaj ovu knjigu.	Не трогай эту книгу.	4	0	3547624
Ne diraj moj bicikl.	Не трогай мой велосипед.	4	0	3250632
Ne govori ništa, OK?	Не говори ничего, OK?	4	1	4248502
Ne govori tako brzo.	Не говори так быстро.	4	1	898450
Ne govorim Klingonski jezik.	Я не говорю на клингонском языке.	4	0	3313378
Ne idem sa vama.	Я с вами не пойду.	4	1	665338
Ne idi tako brzo.	Не иди так быстро.	4	1	3250463
Ne mogu da čekam.	Я не могу ждать.	4	1	5806728
Ne mogu čekati zauvek.	Я не могу ждать вечно.	4	1	5806735
Ne moraš da govoriš.	Ты не должен говорить.	4	1	3357178
Ne moraš da govoriš.	Ты не должна говорить.	4	1	3357178
Ne moraš da žuriš.	Ты не должен спешить.	4	0	1195466
Ne moraš da žuriš.	Ты не должна спешить.	4	0	1195466
Ne moraš da žuriš.	Ты не должна торопиться.	4	0	1195466
Ne moraš da žuriš.	Ты не должен торопиться.	4	0	1195466
Ne ostavljaj me samog.	Не оставляй меня одного.	4	0	4967427
Ne ostavljaj me samu.	Не оставляй меня одну.	4	0	4967428
Ne ostavljaš mi izbora.	Ты не оставляешь мне выбора.	4	0	3430959
Ne otvaraj svoju knjigu.	Не открывай свою книгу.	4	0	1054349
Ne pijem žestoko piće.	Я не пью крепкие напитки.	4	0	5628196
Ne pijte mnogo vina!	Не пейте много вина!	4	0	1946208
Ne pipaj plavo dugme.	Не трогай синюю кнопку.	4	0	3395305
Ne podržavam njegove ideje.	Я не поддерживаю его идеи.	4	0	3394625
Ne prevodi ovu rečenicu.	Не переводи это предложение.	4	0	3244744
Ne razumem ovu reč.	Я не понимаю этого слова.	4	1	3061354
Ne razumem ovu reč.	Я не понимаю это слово.	4	1	3061354
Ne treba mi ništa.	Мне ничего не нужно.	4	1	5909492
Ne treba mi zaštita.	Мне не нужна защита.	4	0	3357653
Ne verujem sopstvenim očima.	Не верю глазам своим.	4	0	10001885
Ne verujem ti, Tome.	Я не верю тебе, Том.	4	1	4259855
Ne verujem u sudbinu.	Я не верю в судьбу.	4	0	3350470
Ne verujem u to.	Я в это не верю.	4	1	3494429
Ne volim da pišem.	Я не люблю писать.	4	0	4248698
Ne volim hladno vreme.	Не люблю холодную погоду.	4	1	13876230
Ne volim tople zime.	Я не люблю тёплые зимы.	4	0	3394628
Ne znam dobro Latinski.	Я не силён в латыни.	4	0	3341491
Ne znam gde ću.	Я не знаю, где я буду.	4	1	3440938
Ne znam njeno ime.	Я не знаю её имени.	4	1	899824
Ne znam tu reč.	Я не знаю это слово.	4	1	3357650
Ne znamo naše komšije.	Мы не знаем наших соседей.	4	0	6904259
Ne znamo naše susede.	Мы не знаем наших соседей.	4	0	6904249
Ne živim sa Tomom.	Я не живу с Томом.	4	0	3298946
Ne, ne i ne!	Нет, нет и нет!	4	1	5785693
Nebo je puno zvezda.	Небо полно звёзд.	4	0	3350413
Nedeljom idem u crkvu.	По воскресеньям я хожу в церковь.	4	0	800088
Nedeljom nisam kod kuće.	По воскресеньям меня не бывает дома.	4	0	6975712
Neko je bio ovde.	Кто-то здесь был.	4	1	4976038
Nemam braće i sestara.	У меня нет братьев и сестёр.	4	0	3430870
Nemam gde da živim.	Мне негде жить.	4	1	8931029
Nemam ništa da dodam.	Мне нечего добавить.	4	0	3386932
Nemam želju za tim.	Мне этого не хочется.	4	0	4250578
Nemačka je parlamentarna republika.	Германия — парламентская республика.	4	0	3292499
Nemački nije jednostavan jezik.	Немецкий - не простой язык.	4	0	3535699
Nemaš ženu, zar ne?	У тебя нет жены, не так ли?	4	1	5980248
Nemoj biti tako ljut.	Не будь таким злым.	4	1	907928
Nemoj biti tako ljut.	Не будь таким сердитым.	4	1	907928
Nemoj da gubiš nadu.	Не теряй надежду.	4	0	3317256
Nemoj da ideš prebrzo.	Не иди слишком быстро.	4	0	3357569
Nemoj da me gledaš.	Не смотри на меня.	4	1	3438781
Nemoj da mu veruješ.	Не верь ему.	4	1	3424966
Nemoj da pušiš toliko.	Не кури столько.	4	0	4976108
Nemoj da se ljutiš.	Не злись.	4	0	3424964
Nemoj da se ljutiš.	Не сердись.	4	0	3424964
Nemoj da zatvoriš oči.	Не закрывай глаза.	4	0	3350532
Nensi je iz Londona.	Нэнси из Лондона.	4	0	3374536
Nepoznata mi je melodija.	Мелодия мне незнакома.	4	0	3248394
Neprijatelj je zauzeo tvrđavu.	Враг занял крепость.	4	0	8931048
Neprijatelj je zauzeo tvrđavu.	Враг захватил крепость.	4	0	8931048
Neću da ti smetam.	Я не буду тебе мешать.	4	0	4274715
Nije svaka lampa čarobna.	Не каждая лампа волшебная.	4	0	406473
Nikad ne gledam televiziju.	Я никогда не смотрю телевизор.	4	0	6533007
Nikad ne gubi nadu.	Никогда не теряй надежду.	4	0	5894332
Nikad ne gubimo nadu.	Мы никогда не теряем надежду.	4	0	4967685
Nikad ne reci nikad.	Никогда не говори никогда.	4	1	6148854
Nikad nećemo saznati razlog.	Мы никогда не узнаем причину.	4	1	4981319
Nikad nećemo znati razlog.	Мы никогда не узнаем причину.	4	1	4981320
Nikad nisam volela biologiju.	Я никогда не любила биологию.	4	0	4264052
Nikad nisam voleo biologiju.	Я никогда не любил биологию.	4	0	4264053
Nikad nismo bili ovde.	Мы никогда здесь не были.	4	1	4261956
Nikada nisam imala dečka.	У меня никогда не было парня.	4	1	3361884
Nikada nisam imao devojku.	У меня никогда не было девушки.	4	1	3361883
Nikada nisam video žirafu.	Я никогда не видел жирафа.	4	0	1484544
Nikada nismo imali auto.	У нас никогда не было автомобиля.	4	1	3374226
Niko ga ne vidi.	Никто его не видит.	4	1	8849361
Niko joj nije poverovao.	Никто ей не поверил.	4	0	4308130
Niko joj nije verovao.	Никто ей не верил.	4	0	4308131
Niko ne govori ništa.	Никто ничего не говорит.	4	1	8880542
Niko ne voli rat.	Никто не любит войну.	4	1	3287634
Niko ne zna ništa.	Никто ничего не знает.	4	1	3387040
Niko nije ništa rekao.	Никто ничего не сказал.	4	1	6147438
Nisam dobar u sportovima.	Я не силён в спорте.	4	0	3425856
Nisam glasao za Toma.	Я не голосовал за Тома.	4	0	6900268
Nisam mogao da govorim.	Я не мог говорить.	4	1	3412936
Nisam mogla da spavam.	Я не могла спать.	4	1	1261853
Nisam spavao dva dana.	Я два дня не спал.	4	1	1056899
Nisam spavao dva dana.	Я не спал два дня.	4	1	1056899
Nisam te video tamo.	Я тебя там не видел.	4	1	3380010
Nisam znao odakle sam.	Я не знал, откуда я.	4	1	3292862
Nisam čitao tu knjigu.	Я не читал ту книгу.	4	0	3374231
Nisi mu ništa rekao?	Ты ему ничего не сказал?	4	1	3371624
Nisi odgovorio na pitanje.	Ты не ответил на вопрос.	4	0	6954537
Nisi rekao ništa loše.	Ты не сказал ничего плохого.	4	1	4258309
Nisi rekla ništa loše.	Ты не сказала ничего плохого.	4	1	4258310
Nismo imali ništa zajedničkog.	У нас не было ничего общего.	4	0	3465649
Nisu svi bili dečaci.	Не все были мальчиками.	4	0	4250322
Ništa mu nisi rekao?	Ты ничего ему не сказал?	4	1	3265634
Ništa nisam rekla Tomu.	Я ничего не сказала Тому.	4	0	5619107
Njegov bicikl je plav.	У него синий велосипед.	4	0	3288342
Njegov bicikl je plav.	Его велосипед синий.	4	0	3288342
Njegov posao brzo raste.	Его бизнес быстро растёт.	4	0	1081751
Njegova je, zar ne?	Это его, не так ли?	4	1	13395078
Njegova majka je Jugoslovenka.	Его мать югославка.	4	0	3486165
Njegova supruga je Japanka.	Его супруга - японка.	4	0	1498206
Njegovo detence ima temperaturu.	У его ребёночка температура.	4	0	1183361
Njen muž je Amerikanac.	Её муж — американец.	4	0	8106589
Njene oči su plave.	Её глаза голубые.	4	0	1084662
Njujork je veliki grad.	Нью-Йорк - большой город.	4	0	6954498
Norveška me je iznenadila.	Норвегия удивила меня.	4	0	3650896
Norveška me je iznenadila.	Норвегия меня удивила.	4	0	3650896
Nosorog je veoma velik.	Носорог очень большой.	4	0	843988
Novac je na stolu.	Деньги на столе.	4	0	3246440
Novac nije kriterijum uspeha.	Деньги - не критерий успеха.	4	0	5588858
Novca je bilo dovoljno.	Денег было достаточно?	4	1	1835593
Noć je. Porodica večera.	Ночь. Семья ужинает.	4	0	3438851
O čemu on priča?	О чём он говорит?	4	1	1133591
O, kako je kasno!	Ой, как поздно!	4	1	396980
Oba brata su muzičari.	Оба брата - музыканты.	4	0	3243501
Obe sestre su plavuše.	Обе сестры - блондинки.	4	0	3298570
Obično nisam kući ponedeljkom.	По понедельникам меня обычно не бывает дома.	4	0	4250313
Oboje su dobri studenti.	Они оба хорошие студенты.	4	0	1181850
Odgodićemo razgovor za sutra.	Давай отложим разговор до завтра.	4	0	6918141
Odlučiću šta da radim.	Я решу, что делать.	4	0	5049806
Oko je ogledalo duše.	Глаза — зеркало души.	4	0	1243507
Olovka je na knjizi.	Карандаш лежит на книге.	4	0	5294678
On dobro igra fudbal.	Он хорошо играет в футбол.	4	0	3313457
On dobro zna Engleski.	Он хорошо знает английский.	4	0	3263566
On ima bujnu maštu.	У него богатая фантазия.	4	0	3291257
On ima dobar ugled.	У него хорошая репутация.	4	0	3369417
On ima dobro pamćenje.	У него хорошая память.	4	0	3369420
On ima dobro srce.	У него доброе сердце.	4	1	6791479
On ima dobru memoriju.	У него хорошая память.	4	0	3369422
On ima dubok glas.	У него низкий голос.	4	0	3369425
On ima dugačak nos.	У него длинный нос.	4	0	3369411
On ima dva automobila.	У него два автомобиля.	4	0	6918453
On ima dvoje kola.	У него две машины.	4	1	6918459
On ima interesantnu knjigu.	У него есть интересная книга.	4	0	3369415
On ima japanski auto.	У него японский автомобиль.	4	0	3369413
On ima jedanaest godina.	Ему одиннадцать лет.	4	0	3430518
On ima kameno srce.	У него каменное сердце.	4	0	1636371
On ima malo novca.	У него мало денег.	4	1	1050490
On ima nekoliko prijatelja.	У него есть несколько друзей.	4	1	3369424
On ima osam godina.	Ему восемь лет.	4	1	8842744
On ima plavu kosu.	У него светлые волосы.	4	0	1072141
On ima slabo srce.	У него слабое сердце.	4	0	3369629
On ima tri sina.	У него три сына.	4	1	3311587
On ima trideset godina.	Ему тридцать лет.	4	0	3391251
On ima troje dece.	У него трое детей.	4	1	3245362
On ima veliku porodicu.	У него большая семья.	4	1	3334341
On je bio besan.	Он был в бешенстве.	4	0	3434514
On je ispustio dušu.	Он испустил дух.	4	0	6952694
On je iz Francuske.	Он из Франции.	4	0	3327290
On je moj brat.	Он мой брат.	4	1	3244095
On je moj drug.	Он мой друг.	4	0	490782
On je mrmljao nešto.	Он что-то пробормотал.	4	0	3303391
On je na brodu.	Он на корабле.	4	1	1200554
On je na sastanku.	Он на встрече.	4	0	3244017
On je nečim zauzet.	Он чем-то занят.	4	0	1127258
On je njen otac.	Он её отец.	4	1	1179895
On je ogledni voditelj.	Он опытный водитель.	4	0	1251316
On je otvorio kovertu.	Он открыл конверт.	4	0	10042455
On je otvorio usta.	Он открыл рот.	4	0	3267678
On je otvorio vrata.	Он открыл дверь.	4	0	3494419
On je otvorio vrata.	Он отворил ворота.	4	0	3494419
On je otvorio vrata.	Он открыл ворота.	4	0	3494419
On je oženio glumicu.	Он женился на актрисе.	4	0	3331262
On je pio pivo.	Он пил пиво.	4	0	3281287
On je pod anestezijom.	Он под анестезией.	4	0	3291881
On je potpuni monarh.	Он абсолютный монарх.	4	0	6769577
On je razbio prozor.	Он разбил окно.	4	0	3440811
On je sada prehlađen.	Он сейчас простывший.	4	0	3369426
On je sefardski Jevrejin.	Он сефардский еврей.	4	0	2755268
On je strpljiv čovek.	Он терпеливый человек.	4	0	3414421
On je takav uvek.	Он такой всегда.	4	1	1153348
On je veoma živahan.	Он очень подвижный.	4	0	1402123
On joj se sviđa.	Он ей нравится.	4	1	3387263
On ljušti svoju jabuku.	Он чистит своё яблоко.	4	0	3384564
On misli svojom glavom.	Он думает своей головой.	4	0	7364332
On mnogo voli fudbal.	Он очень любит футбол.	4	0	4992726
On mnogo voli muziku.	Он очень любит музыку.	4	0	3245270
On mora dati otkaz.	Он должен дать ответ.	4	1	1079500
On nam se sviđa.	Он нам нравится.	4	1	3000072
On nije nosio šešir.	Он не носил шляпу.	4	0	3369705
On nije od nas.	Он не один из нас.	4	1	1085942
On nije više dete.	Он больше не ребёнок.	4	1	7010364
On nije više dete.	Он уже не ребёнок.	4	1	7010364
On nikada ne laže.	Он никогда не лжёт.	4	0	1228534
On ništa ne propušta.	Он ничего не пропускает.	4	0	402243
On obično pije pivo.	Он обычно пьёт пиво.	4	0	1153941
On piše potpuno nerazumljivo.	Он пишет совершенно неразборчиво.	4	0	1103114
On poznaje mnogo ljudi.	Он знаком со многими людьми.	4	0	1751647
On poznaje moju ženu.	Он знаком с моей женой.	4	0	3484572
On puno voli muziku.	Он очень любит музыку.	4	0	3284685
On radi u banci.	Он работает в банке.	4	0	3387243
On retko dolazi ovde.	Он редко сюда приходит.	4	0	1280714
On sam uči francuski.	Он самостоятельно учит французский.	4	0	1046006
On se glasno smeje.	Он громко смеётся.	4	0	1243605
On se plaši mora.	Он боится моря.	4	0	1072150
On se plaši pasa.	Он боится собак.	4	0	3247824
On sedi za stolom.	Он сидит за столом.	4	0	6905738
On sluša rado radio.	Он любит слушать радио.	4	0	925347
On studira američku istoriju.	Он изучает американскую историю.	4	0	1058523
On studira englesku istoriju.	Он изучает английскую историю.	4	0	1045781
On te je lagao.	Он лгал тебе.	4	1	6827710
On tečno čita francuski.	Он бегло читает по-французски.	4	0	6906393
On uvek govori istinu.	Он всегда говорит правду.	4	1	4967555
On veoma voli bejzbol.	Он очень любит бейсбол.	4	0	3287629
On vodi buran život.	Он ведет бурную жизнь.	4	0	3297745
On voli da lovi.	Он любит охотиться.	4	0	3313397
On voli da putuje.	Он любит путешествовать.	4	0	3285930
On zna gde živimo.	Он знает, где мы живем.	4	1	3314316
On zna gde živimo.	Он знает, где мы живём.	4	1	3314316
On će uskoro završiti.	Он скоро закончит.	4	1	410781
On često citira Šekspira.	Он часто цитирует Шекспира.	4	0	1053789
On često svira gitaru.	Он часто играет на гитаре.	4	0	1046013
On često svira klavir.	Он часто играет на пианино.	4	0	3402682
On živi na selu.	Он живёт в деревне.	4	0	3303512
On živi u jabuci.	Он живёт в яблоке.	4	0	3306856
On živi u Osaki.	Он живёт в Осаке.	4	0	3311725
Ona ga veoma poštuje.	Она его очень уважает.	4	0	3392265
Ona govori deset jezika.	Она говорит на десяти языках.	4	0	3390800
Ona hoće novi šešir.	Она хочет новую шляпу.	4	0	3392096
Ona ima dobar ukus.	У неё хороший вкус.	4	0	3429928
Ona ima dobro srce.	У неё доброе сердце.	4	1	1127259
Ona ima dve sestre.	У неё есть две сестры.	4	1	1179917
Ona ima dve sestre.	У неё две сестры.	4	1	1179917
Ona ima kratku kosu.	У неё короткие волосы.	4	0	1057354
Ona ima lepe oči.	У неё красивые глаза.	4	0	3304324
Ona ima lepe oči.	У нее красивые глаза.	4	0	3304324
Ona ima mnogo odeće.	У неё много одежды.	4	0	1076613
Ona ima sedam sinova.	У неё семеро сыновей.	4	0	5562489
Ona ima sto godina.	Ей сто лет.	4	1	3430517
Ona ima ukrajinsko državljanstvo.	У неё украинское гражданство.	4	0	5601694
Ona ima čisto srce.	У неё чистое сердце.	4	1	1232260
Ona ima čisto srce.	У нее чистое сердце.	4	1	1232260
Ona izgleda kao učiteljica.	Она похожа на учительницу.	4	0	3393892
Ona izgleda veoma uplašeno.	Она выглядит очень напуганной.	4	0	3393885
Ona izgleda veoma uplašeno.	Она выглядит очень испуганной.	4	0	3393885
Ona je instruktorka joge.	Она - инструктор по йоге.	4	0	6391050
Ona je isključila radio.	Она выключила радио.	4	0	3392149
Ona je isključila svetlo.	Она выключила свет.	4	0	3392150
Ona je kupila hleb.	Она купила хлеб.	4	0	6938047
Ona je medicinska sestra.	Она медсестра.	4	0	3392018
Ona je mirna žena.	Она спокойная женщина.	4	0	3244278
Ona je mlada studentkinja.	Она молодая студентка.	4	0	1949819
Ona je osvojila telefon.	Она приобрела телефон.	4	0	3425479
Ona je preživela sunčanicu.	Она пережила солнечный удар.	4	0	1261887
Ona je rekla nešto.	Она что-то сказала.	4	1	3414591
Ona je sada napolju.	Она сейчас на улице.	4	1	3281031
Ona je tražila poštedu.	Она умоляла о пощаде.	4	0	1157193
Ona je uključila svetlo.	Она включила свет.	4	0	3392118
Ona je veoma pametna.	Она очень умна.	4	0	1621131
Ona je veoma zauzeta.	Она очень занята.	4	0	1280748
Ona još nije došla.	Она ещё не пришла.	4	1	3374225
Ona nije obična pevačica.	Она не обычная певица.	4	0	2067595
Ona obožava italijansku operu.	Она обожает итальянскую оперу.	4	0	3437366
Ona radi u Belgiji.	Она работает в Бельгии.	4	0	13689908
Ona te je lagala.	Она лгала тебе.	4	0	6827714
Ona uvek izgleda srećno.	Она всегда выглядит счастливой.	4	1	1214513
Ona više nije dete.	Она уже не ребёнок.	4	1	7010368
Ona voli da trči.	Она любит бегать.	4	0	1751657
Ona živi na selu.	Она живёт в деревне.	4	0	3245808
Ona živi u Njujorku.	Она живёт в Нью-Йорке.	4	0	3307967
Ona živi veoma blizu.	Она живёт очень близко.	4	1	3382611
Onda mi imamo problem...	Тогда у нас проблема...	4	1	3415086
Oni sede za stolom.	Они сидят за столом.	4	0	6905743
Oni su gledali televiziju.	Они смотрели телевизор.	4	0	3047061
Oni su napustili autobus.	Они покинули автобус.	4	0	1574938
Oni su plovili uzvodno.	Они плыли вверх по течению.	4	0	1533438
Oni su se poljubili.	Они поцеловались.	4	0	3439313
Oni su se svadili.	Они поссорились.	4	0	1127256
Oni su već tu.	Они уже тут.	4	1	1102228
Oni su zaista pobedili.	Они действительно победили.	4	0	1181844
Oni veruju u Boga.	Они верят в Бога.	4	0	4967458
Oni vole da pevaju.	Он любит петь.	4	0	3501828
Onje pošao u prodavnicu.	Он пошёл в магазин.	4	0	1173798
Opet si to uradio.	Ты снова это сделал.	4	1	6877222
Orao je car ptica.	Орёл - царь птиц.	4	0	1082324
Ostani ovde sa Tomom.	Останьтесь здесь с Томом.	4	0	11173158
Ostavi mi malo sladoleda.	Оставь мне немного мороженого.	4	0	3425872
Ostavila je otvoren prozor.	Она оставила окно открытым.	4	0	3382626
Ostavite me na miru.	Оставьте меня в покое.	4	1	1195480
Otvorite vrata za ljubav.	Откройте дверь для любви.	4	0	5919492
Ova je još živa.	Эта ещё жива.	4	1	4261760
Ova je još živa.	Эта всё ещё жива.	4	1	4261760
Ova kafa je odlična.	Это отличный кофе.	4	0	4250432
Ova olovka ne radi.	Этот карандаш не пишет.	4	0	5002888
Ova riba je velika.	Эта рыба большая.	4	0	3395191
Ova stolica je premala.	Этот стул слишком маленький.	4	0	3440813
Ova stolica je ružna.	Этот стул некрасивый.	4	0	3425920
Ova zgrada je plava.	Это здание голубое.	4	0	4238244
Ovaj auto dobro vozi.	Эта машина хорошо ездит.	4	1	4250433
Ovaj je još živ.	Этот всё ещё жив.	4	1	4261759
Ovaj je još živ.	Этот ещё жив.	4	1	4261759
Ovaj nož nije oštar.	Этот нож не острый.	4	0	4975958
Ovaj čovek je pijan.	Этот человек пьян.	4	0	1127242
Ovaj čovek je pijan.	Этот человек пьяный.	4	0	1127242
Ovas je dragocena hrana.	Овёс — это ценная пища.	4	0	3244239
Ovde i ovoga časa.	Здесь и сейчас.	4	0	3484417
Ovde je neka knjiga.	Здесь какая-то книга.	4	1	3438805
Ovde je vrlo prijatno.	Здесь очень приятно.	4	0	3450795
Ovde napiši svoju adresu.	Здесь напиши свой адрес.	4	0	3426491
Ovde neminovno postaješ sujeveran.	Тут поневоле станешь суеверным.	4	0	5651584
Ovde sam tri meseca.	Я здесь три месяца.	4	1	3402193
Ovde se govori španski.	Здесь говорят по-испански.	4	0	1498230
Ove knjige pripadaju nama.	Эти книги принадлежат нам.	4	0	10001498
Ovi psi su naši.	Эти собаки наши.	4	0	3318245
Ovo je Brajan Rok.	Это Брайан Рок.	4	0	457804
Ovo je dobar udžbenik.	Это хороший учебник.	4	0	475471
Ovo je glupa greška.	Это глупая ошибка.	4	1	3281966
Ovo je iz Australije.	Это из Австралии.	4	0	3282891
Ovo je lisnato drvo.	Это лиственное дерево.	4	0	2583145
Ovo je ljubavna pesma.	Это песня о любви.	4	0	4239821
Ovo je moj kompjuter.	Это мой компьютер.	4	0	2346893
Ovo je moj konj.	Это моя лошадь.	4	0	3317271
Ovo je moj konj.	Это мой конь.	4	0	3317271
Ovo je moj otac.	Это мой отец.	4	1	6533010
Ovo je moj računar.	Это мой компьютер.	4	0	2346894
Ovo je moj tata.	Это мой папа.	4	1	957666
Ovo je moja kuća.	Это мой дом.	4	1	12411995
Ovo je moja zemlja.	Это моя страна.	4	1	12222244
Ovo je moje pitanje.	Это мой вопрос.	4	1	476590
Ovo je najverovatnije glupost.	Это, скорее всего, чушь.	4	0	3474280
Ovo je sigurno glupost.	Это наверняка ерунда.	4	0	3474281
Ovo je tvoj izbor.	Это твой выбор.	4	1	1243594
Ovo je važno pismo.	Это важное письмо.	4	1	1232296
Ovo je važno pitanje.	Это важный вопрос.	4	1	3484616
Ovo je veoma lako!	Это очень легко!	4	1	4246064
Ovo je čudno pismo.	Это странное письмо.	4	1	3284654
Ovo jezero je duboko.	Это озеро глубокое.	4	0	3439315
Ovo more je duboko.	Это море глубокое.	4	1	3439317
Ovo nisam napisao ja.	Это не я написал.	4	1	4248754
Pa, treba da krenem.	Ладно, я должен идти.	4	0	11055676
Pa, treba da pođem.	Ладно, я должен идти.	4	0	11055680
Pacijent je izgledao zdravo.	Пациент выглядел здоровым.	4	0	3429736
Palo je mnogo snega.	Выпало много снега.	4	0	931822
Pande su lepe životinje.	Панды - красивые животные.	4	0	1085937
Pao sam na zemlju.	Я упал на землю.	4	1	6147476
Pas nije jeo meso.	Собака не ела мяса.	4	0	3288669
Pas trči za mačkom.	Собака бежит за кошкой.	4	0	3307051
Pas zove se Ken.	Собаку зовут Кен.	4	0	476813
Pas zove se Ken.	Пса зовут Кен.	4	0	476813
Petnaest do dva je.	Сейчас без пятнадцати два.	4	0	4992722
Pevali su havajske pesme.	Они пели гавайские песни.	4	0	4246726
Pijem vitamine svaki dan.	Я каждый день пью витамины.	4	0	5002951
Pismo sadrži beli prah.	В письме содержится белый порошок.	4	0	3478291
Pitala sam te sinoć.	Я тебя спрашивала вчера вечером.	4	1	4254058
Pitanje je šta izabrati.	Вопрос, что выбрать.	4	0	6534186
Pitao sam te sinoć.	Я тебя спрашивал вчера вечером.	4	1	4254057
Pišem skoro svaki dan.	Я пишу почти каждый день.	4	0	4248717
Platila sam za to.	Я платила за это.	4	0	5841842
Pogledati to u rečniku.	Посмотрите это в словаре.	4	0	3245587
Pokazaću vam nekoliko slika.	Я покажу вам несколько фотографий.	4	0	1055415
Pokažite mi vaša dokumenta!	Покажите мне ваши документы!	4	0	6966986
Poklonili smo mu sat.	Мы подарили ему часы.	4	0	3298562
Ponašala se veoma glupo.	Она вела себя очень глупо.	4	0	809201
Popravila sam moj kompjuter.	Я починила свой компьютер.	4	0	6289847
Popravio sam moj računar.	Я отремонтировал свой компьютер.	4	0	6289848
Popravio sam moj računar.	Я починил свой компьютер.	4	0	6289848
Popravio sam Tomov bicikl.	Я починил велосипед Тома.	4	0	8894566
Porodica osnovna ćelija društva.	Семья - основная единица общества.	4	0	1189008
Portret visi na zidu.	Портрет висит на стене.	4	0	6899968
Poslala mi je pismo.	Она послала мне письмо.	4	0	3393621
Poslao sam joj lutku.	Я выслал ей куклу.	4	0	1127254
Postoji greška u rečenici.	В предложении есть ошибка.	4	0	3245263
Postoji li objektivna istorija?	Существует ли объективная история?	4	0	392444
Postoji samo jedan izlaz.	Есть только один выход.	4	0	6475455
Potpuno sam bez para.	У меня нет никаких денег.	4	1	3384108
Potpuno sam bez para.	Я совсем без денег.	4	1	3384108
Potpuno si u pravu.	Ты абсолютно прав.	4	1	6361150
Potraži u žutim stranama!	Поищи в "жёлтых страницах".	4	0	931817
Potreban sam svojoj deci.	Я нужен своим детям.	4	0	4971860
Potreban si Tomu ovde.	Ты нужен Тому здесь.	4	0	4247179
Potrebno mi je prenoćište.	Мне нужно где-то переночевать.	4	0	3478582
Potrebno mi je prenoćište.	Мне необходимо где-то переночевать.	4	0	3478582
Pozvaću te na suši.	Я приглашу тебя на суши.	4	0	897926
Počeli smo od nule.	Мы начали с нуля.	4	0	3477623
Počinjem sa tridesetom stranom.	Начинаем с тридцатой страницы.	4	0	1261852
Prelep dan, zar ne?	Прекрасный день, не правда ли?	4	0	1312280
Prestani da se guraš.	Перестань толкаться.	4	0	11057645
Prevela je tekst bukvalno.	Она перевела текст буквально.	4	0	6926842
Preživeli smo tri rata.	Мы пережили три войны.	4	0	6971790
Približava se kraj avgusta.	Приближается конец августа.	4	0	3351985
Pridržavajte se saobraćajnih pravila.	Соблюдайте правила дорожного движения.	4	0	11191231
Priterani smo uza zid.	Нас припёрли к стенке.	4	0	6893029
Pričali su o politici.	Они разговаривали о политике.	4	0	3394773
Pričaš li sa mnom?	Ты говоришь со мной?	4	1	1159955
Proleće stiže posle zime.	Весна наступает вслед за зимой.	4	0	3288354
Proleće stiže posle zime.	Весна наступает после зимы.	4	0	3288354
Prosto si bila umorna.	Ты просто устала.	4	0	13690409
Prosto si bio umoran.	Ты просто устал.	4	0	13690408
Pročitao sam njegovu knjigu.	Я прочитал его книгу.	4	0	3340793
Prošlo je četrdeset godina.	Прошло сорок лет.	4	0	11055437
Prva faza je završena.	Первая фаза завершена.	4	0	4250207
Prva lekcija je laka.	Первый урок простой.	4	0	4250221
Ptica je na nebu.	Птица в небе.	4	0	3840363
Ptica leti u sobu.	Птица летит в комнату.	4	0	1073750
Radio je na stolu.	Радио на столе.	4	0	3440818
Radio sam ceo dan.	Я целый день работал.	4	1	3298922
Radio sam ceo dan.	Я весь день работал.	4	1	3298922
Rado bih te video.	Рад тебя видеть.	4	1	1251315
Rasisti su glupi ljudi.	Расисты - глупые люди.	4	0	4264039
Razmotriću detaljnije to pitanje.	Изучу подробнее этот вопрос.	4	0	3455079
Razumeš li šta govorim?	Ты понимаешь, что я говорю?	4	1	3440832
Računari se stalno poboljšavaju.	Компьютеры постоянно совершенствуются.	4	0	3253421
Reci mi gde si.	Скажи мне, где ты.	4	1	4253846
Reci mi gde živite.	Скажи мне, где вы живёте.	4	0	4261888
Reci mi gde živiš.	Скажи мне, где ты живёшь.	4	1	4261884
Reci mi šta znaš.	Скажи мне, что ты знаешь.	4	1	4253847
Reci mi šta želiš.	Скажи мне, чего ты хочешь.	4	1	3419225
Recite mi gde živite.	Скажите мне, где вы живёте.	4	0	4261887
Revolucija ima svoje zakone.	У революции свои законы.	4	0	6901432
Rim je stari grad.	Рим — старинный город.	4	0	1057255
Rim je stari grad.	Рим - древний город.	4	0	1057255
Roditelji su me rodili.	Родители меня родили.	4	0	5650870
Roditelji su me stvorili.	Родители меня родили.	4	0	5650869
Roditelji su mi umrli.	Мои родители умерли.	4	0	7037770
Ručao sam na brzinu.	Я пообедал в спешке.	4	0	6961710
Ručao sam na brzinu.	Я наскоро пообедал.	4	0	6961710
Sad nam treba istina.	Сейчас нам нужна правда.	4	1	5028610
Sada je on zauzet.	Сейчас он занят.	4	1	3473455
Sada je vrlo hladno.	Сейчас очень холодно.	4	1	3439113
Sada ljudi žive duže.	Сейчас люди живут дольше.	4	1	3374278
Sada možete da idete.	Теперь вы можете идти.	4	1	1384471
Sada možeš da ideš.	Сейчас можешь идти.	4	1	3645030
Sada možeš da pogledaš.	Сейчас можешь посмотреть.	4	0	3645031
Sada nam treba istina.	Сейчас нам нужна правда.	4	1	5028611
Sada radim u Tokiju.	Сейчас я работаю в Токио.	4	0	3365484
Sada su svi spremni.	Сейчас все готовы.	4	1	3470404
Sada svi gledaju sliku.	Сейчас все смотрят на картину.	4	0	1113718
Sada živim u Kjotu.	Я сейчас живу в Киото.	4	0	1103138
Sagradio sam novu kuću.	Я построил новый дом.	4	0	3394685
Sam sam to napravio.	Я сам это сделал.	4	1	3366781
Samo jedna mašina radi.	Только одна машина работает.	4	0	3413846
Samo mi daj novac.	Просто дай мне деньги.	4	1	4251386
Samo mi daj novac.	Просто дай мне денег.	4	1	4251386
Samo mi reci istinu.	Просто скажи мне правду.	4	1	4261922
Samo nam daj priliku.	Просто дай нам шанс.	4	1	4251384
Samo pogledaj u ogledalo.	Просто взгляни в зеркало.	4	0	5894165
Samo si me iskoristio.	Ты просто меня использовал.	4	0	3440942
Sastanak počinje u tri.	Встреча начинается в три.	4	1	3419101
Sat je na zidu.	Часы висят на стене.	4	0	3343440
Sat visi na zidu.	Часы висят на стене.	4	0	1193479
Sezona lova je završena.	Сезон охоты закрыт.	4	0	4972322
Sin ti je heroj.	Твой сын — герой.	4	0	8810196
Skoro je pola tri.	Почти половина третьего.	4	1	4781272
Skoro ništa nisam jela.	Я почти ничего не ела.	4	0	6534185
Skuvaću ti malo kafe.	Я приготовлю тебе немного кофе.	4	0	3425008
Slavili smo njegov rođendan.	Мы праздновали его день рождения.	4	0	884474
Slavili smo njegov rođendan.	Мы отмечали его день рождения.	4	0	884474
Slažem se sa njim.	Я согласен с ним.	4	1	938884
Slobodan sam u nedelju.	В воскресенье я свободен.	4	1	3351484
Slon ima dugačak nos.	У слона длинный нос.	4	0	1188884
Slušaj i čitaj tekst!	Слушай и читай текст!	4	0	3479223
Snaga vode okreće točak.	Сила воды вращает колесо.	4	0	4967445
Sneg je prekrio autobus.	Снег покрыл автобус.	4	0	3244723
Soba je bila mračna.	Комната была мрачной.	4	0	4967481
Soba je bila mračna.	Комната была тёмной.	4	0	4967481
Soba je bila prazna.	Комната была пуста.	4	0	3477729
Spavaće sobe su gore.	Спальни наверху.	4	0	3644145
Spremni smo da idemo.	Мы готовы идти.	4	1	5949348
Srbi su slovenski narod.	Сербы — славянский народ.	4	0	1053805
Sreća neće trajti zauvek.	Счастье никогда не длится вечно.	4	0	4790695
Stalno smo se svađali.	Мы постоянно ссорились.	4	0	3418030
Stalno smo se svađali.	Мы постоянно ругались.	4	0	3418030
Stanovništvo sela se smanjilo.	Население деревни сократилось.	4	0	1280750
Stavi ruke na glavu!	Положи руки на голову!	4	1	5848006
Stavite ruke na glavu!	Положите руки на голову!	4	0	5848005
Stavite to na sto.	Поставьте это на стол.	4	0	3425086
Studenti su se vratili.	Студенты вернулись.	4	0	396745
Studirao je u inostranstvu.	Он учился за границей.	4	0	8842814
Sunce je izvor života.	Солнце — источник жизни.	4	0	1261874
Sunčev cvet je suncokret.	Цветок солнца — подсолнух.	4	0	1261889
Sutra se vraćam kući.	Завтра я возвращаюсь домой.	4	1	6310171
Sutra ću biti zauzet.	Завтра я буду занят.	4	1	2263619
Sutra ću biti zauzeta.	Завтра я буду занята.	4	0	2263622
Svak ima svoj ukus.	У каждого свой вкус.	4	0	1266614
Svaki jezik ima dijalekte.	Каждый язык имеет диалекты.	4	0	1185060
Svako pitanje ima odgovor.	На каждый вопрос есть ответ.	4	1	1449010
Sve devojke vole Toma.	Все девушки любят Тома.	4	0	5396753
Sve ima svoju cenu.	Всё имеет свою цену.	4	0	5785632
Sve izgleda kao laž.	Всё похоже на ложь.	4	0	3426510
Sve je međusobno povezano.	Всё связано между собой.	4	0	5633340
Sve je mnogo jednostavnije.	Всё намного проще.	4	0	3351324
Sve je u redu.	Всё в порядке.	4	1	3644357
Sve je velika šala.	Это всё большая шутка.	4	1	4324321
Sve ptice ne lete.	Не все птицы летают.	4	0	1312276
Sve vidiš u crnom.	Ты всё видишь в чёрном цвете.	4	0	4245999
Svet je pun budala.	На свете полно дураков.	4	1	1835574
Svi autobusi su puni.	Все автобусы переполнены.	4	0	3292521
Svi ga zovu Džef.	Все зовут его Джефф.	4	0	1081729
Svi mi sviramo klavir.	Мы все играем на пианино.	4	0	4784561
Svi moramo da umrem.	Мы все должны умереть.	4	1	4324344
Svi muškarci su isti.	Все мужчины одинаковы.	4	1	4324614
Svi oni su Kanađani.	Все они канадцы.	4	0	3267449
Svi su bili tamo.	Все были там.	4	1	3412952
Svi su još tamo.	Все ещё там.	4	1	3395312
Svi su zadržali dah.	Все задержали дыхание.	4	0	4967376
Svi su znali to.	Все знали это.	4	1	4250722
Svim stvarima dođe kraj.	Всем вещам приходит конец.	4	1	6334076
Sviraš li neke instrumente?	Ты играешь на каком-нибудь инструменте?	4	0	3418539
Sviraš li neki instrument?	Ты играешь на каком-нибудь инструменте?	4	0	4246977
Sviđa mi se Meri.	Мне нравится Мэри.	4	1	4255060
Sviđa mi se Tom.	Мне нравится Том.	4	1	8876579
Sviđa mi se školjka.	Мне нравится ракушка.	4	0	8823767
Sviđa mu se fudbal.	Ему нравится футбол.	4	0	8842761
Sviđaju mi se boje.	Я люблю краски.	4	0	3470180
Sviđaju ti se slonovi.	Тебе нравятся слоны.	4	0	11057678
Ta kuća je velika.	Тот дом большой.	4	1	3318212
Ta torba je moja.	Та сумка моя.	4	0	488810
Ta životinja je mesožder.	Это животное питается мясом.	4	0	1189020
Taj čovek je opasan.	Тот человек опасен.	4	0	4250284
Tako je previše lako.	Так слишком легко.	4	1	5028958
Tamo je velika gomila.	Там большая куча.	4	0	3327353
Tamo je velika gomila.	Там большая толпа.	4	0	3327353
Tata je rekao ne.	Папа сказал нет.	4	1	6548136
Tata radi u banci.	Папа работает в банке.	4	0	3463543
Teheran je u Iranu.	Тегеран в Иране.	4	0	3282890
Telefoniraj mi kada dođeš.	Позвони мне, как приедешь.	4	0	1103108
Televizor je veoma težak.	Телевизор очень тяжёлый.	4	0	3360409
Temperatura ukazuje na bolest.	Температура указывает на болезнь.	4	0	11057696
Teško je uraditi ovo.	Это трудно сделать.	4	1	8882094
Težak je bankarski život.	Тяжела жизнь банкира.	4	0	1183349
Ti imaš dve knjige.	У тебя две книги.	4	1	3439106
Ti imaš snažnu volju.	У тебя сильная воля.	4	0	1498210
Ti izgledaš veoma dobro.	Ты выглядишь очень хорошо.	4	1	3645037
Ti me uvek lažeš.	Ты всегда врёшь мне.	4	1	4324364
Ti me uvek lažeš.	Ты всегда лжёшь мне.	4	1	4324364
Ti me činiš radosnim.	Ты меня радуешь.	4	0	1124622
Ti mi se sviđaš.	Ты мне нравишься.	4	0	4251412
Ti piješ, zar ne?	Ты ведь пьешь, да?	4	0	4274656
Ti si dobio ulogu.	Ты получил роль.	4	0	3645027
Ti si mali lažljivac.	Ты маленький лжец.	4	0	5848216
Ti si moj anđeo.	Ты мой ангел.	4	0	3359321
Ti si moj prijatelj.	Ты мой друг.	4	1	3281270
Ti si moja inspiracija.	Ты моё вдохновение.	4	0	5894223
Ti si moja princeza.	Ты моя принцесса.	4	0	5894253
Ti si moja sreća.	Ты — моё счастье.	4	1	5800279
Ti si moje sunce!	Ты моё солнце!	4	1	1261884
Ti si moje sunce.	Ты - моё солнце.	4	1	7037811
Ti si neverovatno glup.	Ты невероятно глуп.	4	1	3410292
Ti si pametan dečak.	Ты умный мальчик.	4	1	3650694
Ti si samo devojčica.	Ты всего лишь девочка.	4	1	3650669
Ti si samo dečak.	Ты всего лишь мальчик.	4	1	3650697
Ti si tako rekao!	Ты так сказал!	4	1	11055420
Ti si tako rekla!	Ты так сказала!	4	1	11055421
Ti si veoma lep.	Ты очень красивый.	4	1	3357492
Ti si veoma pametan.	Ты очень умный.	4	1	931754
Ti si zabavna devojka.	Ты забавная девчонка.	4	0	2067610
Ti si živa legenda.	Ты живая легенда.	4	0	3429794
Ti tečno govoriš Engleski.	Ты свободно говоришь по-английски.	4	0	3311336
Ti trenuci su skupi.	Эти часы дорогие.	4	0	1621135
Ti tzrenuci su dragi.	Эти часы дорогие.	4	0	1621139
Ti znaš, zar ne?	Ты знаешь, так ведь?	4	1	3396038
To je bila greška.	Это была ошибка.	4	1	5843296
To je bilo užasno.	Это было ужасно.	4	1	6899979
To je dobar odgovor.	Это хороший ответ.	4	1	5594071
To je dobra škola.	Это хорошая школа.	4	1	3410448
To je dobro pitanje.	Это хороший вопрос.	4	1	3334431
To je duga priča.	Это долгая история.	4	0	3357029
To je dužnost policije.	Это обязанность полиции.	4	0	3350867
To je dvostruki moral.	Это двойная мораль.	4	0	6851879
To je glupo pitanje!	Это глупый вопрос!	4	1	3485412
To je glupo pitanje.	Это глупый вопрос.	4	1	4259852
To je ispod stolice.	Это под стулом.	4	0	3365512
To je lep brod.	Это красивый корабль.	4	1	3465824
To je lepa kuća.	Это красивый дом.	4	1	1045228
To je loš znak.	Это плохой знак.	4	1	6147431
To je mali pas.	Это маленькая собака.	4	1	2709227
To je mali pas.	Это маленькая собачка.	4	1	2709227
To je moj savet.	Это мой совет.	4	1	3267432
To je moja ideja.	Это моя идея.	4	1	396701
To je moja kuća.	Это мой дом.	4	1	3425908
To je moja mačka.	Это моя кошка.	4	0	3438893
To je na ujgurskom?	Это на уйгурском?	4	0	397557
To je nažalost istina.	К сожалению это правда.	4	1	3414831
To je njihova knjiga.	Это их книга.	4	1	471057
To je prvi korak.	Это первый шаг.	4	1	4250211
To je samo ogrebotina.	Это просто царапина.	4	0	6303068
To je sedam sati.	Сейчас семь часов.	4	1	11172257
To je severni vetar.	Это северный ветер.	4	0	3463594
To je simbol uspeha.	Это символ успеха.	4	0	5588843
To je slepa ulica.	Это тупик.	4	0	3340681
To je srednja škola.	Это средняя школа.	4	0	1528440
To je stvar ukusa.	Это дело вкуса.	4	0	3350432
To je velika iluzija.	Это большая иллюзия.	4	0	3466998
To je veoma opasno.	Это очень опасно.	4	1	4782974
To je veoma skupo.	Это слишком дорого.	4	0	1098545
To je višefazni proces.	Это многоступенчатый процесс.	4	0	3493077
To je zaista problem.	Это действительно проблема.	4	1	3243201
To je čista glupost.	Это полная чушь.	4	0	3391820
To je čisti eskapizam.	Это чистый эскапизм.	4	0	6824453
To mi je poznato.	Это мне знакомо.	4	0	3278457
To nije moj auto.	Это не моя машина.	4	1	4783019
To nije moj automobil.	Это не мой автомобиль.	4	0	4783021
To nije teško raditi.	Это не трудно делать.	4	1	3305532
To piše na internetu.	Это пишут в интернете.	4	0	3478632
To su dupli standardi.	Это двойные стандарты.	4	0	6851873
To su loše vesti.	Это плохие новости.	4	1	4250295
To su moje pantalone.	Это мои брюки.	4	0	3440821
To su moji prijatelji.	Это мои друзья.	4	1	1676053
To ti neće pomoći.	Это тебе не поможет.	4	1	3434506
To uopšte nije problem.	Это вообще не проблема.	4	1	925345
To zaista nije moguće.	Это правда невозможно.	4	1	3387287
Tom ceni savremenu umetnost.	Том ценит современное искусство.	4	0	665167
Tom hoda kao starac.	Том ходит как старик.	4	0	8907129
Tom hoće da dođeš.	Том хочет, чтобы ты пришёл.	4	1	8869658
Tom ima dvoje dece.	У Тома двое детей.	4	1	4332298
Tom ima lepu baštu.	У Тома красивый сад.	4	0	3437130
Tom ima loš dan.	У Тома плохой день.	4	1	4292222
Tom ima malu kuću.	У Тома маленький дом.	4	1	8882212
Tom ima masnu kožu.	У Тома жирная кожа.	4	0	4247104
Tom ima mračnu tajnu.	У Тома есть мрачная тайна.	4	0	4251404
Tom ima težak posao.	У Тома трудная работа.	4	1	5043545
Tom je danas bolestan.	Том сегодня болеет.	4	1	4251195
Tom je imao nož.	У Тома был нож.	4	1	3299160
Tom je izgubio šešir.	Том потерял шляпу.	4	0	6905700
Tom je jutros stigao.	Том сегодня утром приехал.	4	1	5002762
Tom je kao Meri.	Том как Мария.	4	1	6533003
Tom je korisni idiot.	Том - полезный идиот.	4	0	13193821
Tom je na sastanku.	Том на встрече.	4	0	4273245
Tom je otvorio vrata.	Том открыл дверь.	4	0	4256602
Tom je otvorio vrata.	Том открыл ворота.	4	0	4256602
Tom je pomalo ekscentričan.	Том немного эксцентричен.	4	0	4781916
Tom je potpuno hladnokrvan.	Том совершенно хладнокровен.	4	0	6852571
Tom je poštovani biznismen.	Том — уважаемый бизнесмен.	4	0	4238014
Tom je sin sveštenika.	Том - сын священника.	4	0	3506031
Tom je stigao jutros.	Том приехал сегодня утром.	4	1	5002761
Tom je u opasnosti.	Том в опасности.	4	1	3365608
Tom je ubio Mariju.	Том убил Марию.	4	0	5629142
Tom je ugasio televizor.	Том выключил телевизор.	4	0	4258359
Tom je veoma strpljiv.	Том очень терпеливый.	4	0	4243550
Tom je voleo Meri.	Том любил Мэри.	4	1	4644928
Tom je vrlo srećan.	Том очень счастлив.	4	1	3469402
Tom je vrlo star.	Том очень старый.	4	1	3438648
Tom kuva za nas.	Том нам готовит.	4	0	4250249
Tom neće imati izbora.	У Тома не будет выбора.	4	1	5043487
Tom nije bio debeo.	Том не был толстым.	4	0	4250442
Tom nije izgledao zadovoljno.	Том не выглядел довольным.	4	0	4292338
Tom nije moj sin.	Том не мой сын.	4	1	6960919
Tom nije video ništa.	Том ничего не видел.	4	1	4784572
Tom postavlja previše pitanja.	Том задаёт слишком много вопросов.	4	0	11083973
Tom radi noćnu smenu.	Том работает в ночную смену.	4	0	3438515
Tom radi s nama.	Том работает с нами.	4	1	13689909
Tom radi sa nama.	Том работает с нами.	4	1	5029146
Tom radi večernju smenu.	Том работает в вечернюю смену.	4	0	3438514
Tom sada zna to.	Том сейчас это знает.	4	1	4250915
Tom se igra napolju.	Том играет на улице.	4	1	4339789
Tom se još skriva.	Том всё ещё прячется.	4	0	4251017
Tom se loše ljubi.	Том неважно целуется.	4	0	4238404
Tom stvarno zna mnogo.	Том действительно много знает.	4	1	5029154
Tom uči veoma brzo.	Том учится очень быстро.	4	0	4983332
Tom veoma brzo pliva.	Том очень быстро плавает.	4	0	7035791
Tom veoma brzo trči.	Том очень быстро бегает.	4	0	7035790
Tom više nije dete.	Том уже не ребёнок.	4	1	5043527
Tom voli da piše.	Том любит писать.	4	1	4248691
Tom voli ekstremne sportove.	Том любит экстремальные виды спорта.	4	0	4237982
Tom će da razume.	Том поймёт.	4	0	4993255
Tom će da shvati.	Том поймёт.	4	0	4993256
Tom će da umre.	Том умрёт.	4	1	4993284
Tom će ga tražiti.	Том будет его искать.	4	1	5397810
Tom često nosi crno.	Том часто носит чёрное.	4	0	4784545
Tom šapuće nešto Meri.	Том что-то шепчет Мэри.	4	0	3251070
Tom želi da dođeš.	Том хочет, чтобы ты пришёл.	4	1	8869657
Tomove oči su crvene.	У Тома красные глаза.	4	0	3438588
Tomovo lice je crveno.	У Тома красное лицо.	4	0	3438598
Tomu se sviđa Meri.	Тому нравится Мэри.	4	0	4644927
Tomu se sviđaju oba.	Тому нравятся оба.	4	0	4250999
Tomu se sviđaju obe.	Тому нравятся обе.	4	0	4251003
Treba da budemo realistični.	Нам нужно быть реалистами.	4	0	5043471
Treba da manje pušiš.	Тебе нужно меньше курить.	4	0	3327867
Treba da napišeš knjigu.	Тебе нужно написать книгу.	4	0	4248714
Treba da pojedem nešto.	Мне нужно что-нибудь поесть.	4	0	4261721
Treba da uhvatim voz.	Мне нужно сесть на поезд.	4	0	4274675
Treba da više treniraš.	Тебе нужно больше тренироваться.	4	0	3334410
Treba li ti novac?	Тебе нужны деньги?	4	1	4243513
Treba mi dobar rečnik.	Мне нужен хороший словарь.	4	0	4967420
Treba mi kuhinjski nož.	Мне нужен кухонный нож.	4	0	3277807
Treba mi malo sna.	Мне нужно немного поспать.	4	0	3424908
Treba mi nov bicikl.	Мне нужен новый велосипед.	4	0	3390857
Treba mi poštanska marka.	Мне нужна почтовая марка.	4	0	3311750
Treba mi tvoj potpis.	Мне нужна твоя подпись.	4	0	6895720
Treba mi tvoja pomoć.	Мне нужна твоя помощь.	4	1	3535748
Treba mi vaš potpis.	Мне нужна ваша подпись.	4	0	6895735
Treba nam tvoja pomoć.	Нам нужна твоя помощь.	4	1	4261732
Treba nam vaša pomoć.	Нам нужна ваша помощь.	4	1	4261731
Trebaju mi nove naočare.	Мне нужны новые очки.	4	0	4250730
Trebaju mi poštanske markice.	Мне нужны почтовые марки.	4	0	6532999
Tretman se odvija uspešno.	Лечение идёт успешно.	4	0	885605
Triput meri, jednom seci.	Трижды померь, один раз разрежь.	4	0	547427
Triput meri, jednom seci.	Семь раз отмерь, один раз отрежь.	4	0	547427
Trčim dva puta nedeljno.	Я бегаю два раза в неделю.	4	0	3435555
Tvoj odgovor je pogrešan.	Твой ответ неправильный.	4	0	3426492
Tvoj plan zvuči odlično.	Твой план звучит отлично.	4	1	1457607
Tvoj sin je heroj.	Твой сын — герой.	4	0	8810197
Tvoj čamac nije veliki.	Твоя лодка не большая.	4	0	3477980
Tvoja torba je ovde.	Твоя сумка здесь.	4	0	3245801
Tvoje cipele su ovde.	Твоя обувь тут.	4	1	471601
Tvoje su pantalone prljave.	Твои брюки грязные.	4	0	3425253
Tvoje vreme je isteklo.	Твоё время истекло.	4	0	1457606
U kom krevetu spavaš?	На какой кровати ты спишь?	4	1	10689104
U kom krevetu spavaš?	На которой кровати ты спишь?	4	1	10689104
U kom pravcu ideš?	В каком направлении ты идёшь?	4	0	6148840
U kupatilu nema nikoga.	В ванной никого нет.	4	0	4644949
U Parizu pada sneg.	В Париже идёт снег.	4	0	3366085
U početku beše Reč.	В начале было Слово.	4	0	5848774
U Teksasu pada sneg.	В Техасе идёт снег.	4	0	13830504
U vedru je ključ.	В ведре дырка.	4	0	1179887
U čemu je razlika?	В чём разница?	4	0	6368965
U šta ti veruješ?	Во что ты веришь?	4	1	5909470
Udala se u sedamnaestoj.	Она вышла замуж в семнадцать.	4	0	3243557
Uhvati me ako možeš.	Поймай меня, если сможешь.	4	0	11052549
Uhvati me ako možeš.	Поймайте меня, если сможете.	4	0	11052549
Ukraden joj je pasoš.	У неё украли паспорт.	4	0	4644913
Ukradena mi je torba.	У меня украли сумку.	4	0	923578
Ukrali su mi novac.	У меня украли деньги.	4	0	3286427
Umem da čuvam tajnu.	Я умею хранить секреты.	4	0	4992702
Umirite se i slušajte!	Успокойтесь и слушайте!	4	0	1045243
Univerzum je pun misterija.	Вселенная полна тайн.	4	0	10686090
Upravo sam ga videla.	Я только что его видела.	4	1	6534192
Uradio si odličan posao.	Ты сделал отличную работу.	4	1	4449810
Uskoro će pola tri.	Скоро будет полтретьего.	4	1	4781273
Uspeh zavisi od napora.	Успех зависит от усилий.	4	0	5588852
Uvek mislim na hranu.	Я всегда думаю о еде.	4	1	8822164
Uvek mislim o tome.	Я всегда об этом думаю.	4	1	5002950
Uvek sam voleo knjige.	Я всегда любил книги.	4	1	3380342
Uzimam vitamine svaki dan.	Я принимаю витамины каждый день.	4	0	5002953
Uzimam vitamine svaki dan.	Я каждый день принимаю витамины.	4	0	5002953
Uzmi papir i piši!	Возьми бумагу и пиши!	4	0	3245697
Učite na svojim greškama!	Учитесь на своих ошибках!	4	0	1073915
Ušao je kroz prozor.	Он вошел через окно.	4	1	1117639
Vama je ovo potrebno.	Вам это нужно.	4	1	3535311
Vaš pas je ovde.	Ваша собака здесь.	4	1	1982480
Vaša kuća je velika.	Ваш дом большой.	4	1	3402937
Važno je za mene.	Это важно для меня.	4	1	4250184
Velike devojčice ne plaču.	Большие девочки не плачут.	4	0	5396763
Veliki dečaci ne plaču.	Большие мальчики не плачут.	4	0	5848100
Veliki Pas je sazvežđe.	Большой Пёс - созвездие.	4	0	2571727
Veliki sam obožavatelj fudbala.	Я большой поклонник футбола.	4	0	4972202
Veoma volim toga pevača.	Я очень люблю этого певца.	4	0	1676122
Veruj, ali i proveri!	Доверяй, но проверяй!	4	0	6546933
Veruješ li u duhove?	Ты веришь в призраков?	4	0	3265624
Vetar duva kao blesav.	Ветер дует как сумасшедший.	4	0	397576
Vetar duva sa istoka.	Ветер дует с востока.	4	0	3463568
Vetar duva sa severa.	Ветер дует с севера.	4	0	3463573
Vetar duva sa zapada.	Ветер дует с запада.	4	0	3463571
Već mi je dosadno.	Мне уже скучно.	4	0	3414453
Već sam znao istinu.	Я уже знал правду.	4	1	2925872
Večeras ću se odmarati.	Сегодня вечером я буду отдыхать.	4	0	807912
Vi imate crvenu olovku.	У Вас есть красный карандаш?	4	0	3455066
Vi ste bili zauzeti.	Вы были заняты.	4	0	3357095
Vi ste dobar čovek.	Вы хороший человек.	4	1	1080604
Vi ste nam potrebni.	Вы нам нужны.	4	0	3501816
Vi ste ozbiljno bolesni.	Вы серьёзно больны.	4	0	1183366
Vi sumnjate na nekoga?	Вы кого-то подозреваете?	4	0	5651580
Videću ih sutra uveče.	Я увижу их сегодня вечером.	4	0	1266637
Vidim lanac od zlata.	Я вижу золотую цепочку.	4	0	3478032
Vidim more i reku.	Я вижу море и реку.	4	0	3350434
Više nemam mobilni telefon.	У меня больше нет мобильного телефона.	4	0	4995350
Više te ne volim.	Я больше тебя не люблю.	4	1	3371653
Više volim da čitam.	Больше всего я люблю читать.	4	0	3445844
Voli da igra tenis.	Он любит играть в теннис.	4	0	3264407
Volim da gradim mostove.	Я люблю строить мосты.	4	0	3440676
Volim da pijem kafu.	Я люблю пить кофе.	4	0	8869704
Volim da slušam muziku.	Я люблю слушать музыку.	4	0	3484258
Volim da sviram klavir.	Я люблю играть на пианино.	4	0	3265717
Volim da učim istoriju.	Я люблю учить историю.	4	0	3340283
Volim da učim istoriju.	Мне нравится учить историю.	4	0	3340283
Volim da učim jezike.	Я люблю учить языки.	4	0	6900400
Volim da čitam knjige.	Я люблю читать книги.	4	0	3264438
Volim svog biseksualnog dečka!	Я люблю своего парня-бисексуала!	4	0	4264046
Volimo da igramo fudbal.	Мы любим играть в футбол.	4	0	4782969
Volite li francuska vina?	Вы любите французские вина?	4	0	1102196
Volite li svoju majku?	Вы любите свою маму?	4	0	4264007
Voliš li svoju majku?	Ты любишь свою маму?	4	1	4264006
Voz nije još stigao.	Поезд ещё не прибыл.	4	1	3311747
Vrata kancelarije su žuta.	Дверь офиса жёлтая.	4	0	397031
Vratite mi moju flašu.	Верните мне мою бутылку.	4	0	4273217
Vreme je za spavanje.	Пора спать.	4	1	5944762
Vreme prolazi veoma brzo.	Время проходит очень быстро.	4	0	1195451
Vrlo često dolazim ovde.	Я очень часто прихожу сюда.	4	1	8870126
Vuk je zaklao jagnje.	Волк убил ягнёнка.	4	0	3503798
Zaboravila sam njegovo ime.	Я забыла его имя.	4	1	3440362
Zaboravljam gde ostavim šešir.	Я забыл, где оставил шляпу.	4	0	4250452
Zadovoljan sam svojim poslom.	Я доволен своей работой.	4	0	3265426
Zakasnio sam u školu.	Я опоздал в школу.	4	0	1251319
Zakasnio si na posao.	Ты опоздал на работу.	4	0	3425619
Zanimljivo je igrati košarku.	Интересно играть в баскетбол.	4	0	8931043
Zanimljivo je igrati košarku.	Играть в баскетбол интересно.	4	0	8931043
Zar oni nisu Amerikanci?	Разве они не американцы?	4	0	3347561
Zatekao sam prazan kavez.	Я обнаружил клетку пустой.	4	0	6967143
Zatvorite vrata, molim Vas.	Пожалуйста, закройте дверь.	4	0	6368938
Zatvorite vrata, molim Vas.	Закройте, пожалуйста, дверь.	4	0	5294915
Zašto je jezero ružičasto?	Почему озеро розовое?	4	0	13464837
Zašto je nebo plavo?	Почему небо голубое?	4	0	3334752
Zašto nam Tom pomaže?	Почему Том нам помогает?	4	1	4645002
Zašto ne jedeš povrće?	Почему ты не ешь овощи?	4	0	3390107
Zašto ne učiš engleski?	Почему ты не учишь английский?	4	0	4248489
Zašto niko ne odgovara?	Почему никто не отвечает?	4	1	3410279
Zašto optužuješ mog sina?	Почему ты обвиняешь моего сына?	4	0	884902
Zašto postoje godišnja doba?	Почему существуют времена года?	4	0	3478206
Zašto sam ja ovde?	Зачем я здесь?	4	1	4324466
Zašto sam ja ovde?	Почему я здесь?	4	1	4324466
Zašto si to uradila?	Зачем ты это сделала?	4	1	4258336
Zašto si to uradio?	Зачем ты это сделал?	4	1	4258335
Zašto ste to uradili?	Зачем вы это сделали?	4	1	4258337
Zašto žene vole poklone?	Почему женщины любят подарки?	4	0	3478058
Zbog čega učiš španski?	Для чего ты учишь испанский?	4	0	1103115
Zdravlje mi znači sve.	Здоровье значит для меня всё.	4	0	3344175
Zemlja je pokrivena snegom.	Земля покрыта снегом.	4	0	1059355
Zemlja obećava bogatu žetvu.	Земля обещает богатый урожай.	4	0	1057372
Zečevi imaju dugačke uši.	У зайцев длинные уши.	4	0	3266900
Zečevi se brzo razmnožavaju.	Зайцы быстро размножаются.	4	0	11055430
Zima je vreme snega.	Зима - время снега.	4	0	3715092
Zmija puzi kroz pustinju.	Змея ползёт через пустыню.	4	0	840851
Zmija puzi kroz pustinju.	Змея ползёт по пустыне.	4	0	840851
Znam dobar italijanski restoran.	Я знаю хороший итальянский ресторан.	4	0	1185053
Znam ko su oni.	Я знаю, кто они такие.	4	1	3392051
Znam ko su oni.	Я знаю, кто они.	4	1	3392051
Znam koliko i ti.	Я знаю столько же, сколько и ты.	4	1	7032864
Znam na šta misliš.	Я знаю, о чём ты думаешь.	4	1	3425225
Znam njegovu lošu reputaciju.	Я знаю, что у него плохая репутация.	4	0	4783033
Znam samo njegovo ime.	Я знаю только его имя.	4	1	3265450
Znaće šta da rade.	Они будут знать, что делать.	4	0	4292236
Znaće šta da urade.	Они будут знать, что сделать.	4	0	4292237
Znaš li gde živim?	Ты знаешь, где я живу?	4	1	10689070
Zvezde su nemerljivo daleko.	Звёзды неизмеримо далеко.	4	0	2044039
Čekam na svoj red.	Я жду своей очереди.	4	1	4324571
Čekaš li na nešto?	Ты чего-то ждёшь?	4	0	3357520
Često idem u inostranstvo.	Я часто езжу за границу.	4	0	7027099
Često putujem u London.	Я часто езжу в Лондон.	4	0	10686089
Čija je ovo gitara?	Чья это гитара?	4	0	3305664
Čija je ovo soba?	Чья это комната?	4	0	3307027
Čija su ovo kola?	Чья это машина?	4	0	5843369
Čije su ovo cipele?	Чьи это туфли?	4	0	3438841
Čiji je ovo automobil?	Чей это автомобиль?	4	0	5843370
Čiji je ovo bicikl?	Чей это велосипед?	4	0	3286424
Čiji je ovo kišobran?	Чей это зонт?	4	0	5843362
Čiji je ovo kišobran?	Чей это зонтик?	4	0	5843362
Čiji je ovo rukopis?	Чей это почерк?	4	0	5848798
Čiji je to portret?	Чей это портрет?	4	0	6899961
Čovek je misleće biće.	Человек — мыслящее существо.	4	0	3213536
Čovek je čoveku vuk.	Человек человеку - волк.	4	0	5687965
Čovek uvek traži odgovore.	Человек всегда ищет ответы.	4	0	1449018
Čujem da neko peva.	Я слышу, как кто-то поёт.	4	0	3370556
Čujem. tvoj posao cveta.	Я слышал, твой бизнес процветает.	4	0	1113765
Šetali smo kroz park.	Мы прогуливались по парку.	4	0	5043453
Šetali smo kroz park.	Мы гуляли по парку.	4	0	5043453
Škola liči na zatvor.	Школа похожа на тюрьму.	4	1	3243987
Škola počinje u Aprilu.	Занятия в школе начинаются в апреле.	4	0	3245487
Šofer čeka na putnike.	Водитель ждёт пассажиров.	4	0	3499733
Šta bi Tom želeo?	Чего бы хотел Том?	4	1	4251067
Šta imaš na umu?	Что у тебя на уме?	4	0	5874222
Šta ja radim ovde?	Что я здесь делаю?	4	1	6391077
Šta ja radim ovde?	Что я делаю здесь?	4	1	6391076
Šta ja tražim ovde?	Что я здесь ищу?	4	1	6391082
Šta je sa tobom?	Что с тобой?	4	1	5909350
Šta je sa vama?	Что с вами?	4	1	5909347
Šta je tu problem?	В чём тут проблема?	4	1	4976068
Šta je tvoj posao?	Какая у тебя работа?	4	1	5806711
Šta je unutra, Tome?	Что внутри, Том?	4	1	4250959
Šta misliš o njemu?	Что ты о нём думаешь?	4	1	3535520
Šta moramo da uradimo?	Что мы должны сделать?	4	1	4253496
Šta radi tvoja tetka?	Что делает твоя тётя?	4	0	3425159
Šta radiš ovde, dole?	Что ты здесь делаешь внизу?	4	1	5848074
Šta si po profesiji?	Кто ты по профессии?	4	0	3394964
Šta si radio danas?	Что ты сегодня делал?	4	1	897888
Šta si rekao Tomu?	Что ты сказал Тому?	4	0	4261852
Šta si rekla Tomu?	Что ты сказала Тому?	4	0	4261853
Šta si sad uradila?	Что ты сейчас сделала?	4	1	4258326
Šta si sad uradio?	Что ты сейчас сделал?	4	1	4258325
Šta ste rekli Tomu?	Что вы сказали Тому?	4	0	4261854
Šta ste sad uradili?	Что вы сейчас сделали?	4	1	4258331
Šta ste sada uradili?	Что вы сейчас сделали?	4	1	4258330
Šta su ti rekli?	Что они тебе сказали?	4	1	4261856
Šta treba da kupim?	Что мне нужно купить?	4	0	3300817
Šta treba da uradiš?	Что ты должен сделать?	4	1	5909452
Šta treba da uradiš?	Что тебе нужно сделать?	4	1	5909449
Šta vas je probudilo?	Что тебя разбудило?	4	0	1384481
Šta znate o meni?	Что вы обо мне знаете?	4	1	6960630
Šta znači ova reč?	Что означает это слово?	4	1	4644911
Šta znači to sve?	Что это всё значит?	4	1	4251197
Šta znači to sve?	Что это всё означает?	4	1	4251197
Šta znaš o njemu?	Что ты знаешь о нём?	4	1	3370613
Šta znaš o njemu?	Что ты о нём знаешь?	4	1	3370613
Šta ćete raditi danas?	Что вы собираетесь сегодня делать?	4	1	6314290
Šta ćeš da radiš?	Что ты будешь делать?	4	1	3419231
Šta ćeš danas raditi?	Что ты собираешься сегодня делать?	4	1	6314279
Šta ćeš raditi danas?	Что ты собираешься сегодня делать?	4	1	6314280
Šta ćeš za užinu?	Что у тебя будет на полдник?	4	0	3244006
Šta žene zaista žele?	Чего на самом деле хотят женщины?	4	1	5874257
Šta? Šta si rekao?	Что? Что ты сказал?	4	1	3412964
Žabe se plaše zmija.	Лягушки боятся змей.	4	0	1076249
Želim da budem inženjer.	Я хочу быть инженером.	4	0	1181834
Želim da budem plivačica.	Я хочу стать пловчихой.	4	0	2708803
Želim da gledam film.	Я хочу фильм посмотреть.	4	1	4781291
Želim da imam decu.	Я хочу иметь детей.	4	1	8869864
Želim da kažem istinu.	Я хочу сказать правду.	4	1	8869008
Želim da upoznam Mariju.	Я хочу познакомиться с Марией.	4	0	3244648
Želim da upoznam Toma.	Я хочу познакомиться с Томом.	4	0	3244650
Želim da usavršim engleski.	Я хочу совершенствовать свой английский.	4	0	3418926
Želim da vam pomognem.	Я хочу вам помочь.	4	1	6904293
Želiš li da pogledaš?	Хочешь посмотреть?	4	0	3304895
Žene rade u restoranu.	Женщины работают в ресторане.	4	0	1050871
Živeo je jednostavnim životom.	Он жил простой жизнью.	4	0	6475412
Živim u staroj kući.	Я живу в старом доме.	4	0	3396035
Živimo na šestom spratu.	Мы живём на седьмом этаже.	4	0	4250169
Živite li u gradu?	Вы живёте в городе?	4	0	1498224
Živiš u mojem srcu.	Ты живёшь в моём сердце.	4	0	2499658
Život liči na putovanje.	Жизнь похожа на путешествие.	4	1	1133532
Život mi je ugrožen.	Моя жизнь под угрозой.	4	0	3425099
Životinje se plaše vatre.	Животные боятся огня.	4	0	3244365
- Ko ste vi? -Ja - mama.	"Вы кто?" — "Я мама".	5	1	1116822
A ko je bio drugi?	А кто был вторым?	5	1	3274451
A vi, kom klubu pripadate.	А вы в каком клубе состоите?	5	0	1133558
Ah, kakve su to besmislice!	Да ну, бред какой-то!	5	0	5651605
Ajkula nije rođak domaćih pasa.	Акула - не родственник домашних собак.	5	0	2352636
Akira je dobar igrač tenisa.	Акира - хороший теннисист.	5	0	3365625
Aladin je pronašao čarobnu lampu.	Аладдин нашёл волшебную лампу.	5	0	3503792
Alkohol je štetan za jetru.	Алкоголь вреден для печени.	5	0	10047213
Armija je umrla od gladi.	Войско умерло от голода.	5	0	1113396
Auto mog oca je nov.	Машина моего отца новая.	5	0	901139
Autobus ide svakih deset minuta.	Автобусы ходят каждые десять минут.	5	0	3251058
Avion sleće u osam sati.	Самолёт приземляется в 8 часов.	5	0	1835592
Baka je to pevala unuku.	Бабушка пела это внуку.	5	0	3427980
Banka se nalazi pored pošte.	Банк находится рядом с почтой.	5	0	1183308
Bankarska kartica ima mnoge prednosti.	У банковской карты много преимуществ.	5	0	1045810
Barselona se nalazi u Španiji.	Барселона находится в Испании.	5	0	1053560
Beograd je glavni grad Srbije.	Белград — столица Сербии.	5	0	1080480
Biblioteka je osamdeset godina stara.	Библиотеке восемьдесят лет.	5	0	4434775
Bil može da vozi bicikl.	Бил умеет ездить на велосипеде.	5	0	1098999
Bila im je potrebna pomoć.	Им нужна была помощь.	5	1	8930992
Bila je na mestu zločina.	Она была на месте преступления.	5	1	8845829
Bila je to loša situacija.	Это была плохая ситуация.	5	0	5028718
Bila je to teška odluka.	Это было трудное решение.	5	0	5028721
Bili smo siromašni, ali srećni.	Мы были бедными, но счастливыми.	5	0	3437802
Bili su članovi srednje klase.	Они принадлежали к среднему классу.	5	0	4967450
Bilo je mračno ispod mosta.	Под мостом было темно.	5	0	3366509
Bilo je samo pitanje vremena.	Это был только вопрос времени.	5	1	5963075
Bio je go do pojasa.	Он был раздет до пояса.	5	0	3484410
Bio je siguran u uspeh.	Он был уверен в успехе.	5	0	5588822
Bio je to divan uspeh.	Это был удивительный успех.	5	0	5588840
Bio je to dobar šešir.	Хорошая была шляпа.	5	0	4250446
Bio sam mršav u mladosti.	В молодости я был тощим.	5	0	3245558
Bio sam tamo dva puta.	Я был там два раза.	5	1	5586403
Bliži se fantastična norveška jesen.	Приближается фантастическая норвежская осень.	5	0	3456598
Bob i Marija sviraju flautu.	Боб и Мария играют на флейте.	5	0	3333536
Bogati ljudi nisu uvek srećni.	Богатые люди не всегда счастливы.	5	0	3267420
Bolovao je od Parkinsonove bolesti.	У него была болезнь Паркинсона?	5	0	3435914
Boston nije daleko, zar ne?	Бостон не далеко, так ведь?	5	0	8849117
Broj od jedan do deset.	Считай от одного до десяти.	5	1	3311722
Broj od jedan do deset.	Сосчитай от одного до десяти.	5	1	3311722
CD na stolu je moj.	Компакт-диск на столе — мой.	5	0	1214509
Ceo gradić mi se smejao.	Весь городок смеялся надо мной.	5	0	3501826
Crnu vranu sapun neće izbeleti.	Чёрного кобеля не отмоешь добела.	5	0	1043424
Da li dugo radiš ovde?	Ты долго здесь работаешь?	5	1	4243539
Da li imate japansko pivo?	У вас есть японское пиво?	5	0	801031
Da li imaš brata, Petre?	Пётр, у тебя есть брат?	5	0	3438774
Da li imaš engleski rečnik?	У тебя есть английский словарь?	5	0	3418932
Da li imaš vozačku dozvolu?	У тебя есть права?	5	0	3418909
Da li imaš vozačku dozvolu?	У тебя есть водительские права?	5	0	3418909
Da li ja ikada grešim?	Я когда-нибудь ошибаюсь?	5	0	4324460
Da li je ispit sutra?	Экзамен завтра?	5	0	4238414
Da li je istina? Zašto?	Правда? Почему?	5	1	1054995
Da li je ona lekar?	Она врач?	5	0	3266831
Da li je spreman doručak?	Завтрак готов?	5	1	472243
Da li je to daleko?	Это далеко?	5	1	3371631
Da li je to ljubav?	Это любовь?	5	1	2441654
Da li je to mačak?	Это кот?	5	0	1280743
Da li je to ptica?	Это птица?	5	0	4781364
Da li je to tačno?	Это точно?	5	1	1051437
Da li je to tačno?	Это правильно?	5	1	1051437
Da li me neko čuje?	Меня кто-нибудь слышит?	5	1	3424992
Da li mogu da pomognem?	Я могу помочь?	5	1	2263900
Da li ovo ima smisla?	Это имеет смысл?	5	1	7077013
Da li poznajete konkursne uslove?	Вы знаете условия конкурса?	5	0	3423374
Da li pričate o nama?	Вы о нас говорите?	5	0	4986704
Da li razumete šta govorim?	Вы понимаете, что я говорю?	5	0	5909300
Da li sam sad bezbedna?	Я сейчас в безопасности?	5	0	4324489
Da li se plašite smrti?	Вы боитесь смерти?	5	0	1052446
Da li se Tomu sviđa?	Тому нравится?	5	0	8841677
Da li si danas zauzet?	Ты сегодня занят?	5	1	3425001
Da li si izgubio nešto?	Вы что-то потеряли?	5	1	3419178
Da li si na Fejsbuku?	Ты есть в Фейсбуке?	5	0	3791365
Da li si nahranila psa?	Ты уже покормила псину?	5	0	1102247
Da li si nekome rekao?	Ты кому-нибудь сказал?	5	1	3395325
Da li si nešto izgubio?	Вы что-то потеряли?	5	1	3424979
Da li si pronašao posao?	Ты нашёл работу?	5	1	3424980
Da li si ti siguran?	Ты уверен?	5	1	548790
Da li si ti studentkinja?	Ты студентка?	5	0	478768
Da li si to znao?	Ты это знал?	5	1	3791376
Da li ste jeli nešto?	Вы что-нибудь ели?	5	1	4292394
Da li ste svi spremni?	Вы все готовы?	5	1	3268029
Da li ste to videli?	Вы это видели?	5	1	3484425
Da li ste vi dobro?	Вы в порядке?	5	1	3650720
Da li su oni visoki?	Они высокие?	5	0	3440828
Da li ti živiš ovde?	Ты живёшь здесь?	5	1	3341471
Da li ti živiš ovde?	Ты здесь живёшь?	5	1	3341471
Da li ti živiš tamo?	Ты там живёшь?	5	1	3412954
Da li to nebo plače?	Это небо плачет?	5	0	1117657
Da li to nebo plače?	Это плачет небо?	5	0	1117657
Da li to znači nešto?	Это что-то значит?	5	1	6877261
Da li Tom ima advokata?	У Тома есть адвокат?	5	0	6899946
Da li Tom ima ključ?	У Тома есть ключ?	5	1	4251065
Da li Tom jede jaja?	Том ест яйца?	5	1	6533001
Da li Tom jede ribu?	Том ест рыбу?	5	0	6533000
Da li Tom vodi dnevnik?	Том ведёт дневник?	5	0	8835635
Da li Tom voli grožđe?	Том любит виноград?	5	0	8835619
Da li Tom voli kafu?	Том любит кофе?	5	1	8835623
Da li Tom često putuje?	Том часто путешествует?	5	0	8835450
Da li vam mogu pomoći?	Я могу вам помочь?	5	1	3411114
Da li veruješ u Boga?	Ты веришь в Бога?	5	1	3425699
Da li vi govorite engleski?	Вы говорите по-английски?	5	0	3311702
Da li vi studirate hemiju?	Вы изучаете химию?	5	0	1054358
Da li volite svoju majku?	Вы любите свою маму?	5	0	4264009
Da li voliš crne mačke?	Ты любишь чёрных кошек?	5	0	3307024
Da li voliš da pišeš?	Ты любишь писать?	5	0	4248696
Da li voliš svoju majku?	Ты любишь свою маму?	5	1	4264004
Da li voliš tvoju majku?	Ты любишь свою маму?	5	1	3445850
Da li vreme ima kraj?	Есть ли конец у времени?	5	1	1520155
Da li vreme ima kraj?	Есть ли у времени конец?	5	1	1520155
Da li često dolazite ovde?	Вы часто сюда приходите?	5	0	5843372
Da li često dolaziš ovde?	Ты часто сюда приходишь?	5	0	5843371
Daj mi dan ili dva.	Дай мне день или два.	5	1	4324209
Daj mi svoj telefonski broj.	Дай мне свой телефонный номер.	5	0	1091366
Dajte zrnevlje pticama u dvorištu!	Дайте птицам во дворе зерна!	5	0	3413878
Dali su vode njihovim konjima.	Они напоили своих лошадей.	5	0	3414670
Dali su vode njihovim konjima.	Они напоили своих коней.	5	0	3414670
Dali su vode svojim konjima.	Они напоили своих лошадей.	5	0	3414671
Dali su vode svojim konjima.	Они напоили своих коней.	5	0	3414671
Dama uzima privatne časove klavira.	Дама берёт частные уроки игры на фортепиано.	5	0	5596944
Dan je počeo baš dobro.	День начался очень хорошо.	5	1	6813184
Danas definitivno nije moj dan.	Сегодня определённо не мой день.	5	1	8907028
Danas imam samo tri časa.	Сегодня у меня только три часа.	5	0	8869901
Danas je nebo pokriveno oblacima.	Сегодня небо покрыто облаками.	5	0	5843301
Danas je pao prvi sneg.	Сегодня выпал первый снег.	5	0	4250231
Danas je tvojoj ćerki rođendan.	Сегодня день рождения твоей дочери.	5	0	3425426
Danas je veliki dan, sine!	Сегодня великий день, сын!	5	1	4249108
Danas je veliki dan, sinko!	Сегодня великий день, сынок!	5	0	4249109
Danas sam pročitao jednu knjigu.	Я сегодня прочитал одну книгу.	5	0	3386969
Danas uveče imaću dovoljno vremena.	Сегодня вечером у меня будет достаточно времени.	5	0	1312220
Dao sam joj moju adresu.	Я дал ей свой адрес.	5	0	3391983
Dao sam mu nekoliko knjiga.	Я дал ему несколько книг.	5	1	664811
Daću ti sve što želiš.	Я дам тебе всё, что ты хочешь.	5	1	2797705
Deco, pijte mleko svakog dana!	Дети, пейте молоко каждый день!	5	0	1097770
Devojke su ga uvek volele.	Девушки всегда его любили.	5	0	3268096
Devojčica kupuje mleko u prodavnici.	Девочка покупает молоко в магазине.	5	0	1056514
Disciplina je najvažniji deo uspeha.	Дисциплина - самая важная часть успеха.	5	0	5588876
Disciplina je najvažniji deo uspeha.	Дисциплина - это важнейшая составляющая успеха.	5	0	6148795
Dobar glas daleko se čuje.	Хорошее известие далеко слышно.	5	1	1082335
Dobro je ovu vodu piti.	Эту воду пить полезно.	5	0	5633327
Doktore, ja se zovem Mutaz.	Доктор, меня зовут Мутаз.	5	0	3391450
Donesi mi malo hladne vode.	Принеси мне немного холодной воды.	5	0	3438896
Dopada mi se moja škola.	Мне нравится моя школа.	5	1	6533013
Dopao mi se Tomov video.	Мне понравилось видео Тома.	5	0	8882131
Došao je oko četiri sata.	Он пришёл около четырёх часов.	5	1	885110
Drži se podalje od mene.	Держись от меня подальше.	5	0	3425939
Dubina reke je desetak metara.	Глубина реки около десяти метров.	5	0	11178017
Džon je moj dobar drug.	Джон - мой лучший друг.	5	0	1135327
Edinburg je glavni grad Škotske.	Эдинбург — столица Шотландии.	5	0	1200646
Eksperiment je potvrdio njegovu teoriju.	Эксперимент подтвердил его теорию.	5	0	1052522
Engleski je težak, zar ne?	Английский трудный, не правда ли?	5	0	1243602
Engleski jezik koristi mnogo ljudi.	Английским языком пользуются многие люди.	5	0	1643213
Evo ključa od mog stana.	Вот ключ от моей квартиры.	5	0	5889534
Evo u čemu je problem.	Вот в чём проблема.	5	1	1043493
Film počinje u deset sati.	Фильм начинается в десять часов.	5	1	3418913
Francuska je u zapadnoj Evropi.	Франция расположена в Западной Европе.	5	0	1173784
Francuska je u Zapadnoj Evropi.	Франция находится в Западной Европе.	5	0	1518765
Francuska se graniči sa Italijom.	Франция граничит с Италией.	5	0	11055410
Francuski je nastao od Latinskog.	Французский произошёл от латинского.	5	0	3341481
Fudbal je moj omiljeni sport.	Футбол - мой любимый вид спорта.	5	0	3311478
Gde je nestao sav hleb?	Куда исчез весь хлеб?	5	0	396729
Gde je pasta za zube?	Где зубная паста?	5	0	1171632
Gde mogu da kupim kartu?	Где я могу купить карту?	5	0	3424523
Gde moram da promenim voz?	Где мне нужно сделать пересадку?	5	0	3384581
Gde se mogu kupiti knjige?	Где можно купить книги?	5	1	4972449
Gde si bio u Japanu?	Где ты был в Японии?	5	0	3304894
Gde si kupila ovu haljinu?	Где ты купила это платье?	5	0	3313554
Gde si kupila taj šešir?	Где ты купила ту шляпу?	5	0	8930978
Gde si kupio ovu gitaru?	Где ты купил эту гитару?	5	0	6818471
Gde si našao ovaj nož?	Где ты нашёл этот нож?	5	1	4782996
Gde si našla ovaj nož?	Где ты нашла этот нож?	5	1	4782999
Gde si pronašao ovaj nož?	Где ты нашёл этот нож?	5	1	4782998
Gde si pronašla ovaj nož?	Где ты нашла этот нож?	5	0	4783000
Gde si video ovu ženu?	Где ты видел эту женщину?	5	1	714519
Gde ti je majka, dečače?	Где твоя мама, мальчик?	5	0	1097794
Gladni kučići laju na ulici.	Голодные щенки лают на улице.	5	0	396698
Glasina se proširila celim gradom.	Слух распространился по всему городу.	5	0	4248670
Glavni grad Holandije je Amsterdam.	Столица Голландии - Амстердам.	5	0	3275992
Glavni grad Japana je Tokijo.	Столица Японии — Токио.	5	0	3440820
Glavni grad Norveške je Oslo.	Столица Норвегии — Осло.	5	0	3387058
Glavni grad Srbije je Beograd.	Столица Сербии - Белград.	5	0	1133792
Govori li Tom stvarno francuski?	Том действительно говорит по-французски?	5	0	4239775
Gramatika je izuzetno složena stvar.	Грамматика — очень сложная вещь.	5	0	401605
Greškom sam uzeo tvoj kišobran.	Я по ошибке взял твой зонтик.	5	0	3425160
Hajde da napravimo neke slike.	Давай нарисуем какие-нибудь картинки.	5	0	4273269
Hajde da slušamo malo muzike.	Давай немного послушаем музыку.	5	0	3418554
Hajdemo na kuglanje neki dan.	Давайте как-нибудь сходим в боулинг.	5	0	4249194
Hanoj je glavni grad Vijetnama.	Ханой - столица Вьетнама.	5	0	1643282
Hoćemo u Boston i Čikago.	Мы хотим в Бостон и Чикаго.	5	0	6567922
Hoću da naučim da plivam.	Я хочу научиться плавать.	5	0	3392059
Hoću da otpevam jednu pesmu.	Я хочу спеть одну песню.	5	0	3365521
Hrast je sveto slovensko drvo.	Дуб - священное дерево славян.	5	0	1166791
Hteo bih da budem ptica.	Я хотел бы быть птицей.	5	0	1214521
Hvala ti što me voliš.	Спасибо, что ты меня любишь.	5	1	4971848
Hvala vam puno na svemu!	Спасибо вам большое за всё!	5	1	5806638
I ja imam taj problem.	И у меня такая же проблема.	5	1	8845677
I mali uspeh je važan.	Даже небольшой успех важен.	5	0	5588839
I mali uspeh je važan.	И малый успех важен.	5	0	6148829
I čaj, takođe, nije dobar.	И чай тоже не очень хорош.	5	1	1153339
Idem u kupovinu svakog jutra.	Я хожу за покупками каждое утро.	5	0	3284680
Igrali smo poker ceo dan.	Мы целый день играли в покер.	5	0	4781282
Igrali smo poker ceo dan.	Мы весь день играли в покер.	5	0	4781282
Ima li nekoga u kući?	В доме кто-нибудь есть?	5	1	6535709
Ima samo jedno moguće rešenje.	Есть только одно возможное решение.	5	0	12959287
Imala sam mnogo loš dan.	У меня был очень плохой день.	5	1	4274699
Imali su samo jedno dete.	У них был только один ребёнок.	5	1	938880
Imam kod kuće dva papagaja.	У меня дома два попугая.	5	0	3347571
Imam mnogo knjiga o jezicima.	У меня много книг о языках.	5	0	3350456
Imam mnogo knjiga o jezicima.	У меня много книг про языки.	5	0	3350456
Imam nekoliko drugova u Tokiju.	У меня есть несколько друзей в Токио.	5	0	1055733
Imam nekoliko prijatelja iz Kanade.	У меня есть несколько друзей из Канады.	5	0	5035475
Imam novu e-mail adresu.	У меня новый электронный адрес.	5	0	3368565
Imam važan zadatak za tebe.	У меня есть для тебя важное задание.	5	0	3411096
Imam veliku kolekciju poštanskih marki.	У меня большая коллекция почтовых марок.	5	0	3275326
Imam časopis u svojoj sobi.	У меня в комнате есть журнал.	5	0	1250404
Imamo dobre šanse za pobedu.	У нас хорошие шансы на победу.	5	0	5029232
Imao sam mnogo loš dan.	У меня был очень плохой день.	5	1	4274697
Imate li vremena sutra poslepodne?	У вас будет время завтра после обеда?	5	0	894070
Imaš izbor između dve mogućnosti.	У тебя есть выбор между двумя возможностями.	5	0	3484700
Imaš li bilo kakvu olovku?	У тебя есть какие-нибудь карандаши?	5	0	1214520
Imaš li neku drugu ideju?	У тебя есть какая-нибудь другая идея?	5	1	3370088
Informisao se o svim činjenicama.	Он ознакомился со всеми фактами.	5	0	5397822
Internet nije tvoja lična armija.	Интернет — не твоя личная армия.	5	0	4248481
Internet nije tvoja lična armija.	Интернет не твоя личная армия.	5	0	4248481
Ispekao sam pitu od jabuka.	Я испёк яблочный пирог.	5	0	4240720
Italijenski je moj maternji jezik.	Итальянский — мой родной язык.	5	0	3314440
Iza planina živi sedam patuljaka.	За горами живут семь гномов.	5	0	1043535
Izgleda da je on bolestan.	Кажется, он болен.	5	1	1946230
Izgleda da sam pobrkao datume.	Кажется, я перепутал даты.	5	0	7025119
Izgleda da sam pomešao datume.	Кажется, я перепутал даты.	5	0	7025131
Izgleda mlad za svoje godine.	Он выглядит молодо для своих лет.	5	0	3371468
Izgubila je svoj novi sat.	Она потеряла свои новые часы.	5	1	3393877
Izgubio sam interes za golf.	Я потерял интерес к гольфу.	5	0	3298962
Iznenada oblaci su zatamnili nebo.	Внезапно небо потемнело от затянувших его туч.	5	0	1054859
Izrael je veoma mala zemlja.	Израиль - очень маленькая страна.	5	0	3424529
Izvinite, ali to nije moguće.	Извините, но это невозможно.	5	1	3318077
Izvinite, ja moram da idem.	Извините, мне нужно идти.	5	1	1089052
Izvinite, ko je ova žena?	Простите, кто эта женщина?	5	1	488807
Izvinite, ko je ova žena?	Извините, кто эта женщина?	5	1	488807
Izvinite, mama nije sada kući.	Извините, мамы сейчас нет дома.	5	1	3281220
Izvolite, ne pušiti u sobi.	Пожалуйста, не курите в комнате.	5	0	1047305
Ja danas neću koristiti grejalicu.	Я сегодня не буду пользоваться грелкой.	5	0	1046448
Ja imam baštu za povrće.	У меня есть огород.	5	0	2315420
Ja imam najčešće dugačku suknju.	У меня слишком длинная юбка.	5	0	1457633
Ja imam nekoliko dobrih prijatelja.	У меня есть несколько хороших друзей.	5	0	1052389
Ja imam samo jednu sestru.	У меня только одна сестра.	5	1	3518007
Ja moram da mnogo čitam.	Я должен много читать.	5	0	3424907
Ja ne mogu da kažem.	Я не могу сказать.	5	1	1103122
Ja ne pijem mnogo piva.	Я не пью много пива.	5	0	2067622
Ja ne volim da učim.	Я не люблю учиться.	5	0	1139208
Ja nikad ne gledam televiziju.	Я никогда не смотрю телевизор.	5	0	6533005
Ja nikada ne jedem meso.	Я никогда не ем мясо.	5	0	3501831
Ja nisam glasao za Toma.	Я не голосовал за Тома.	5	0	6900265
Ja nisam spavao poslednjih dana.	Последние дни я не спал.	5	0	1157093
Ja sam imao dobru ideju.	У меня была хорошая идея.	5	1	1098512
Ja sam kasno jutros ustao.	Сегодня утром я встал поздно.	5	0	3288400
Ja sam mislio, ti spavaš.	Я думал, ты спишь.	5	1	3518000
Ja sam ostavio otvorena vrata.	Я оставил дверь открытой.	5	0	3313487
Ja sam platila za to.	Я за это заплатила.	5	0	5841845
Ja sam platio za to.	Я за это заплатил.	5	1	5841843
Ja sam protiv tog projekta.	Я против этого проекта.	5	0	3298728
Ja sam radio u banci.	Я работал в банке.	5	0	1179884
Ja sam ručao u podne.	Я обедал в полдень.	5	0	1053577
Ja sam sada na internetu.	Я сейчас в интернете.	5	0	2228678
Ja sam spreman, a ti?	Я готов, а ты?	5	1	3371753
Ja sam student na univerzitetu.	Я студент университета.	5	0	1627442
Ja sam studentkinja, a ti?	Я студентка, а ты?	5	0	6971762
Ja sam to objasnio Tomu.	Я объяснил это Тому.	5	0	3414389
Ja sam to već kupio.	Я это уже купил.	5	1	1574928
Ja sam veliki obožavatelj fudbala.	Я большой поклонник футбола.	5	0	4972204
Ja sam već oprao posudu.	Я уже помыл посуду.	5	0	1714765
Ja sam čekao pola sata.	Я прождал полтора часа.	5	0	1112033
Ja sam čekao zaustavivši disanje.	Я ждал затаив дыхание.	5	0	1090481
Ja se sada dobro osećam.	Сейчас я чувствую себя хорошо.	5	1	1243584
Ja sigurno neću izabrati njega.	Я, конечно, не выберу его.	5	0	5651309
Ja snosim odgovornost za grešku.	Это я несу ответственность за ошибку.	5	0	1173795
Ja u to ne verujem.	Я в это не верю!	5	1	1457626
Ja učim dva strana jezika.	Я учу два иностранных языка.	5	0	1676068
Ja volim da gledam filmove.	Я люблю смотреть фильмы.	5	0	1076674
Ja zaista cenim naše klijente.	Я действительно ценю наших клиентов.	5	0	2239196
Ja znam gde je on.	Я знаю, где он.	5	1	3391945
Ja ću leći da spavam.	Я ложусь спать!	5	0	1179890
Ja ću ti doneti sreću.	Я принесу тебе счастье.	5	0	1090456
Ja, takođe, imam sedamnaest godina.	Мне тоже семнадцать лет.	5	0	1511331
Jabuka je na pisaćem stolu.	Яблоко на письменном столе.	5	0	3256228
Jabuka je pala sa drveta.	Яблоко упало с дерева.	5	0	3497858
Japan nije veliki poput Kanade.	Япония небольшая по сравнению с Канадой.	5	0	3365557
Je li ovo mesto zauzeto?	Это место занято?	5	0	7010403
Jedan automobil stoji ispred zgrade.	Перед зданием стоит автомобиль.	5	0	3267487
Jedan jezik nikada nije dovoljan.	Одного языка никогда не достаточно.	5	0	3293161
Jedan student danas nije došao.	Один студент сегодня не пришёл.	5	0	2228666
Jedite supu dok je vruća.	Ешьте суп, пока он горячий.	5	0	5024379
Jesi li ikada video jednog?	Ты когда-нибудь видел такого?	5	1	5024879
Jesi li ikada video jednu?	Ты когда-нибудь видел такую?	5	1	5024882
Jesi li rekao Tomu ovo?	Ты сказал это Тому?	5	0	4261933
Jesi li slobodna u nedelju?	Ты свободна в воскресенье?	5	0	4239891
Jesi li videla mog psa?	Ты видела мою собаку?	5	1	5002305
Jesi li videla Tomovu sobu?	Ты видела комнату Тома?	5	0	5039797
Jesi li video mog psa?	Ты видел мою собаку?	5	1	5002297
Jesu li mi crvene uši?	У меня красные уши?	5	0	4324621
Jesu li mi uši crvene?	У меня уши красные?	5	0	4324622
Jesu li ovo vaše torbe?	Это ваши сумки?	5	0	4324650
Jesu li to moje naočare?	Это мои очки?	5	0	4324643
Jesu li to nove cipele?	Это новые туфли?	5	1	4324646
Jezik je oštriji od mača.	Язык острее меча.	5	0	6137826
Još smo imali poslednju šansu.	У нас ещё был последний шанс.	5	0	1054008
Jutro je mudrije od večeri.	Утро вечера мудренее.	5	0	6088174
Jutro je pametnije od večeri.	Утро вечера мудренее.	5	0	6088176
Juče je bio pun mesec.	Вчера было полнолуние.	5	1	6147444
Juče sam pričao sa Tomom.	Вчера я разговаривал с Томом.	5	0	5034784
Juče sam razgovarao sa Tomom.	Вчера я разговаривал с Томом.	5	0	5034789
Juče uveče sam slušao radio.	Вчера вечером я слушал радио.	5	0	3477994
Kada ona odlazi u inostranstvo?	Когда она уезжает за границу?	5	0	3356153
Kada se vraćaš iz Nemačke?	Когда ты возвращаешься из Германии?	5	0	3439229
Kada si bio u Bostonu?	Когда ты был в Бостоне?	5	0	3357150
Kada si imao prvu ljubav?	Когда у тебя была первая любовь?	5	0	3370591
Kada ste došli u Pariz?	Когда вы приехали в Париж?	5	0	5873235
Kako je prošao čas francuskog?	Как прошёл урок французского?	5	0	393404
Kako je tvoje puno ime?	Как твоё полное имя?	5	1	3791347
Kako mogu da mrzim Toma?	Как я могу ненавидеть Тома?	5	0	4449742
Kako mogu da se zaštitim?	Как я могу себя защитить?	5	0	5002289
Kako mogu da ti pomognem?	Как я могу тебе помочь?	5	1	3429765
Kako se piše tvoje prezime?	Как пишется твоя фамилия?	5	0	10686236
Kako se zove ova ulica?	Как называется эта улица?	5	0	3311752
Kako se zove taj restoran?	Как называется тот ресторан?	5	0	5002757
Kako su Tom i Meri?	Как Том и Мэри?	5	1	4324653
Kako ti je ime oca?	Как зовут твоего отца?	5	1	3317295
Kako ti je prošao dan?	Как у тебя день прошёл?	5	1	6447036
Kakva je bila tvoja strategija?	Какая у тебя была стратегия?	5	0	13818689
Kakvu hranu voliš da kuvaš?	Какую еду ты любишь готовить?	5	0	4239896
Kao u dobra stara vremena.	Как в старые добрые времена.	5	1	6196053
Kao u stara lepa vremena.	Как в старые добрые времена.	5	1	6196055
Kažite imena najvećih pritoka Dunava.	Назовите крупные притоки Дуная.	5	0	1533455
Kažu da gradonačelnik uzima mito.	Говорят, мэр берёт взятки.	5	0	7069899
Kažu da gradonačelnik uzima mito.	Говорят, градоначальник берёт взятки.	5	0	7069899
Keti Volf je dobra pevačica.	Кати Вольф — хорошая певица.	5	0	1157185
Kina se razvija veoma brzo.	Китай очень быстро развивается.	5	0	1195417
Kiša je dobovala o prozor.	Дождь барабанил в окно.	5	0	3253815
Kiša je padala tri dana.	Дождь шёл три дня.	5	0	3305662
Kiša je prešla u sneg.	Дождь перешёл в снег.	5	0	3418839
Kiša je trajala tri dana.	Дождь продолжался три дня.	5	0	899412
Knjiga je pala na pod.	Книга упала на пол.	5	0	4967504
Knjige su moji najbolji prijatelji.	Книги - мои лучшие друзья.	5	1	923291
Ko igra u tom filmu?	Кто играет в этом фильме?	5	0	1676057
Ko je napisao ovu knjigu?	Кто написал эту книгу?	5	1	3356455
Ko je napisao to pismo?	Кто написал то письмо?	5	1	3311757
Ko je naslikao ovu sliku?	Кто нарисовал эту картину?	5	0	1111640
Ko je ostavio otvorena vrata?	Кто оставил дверь открытой?	5	0	939957
Ko je ostavio otvorena vrata?	Кто оставил ворота открытыми?	5	0	939957
Ko je otkrio to ostrvo?	Кто открыл этот остров?	5	0	1074733
Ko je tvoj omiljeni rvač?	Кто у тебя любимый борец?	5	0	2709277
Ko je tvoj učitelj engleskog?	Кто твой учитель английского?	5	0	893071
Ko je vlasnik ove gitare?	Кто владелец этой гитары?	5	0	3305733
Ko od tvojih prijatelja dolazi?	Кто из твоих друзей придёт?	5	1	3305851
Ko su moji novi susedi?	Кто мои новые соседи?	5	0	3425091
Ko su ova tri muškarca?	Кто эти трое мужчин?	5	1	5039846
Ko živi u susednoj kući?	Кто живёт в соседнем доме?	5	0	4975962
Koja je tvoja krvna grupa?	Какая у тебя группа крови?	5	0	6813946
Koji je glavni grad Finske?	Какая столица у Финляндии?	5	0	3250712
Koji je tvoj omiljeni film?	Какой у тебя любимый фильм?	5	0	898383
Koji jezik govore u Meksiku?	На каком языке говорят в Мексике?	5	0	3262892
Koji jezik ima najkomplikovaniju gramatatiku?	У какого языка самая сложная грамматика?	5	0	3244742
Koliko dugo već živite ovde?	Как долго вы уже живёте здесь?	5	0	5909466
Koliko ima konja u Švedskoj?	Сколько в Швеции лошадей?	5	0	3296167
Koliko imaš braće i sestara?	Сколько у тебя братьев и сестёр?	5	0	3362096
Koliko je dugačka reka Nil?	Какой длины река Нил?	5	0	4262004
Koliko je dugo banka otvorena?	Как долго открыт банк?	5	0	3366620
Koliko je dva plus dva?	Сколько будет два плюс два?	5	0	1080485
Koliko je ljudi na slici?	Сколько людей на картине?	5	0	3477701
Koliko je odavde do parka?	Сколько отсюда до парка?	5	0	3245649
Koliko je star ovaj avion?	Сколько лет этому самолёту?	5	1	5039790
Koliko jezika govoriš, toliko vrediš.	На скольких языках ты говоришь, настолько ты ценишься.	5	0	1185068
Koliko košta ovaj foto-aparat?	Сколько стоит этот фотоаппарат?	5	0	5843355
Koliko ljudi je bilo tamo?	Сколько там было человек?	5	1	4243436
Koliko ljudi je bilo tamo?	Сколько человек там было?	5	1	4243436
Koliko ljudi je bilo tamo?	Сколько людей там было?	5	1	4243436
Koliko nam je novca potrebno?	Сколько нам нужно денег?	5	1	4781336
Koliko ona ima telefonskih brojeva?	Сколько у неё телефонных номеров?	5	0	3429738
Koliko ste Šekspirovih tragedija pročitali?	Сколько трагедий Шекспира вы читали?	5	0	1157205
Koliko često idete u biblioteku?	Как часто вы ходите в библиотеку?	5	0	1097752
Koliko često ideš u Boston?	Как часто ты ездишь в Бостон?	5	0	4239898
Koliko često putujete u inostranstvo?	Как часто вы ездите за границу?	5	0	1153269
Koliko često Tom dolazi ovde?	Как часто Том приходит сюда?	5	1	3418587
Konferencija nije baš bila uspešna.	Конференция прошла не очень успешно.	5	0	6876564
Koristimo mnogo vode svaki dan.	Мы каждый день расходуем много воды.	5	0	3267427
Kralj je zloupotrebio svoju moć.	Король злоупотреблял своей властью.	5	0	714486
Kreč se meša sa vodom.	Известь смешивается с водой.	5	0	3472735
Kupi knjigu i pročitaj je.	Купи книгу и прочти её.	5	0	6906467
Kupila je knjigu u prodavnici.	Она купила книгу в магазине.	5	0	3357131
Kupili smo pet crvenih jabuka.	Мы купили пять красных яблок.	5	0	1312310
Kupio je knjigu u prodavnici.	Он купил книгу в магазине.	5	0	3357135
Kupio mi je novi rečnik.	Он купил мне новый словарь.	5	0	3266914
Kupio sam šargarepe i kelerabu.	Я купил морковь и кольраби.	5	0	3644196
Kupite knjigu i pročitajte je.	Купите книгу и прочтите её.	5	0	6906479
Kuća ima dve spavaće sobe.	В доме две спальни.	5	0	1157221
Laku noć i lepi snovi!	Спокойной ночи и приятных снов!	5	0	3450957
Lavine predstavljaju opasnost za alpiniste.	Лавины представляют опасность для альпинистов.	5	0	3501835
Lejla ima širok krug prijatelja.	У Лейлы широкий круг друзей.	5	0	6024225
Lepo je videti te ovde.	Приятно видеть тебя здесь.	5	1	3494430
Lepota je u oku posmatrača.	Красота в глазах смотрящего.	5	0	5993453
Leto je vreme školskog raspusta.	Лето - время школьных каникул.	5	0	1113775
Lišće je padalo na zemlju.	Листья падали на землю.	5	0	1043432
Ljudi su ovde veoma srdačni.	Люди здесь очень сердечные.	5	0	8849412
Ljudi su ovde veoma srdačni.	Люди здесь очень радушные.	5	0	8849412
Maja Keuc je dobra pevačica.	Майя Кеуц — хорошая певица.	5	0	949083
Maja Keuc je slovenačka pevačica.	Майя Кеуц — словенская певица.	5	0	12406436
Majk i Ken su prijatelji.	Майк и Кен - друзья.	5	0	3305522
Majčino srce nikada ne greši.	Материнское сердце никогда не ошибается.	5	0	5650882
Male ribe plivaju u akvarijumu.	В аквариуме плавают маленькие рыбки.	5	0	3402680
Malo ljudi doživi sto godina.	Немногие люди доживают до ста лет.	5	0	3243162
Mama mi je kupila knjigu.	Мама купила мне книгу.	5	0	3477963
Mama će nam kupiti štene.	Мама купит нам щенка.	5	0	4784559
Mamino srce nikada ne greši.	Материнское сердце никогда не ошибается.	5	0	5650883
Maria je kupila sebi mikroskop.	Мария купила себе микроскоп.	5	0	4434771
Marija i ja radimo zajedno.	Мы с Марией работаем вместе.	5	0	3342339
Marija i Maki su sestre.	Мария и Маки - сёстры.	5	0	3313755
Marija je dobila na težini.	Мария набрала вес.	5	0	3368236
Marija je moje usvojeno dete.	Мария - мой приёмный ребёнок.	5	0	3445798
Marija zna da govori japanski.	Мария умеет говорить по-японски.	5	0	3391943
Marija zna vrlo dobro Norveški.	Мария очень хорошо знает норвежский.	5	0	3370951
Mariji su potrebne nove pantalone.	Марии нужны новые брюки.	5	0	3469430
Mario i Luiđi su braća.	Марио и Луиджи — братья.	5	0	3254421
Mario je kupio sebi mikroskop.	Марио купил себе микроскоп.	5	0	4434770
Matematika je osnova svim naukama.	Математика - основа всех наук.	5	0	3478041
Mačka je jurila za pacovom.	Кошка гналась за крысой.	5	0	1498237
Mačka je zaspala na stolu.	Кошка заснула на столе.	5	0	3440668
Mačka želi da uhvati miša.	Кошка хочет поймать мышь.	5	0	8823899
Meni se sviđa da pešačim.	Мне нравится ходить пешком.	5	0	1266615
Meni, molim vas, šoljicu kafe.	Мне, пожалуйста, чашку кофе.	5	0	1080444
Mi mu se ne sviđamo.	Мы ему не нравимся.	5	0	3425835
Mi radimo za svetski mir.	Мы добиваемся мира во всём мире.	5	0	1648261
Mi radimo za svetski mir.	Мы работаем ради мира во всём мире.	5	0	1648261
Mi smo brat i sestra.	Мы брат и сестра.	5	1	1127183
Mi smo doživeli tri rata.	Мы пережили три войны.	5	0	3396040
Mi smo juče igrali košarku.	Вчера мы играли в баскетбол.	5	0	1135269
Mi tu ništa ne možemo.	Мы тут ничего не можем.	5	1	4251209
Mi uvozimo čaj iz Indije.	Мы импортируем чай из Индии.	5	0	1113768
Mi znamo ko je on.	Мы знаем, кто он.	5	1	3396034
Mi znamo ko si ti.	Мы знаем, кто ты такой.	5	1	3441067
Milano je glavni grad Lombardije.	Милан - столица Ломбардии.	5	0	3370970
Mislila sam da trebaš pomoć.	Я думала, что тебе нужна помощь.	5	1	5864140
Mislim da niko ne zna.	Думаю, никто не знает.	5	1	4250301
Mislim da smo imali sreće.	Я думаю, что нам повезло.	5	1	5002942
Mislim da su svi spremni.	Думаю, все готовы.	5	1	5002738
Mislim da Tom voli bejzbol.	Я думаю, Том любит бейсбол.	5	0	5002793
Mislim da Tomu treba pomoć.	Я думаю, Тому нужна помощь.	5	0	4975985
Miš beži od gladne mačke.	Мышь убегает от голодной кошки.	5	0	3478668
Mnogi misle da sam glup.	Многие думают, что я глупый.	5	1	3361902
Mnogo je brodova u luci.	В порту много кораблей.	5	0	3313396
Mnogo je ljudi u parku.	В парке много людей.	5	0	3438701
Mnogo je vlage u vazduhu.	Воздух очень влажный.	5	0	1085915
Mnogo je vlage u vazduhu.	Воздух очень сырой.	5	0	1085915
Mnogo vam hvala, moji prijatelji!	Большое вам спасибо, мои друзья!	5	1	5397783
Mogao sam da iskoristim to.	Я мог это использовать.	5	0	4254055
Mogla sam da iskoristim to.	Я могла это использовать.	5	0	4254056
Mogu da nosim veliki teret.	Я могу нести большой груз.	5	0	3343550
Mogu da otpevam drugu pesmu.	Я могу спеть другую песню.	5	0	5397825
Mogu da pevam drugu pesmu.	Я могу спеть другую песню.	5	0	5397824
Mogu da čitam bez naočara.	Я могу читать без очков.	5	0	3311743
Mogu da živim bez vode.	Я могу жить без воды.	5	1	2655864
Mogu li da idem prvi?	Я могу пойти первым?	5	1	3424995
Mogu li da otvorim prozor?	Я могу открыть окно?	5	0	4262026
Mogu li da pitam zašto?	Я могу спросить почему?	5	1	4449723
Mogu li da postavim pitanje?	Я могу задать вопрос?	5	0	3371636
Mogu li da te poljubim?	Я могу тебя поцеловать?	5	0	5949315
Mogu li da ti pomognem?	Я могу тебе помочь?	5	1	3290643
Mogu li dobiti čašu vode?	Можно мне стакан воды?	5	0	3318076
Mogu li uzeti tvoj rečnik?	Могу я взять твой словарь?	5	0	6906530
Moj arapski nije naročito dobar.	Мой арабский не особо хорош.	5	0	3414597
Moj automobil je u garazi.	Мой автомобиль в гараже.	5	0	6024223
Moj brat igra dobro tenis.	Мой брат хорошо играет в теннис.	5	0	3313560
Moj brat je pronašao rešenje.	Мой брат нашёл решение.	5	0	3344156
Moj brat koristi ovaj bicikl.	Мой брат пользуется этим велосипедом.	5	0	3311749
Moj brat radi u Francuskoj.	Мой брат работает во Франции.	5	0	3438778
Moj mali brat gleda TV.	Мой младший брат смотрит телевизор.	5	1	3371585
Moj mlađi brat gleda TV.	Мой младший брат смотрит телевизор.	5	0	3371580
Moj muž je dobar čovek.	Мой муж — хороший человек.	5	1	4784608
Moj muž je izgubio posao.	Мой муж потерял работу.	5	1	4971851
Moj muž sve vreme pije.	Мой муж всё время пьёт.	5	0	3476375
Moj otac ima dobar posao.	У моего отца хорошая работа.	5	1	3370988
Moj otac ima nov automobil.	Машина моего отца новая.	5	0	1214522
Moj otac ima nov automobil.	У моего отца новый автомобиль.	5	0	1214522
Moj otac ima poremećaj ličnosti.	У моего отца расстройство личности.	5	0	3370990
Moj otac je nastavnik Engleskog.	Мой отец - преподаватель английского.	5	0	3288330
Moj otac je rekao ne.	Мой отец сказал нет.	5	1	6548137
Moj otac je trenutno zauzet.	Мой отец в данный момент занят.	5	1	3304230
Moj otac je vozač autobusa.	Мой отец - водитель автобуса.	5	0	3430917
Moj otac ne voli fudbal.	Мой отец не любит футбол.	5	0	3286443
Moj otac radi u fabrici.	Мой отец работает на фабрике.	5	0	3244711
Moj otac sluša klasičnu muziku.	Мой отец слушает классическую музыку.	5	0	3644178
Moj pas ima dugačak rep.	У моей собаки длинный хвост.	5	0	3313606
Moj posao je moj hobi.	Моя работа - моё хобби.	5	0	3340695
Moj prijatelj Marko je seljak.	Мой друг Марко - крестьянин.	5	0	1498244
Moj prijatelj studira u inostranstvu.	Мой друг учится за границей.	5	0	3318120
Moj sat mora biti popravljen.	Мои часы нужно починить.	5	0	3343439
Moj sat pokazuje tačno vreme.	Мои часы показывают точное время.	5	0	664819
Moj ujak ima veliku porodicu.	У моего дяди большая семья.	5	0	3440452
Moj ujak živi blizu škole.	Мой дядя живёт недалеко от школы.	5	0	3387245
Moj život je u opasnosti.	Моя жизнь в опасности.	5	1	3425098
Moja baka ima brata blizanca.	У моей бабушки есть брат-близнец.	5	0	3476188
Moja je porodica volela Toma.	Моя семья любила Тома.	5	0	3414398
Moja majka je bila alkoholičarka.	Моя мать была алкоголичкой.	5	0	4971936
Moja sestra vrlo lepo peva.	Моя сестра очень красиво поёт.	5	0	3648841
Moji klijenti su uvek zadovoljni.	Мои клиенты всегда довольны.	5	0	5397831
Moji me prijatelji zovu profesor.	Друзья зовут меня профессором.	5	0	3478029
Molim te da mi veruješ.	Пожалуйста, поверь мне.	5	1	4246083
Molim te govori malo glasnije.	Пожалуйста, говори чуть погромче.	5	0	3248283
Molim Vas izvinite što kasnim.	Пожалуйста, извините за опоздание.	5	1	3382594
Molim Vas ne otvarajte prozor.	Пожалуйста, не открывайте окно.	5	0	800024
Molim Vas popunite ovaj formular.	Пожалуйста, заполните этот бланк.	5	0	3253889
Molim vas, pošaljite knjigu poštom.	Пожалуйста, пошли книгу почтой.	5	0	1124623
Moram da idem da spavam.	Я должен идти спать.	5	1	1232276
Moram da idem da spavam.	Я должна идти спать.	5	1	1232276
Moram da idem da spavam.	Мне нужно идти спать.	5	1	1232276
Moram da mislim na decu.	Я должен думать о детях.	5	1	5843289
Moram da napunim akvarijum vodom.	Мне нужно наполнить аквариум водой.	5	0	3300733
Moramo da sačekamo zakašnjenje voza.	Нам следует ожидать задержку поезда.	5	0	1621130
Morate učiti od svojih grešaka.	Вы должны учиться на своих ошибках.	5	0	3311733
Moraš da sačekaš sledeći autobus.	Ты должен подождать следующего автобуса.	5	0	3478031
Možda ćete jednog dana razumeti.	Возможно, когда-нибудь вы поймёте.	5	0	8870490
Možda ćeš jednog dana razumeti.	Возможно, когда-нибудь ты поймёшь.	5	0	8870488
Možeš da koristiš ovaj telefon.	Можешь пользоваться этим телефоном.	5	0	8890454
Možeš li da ovo otvoriš?	Ты можешь это открыть?	5	0	3439344
Mraz i sunce, predivan dan!	Мороз и солнце; день чудесный!	5	0	5674504
Muriel sada ima dvadeset godina.	Мюриел сейчас двадцать лет.	5	0	6534200
Muž mi je izgubio posao.	Мой муж потерял работу.	5	1	4971852
Na koju si hranu alergičan?	На какую пищу у тебя аллергия?	5	0	4238343
Na pisaćem stolu leži rečnik.	На письменном столе лежит словарь.	5	0	1528428
Na stolu stoji flaša vina.	На столе стоит бутылка вина.	5	0	6936607
Na svetu postoji mnogo jezika.	В мире существует много языков.	5	0	1185058
Najlepši cvetovi imaju najoštrije trnje.	У самых красивых цветов самые острые шипы.	5	0	3429712
Naoko živi u beloj kući.	Наоко живёт в белом доме.	5	0	2763053
Napisala je članak za novine.	Она написала статью в газету.	5	0	7005434
Napisao je knjigu o Kini.	Он написал книгу о Китае.	5	0	3305653
Napisao je knjigu u Kini.	Он написал книгу в Китае.	5	0	3305651
Napisao sam pesmu o Tatoebi.	Я написал песню про Татоэбу.	5	0	3368061
Napokon sam zavrsio svoj zadatak.	Наконец я закончил своё задание.	5	0	3125195
Napravio sam mnogo glupih grešaka.	Я сделал много глупых ошибок.	5	0	5308573
Naravno, Tom voli svoju decu.	Конечно, Том любит своих детей.	5	1	4986725
Nas dvoje smo toliko različiti.	Мы двое такие разные.	5	0	6150587
Nazovi me ako pronađeš nešto.	Позвони мне, если что-нибудь найдёшь.	5	0	3266907
Naš učitelj je prilično duhovit.	Наш учитель достаточно остроумный.	5	0	4248482
Naš časopis traži nove pretplatnike.	Наш журнал ищет новых подписчиков.	5	0	1228632
Naša učiteljica je prilično duhovita.	Наша учительница достаточно остроумна.	5	0	4248483
Naše cene su se smanjile.	Наши тарифы стали меньше!	5	0	1135339
Naše malo nekome je mnogo.	Что для нас мало, для кого-то много.	5	1	1082344
Ne budi drzak sa mnom!	Не дерзи мне.	5	0	6883600
Ne mešajte Austriju sa Australijom.	Не путайте Австрию с Австралией.	5	0	1200594
Ne mogu da to uradim.	Я не могу этого сделать.	5	1	3425938
Ne mogu da više jedem.	Я не могу больше есть.	5	0	3390086
Ne mogu da zaboravim to.	Я не могу этого забыть.	5	0	4250679
Ne mogu ti reci istinu.	Я не могу тебе сказать правду.	5	1	930875
Ne mogu ti reci istinu.	Я не могу сказать тебе правду.	5	1	930875
Ne moraš da to pojedeš.	Ты не должен это есть.	5	0	3380023
Ne možeš da nas otpustiš.	Ты не можешь нас отпустить.	5	0	7153856
Ne možeš da nas otpustiš.	Ты не можешь нас уволить.	5	0	7153856
Ne možeš da sada ideš.	Ты не можешь сейчас идти.	5	1	3645033
Ne postoji pravilo bez izuzetka.	Нет правила без исключения.	5	0	6196050
Ne razumem šta govori učitelj.	Я не понимаю, что говорит учитель.	5	0	6369095
Ne selim se u Boston.	Я не переезжаю в Бостон.	5	0	4972311
Ne sećam se njegovog imena.	Я не помню его имени.	5	1	4308107
Ne stavljaj laktove na sto.	Не клади локти на стол.	5	0	4240734
Ne stavljaj laktove na sto.	Не ложи локти на стол.	5	0	4240734
Ne treba da radiš nedeljom.	Тебе не нужно работать по воскресеньям.	5	0	3359648
Ne ulazi u moju sobu.	Не заходи в мою комнату.	5	1	1051916
Ne vidim ko je to.	Я не вижу, кто это.	5	1	4251253
Ne volim muškarce poput njega.	Я не люблю таких мужчин, как он.	5	0	1133533
Ne zna da vozi bicikl?	Он не умеет ездить на велосипеде?	5	0	5596468
Ne zna da vozi bicikl?	Она не умеет ездить на велосипеде?	5	0	5596468
Ne znam gde da počnem.	Я не знаю, с чего начать.	5	0	6877196
Ne znam ništa o njemu.	Я ничего о нём не знаю.	5	1	3366777
Ne znam ništa o njoj.	Я ничего о ней не знаю.	5	1	3366779
Ne znam ništa o ubistvu.	Я ничего не знаю об убийстве.	5	0	10689063
Ne znam ništa o ženama.	Я ничего не знаю о женщинах.	5	0	3440632
Ne znam šta se dogodilo.	Я не знаю, что произошло.	5	1	3394627
Ne znam šta se dogodilo.	Я не знаю, что случилось.	5	1	3394627
Ne želim da idem sam.	Я не хочу идти один.	5	1	884468
Ne želim ništa od tebe.	Я ничего от тебя не хочу.	5	1	3394935
Ne živim daleko od škole.	Я живу недалеко от школы.	5	1	3371002
Ne živim u ovom gradu.	Я не живу в этом городе.	5	1	2925848
Ne živim u tom gradu.	Я не живу в том городе.	5	1	2925852
Ne živimo u savršenom svetu.	Мы не живём в идеальном мире.	5	0	13695444
Nebo je bilo prekriveno oblacima.	Небо было покрыто тучами.	5	0	3366703
Nebo je danas pokriveno oblacima.	Небо сегодня покрыто тучами.	5	0	1183312
Nebo je danas pokriveno oblacima.	Небо сегодня покрыто облаками.	5	0	1183312
Nebo je postajalo sve tamnije.	Небо становилось всё темнее.	5	0	3366727
Nedeljom nikada nisam kod kuće.	По воскресеньям меня никогда не бывает дома.	5	0	3357080
Nedeljom nisam uvek kod kuće.	По воскресеньям я не всегда дома.	5	0	1055734
Neka mačka je ispod stola.	Под столом какая-то кошка.	5	0	3430386
Neko je pokucao na vrata.	Кто-то постучал в дверь.	5	0	2044028
Neko je pokucao na vrata.	Кто-то постучал в ворота.	5	0	2044028
Neko je u ovoj sobi.	В этой комнате кто-то есть.	5	1	3414566
Neko je ukrao Merin novac.	Кто-то украл у Мэри её деньги.	5	0	1183350
Neko mi je ukrao torbicu.	Кто-то украл у меня сумочку.	5	0	1457591
Nema nijednog oblaka na nebu.	На небе ни облачка.	5	0	1043510
Nema postoji pravilo bez izuzetka.	Нет правила без исключения.	5	0	6196049
Nema veće vrednosti od drugarstva.	Нет большей ценности, чем дружба.	5	0	1159984
Nemam ništa novca kod mene.	У меня нет с собой нисколько денег.	5	1	3311700
Nemam ništa zajedničkog sa njima.	У меня нет с ними ничего общего.	5	0	3484108
Nemam o čemu da pišem.	Мне не о чем писать.	5	0	4248813
Nemam pojima šta se dešava.	Понятия не имею, что происходит.	5	0	3298908
Nemam reči, koliko sam zahvalan.	У меня нет слов, насколько я благодарен.	5	0	3266836
Nemam vremena da te vidim.	У меня нет времени тебя видеть.	5	1	1117640
Nemam želju da uradim to.	У меня нет желания это делать.	5	0	4250579
Nemačka se graniči sa Holandijom.	Германия граничит с Голландией.	5	0	3439124
Nemoguće je živeti bez vode.	Невозможно жить без воды.	5	0	3265626
Nemoj da jedeš kao svinja.	Не ешь как свинья.	5	0	3535661
Nemoj da ovde igraš bejzbol.	Не играй здесь в бейсбол.	5	0	3265507
Nemoj da zaboraviš moje ime!	Не забывай моё имя!	5	0	3414405
Nemojte da govorite punih ustiju.	Нельзя говорить с набитым ртом.	5	0	1676095
Nesreća nikad ne dolazi sama.	Беда никогда не приходит одна.	5	0	3288896
Nevolja nikad ne dolazi sama.	Беда никогда не приходит одна.	5	0	5630495
Nešto je ležalo na zemlji.	Что-то лежало на земле.	5	0	4250733
Nešto mu utiče na nerve.	Что-то действует ему на нервы.	5	0	3501818
Nije zlato sve što sija.	Не всё то золото, что блестит.	5	0	1484522
Nik mi duguje deset dolara.	Ник должен мне десять долларов.	5	0	3311613
Nikad nisam bio vernik Hrišćanstva.	Я никогда не был верующим христианином.	5	0	664760
Nikad pasti neće crvena zvezda.	Красная звезда никогда не упадет.	5	0	1142580
Nikad pasti neće crvena zvezda.	Красные звезды не падают.	5	0	1142580
Nikad ranije nismo igrali fudbal.	Мы никогда раньше не играли в футбол.	5	0	5035430
Nikad se nećemo vratiti tamo.	Мы никогда туда больше не вернёмся.	5	1	4983352
Nikad ti nisam ništa obećao.	Я тебе никогда ничего не обещал.	5	1	3395248
Nikada ranije nisam opazila to.	Я никогда раньше этого не замечала.	5	0	5035503
Nikada ranije nismo igrale fudbal.	Мы никогда раньше не играли в футбол.	5	0	5035432
Nikada ranije nismo igrali fudbal.	Никогда раньше мы в футбол не играли.	5	0	5035431
Nikada to ne bih učinio.	Я бы никогда этого не сделал.	5	1	5848094
Niko ne vidi moje suze.	Никто не видит моих слёз.	5	0	3391984
Niko nije brz kao vi.	Нет никого быстрее вас.	5	0	4292348
Niko ovde ne jede meso.	Никто здесь не ест мясо.	5	1	4250731
Nikome ni reč o tome!	Никому об этом ни слова!	5	1	6963505
Nisam doručkovao, pa sam gladan.	Я не завтракал, поэтому хочу есть.	5	0	8820615
Nisam ljut ni na koga.	Я ни на кого не злюсь.	5	1	4972234
Nisam nikada čitao tu knjigu.	Я никогда не читал ту книгу.	5	0	3304406
Nisam razumeo šta je rekao.	Я не понял, что он сказал.	5	1	5594072
Nisam te ranije viđala ovde.	Я тебя раньше здесь не видела.	5	0	4264055
Nisam toliko visok kao ti.	Я не такой высокий, как ты.	5	0	665274
Nisi bio juče u školi.	Тебя вчера не было в школе.	5	1	3307057
Nismo sposobni živeti bez vazduha.	Мы не можем жить без воздуха.	5	0	1066186
Nisu svi studenti bili prisutni.	Не все студенты присутствовали.	5	0	3243950
Ništa me ne može zaustaviti.	Ничто не может меня остановить.	5	1	6900300
Njega uopšte ne interesuje umetnost.	Он вообще не интересуется искусством.	5	0	1946228
Njegova supruga govori u snu.	Его супруга разговаривает во сне.	5	0	1511373
Njegova zemlja obećava bogat rod.	Его земля обещает богатый урожай.	5	0	1221258
Njegovo ime nije na listi.	Его имени нет в списке.	5	0	3265560
Njemu je neophodno da radi.	Ему не нужно работать.	5	0	1127252
Njemu se dopada njegov položaj.	Ему нравится его положение.	5	0	1181854
Njen prijatelj voli svog psa.	Её друг любит свою собаку.	5	1	3478030
Njeno ime je bilo nepoznato.	Её имя было неизвестно.	5	0	5919546
Njeno sunce je na zalasku.	Её солнце клонится к закату.	5	0	1057898
Njoj se sviđa ruski pop.	Ей нравится русская попса.	5	0	398994
Norveška je moja nova domovina.	Норвегия - моя новая родина.	5	0	3362168
Novi koronavirus je veoma zarazan.	Новый коронавирус очень заразен.	5	0	8719546
O tome ne treba brinuti.	Об этом не нужно беспокоиться.	5	1	3299756
Obe moje sestre su učitelji.	Обе мои сестры - учителя.	5	0	5035492
Obe moje sestre su učiteljice.	Обе мои сестры - учительницы.	5	0	5035489
Obično nisam u kancelariji ponedeljkom.	Обычно меня не бывает в офисе по понедельникам.	5	0	4250312
Objašnjenje je pogubno za filozofiju.	Разъясниться - убийственно для философии.	5	0	1159978
Obožavam da idem u bioskop.	Я обожаю ходить в кино.	5	0	3304229
Od drveća ne vidi šumu.	Ты не можешь увидеть лес за деревьями.	5	0	1384474
Odlučio je da ostavi pušenje.	Он решил бросить курить.	5	0	1055738
Ofarbao je plafon u plavo.	Он выкрасил потолок в синий цвет.	5	0	3242717
Ofarbao je plafon u plavo.	Он покрасил потолок в голубой цвет.	5	0	3242717
Ogromna moć leži u rečima.	В словах заключена огромная сила.	5	0	5626598
Olovka je na pisaćem stolu.	Карандаш лежит на письменном столе.	5	0	3386944
On bi nas sve pobio!	Он нас всех угробит!	5	0	5651572
On igra tenis svaki dan.	Он играет в теннис каждый день.	5	0	3253154
On igra tenis svaki dan.	Он каждый день играет в теннис.	5	0	3253154
On ima mnoge originalne ideje.	У него много оригинальных идей.	5	0	1200548
On ima nešto protiv mene.	Он что-то против меня имеет.	5	1	3313446
On ima nešto u džepu.	У него что-то в кармане.	5	0	3445882
On ima poslednji model automobila.	У него авто самой последней модели.	5	0	1056866
On ima velike plave oči.	У него большие голубые глаза.	5	0	3535745
On izgleda da je bolestan.	Он выглядит больным.	5	1	1063401
On je bio moj kolega.	Он был моим коллегой.	5	0	3506040
On je došao u sobu.	Он вошёл в комнату.	5	1	900754
On je ispunio svoje obećanje.	Он выполнил своё обещание.	5	0	1312275
On je moj biološki otac.	Он мой биологический отец.	5	0	3424948
On je moj stariji brat.	Он мой старший брат.	5	0	1188961
On je moja prva ljubav.	Он моя первая любовь.	5	1	3370594
On je napisao dve knjige.	Он написал две книги.	5	1	3303491
On je ostavio otvorena vrata.	Он оставил дверь открытой.	5	0	1153364
On je otkrio novu zvezdu.	Он открыл новую звезду.	5	0	3306836
On je oženio moju sestru.	Он женился на моей сестре.	5	0	6900000
On je pao na kolena.	Он упал на колени.	5	0	3474668
On je pokucao na vrata.	Он постучал в дверь.	5	0	1433846
On je sa svojim roditeljima.	Он со своими родителями.	5	0	3424943
On je sagorio svoju mladost.	Он прожег свою молодость.	5	0	1183345
On je slep od rođenja.	Он был слеп с рождения.	5	0	1195473
On je umro prirodnom smrću.	Он умер естественной смертью.	5	0	1173831
On je veoma pohotljiv čovek.	Он очень похотливый человек.	5	0	1153327
On je vlasnik te zemlje.	Он собственник этой земли.	5	0	3435922
On je vodio razvratan život.	Он вёл порочную жизнь.	5	0	1178224
On je zamenio traumiranog igrača.	Он заменил травмированного игрока.	5	0	1081757
On misli da zna sve.	Он думает, что знает всё.	5	1	939021
On ne jede sirovu ribu.	Он не ест сырую рыбу.	5	0	805709
On ne radi više ovde.	Он больше не работает здесь.	5	1	1054926
On nikada ne ide vozom.	Он никогда не ездит на поезде.	5	0	3424958
On nikada ne ide vozom.	Он никогда не ездит поездом.	5	0	3424958
On ponosno nosi zelenu zvezdu.	Он гордо носит зелёную звезду.	5	0	1293874
On protestuje protiv novog plana.	Он протестует против нового плана.	5	0	1520106
On puno govori o njoj.	Он много говорит о ней.	5	1	5397812
On sada radi u Engleskoj.	Он сейчас работает в Англии.	5	0	1116819
On sada živi u stanu.	Он сейчас живёт в квартире.	5	1	3327342
On se vratio iz Amerike.	Он вернулся из Америки.	5	0	3248250
On se vraća iz Amerike.	Он вернулся из Америки.	5	0	1047306
On se šetao kroz šumu.	Он гулял по лесу.	5	0	3440827
On slabo kontaktira sa ljudima.	Он плохо контактирует с людьми.	5	0	1135349
On stalno krivi druge ljude.	Он постоянно обвиняет других людей.	5	0	890871
On stalno postavlja glupa pitanja.	Он постоянно задаёт глупые вопросы.	5	0	3435118
On ti nije učinio štetu.	Он тебе не причинит вреда.	5	0	1200598
On uopšte ne zna francuski.	Он вообще не знает французский.	5	0	1159963
On uvek ima tamne naočare.	Он всегда в тёмных очках.	5	0	1052108
On veoma dobro govori španski.	Он очень хорошо говорит по-испански.	5	0	3484249
On voli kafu bez šećera.	Он любит кофе без сахара.	5	0	1091391
On vozi auto, zar ne?	Он водит машину, не так ли?	5	1	1181849
On za život zarađuje perom.	Он зарабатывает на жизнь пером.	5	0	1280745
On često kasni u školu.	Он часто опаздывает в школу.	5	0	1046454
On želi čašu hladne vode.	Он хочет стакан холодной воды.	5	0	3300834
Ona danas izgleda veoma srećno.	Она сегодня выглядит очень счастливой.	5	1	3393886
Ona ga nikada nije videla.	Она его никогда не видела.	5	1	6897454
Ona ima dve hiljade knjiga.	У неё есть две тысячи книг.	5	0	1097802
Ona ima i dobru memoriju.	У неё и память хорошая.	5	0	3366225
Ona izgleda kao grčka boginja.	Она похожа на греческую богиню.	5	0	6813507
Ona je ljuta na mene.	Она на меня сердится.	5	0	934210
Ona je ljuta na mene.	Она на меня злится.	5	0	934210
Ona je moja prva ljubav.	Она моя первая любовь.	5	1	3370592
Ona je pevala neku pesmu.	Она пела какую-то песню.	5	0	3425420
Ona je poput našeg idola.	Она как наш кумир.	5	0	1046518
Ona je prevela tekst bukvalno.	Она перевела текст буквально.	5	0	6926845
Ona je prijateljica moje sestre.	Она подруга моей сестры.	5	1	6197184
Ona je razgovarala sa susedima.	Она разговорилась с соседями.	5	0	1228543
Ona je takođe kupila rečnik.	Она тоже купила словарь.	5	0	3304427
Ona je već bila trudna.	Она уже была беременна.	5	1	3304830
Ona je zakasnila na sastanak.	Она опоздала на встречу.	5	0	3503778
Ona malo zna arapski jezik.	Она немного знает арабский язык.	5	0	3393555
Ona ne ume voziti bicikl.	Она не умеет ездить на велосипеде.	5	0	1056870
Ona ponekad piše svome sinu.	Она иногда пишет своему сыну.	5	0	3245616
Ona pravi od komarca slona.	Она делает из мухи слона.	5	0	3440928
Ona se dopada ostalim devojkama.	Она нравится другим девочкам.	5	0	1280751
Ona se mnogo plaši zmija.	Она очень боится змей.	5	0	3256196
Ona se osmehnula i oprostila.	Она улыбнулась и попрощалась.	5	0	1116818
Ona se rodila prošle godine.	Она родилась в прошлом году.	5	0	3392085
Ona se uvek pridružuje njemu.	Она всегда к нему придирается.	5	0	1098594
Ona spava sa dva jastuka.	Она спит на двух подушках.	5	0	1048885
Ona u bašti sadi ruže.	Она в саду, садит розы.	5	0	1498240
Ona uvek nosi drečavu odeću.	Она всегда носит вызывающую одежду.	5	0	4243560
Ona voli poeziju i muziku.	Она любит поэзию и музыку.	5	0	3386920
Ona zna da svira pianino.	Она умеет играть на пианино.	5	0	1076689
Ona često menja svoje mišljenje.	Она часто меняет своё мнение.	5	0	10042652
Ona živi daleko od mene.	Она живёт далеко от меня.	5	1	3650956
Ona živi na visokoj nozi.	Она живёт на широкую ногу.	5	0	1090458
Oni jedu nožem i viljuškom.	Они едят ножом и вилкой.	5	0	1157207
Oni kupuju povrće u supermarketu.	Они покупают овощи в супермаркете.	5	0	892939
Oni moraju da piju vodu.	Они должны пить воду.	5	0	3304811
Oni moraju sutra da rade.	Они должны завтра работать.	5	1	3395200
Oni nemaju krov nad glavom.	У них нет крыши над головой.	5	0	935622
Oni nisu slušali svoje roditelje.	Они не слушались родителей.	5	0	1280744
Oni prodaju ribu i meso.	Они продают рыбу и мясо.	5	0	938341
Oni su pokušavali tri puta.	Они пробовали три раза.	5	0	3313480
Oni su zamenili ugalj naftom.	Они заменили уголь нефтью.	5	0	1232294
Oni žele da te upoznaju.	Они хотят с тобой познакомиться.	5	0	3430407
Ono tamo je naša kuća.	Вон там наш дом.	5	1	3440843
Osam minus šest je dva.	Восемь минус шесть — два.	5	0	3370919
Osam plus deset je osamnaest.	Восемь плюс десять — восемнадцать.	5	0	3370904
Oslo je glavni grad Norveške.	Осло - столица Норвегии.	5	0	3439249
Ostavi knjigu na gornju polici.	Положи книгу на верхнюю полку.	5	0	3517999
Ostavi moj auto na miru.	Оставь мою машину в покое.	5	1	3425858
Otac i majka su roditelji.	Отец и мать - это родители.	5	1	1384504
Otac mi je kupio knjigu.	Отец купил мне книгу.	5	1	3243678
Otvorite stanu devet u knjizi.	Откройте книгу на девятой странице.	5	0	3366626
Ova kafa nema dobar ukus.	Этот кофе невкусный.	5	0	8845637
Ova knjiga je o zvezdama.	Это книга о звёздах.	5	0	3438840
Ova knjiga je veoma korisna.	Эта книга очень полезная.	5	0	3266451
Ova kutija je skoro prazna.	Эта коробка почти пустая.	5	0	4790620
Ova kuća ima dva kupatila.	В этом доме две ванных комнаты.	5	0	3347554
Ova mi je košulja premala.	Эта рубашка мне мала.	5	0	3384609
Ova poruka je za njih.	Это сообщение для них.	5	1	13692376
Ova rečenica ima različita značenja.	Это предложение имеет разные значения.	5	0	10040071
Ova riba je još živa.	Эта рыба ещё живая?	5	0	1384475
Ova supa ima ukus ribe.	У этого супа рыбный вкус.	5	0	6582989
Ova voda nije mnogo slana.	Эта вода немного соленая.	5	0	1627577
Ova zemlja daje dobar prinos.	Эта земля даёт хороший урожай.	5	0	3265460
Ovaj argument je čista retorika.	Этот аргумент - чистая риторика.	5	0	3391948
Ovaj bicikl koristi moj brat.	Этим велосипедом пользуется мой брат.	5	0	11060628
Ovaj je najbolji od svih.	Этот — лучший из всех.	5	1	8860859
Ovaj pejzaž je veoma lep.	Этот пейзаж очень красивый.	5	0	1142578
Ovaj posao nije bio lak.	Эта работа не была лёгкой.	5	0	5306457
Ovaj voz ide za Njujork.	Этот поезд идёт до Нью-Йорка.	5	0	3244016
Ovaj šešir je iz Australije.	Эта шляпа из Австралии.	5	0	3282893
Ovako je trebalo da bude.	Вот как это должно было быть.	5	1	4238252
Ovde moraš da govoriš engleski.	Здесь ты должен говорить по-английски.	5	0	3359667
Ovde moraš da govoriš engleski.	Здесь ты должна говорить по-английски.	5	0	3359667
Ovde smo živeli od jula.	Здесь мы жили с июля.	5	0	3253011
Ovde ćeš neminovno postati sujeveran.	Тут поневоле станешь суеверным.	5	0	5651582
Ovo je bila glupa greška.	Это была глупая ошибка.	5	1	3281967
Ovo je bilo razumno pravilo.	Это было разумное правило.	5	0	3477610
Ovo je bio veliki uspeh.	Это был большой успех.	5	0	3472817
Ovo je bio veliki uspeh.	Это было большим успехом.	5	0	3472817
Ovo je ispalo sa kamiona.	Это выпало из грузовика.	5	0	4253931
Ovo je kuća gospodina Jamade.	Это дом господина Ямады.	5	0	3260911
Ovo je moj brat, Tom.	Это мой брат Том.	5	1	4784535
Ovo je moj brat, Tom.	Это мой брат - Том.	5	1	4784535
Ovo je moj pisaći sto.	Это мой письменный стол.	5	0	2502342
Ovo je moj treći brak.	Это мой третий брак.	5	0	5002924
Ovo je moja sestra, Meri.	Это моя сестра Мэри.	5	1	4784534
Ovo je moja žena Edita.	Это моя жена Эдита.	5	0	478208
Ovo je naš najbolji radnik.	Это наш лучший сотрудник.	5	0	13695150
Ovo je slično delovanju virusa.	Это похоже на действие вируса.	5	0	1097813
Ovo je vrlo dobra rečenica.	Это очень хорошее предложение.	5	0	3494479
Ovo meso ima loš miris.	У этого мяса неприятный запах.	5	0	3311696
Ovo mora da je važno.	Это должно быть важно.	5	1	4261819
Ovo nije voda za piće.	Это не питьевая вода.	5	1	4243557
Ovo sam kupio te sedmice.	Я купил это на той неделе.	5	0	1384478
Ovo su moji najbolji prijatelji.	Это мои лучшие друзья.	5	1	5002915
Ovo će biti vrlo interesantno.	Это будет очень интересно.	5	0	3534964
Ovog trenutka ja učim francuski.	Я сейчас учу французский.	5	0	3501832
Ovog trenutka ja čitam knjigu.	Сейчас я читаю книгу.	5	0	1112036
Ovu pesmu je lako naučiti.	Эту песню легко выучить.	5	0	3288948
Pa gde je Tom otišao?	Ну и куда Том пошёл?	5	1	4251054
Pa šta je Tom rekao?	Ну и что Том сказал?	5	1	4251056
Pa šta je Tom video?	Ну и что Том увидел?	5	1	4251055
Pa šta je Tom video?	И что Том видел?	5	1	4251055
Pa, takve stvari se dešavaju.	Что ж, бывает.	5	0	4784493
Pa, to je onda jasno.	Ну тогда понятно.	5	1	3484710
Pa, trebalo bi da krenem.	Ладно, я должен идти.	5	0	11055678
Pa, trebalo bi da pođem.	Ладно, я должен идти.	5	0	11055679
Pa, šta je tvoja tajna?	Так что у тебя за тайна?	5	1	4261744
Pada kiša već tri dana.	Дождь идёт уже три дня.	5	0	8820245
Pada kiša već tri dana.	Уже три дня идёт дождь.	5	0	8820245
Padao je sneg celog dana.	Весь день шёл снег.	5	0	3278171
Padao je sneg celog dana.	Целый день шёл снег.	5	0	3278171
Papagaj često podražava ljudski govor.	Попугаи часто подражают человеческой речи.	5	0	1080440
Park je bio skoro prazan.	Парк был почти пустой.	5	0	6967146
Pas brže trči od čoveka.	Собака бегает быстрее, чем человек.	5	0	3366094
Pas je najbolji čovekov prijatelj.	Собака - лучший друг человека.	5	0	2352607
Pas je veran svom gospodaru.	Собака предана своему хозяину.	5	0	6818436
Pas koji laje, ne ujeda.	Лающие собаки не кусают.	5	0	1088295
Persijska mačka spava ispod stola.	Персидская кошка спит под столом.	5	0	3313498
Pevala je bolje nego obično.	Она пела больше, чем обычно.	5	0	3393645
Pevala je dok se šetala.	Она пела, пока гуляла.	5	0	3393656
Pisaći sto je prekriven prašinom.	Письменный стол покрыт пылью.	5	0	3317253
Pivske flaše su od stakla.	Пивные бутылки делают из стекла.	5	0	1072145
Plan je odbačen kao nepraktičan.	План отброшен как непрактичный.	5	0	1676084
Planete se okreću oko zvezde.	Планеты вращаются вокруг звезды.	5	0	1193122
Plašim se, Tom je mrtav.	Боюсь, Том мёртв.	5	1	3501834
Pogrešno si napisao moje ime.	Ты неправильно написал моё имя.	5	1	3544592
Pokazao mi je svoj album.	Он показал мне свой альбом.	5	0	1111653
Pokazaću ti moj novi auto.	Я покажу тебе мою новую машину.	5	0	665290
Pokaži mi šta si kupio.	Покажи мне, что ты купил.	5	1	3366752
Pokušavam da osvojim njeno srce.	Я пытаюсь завоевать её сердце.	5	0	6885537
Policija je odbacila mogućnost samoubistva.	Полиция исключила возможность самоубийства.	5	0	5029227
Policija je uhapsila četiri muškarca.	Полиция арестовала четверых мужчин.	5	0	3644296
Ponekad igram s njom tenis.	Иногда я играю с ней в теннис.	5	0	1214507
Popeo sam se kroz prozor.	Я залез через окно.	5	0	3412937
Poslala sam mapu Tomu faksom.	Я отправила карту Тому по факсу.	5	0	4324245
Postoji mnogo galaksija u univerzumu.	Во Вселенной есть много галактик.	5	0	890855
Postoji mnogo galaksija u univerzumu.	Во Вселенной много галактик.	5	0	890855
Postoji mnogo tajni u životu.	В жизни много таинственного.	5	0	6583393
Postoji samo jedno moguće rešenje.	Есть только одно возможное решение.	5	0	12959286
Potreban mi je dobar rečnik.	Мне нужен хороший словарь.	5	0	4967419
Poučila nas je susedova greška.	Нас научила ошибка соседа.	5	0	1533423
Pozli mi kada vidim krv.	Мне становится плохо, когда я вижу кровь.	5	0	3366868
Poznajem čoveka koji govori latinski.	Я знаком с человеком, который говорит по-латински.	5	0	3384081
Poznajem čoveka koji govori latinski.	Я знакома с человеком, который говорит по-латински.	5	0	3384081
Poznajem čoveka koji govori latinski.	Я знаю человека, который говорит по-латински.	5	0	3384081
Počeo je da pada sneg.	Снег пошёл.	5	0	396695
Pravda je spora, ali dostižna.	Справедливость медленна, но достижима.	5	0	402888
Prestao sam sa jedenjsm mesa.	Я перестал есть мясо.	5	0	3298915
Prestar sam ja za ovo.	Я слишком стар для этого.	5	0	4781920
Prestara sam ja za ovo.	Я слишком старая для этого.	5	0	4781922
Pretplatila sam dva periodična izdanja.	Я подписался на два периодических издания.	5	0	1261857
Prevedi ove rečenice na engleski.	Переведи эти предложения на английский.	5	0	3311590
Prihvatam, ali pod jednim uslovom.	Я согласен, но при одном условии.	5	0	1073936
Prijateljev prijatelj je takođe prijatelj.	Друг друга - тоже друг.	5	0	1053605
Princeza je bila neopisivo lepa.	Принцесса была неописуемо красива.	5	0	1127260
Pričajte mi o svom učitelju.	Расскажите мне про своего учителя.	5	0	6536985
Problem je što je preskupo.	Проблема в том, что это слишком дорого.	5	0	665254
Proleteri svih zemalja, ujedinite se!	Пролетарии всех стран, соединяйтесь!	5	0	3445167
Pročitala sam obe ove knjige.	Я прочитала обе эти книги.	5	0	8877381
Pročitao sam obe ove knjige.	Я прочитал обе эти книги.	5	0	3298671
Ptica na krovu je vrana.	Птица на крыше - это ворона.	5	0	1127200
Pua je pevao u crkvi.	Пуа пел в церкви.	5	0	3281011
Puno sam mislila na tebe.	Я много думала о тебе.	5	1	800104
Puno sam mislio na tebe.	Я много думал о тебе.	5	1	800010
Putovao sam autobusom i kolima.	Я ездил на автобусе и на машине.	5	0	11073268
Radim svakoga dana osim nedelje.	Я работаю каждый день, кроме воскресенья.	5	0	1484529
Razlikujemo žive i nežive objekte.	Мы различаем живые и неживые объекты.	5	0	3374219
Razumem zašto si uradila to.	Я понимаю, почему ты это сделала.	5	1	8882159
Reci mi da nije istina.	Скажи мне, что это неправда.	5	1	4253849
Reci mi šta je ovo.	Скажи мне, что это.	5	1	4971947
Reci mi šta je ovo.	Скажи мне, что это такое.	5	1	4971947
Reci mi šta je to.	Скажи мне, что это.	5	1	4971953
Reci mi šta si napisala.	Скажи мне, что ты написала.	5	0	4261896
Reci mi šta si napisao.	Скажи мне, что ты написал.	5	1	4261895
Reci Tomu da sam spreman.	Скажи Тому, что я готов.	5	0	4781303
Reci Tomu da sam spremna.	Скажи Тому, что я готова.	5	0	4781305
Reka je preplavila celu oblast.	Река затопила целую область.	5	0	3248395
Reka je preplavila celu oblast.	Река затопила всю область.	5	0	3248395
Reka teče, ali kamenje ostaje.	Река течёт, а камни остаются.	5	0	5175032
Rekao si da si spreman.	Ты сказал, что готов.	5	1	5955216
Riba je dobra za tebe.	Рыба для тебя полезна.	5	0	4243481
Rim se nalazi u Italiji.	Рим расположен в Италии.	5	0	1457628
Sada je skoro tri sata.	Сейчас почти три часа.	5	1	3314408
Sada možeš da ideš kući.	Теперь можешь идти домой.	5	1	3425531
Sada možeš ići na spavanje.	Теперь можешь идти спать.	5	1	5594070
Sada sam u starom zamku.	Сейчас я в старом замке.	5	0	1214519
Sada sedim ispred mog računara.	Сейчас я сижу перед моим компьютером.	5	0	3435401
Sada treba da ideš kući.	Сейчас тебе нужно идти домой.	5	1	3359665
Sakrio sam se ispod stola.	Я спрятался под столом.	5	0	665379
Samo hoćemo da idemo kući.	Мы просто хотим пойти домой.	5	1	4273275
Samo životinjski proizvodi sadrže holesterol.	Только продукты животного происхождения содержат холестерин.	5	0	6974415
Sastanak je trajao dva sata.	Встреча продолжалась два часа.	5	0	3419099
Sedam minus četiri je tri.	Семь минус четыре — три.	5	0	3370914
Sedam minus četiri je tri.	Семь минус четыре будет три.	5	0	3370914
Sendvič bez pršute nije sendvič.	Бутерброд без ветчины — это не бутерброд.	5	0	396704
Siromašni seljani su jeli krompir.	Бедные крестьяне ели картошку.	5	0	3394888
Skrati vest do sto reči.	Сократи новость до ста слов.	5	0	1124627
Slobodno možeš da pitaš Toma.	Ты легко можешь спросить Тома.	5	0	5843292
Smatram da smo dobar tim.	Я думаю, что мы хорошая команда.	5	0	3213542
Sneg je beo i hladan.	Снег белый и холодный.	5	0	2135787
Sneg je padao celu noć.	Снег шёл всю ночь.	5	0	3371255
Sneg je padao celu noć.	Снег шёл целую ночь.	5	0	3371255
Sneg se topi u proleće.	Весной снег тает.	5	0	835326
Sneg se topi u proleće.	Снег тает весной.	5	0	10047203
Soba je bila puna ljudi.	Комната была полна людей.	5	0	3463563
Spajdermen je kul. Pauci nisu.	Человек-паук крутой. А пауки — нет.	5	0	397822
Spavanje na tepihu je super.	Спать на ковре — это класс.	5	0	465504
Srbi su stari slovenski narod.	Сербы - древний славянский народ.	5	0	1133795
Srećan rođendan, moj dragi prijatelju!	С днём рождения, мой дорогой друг!	5	1	3350449
Srušite,srušite zidove među narodima!	Разрушьте, разрушьте стены между народами!	5	0	884929
Stari prijatelj mi je bolestan.	Мой старый друг болен.	5	1	8882030
Stavite jaje u kipuću vodu.	Положите яйца в кипящую воду.	5	0	1047157
Stidim se lenjivosti mog sina.	Мне стыдно, что у меня такой ленивый сын.	5	0	3327899
Stotine ptica su na jezeru.	На озере сотни птиц.	5	0	1048541
Studirao sam Francuski četiri godine.	Я изучал французский четыре года.	5	0	3334417
Stvarno mi je žao Toma.	Мне действительно жаль Тома.	5	0	5842018
Sudbina mu je bila naklonjena.	Судьба была к нему благосклонна.	5	0	7003501
Sunce je pozlatilo njenu kosu.	Солнце позолотило её волосы.	5	0	1261871
Sunce je Zemlji najbliža zvezda.	Солнце - ближайшая к Земле звезда.	5	0	1261879
Sutra je nedelja, zar ne?	Завтра же воскресенье?	5	1	13690405
Sutra sam ceo dan kući.	Завтра я весь день дома.	5	1	5843359
Sutra sam ceo dan kući.	Завтра я целый день дома.	5	1	5843359
Sutra sam kući ceo dan.	Завтра я весь день дома.	5	1	5843360
Sutra ću ići u prodavnicu.	Завтра я пойду в магазин.	5	0	3287645
Sutra ću poći u Pariz.	Завтра я поеду в Париж.	5	0	1111657
Sutra ću ti to dati.	Завтра я тебе это дам.	5	1	3424546
Svako druge prema sebi meri.	Каждый других по себе мерит.	5	1	1135330
Svakog dana idem na posao.	Я каждый день хожу на работу.	5	1	1243590
Svakog dana ustajem u sedam.	Я каждый день встаю в семь.	5	0	3395124
Sve njegove rečenice su kratke.	Все его предложения короткие.	5	0	11177976
Sve ove knjige su moje.	Все эти книги мои.	5	1	3485473
Sve se dešava s razlogom.	На всё есть своя причина.	5	0	5848242
Sve se dešava s razlogom.	Всё происходит по причине.	5	0	5848242
Sve vidiš u crnim bojama.	Ты всё видишь в чёрном цвете.	5	0	4245998
Sve će biti u redu.	Всё будет хорошо.	5	1	10049473
Sveska nije tvoja, njegova je.	Тетрадь не твоя, а его.	5	0	469625
Svi govore dobro o njoj.	Все говорят о ней хорошо.	5	1	938344
Svi ispiti sada su završeni.	Все экзамены сейчас закончились.	5	0	1046929
Svi putevi vode u Rim.	Все дороги ведут в Рим.	5	0	3294873
Svi smo umorni od ovoga.	Мы все от этого устали.	5	0	5043464
Svi su sedeli za stolom.	Все сидели за столом.	5	0	6905750
Sviđa mi se ime Tom.	Мне нравится имя Том.	5	1	8839018
Sviđa mi se instrumentalna muzika.	Мне нравится инструментальная музыка.	5	0	3387077
Sviđa mi se moja škola.	Мне нравится моя школа.	5	1	6533012
Sviđa mi se moje ime.	Мне нравится моё имя.	5	1	8823926
Sviđa mi se ova emisija.	Мне нравится эта передача.	5	0	8838970
Sviđa mi se ova hrana.	Мне нравится эта еда.	5	1	8823757
Sviđa mi se ova ideja.	Мне нравится эта идея.	5	1	8823754
Sviđa mi se ova plaža.	Мне нравится этот пляж.	5	0	8829696
Sviđa mi se ova statua.	Мне нравится эта статуя.	5	0	8864407
Sviđa mi se ova supa.	Мне нравится этот суп.	5	0	8823750
Sviđa mi se ovaj crtež.	Мне нравится этот рисунок.	5	0	8840051
Sviđa mi se ovaj dizajn.	Мне нравится этот дизайн.	5	0	8829801
Sviđa mi se ovaj film.	Мне нравится этот фильм.	5	1	8829699
Sviđa mi se ovaj program.	Мне нравится эта программа.	5	1	8840290
Sviđa mi se ovaj sat.	Мне нравятся эти часы.	5	1	8829705
Sviđa mi se tvoj auto.	Мне нравится твоя машина.	5	1	3318084
Sviđa mi se tvoj ton.	Мне нравится твой тон.	5	0	8823743
Sviđa mi se šta vidim.	Мне нравится то, что я вижу.	5	1	8870170
Sviđa mi seovaj ručni sat.	Мне нравятся эти наручные часы.	5	0	8829706
Sviđaju mi se ovi šeširi.	Мне нравятся эти шляпы.	5	0	3411092
Sviđaju mi se tvoji psi.	Мне нравятся твои собаки.	5	0	3411091
Sviđaju mi se tvoji članci.	Мне нравятся твои статьи.	5	0	3343892
Ta riba nije za jelo.	Эта рыба несъедобная.	5	0	1183328
Ta životinja se hrani mesom.	Это животное питается мясом.	5	0	1189017
Taj dečak ima crnu kosu.	У того мальчика чёрные волосы.	5	0	1116805
Taj nož je veoma oštar.	Этот нож очень острый.	5	0	1081760
Taj sat žuri jedan minut.	Те часы спешат на одну минуту.	5	0	665165
Taj viski je veoma jak.	Это виски очень крепкое.	5	0	1734124
Tamo nije bilo žive duše.	Там не было ни одной живой души.	5	0	897936
Tamo smo živeli šest nedelja.	Мы там жили шесть недель.	5	1	3465618
Te jabuke su veoma ukusne.	Эти яблоки очень вкусные.	5	0	1051831
Telefon je jedna čudesna naprava.	Телефон — это просто чудесное устройство.	5	0	409939
Telefon nije prestao da zvoni.	Телефон не прекращал звонить.	5	0	894049
Telefon nije prestao da zvoni.	Телефон звонил, не переставая.	5	0	894049
Telefon nije prestao da zvoni.	Телефон не переставал звонить.	5	0	894049
Tema zaslužuje da bude prodiskutovana.	Эта тема заслуживает обсуждения.	5	0	6877149
Tečno je govorila Francuski jezik.	Она свободно говорила по-французски.	5	0	3392074
Ti govoriš kao moja baba.	Ты говоришь как моя бабушка.	5	0	3284686
Ti možeš bolje od ovoga.	Ты можешь больше, чем это.	5	1	3395225
Ti nikada nisi bio srećan.	Ты никогда не был счастлив.	5	1	3357501
Ti se ponosiš svojim ocem.	Ты гордишься своим отцом?	5	0	1091324
Ti si jedan od nas.	Ты один из нас.	5	1	4324619
Ti si ljubav mog života.	Ты любовь всей моей жизни.	5	1	5894262
Ti si moj najbolji prijatelj!	Ты мой лучший друг!	5	1	3473696
Ti si moj najbolji prijatelj.	Ты мой лучший друг.	5	1	3366289
Ti si to namerno učinio.	Ты сделал это нарочно!	5	0	1173800
Ti si umoran, zar ne?	Ты устал, правда?	5	0	3318116
Ti si usamljen, je li?	Тебе одиноко, да?	5	0	3484428
Ti to možeš, zar ne?	Ты это можешь, так ведь?	5	1	3425282
Ti više nisi samo dete.	Ты уже не просто ребёнок.	5	1	3327866
Ti zaista ništa ne razumeš!	Ты и правда ничего не понимаешь!	5	1	3469423
To je bila loša situacija.	Это была плохая ситуация.	5	0	5028717
To je bila velika eksplozija.	Это был большой взрыв.	5	0	4971895
To je bilo dobro iskustvo.	Это был хороший опыт.	5	0	3499705
To je bilo vrlo jeftino.	Это было очень дёшево.	5	0	3425925
To je bio dobar šešir.	Это была хорошая шляпа.	5	0	4250444
To je bio samo početak.	Это было только начало.	5	1	5949403
To je bio smešan film.	Это был смешной фильм.	5	0	5029112
To je bio veliki uspeh.	Это был большой успех.	5	0	3472818
To je isključivo moja zasluga.	Это исключительно моя заслуга.	5	0	6914755
To je isključivo tvoja zasluga.	Это исключительно твоя заслуга.	5	0	6914750
To je isključivo Vaša zasluga.	Это исключительно Ваша заслуга.	5	0	6914752
To je moj omiljeni projekat.	Это мой любимый проект.	5	0	3311736
To je zaista dobro vino.	Это действительно хорошее вино.	5	1	1946190
To može biti bilo šta.	Это может быть что угодно.	5	1	5919506
To nije daleko od hotela.	Это не далеко от отеля.	5	0	3244023
To nije istina, zar ne?	Это не правда, да?	5	1	4256624
To nije mačka, pas je.	Это не кошка, это собака.	5	0	475488
To nije ono što tražim.	Это не то, что я ищу.	5	1	892215
To nije sve što imamo.	Это не всё, что у нас есть.	5	1	5029123
To se ne tiče učenika.	Это не касается учеников.	5	0	1111654
To su priče za budale.	Всё это сказки для идиотов.	5	0	3455078
To ti ne mogu reći.	Этого я не могу тебе сказать.	5	1	3386956
Tofu dobro ide uz Sake.	Тофу хорошо идёт под сакэ.	5	0	897930
Tokio je glavni grad Japana.	Токио — столица Японии.	5	0	665174
Tokio je veoma veliki grad.	Токио - очень большой город.	5	0	1315500
Tom hoće da radi ovde.	Том хочет здесь работать.	5	1	8870125
Tom i Marija su susedi.	Том и Мария - соседи.	5	0	3505277
Tom ima krizu srednjih godina.	У Тома кризис среднего возраста.	5	0	6475406
Tom ima mlađu sestru Meri.	У Тома есть младшая сестра Мэри.	5	0	5308566
Tom ima starijeg brata Džona.	У Тома есть старший брат Джон.	5	0	5308564
Tom ima tri odrasla sina.	У Тома три взрослых сына.	5	0	5039749
Tom jako dobro svira klavir.	Том очень хорошо играет на пианино.	5	0	4781410
Tom je bio dobar čovek.	Том был хорошим человеком.	5	1	3387284
Tom je bio loš glumac.	Том был плохим актёром.	5	0	3481535
Tom je bio zauzet poslom.	Том был занят работой.	5	0	4251072
Tom je brzo otvorio pismo.	Том быстро распечатал письмо.	5	0	3418776
Tom je govorio o muzici.	Том говорил о музыке.	5	0	4261831
Tom je govorio tri minuta.	Том говорил три минуты.	5	1	5045376
Tom je govorio veoma glasno.	Том говорил очень громко.	5	0	4253508
Tom je govorio čvrstim glasom.	Том говорил твёрдым голосом.	5	0	3494084
Tom je imao užasno detinjstvo.	У Тома было ужасное детство.	5	0	3418591
Tom je jurio njegovog psa.	Том догонял свою собаку.	5	0	5639578
Tom je jurio svog psa.	Том гнался за своей собакой.	5	0	5639577
Tom je jurio svog psa.	Том догонял свою собаку.	5	0	5639577
Tom je kupio novog konja.	Том купил новую лошадь.	5	1	13765051
Tom je Mariji sve objasnio.	Том всё объяснил Марии.	5	0	3365358
Tom je na tajnom zadatku.	Том на тайном задании.	5	0	6117860
Tom je napravio tri fotografije.	Том сделал три фотографии.	5	0	6536994
Tom je nosio crni šešir.	Том носил черную шляпу.	5	0	3368340
Tom je ostao sa ocem.	Том остался с отцом.	5	0	11175014
Tom je otpio veliki gutljaj.	Том отпил большой глоток.	5	0	4251400
Tom je pokazao na nebo.	Том показал на небо.	5	0	4256610
Tom je povredio desno koleno.	Том повредил правое колено.	5	0	10976306
Tom je prijatelj mog prijatelja.	Том — друг моего друга.	5	1	3439335
Tom je prisvojio rusku rečenicu.	Том присвоил русское предложение.	5	0	5711724
Tom je zaljubljen u Mariju.	Том влюблён в Марию.	5	0	3440807
Tom kaže da je zdrav.	Том говорит, что здоров.	5	0	5028963
Tom mora da se odmori.	Том должен отдохнуть.	5	0	4247181
Tom može da bude opasan.	Том может быть опасен.	5	0	4250282
Tom može da trči brže.	Том может бежать быстрее.	5	0	1135279
Tom može ostati sa nama.	Том может остаться с нами.	5	1	11173185
Tom mrzi kada pada sneg.	Том терпеть не может, когда идёт снег.	5	0	3366869
Tom nas se ne boji.	Том нас не боится.	5	0	5029147
Tom nastavlja da to radi.	Том продолжает это делать.	5	0	11024673
Tom nema novca kod sebe.	У Тома нет с собой денег.	5	1	6567929
Tom nije pametan kao ti.	Том не так умён, как ты.	5	1	8846276
Tom nije pametan kao ti.	Том не такой умный, как ты.	5	1	8846276
Tom nije rekao ni reč.	Том не сказал ни слова.	5	1	3414418
Tom nije zainteresovan za nauku.	Том не интересуется наукой.	5	0	3395356
Tom nije znao da pliva.	Том не умел плавать.	5	0	3368348
Tom nikad nije pitao zašto.	Том никогда не спрашивал почему.	5	1	4250991
Tom piše svoju novu knjigu.	Том пишет свою новую книгу.	5	1	4784526
Tom se nije plašio smrti.	Том не боялся смерти.	5	0	3368350
Tom se sam vratio kući.	Том вернулся домой один.	5	1	5843293
Tom ume da piše lepo.	Том умеет красиво писать.	5	0	4248694
Tom više ne voli Mariju.	Том больше не любит Марию.	5	0	4507060
Tom voli da igra bilijar.	Том любит играть в бильярд.	5	0	3250210
Tom često koristi tu reč.	Том часто использует это слово.	5	1	5045382
Tom živi u centru grada.	Том живёт в центре города.	5	0	5024377
Tomov biznis ide prilično dobro.	Бизнес Тома идёт достаточно хорошо.	5	0	3438558
Tomov život nije bio lak.	Жизнь Тома не была лёгкой.	5	0	6897459
Tomova kuća je na prodaju.	Дом Тома выставлен на продажу.	5	0	3438607
Tomova kuća je na prodaju.	Дом Тома продаётся.	5	0	3438607
Tomova porodica živi u Bostonu.	Семья Тома живёт в Бостоне.	5	0	3438599
Tomovi roditelji su bili učitelji.	Родители Тома были учителями.	5	0	3438639
Tomu se ne sviđa Marija.	Тому не нравится Мария.	5	0	3392009
Tražim nekog ko govori potugalski.	Я ищу кого-нибудь, кто говорит по-португальски.	5	0	3435467
Tražim nešto što ne postoji.	Я ищу то, чего не существует.	5	1	3266421
Treba da istakneš tu činjenicu.	Тебе стоит подчеркнуть этот факт.	5	0	3425279
Treba da jedeš više povrća.	Тебе нужно есть побольше овощей.	5	0	4262023
Treba da ostanem kod kuće.	Мне нужно остаться дома.	5	1	3439312
Treba da prestaneš da pušiš.	Тебе нужно бросить курить.	5	0	3334384
Treba nam još norveških rečenica.	Нам нужно ещё норвежских предложений.	5	0	3440696
Treba nam više norveških rečenica.	Нам нужно больше норвежских предложений.	5	0	3440694
Tri puta tri je devet.	Трижды три — девять.	5	1	3370928
Tri su osobe na slici.	На картине три человека.	5	0	3477700
Trougao ima takođe tri strane.	У треугольника также три стороны.	5	0	1982474
Trougao ima takođe tri strane.	У треугольника тоже три стороны.	5	0	1982474
Tvoj bicikl je sličan mom.	Твой велосипед похож на мой.	5	0	3248420
Tvoj bickl liči na moj.	Твой велосипед похож на мой.	5	0	3425235
Tvoj problem liči na moj.	Твоя проблема сходна с моей.	5	1	3425254
Tvoj sat kasni deset minuta.	Твои часы отстают на десять минут.	5	0	3425228
Tvoji rezultati ispita su odlični.	Результаты экзамена у тебя - отличные.	5	0	1173779
U Africi ima puno lavova.	В Африке много львов.	5	0	665344
U gradovima je vazduh zagađen.	В городах грязный воздух.	5	0	1243593
U Grčkoj ima puno ostrva.	В Греции много островов.	5	0	665356
U kojoj je učionici ispit?	В какой аудитории экзамен?	5	0	4238415
U koliko je sati ispit?	Во сколько экзамен?	5	0	4238413
U kupatilu je tečni sapun.	В ванной есть жидкое мыло.	5	0	3366154
U ovoj sobi je televizor.	В этой комнате есть телевизор.	5	0	1127255
U ovom gradu kamenje govori.	В этом городе камни говорят.	5	0	3470236
U to jelo ulazi meso?	В эту еду входит мясо?	5	0	1166860
U učionici je nekoliko učenika.	В классе несколько учеников.	5	0	1261825
Ubijen je na licu mesta.	Он был убит на месте.	5	0	7069894
Udario me je dva puta.	Он ударил меня два раза.	5	1	3412946
Udata sam, i imam ćerku.	Я замужем, и у меня есть дочь.	5	0	3437777
Udžbenici se prodaju u knjižari.	Учебники продаются в книжном магазине.	5	0	1054864
Umio sam se hladnom vodom.	Я умылся холодной водой.	5	0	3644354
Uspeh je bio samo delimičan.	Успех был лишь частичным.	5	0	6148809
Uspeh ne zavisi od novca.	Успех не зависит от денег.	5	0	5588859
Uspeo sam da završim posao.	Я сумел закончить работу.	5	1	1173789
Utrnula mi je leva noga.	У меня левая нога затекла.	5	0	6905790
Uvek treba da govoriš istinu.	Всегда нужно говорить правду.	5	1	3380036
Uvredio me je bez razloga.	Он оскорбил меня без причины.	5	0	10042526
Uzeću tak koji je skuplji.	Я возьму тот, который дороже.	5	0	1188993
Učenje engleskog je težak posao.	Изучение английского - трудная работа.	5	0	3418935
Učio sam italijanski par meseci.	Я пару месяцев учил итальянский.	5	0	884454
Učite decu da ne lažu.	Учите детей не лгать.	5	0	1055459
Učite decu da ne lažu.	Учите детей не врать.	5	0	1055459
Učitelj je poslao znak prstom.	Учитель сделал знак пальцем.	5	0	1574948
Ušao sam u njenu sobu.	Я вошёл в её комнату.	5	1	6918398
Ušli smo u uzak hodnik.	Мы вошли в узкий коридор.	5	0	3644840
Veliki brod zahteva duboku vodu.	Большому кораблю нужна глубокая вода.	5	0	1149292
Veoma sam ponosna na mamu.	Я очень горжусь мамой.	5	0	5625612
Vera može da pomera planine.	Вера может сдвинуть горы.	5	0	5909479
Već sam pročitao ovu knjigu.	Я уже прочитал эту книгу.	5	0	3318201
Vi ste jedan od nas.	Вы один из нас.	5	1	4324620
Vidimo se u tvojim snovima.	Увидимся в твоих снах.	5	0	6391088
Više volim Engleski od Matematike.	Я больше люблю английский, чем математику.	5	0	3250517
Više volim Kolu od kafe.	Я больше люблю колу, чем кофе.	5	0	3313479
Više volim narandže od jabuka.	Я больше люблю апельсины, чем яблоки.	5	0	4239857
Vladivostok je grad u Rusiji.	Владивосток - город в России.	5	0	3437796
Vodite ljubav, a ne rat!	Занимайтесь любовью, а не войной!	5	0	5711743
Volela bih da te poljubim.	Я хотела бы поцеловать тебя.	5	0	6332595
Voleo bih da te poljubim.	Я хотел бы поцеловать тебя.	5	0	6332599
Voleću te do kraja života.	Я буду любить тебя до конца жизни.	5	0	3535527
Volim da plivam u reci.	Я люблю плавать в реке.	5	0	3311762
Volim da studiram strane jezike.	Мне нравится изучать иностранные языки.	5	0	2652557
Volim i pse i mačke.	Я люблю и кошек, и собак.	5	0	3365474
Volim svu svoju decu podjednako.	Я люблю всех своих детей одинаково.	5	0	6863192
Vreme će reći svoju reč.	Время скажет своё слово.	5	1	1070681
Za koga su ovi pokloni?	Для кого эти подарки?	5	0	6567928
Za koga su ovi pokloni?	Кому эти подарки?	5	0	6567928
Za mene je ovde preglasno.	Для меня здесь слишком шумно.	5	0	4971882
Zaboravio sam tvoj broj telefona.	Я забыл твой номер телефона.	5	1	3419187
Zabranjeno voće je uvek najslađe.	Запретный плод всегда самый сладкий.	5	0	6196048
Zaista ne razumem taj problem.	Я действительно не понимаю эту проблему.	5	1	1054801
Zamislite sebe na mom mestu.	Представьте себя на моём месте.	5	0	6289860
Zar je ona već ovde?	Она уже здесь?	5	1	1484552
Zar ništa nećeš da pojedeš?	Разве ты ничего не поешь?	5	0	4248505
Zar ništa nećeš da pojedeš?	Неужели ты ничего не поешь?	5	0	4248505
Zar te nisam video ranije?	Разве я тебя раньше не видел?	5	1	3334413
Zašto ja to nisam video?	Почему я этого не видел?	5	1	3357161
Zašto je ovo naš problem?	Почему это наша проблема?	5	1	5039823
Zašto je to tako komplikovano?	Почему это так сложно?	5	0	5909441
Zašto ne kupiš neko vozilo?	Почему ты не купишь какое-нибудь транспортное средство?	5	0	3430429
Zašto nije mogao da dođe?	Почему он не смог прийти?	5	1	10976267
Zašto nije mogla da dođe?	Почему она не смогла прийти?	5	1	10976268
Zašto radiš to što radiš?	Зачем ты делаешь то, что ты делаешь?	5	1	3493627
Zašto samo ne kažeš Tomu?	Почему просто не скажешь Тому?	5	0	6856798
Zašto se ljutiš na mene?	Почему ты сердишься на меня?	5	0	6305205
Zašto se ljutiš na mene?	Почему ты злишься на меня?	5	0	6305205
Zašto si ljut na mene?	Почему ты на меня зол?	5	1	6856804
Zašto si ti ovde došao?	Зачем ты сюда пришёл?	5	1	3350805
Zašto si ti tako spor?	Почему ты такой медлительный?	5	0	3473636
Zašto su udžbenici tako skupi?	Почему учебники такие дорогие?	5	0	3547616
Zašto su zečije uši velike?	Почему у зайцев большие уши?	5	0	4243525
Zašto zečevi imaju dugačke uši?	Почему у зайцев длинные уши?	5	0	3430143
Zašto zečevi imaju velike uši?	Почему у кроликов большие уши?	5	0	4243526
Zašto želiš da učiš norveški?	Почему ты хочешь учить норвежский?	5	0	3387062
Zemlja se okreće oko Sunca.	Земля вращается вокруг Солнца.	5	0	1097767
Zgrada se srušila tokom zemljotresa.	Здание рухнуло во время землетрясения.	5	0	4967503
Zima je moje omiljeno doba.	Зима — моё любимое время года.	5	0	3387230
Zlato je dragocenije od gvožđa.	Золото ценится дороже, чем железо.	5	0	3366596
Znam da je život kratak.	Я знаю, что жизнь коротка.	5	0	665350
Znam da ništa ne znam.	Я знаю, что я ничего не знаю.	5	1	3254057
Znam da ću napraviti greške.	Я знаю, что сделаю ошибки.	5	0	8835557
Znam kako se to radi.	Я знаю, как это делается.	5	1	4250608
Znam ko je to bio.	Я знаю, кто это был.	5	1	3425089
Znam zašto Tom to radi.	Я знаю, зачем Том это делает.	5	1	3435392
Znate li koliko je sati?	Знаете, сколько время?	5	1	5847119
Znate li koliko je sati?	Вы знаете, сколько времени?	5	1	5843389
Znaš da neću da pevam.	Ты знаешь, что я петь не буду.	5	0	13693181
Znaš li koliko je sati?	Ты знаешь, сколько времени?	5	1	5843388
Znaš li koliko je sati?	Ты знаешь, который час?	5	1	5843388
Zoološki vrt je zatvoren ponedeljkom.	Зоопарк закрыт по понедельникам.	5	0	4250311
Čekaj me ovde, molim te.	Подожди меня здесь, пожалуйста.	5	1	11024708
Često idu na piknik biciklom.	Они часто ездят на пикник на велосипеде.	5	0	5596442
Često igram tenis sa njim.	Я часто играю с ним в теннис.	5	0	3266441
Često pozajmljujem knjige od Toma.	Я часто беру книги у Тома.	5	0	5841959
Čime sam ja to zaslužio?	Чем я это заслужил?	5	0	6864584
Čitala je knjigu cele noći.	Она читала книгу всю ночь.	5	0	3387241
Čitao sam knjigu Božanstvena komedija.	Я читал книгу "Божественная комедия".	5	0	1139243
Čovek bez ideala je prazan.	Человек без идеалов - пустой.	5	0	397585
Čovek je biće koje misli.	Человек — мыслящее существо.	5	1	1714776
Čovek je hodao po Mesecu.	Человек ходил по Луне.	5	0	4782116
Čoveče, ostavi me na miru!	Человек, оставь меня в покое!	5	1	1074623
Čula ga je kako peva.	Она слышала, как он поёт.	5	0	11171936
Šest plus četiri je deset.	Шесть плюс четыре - десять.	5	0	3370929
Šta bi hteo da budeš?	Кем бы ты хотел стать?	5	1	2067620
Šta danas ima za večeru?	Что сегодня на ужин?	5	1	5847140
Šta je na pisaćem stolu?	Что на письменном столе?	5	0	3317255
Šta je to dobar život?	Что такое хорошая жизнь?	5	1	3368907
Šta misliš o modernoj umetnosti?	Что ты думаешь по поводу современного искусства?	5	0	3253736
Šta radiš u slobodno vreme?	Чем ты занимаешься в свободное время?	5	1	3390113
Šta sam zaboravio da kažem?	Что я забыл сказать?	5	1	6018046
Šta si video nakon toga?	Что ты увидел после этого	5	1	8862215
Šta ti znaš o meni?	Что ты обо мне знаешь?	5	1	6960914
Šta tvoja deca obično doručkuju?	Что твои дети обычно едят на завтрак?	5	0	3396041
Šta Vi mislite o tome?	Что Вы об этом думаете?	5	1	797688
Šta ćeš da radiš danas?	Что ты собираешься сегодня делать?	5	1	6314283
Šta ćeš danas da radiš?	Что ты собираешься сегодня делать?	5	1	6314282
Šta ćeš raditi ovog leta?	Что ты будешь делать этим летом?	5	0	4238338
Šta želiš da me pitaš?	Что ты хочешь у меня спросить?	5	1	4449891
Želim da idem na Bali.	Я хочу поехать на Бали.	5	0	4243541
Želim da im pošaljem pismo.	Я хочу отправить им письмо.	5	0	13692367
Želim da ispravim ovaj članak.	Я хочу откорректировать эту статью.	5	0	4264038
Želim da kupim novi automobil.	Я хочу купить новый автомобиль.	5	0	3248306
Želim da vidim moje roditelje.	Я хочу увидеться с моими родителями.	5	0	3410491
Želite li čaj ili kafu?	Вы хотите чай или кофе?	5	1	1133523
Želite li čaj ili kafu?	Вам чай или кофе?	5	1	1133523
Žirafe imaju veoma dugačke vratove.	У жирафов очень длинные шеи.	5	0	395209
Živimo samo ovde i sada.	Мы живём только здесь и сейчас.	5	1	3434519
Život je bez njega pust.	Жизнь без него пуста.	5	0	3387233
Život me je mnogo naučio.	Жизнь меня многому научила.	5	1	3373968
Ako izlaziš, molim te zatvori vrata.	Как уйдёшь, пожалуйста, закрой дверь.	6	0	665364
Alesija ne zna da govori Engleski.	Алеся не умеет говорить по-английски.	6	0	3244897
Alpski pejzaži su me neizmerno zadivili.	Альпийские пейзажи произвели на меня неизгладимое впечатление.	6	0	1076686
Amazon je velika reka u Brazilu.	Амазонка - крупная река в Бразилии.	6	0	1610089
Atomska energija je skupa i opasna.	Атомная энергия дорога и опасна.	6	0	3437263
Autobus je bio skoro potpuno prazan.	Автобус был почти совсем пустой.	6	0	3478625
Beli sneg pokrio je crvene krovove.	Белый снег укутал красные крыши.	6	0	3715063
Beli sneg pokrio je crvene krovove.	Белый снег укрыл красные крыши.	6	0	3715063
Beograd ima oko dva miliona stanovnika.	В Белграде около двух миллионов жителей.	6	0	1133797
Bila je velika gužva na aerodromu.	В аэропорту было полно народу.	6	0	890869
Bilo je malo ljudi na plaži.	На пляже было мало людей.	6	0	3244049
Bilo je mnogo ljudi u sobi.	В комнате было много людей.	6	1	3463561
Bolje je ćutati nego govoriti gluposti.	Лучше молчать, чем говорить глупости.	6	0	1058559
Budite ljubazni pa iskopirajte ovu stranicu.	Пожалуйста, скопируйте эту страницу.	6	0	1232298
Cena ove knjige je pet dolara.	Цена этой книги — пять долларов.	6	0	4967500
Ceo naš grad govori o tome.	Весь наш город об этом говорит.	6	1	1058552
Ceo šećer je pao na zemlju.	Весь сахар упал на землю.	6	0	898651
Crni telefon je skuplji nego beli.	Чёрный телефон дороже белого.	6	0	1086214
Crnogorski jezik je varijanta srpskog jezika.	Черногорский язык - это вариант сербского языка.	6	0	1214572
Crveno vino ide dobro uz meso.	Красное вино хорошо сочетается с мясом.	6	0	3244221
Da li biste mi učinili uslugu?	Не окажете ли вы мне услугу?	6	0	1221178
Da li biste želeli da govorite?	Хотели бы вы поговорить?	6	0	1142661
Da li biste želeli nešto drugo?	Хотели бы вы что-то другое?	6	0	8840205
Da li imaš neke natprirodne sposobnosti?	У тебя есть какие-нибудь сверхъестественные способности?	6	0	3412955
Da li je Meri prirodno plava?	Мэри - натуральная блондинка?	6	0	4246062
Da li je Nemačka iznad svega?	Германия превыше всего?	6	0	925349
Da li je ovo mesto zauzeto?	Это место занято?	6	0	7010400
Da li je ovo na latinskom?	Это на латинском?	6	0	3384501
Da li je ovo tvoj auto?	Это твоя машина?	6	1	3425918
Da li je ovo tvoj bicikl?	Это твой велосипед?	6	0	3302922
Da li je ovo tvoj bickl?	Это твой велосипед?	6	0	3425919
Da li je ovo tvoj DVD?	Это твой DVD?	6	0	3291849
Da li je ovo tvoj novac?	Это твои деньги?	6	1	3424530
Da li je ovo tvoja knjiga?	Это твоя книга?	6	1	3425917
Da li je to daleko odavde?	Это далеко отсюда?	6	1	3371629
Da li je to samo igra?	Это просто игра?	6	1	3427973
Da li je to tvoj cilj?	Это твоя цель?	6	1	3424532
Da li je to tvoj kišobran?	Это твой зонт?	6	0	3304547
Da li je to tvoj kišobran?	Это твой зонтик?	6	0	3304547
Da li je to čista slučajnost?	Это чистая случайность?	6	0	6827721
Da li je tvoj auto plav?	У тебя голубая машина?	6	0	6533014
Da li je tvoj auto plav?	У тебя синяя машина?	6	0	6533014
Da li je tvoj automobil plav?	Твой автомобиль голубой?	6	0	6533015
Da li je tvoj automobil plav?	Твой автомобиль синий?	6	0	6533015
Da li je tvoj automobil plav?	У тебя голубой автомобиль?	6	0	6533015
Da li je tvoj automobil plav?	У тебя синий автомобиль?	6	0	6533015
Da li je tvoj konj crn?	Твоя лошадь чёрная?	6	0	3477982
Da li je tvoj konj crn?	Твой конь чёрный?	6	0	3477982
Da li je tvoj časovnik tačan?	Твои часы точные?	6	0	1053800
Da li me optužuješ za nešto?	Ты меня в чём-то обвиняешь?	6	0	3410294
Da li možete da zasmejete Toma?	Вы можете рассмешить Тома?	6	0	5024896
Da li planirate da to uradite?	Вы планируете это сделать?	6	0	13690417
Da li planiraš da to uradiš?	Ты планируешь это сделать?	6	0	13690412
Da li sam ja plašljivi egoista?	Я трусливый эгоист?	6	0	3478649
Da li se interesujete za politiku?	Вы интересуетесь политикой?	6	0	908607
Da li se slažeš sa tim?	Ты с этим согласен?	6	0	5919553
Da li si bio kod lekara?	Ты был у врача?	6	0	3365515
Da li si bio u Americi?	Ты был в Америке?	6	0	3425266
Da li si bio u Australji?	Ты был в Австралии?	6	0	3245505
Da li si bio u Rimu?	Ты был в Риме?	6	0	3365450
Da li si ikad video jednog?	Ты когда-нибудь такого видел?	6	1	5024883
Da li si ikada pao ispit?	Ты когда-нибудь заваливал экзамен?	6	0	4238428
Da li si kupio novi auto?	Ты купил новую машину?	6	1	3426509
Da li si kupio povratnu kartu?	Ты купил обратный билет?	6	0	3418560
Da li si nekada video NLO?	Ты видел когда-нибудь НЛО?	6	0	3425541
Da li si nekada video NLO?	Ты когда-нибудь видел НЛО?	6	0	3425541
Da li si ostavio otvoren prozor?	Ты оставил окно открытым?	6	0	3425265
Da li si slobodan danas popodne?	Ты сегодня после обеда свободен?	6	1	6359072
Da li si slobodan u utorak?	Ты свободен во вторник?	6	0	3425018
Da li si ti iz Amerike?	Ты из Америки?	6	0	3357128
Da li si ti pravi kauboj?	Ты настоящий ковбой?	6	0	8865458
Da li si video ovaj film?	Ты видел этот фильм?	6	1	3288357
Da li si video Toma besnog?	Ты видел Тома в ярости?	6	0	5843382
Da li si čitao Svetu Bibliju.	Ты читал Библию?	6	0	3243823
Da li ste pročitali ovu knjigu?	Вы прочитали эту книгу?	6	0	3503788
Da li ste videli nekog tamo?	Вы видели там кого-нибудь?	6	1	5819390
Da li ste videli nekog tamo?	Вы там кого-то видели?	6	1	5819390
Da li su mi crvene uši?	У меня красные уши?	6	0	4324623
Da li su mi uši crvene?	У меня уши красные?	6	0	4324625
Da li su ovo tvoje torbe?	Это твои сумки?	6	0	4324649
Da li su ovo vaše torbe?	Это ваши сумки?	6	0	4324651
Da li su ti čiste ruke?	У тебя чистые руки?	6	0	3292435
Da li su to moje naočare?	Это мои очки?	6	0	4324642
Da li su to nove cipele?	Это новые туфли?	6	1	4324645
Da li su zrele ove banane?	Эти бананы спелые?	6	0	3250559
Da li svi vi govorite francuski?	Вы все говорите по-французски?	6	0	3395184
Da li svi vi govorite kineski?	Вы все говорите по-китайски?	6	0	3424977
Da li te je neko prevario?	Тебя кто-то обманул?	6	0	3535851
Da li ti se sviđaju filmovi?	Тебе нравятся фильмы?	6	0	3313447
Da li ti to meni govoriš?	Ты это мне говоришь?	6	1	3418559
Da li ti treba hitna pomoć?	Тебе нужна скорая помощь?	6	0	3366397
Da li tvoja žena dobro kuva?	Твоя жена хорошо готовит?	6	0	3418562
Da li vam se sviđa Moskva?	Вам нравится Москва?	6	0	3440838
Da li verujete u večni život?	Вы верите в вечную жизнь?	6	0	5909473
Da li veruješ u večni život?	Ты веришь в вечную жизнь?	6	0	5909475
Da li vidiš ko vozi automobil?	Ты видишь, кто за рулём автомобиля?	6	0	3456654
Da li znate šta je moda?	Вы знаете, что такое мода?	6	0	1250417
Da li znaš gde ja živim?	Ты знаешь, где я живу?	6	1	3438897
Da li često pišete svojim roditeljima?	Вы часто пишете своим родителям?	6	0	8862139
Da, plašim se da je tako.	Да, боюсь, что так.	6	1	3547623
Daj mi malo vode, i požuri.	Дай мне немного воды, и побыстрее.	6	1	3243675
Danas je baš vrućina, zar ne?	Сегодня настоящая жара, правда?	6	0	8894703
Danas je bio veoma težak dan.	Сегодня был очень тяжёлый день.	6	1	801407
Danas joj je prvi dan škole.	Сегодня у неё первый школьный день.	6	1	4250215
Danas smo dvaput imali lažnu uzbunu.	У нас сегодня дважды была ложная тревога.	6	0	396713
Deca rastu kao gljive posle kiše.	Дети растут как грибы после дождя.	6	0	1055030
Deca su, naravno, bila kod mene.	Дети, конечно, были со мной.	6	1	3456632
Deca vole da se igraju napolju.	Дети любят играть на улице.	6	0	3484267
Deda Mraz živi na severnom polu.	Дед Мороз живёт на Северном полюсе.	6	0	3716042
Deset godina - to je dugo vreme.	Десять лет - это долгий срок.	6	1	2037943
Deset je deset procenata od sto.	Десять - это десять процентов от ста.	6	0	4992529
Devojčice vole da se igraju kuće.	Девочки любят играть дома.	6	0	5034672
Dečak je uhvatio mačku za rep.	Мальчик схватил кошку за хвост.	6	0	1251298
Dečko koga volim, ne voli mene.	Парень, которого я люблю, меня не любит.	6	1	3255002
Dečko koga volim, ne voli mene.	Парень, которого я люблю, не любит меня.	6	1	3255002
Dok se mačka šeta, miševi praznuju.	Кот за двери - мыши в пляс.	6	0	1124541
Dok ste mladi morate mnogo čitati.	Пока вы молоды, вы должны много читать.	6	0	1079459
Dokument je dospeo u neprijateljske ruke.	Документ попал в руки врагов.	6	0	6484123
Dokument je dospeo u neprijateljske ruke.	Документ оказался в руках врага.	6	0	6484123
Dovikivali smo joj da bude opreznija.	Мы кричали ей, чтобы она была осторожнее.	6	0	1103119
Dozvolite da razgovaramo o Sunčevoj energiji.	Давайте поговорим о солнечной энергии.	6	0	1251317
Dođi da nas gledaš kako igramo.	Приходи посмотреть, как мы играем.	6	0	3357530
Držite ovaj lek dalje od dece.	Держите это лекарство подальше от детей.	6	0	918515
Džekson to nije mogao da poveruje.	Джексон не мог в это поверить.	6	0	1116821
Ekonomija zemlje zavisi od seoskog gazdinstva.	Экономика страны зависит от сельского хозяйства.	6	0	1139270
Električna struja ne prolazi kroz drvo.	Дерево не проводит электрический ток.	6	0	5651281
Eva je dala Adamu jabuku znanja.	Ева дала Адаму яблоко познания.	6	0	5980147
Gde ima dima, ima i vatre.	Дыма без огня не бывает.	6	0	3414328
Gde ima dima, ima i vatre.	Нет дыма без огня.	6	0	3414328
Gde ima dima, ima i vatre.	Где дым, там и огонь.	6	0	3414328
Gde je dobro, tamo je domovina.	Где хорошо, там и родина.	6	0	5691371
Gde je najduži tunel u Japanu?	Где самый длинный тоннель в Японии?	6	0	1221179
Gde su sakrili svoju špijunsku opremu?	Где они спрятали своё шпионское снаряжение?	6	0	3370093
Govore da je ona bila bogata.	Говорят, она была богата.	6	0	3366864
Govore da je ona bila bogata.	Говорят, она была богатой.	6	0	3366864
Govore da je ona bila bogata.	Говорят, она была богатая.	6	0	3366864
Grad se satoji iz dva dela.	Город состоит из двух частей.	6	0	1607276
Hajde da sačekamo još pet minuta.	Давай подождём ещё 5 минут.	6	0	2067614
Hajde da to čuvamo kao tajnu.	Давай держать это в тайне.	6	0	3298665
Hajde da to čuvamo kao tajnu.	Давай держать это в секрете.	6	0	3298665
Hoćeš li da se sretnemo sutra?	Хочешь встретиться сегодня?	6	0	1195475
Hoćeš li još soka od jabuke?	Хочешь ещё яблочного сока?	6	0	6567919
Hoćeš li mi dati malo vremena?	Ты дашь мне немного времени?	6	1	4246618
Hoću da se kupam u moru.	Я хочу купаться в море.	6	0	1676108
Hteo bih da ostanem jednu noć.	Я хотел бы остановиться на одну ночь.	6	1	1098606
Hteo bih da popijem nešto toplo.	Я бы хотел выпить чего-нибудь горячего.	6	0	3358501
Hteo bih da posetim Južnu Koreju.	Я хотел бы посетить Южную Корею.	6	0	1046009
I ja želim da vidim okean.	И я хочу увидеть океан.	6	0	4246040
Idete li svakog leta na more?	Вы каждое лето ездите на море?	6	0	1113781
Ima komaraca čak i u Grčkoj.	Комары есть даже в Греции.	6	0	3296430
Ima li olovaka na pisaćem stolu?	На письменном столе есть карандаши?	6	0	3438849
Ima mnogo loših ljudi na svetu.	В мире много плохих людей.	6	0	4784506
Ima mnogo loših ljudi na svetu.	На свете много плохих людей.	6	0	4784506
Ima nekoliko crkvi blizu moje kuće.	Поблизости от моего дома есть несколько церквей.	6	0	8877214
Imali smo mnogo kiša ovoga meseca.	У нас в этом месяце было много дождей.	6	0	1135284
Imam dva brata i jednu sestru.	У меня два брата и одна сестра.	6	1	1315496
Imam niski prag tolerancije na bol.	У меня низкий болевой порог.	6	0	3470789
Imamo devet osoba u mojoj porodici.	В моей семье девять человек.	6	1	3370998
Imamo dve ćerke i dva sina.	У меня две дочери и двое сыновей.	6	0	3334388
Imamo dve ćerke i dva sina.	У меня две дочери и два сына.	6	0	3334388
Interesantno, šta ona misli tim rečima.	Интересно, что она имеет в виду под этими словами?	6	0	1080458
Inverz nekvadratne matrice je opasna stvar.	Обратная не квадратной матрицы, это опасная вещь.	6	0	396127
Iskoristiću ono što si mi dao.	Я использую то, что ты мне дал.	6	0	8841764
Ispostavilo se da je glasina lažna.	Слухи оказались ложными.	6	0	891420
Istorija je više umetnost nego nauka.	История - более искусство, чем наука.	6	0	1280741
Italijanski jezik sam učio nekoliko meseci.	Итальянский язык я учил несколько месяцев.	6	0	1111634
Izaberi haljinu koja ti se sviđa.	Выбери платье, которое тебе нравится.	6	0	3390079
Izađite iz autobusa na poslednjoj stanici.	Выйдите из автобуса на конечной остановке.	6	0	1089091
Izašli su rezultati ispita iz matematike!	Стали известны результаты экзамена по математике!	6	0	4238440
Između glave i tela je vrat.	Между головой и туловищем — шея.	6	0	3477869
Izvinite, ja sam izgubio moj nož.	Извините, я потерял мой нож.	6	1	3395231
Izvinite, ja sam izgubio moj nož.	Извините, я потерял свой нож.	6	1	3395231
Izvinite. To je bilo jednostavno ogovaranje.	Извините. Это была просто оговорка.	6	0	1195471
Išao sam u školu sa Tomom.	Я ходил в школу с Томом.	6	0	3435911
Išao sam za Pariz sledećeg jutra.	На следующее утро я уехал в Париж.	6	0	3394586
Iščezao je kao kamen u vodi.	Он исчез как камень в воду.	6	0	1080462
Ja bih to bolje uradio sam.	Я бы лучше сделал это сам.	6	1	5557559
Ja lako mogu da čitam španski.	Я легко могу читать по-испански.	6	0	1056897
Ja mislim da me ti razumeš.	Я думаю, что ты меня понимаешь.	6	1	3469793
Ja ne znam ko su oni.	Я не знаю, кто они такие.	6	1	6922062
Ja ne znam šta je to.	Я не знаю, что это.	6	1	1080579
Ja nikada nisam video crvene frižidere.	Я никогда не видел красных холодильников.	6	0	1157199
Ja nikada nisam video crveni frižider.	Я никогда не видел красного холодильника.	6	0	3288348
Ja pišem mojoj majci jednom mesečno.	Я пишу моей матери раз в месяц.	6	0	3435906
Ja plivam tako dobro kao ti.	Я плаваю так же хорошо, как и ты.	6	0	3547621
Ja radim u školi za jezike.	Я работаю в языковой школе.	6	0	3795175
Ja sam došao samo da slušam.	Я только послушать пришёл.	6	1	1042304
Ja sam obeležio tvoje greške olovkom.	Я пометил твои ошибки карандашом.	6	0	1153356
Ja sam pročitao Koran dva puta.	Я прочитал Коран два раза.	6	0	5598819
Ja se vozim u školu autobusom.	Я езжу в школу на автобусе.	6	0	1367987
Ja vas molim - ispravite moje greške!	Я прошу вас, исправьте мои ошибки!	6	0	3474687
Ja volim životinje. Imam dva psa.	Я люблю животных. У меня две собаки.	6	1	3535445
Ja ću izaći na sledećoj stanici.	Я выхожу на следующей остановке.	6	0	1135334
Ja ću reći da nisam kriv.	Я скажу, что я не виновен.	6	1	1090459
Ja živim na drugoj strani ulice.	Я живу на другой стороне улицы.	6	1	3424913
Januar je prvi mesec u kalendaru.	Январь - первый месяц в календаре.	6	0	3437266
Japan nije tako veliki kao Kanada.	Япония не такая большая, как Канада.	6	0	3365946
Japanci jedu bolju govedinu od Britanaca.	Японцы едят больше говядины, чем британцы.	6	0	1080461
Japanci vole da putuju u grupi.	Японцы любят путешествовать группами.	6	0	3248300
Japanski ima nešto zajedničko sa Korejanskim.	Японский язык имеет что-то общее с корейским.	6	0	3311764
Japanski jezik je naš maternji jezik.	Японский — наш родной язык.	6	0	1074426
Jasno je da je on kriv.	Ясно, что он виноват.	6	1	3318243
Je li to da ili ne?	Это "да" или "нет"?	6	1	4324261
Jedan moj prijatelj studira u inostranstvu.	Один мой друг учится за границей.	6	0	1449062
Jedna udovica je imao dve ćerke.	У одной вдовы было две дочери.	6	0	1168619
Jesi li ikad pojeo morskog ježa?	Ты когда-нибудь ел морского ежа?	6	0	6024226
Jesi li ikada video nešto ovako?	Ты когда-нибудь видел что-то подобное?	6	1	4240796
Julije Cezar bio je rimski imperator.	Юлий Цезарь был римским императором.	6	0	1076258
Jutros sam primio email od Toma.	Сегодня утром я получил электронное сообщение от Тома.	6	0	3430308
Jutros sam primio pismo od Toma.	Сегодня утром я получил письмо от Тома.	6	0	3430306
Juče sam čuo jednu lepu pesmu.	Вчера я слышал красивую песню.	6	0	3476388
Kad je poslednji put padala kiša?	Когда шёл дождь в последний раз?	6	0	11054905
Kad mačke nema, miševi kolo vode.	Без кота мышам раздолье.	6	0	1053988
Kad mačke nema, miševi kolo vode.	Кот за двери - мыши в пляс.	6	0	3256118
Kad nema mačke, miševi kolo vode.	Кот из дома — мыши в пляс.	6	0	1085890
Kada porastem hoću da budem kralj.	Когда я вырасту, я хочу быть королём.	6	0	10042507
Kada si poslednji put otvorila torbu?	Когда ты последний раз открывала сумку?	6	0	3445834
Kada si počeo da pišeš pesme?	Когда ты начал писать песни?	6	0	4248765
Kada si započeo da učiš engleski?	Когда ты начал учить английский?	6	0	938947
Kada sledeći put ideš u Boston?	Когда ты в следующий раз поедешь в Бостон?	6	0	4449887
Kada ste poslednji put to uradili?	Когда вы последний раз это делали?	6	1	5894217
Kada Tom može da dođe kući?	Когда Том может прийти домой?	6	1	4259788
Kada uđe učitelj, prestanite da ragovarate.	Когда войдёт учитель, перестаньте разговаривать.	6	0	1080435
Kakav bi bio svet bez žena?	Каким был бы мир без женщин?	6	1	3242687
Kako kaže poslovica, vreme je novac.	Как говорится в пословице, время - деньги.	6	0	1086600
Kako mogu da zaboravim te dane?	Как я могу забыть те дни?	6	0	1149256
Kako se dogodila ova avionska nesreća?	Как произошла эта авиакатастрофа?	6	0	3256449
Kako si putovao do tih država?	Как ты ездил в эти страны?	6	0	11073266
Kako si saznala gde je Tom?	Как ты узнала, где Том?	6	0	4246111
Kako si saznao gde je Tom?	Как ты узнал, где Том?	6	1	4246112
Kakva je hrana u tom restoranu?	Какая в том ресторане еда?	6	0	5039789
Kažu, taj je film veoma interesantan.	Говорят, что тот фильм очень интересный.	6	0	1081763
Keli razume samo dobar engleski jezik.	Келли понимает толк в хорошем английском языке.	6	0	1232295
Ken ima više knjiga od tebe.	У Кена больше книг, чем у тебя.	6	0	3311341
Ken je visok kao i Bil.	Кен такой же высокий, как и Билл.	6	0	3253120
Ko je napisao ovu knjigu? Džon.	Кто написал эту книгу? Джон.	6	1	3242742
Ko je tvoj omiljeni član porodice?	Кто у тебя любимый член семьи?	6	0	3534961
Ko je u vašoj kući gazda?	Кто у вас в доме хозяин?	6	0	6117854
Ko je čovek koji svira violinu?	Кто этот человек, играющий на скрипке?	6	0	3300815
Ko te je naučio da plešeš?	Кто научил тебя танцевать?	6	0	3245593
Koja je najduža reka na svetu?	Какая самая длинная река в мире?	6	0	3440733
Koja marka ti se više sviđa?	Какая марка тебе больше нравится?	6	0	8849172
Koja ti je omiljena TV-zvezda?	Кто у тебя любимая телезвезда?	6	0	1185057
Koji se jezici govore u Americi?	На каких языках говорят в Америке?	6	0	3331381
Koliko arbitara učestvuje u fudbalskoj utakmici?	Сколько арбитров участвует в футбольном матче?	6	0	2044008
Koliko je mačaka u toj kući?	Сколько котов в этом доме?	6	0	1181853
Koliko ljudi živi u tvom gradu?	Сколько людей живёт в твоём городе?	6	1	6294069
Koliko novca bi želeo da imaš?	Сколько денег ты хотел бы иметь?	6	1	3425267
Koliko puta si gledao taj fim?	Сколько раз ты видел этот фильм?	6	0	3265614
Koliko sati je sada u Londonu?	Сколько сейчас времени в Лондоне?	6	0	3365454
Koliko se Mađari razlikuju od Srba?	Насколько венгры отличаются от сербов?	6	0	11073318
Koliko si dugo bio u Osaki?	Как долго ты был в Осаке?	6	0	3331285
Količina ništa ne govori o kvalitetu.	Количество ничего не говорит о качестве.	6	0	3368338
Kompjuter igra važnu ulogu pri učenju.	Компьютер играет важную роль во время учёбы.	6	0	879391
Konferencija nije bila u potpunosti uspešna.	Конференция прошла не очень успешно.	6	0	6148788
Koristim veliki lonac da napravim supu.	Я варю суп в большой кастрюле.	6	0	3394984
Kupio sam nov šešir u prodavnici.	Я купил в магазине новую шляпу.	6	0	4790651
Kupio sam novi računar prošlog meseca.	Я купил новый компьютер в прошлом месяце.	6	0	3265623
Lako je igrati uz muziku sreće.	Легко танцевать под пение счастья.	6	0	1457645
Lav je skočio kroz goreći obruč.	Лев прыгнул через горящий обруч.	6	0	1051818
Leti je veoma vruće u Tokiju.	Летом в Токио очень жарко.	6	0	3366152
Lišće je tiho padalo na zemlju.	Листья тихо падали на землю.	6	0	1080583
Ljudi koji krše zakon bivaju kažnjeni.	Люди, которые нарушают закон, подлежат наказанию.	6	0	3331594
Ljudi su bili dobri prema meni.	Люди были добры ко мне.	6	1	4971941
Logika je očigledno tvoja jača strana.	Логика, очевидно, твоя сильная сторона.	6	0	6885574
Majku se dopada da igra košarku.	Майку нравится играть в баскетбол.	6	0	1103116
Malo studenata može da čita Latinski.	Немногие из студентов могут читать по-латински.	6	0	3341498
Malo učenika je znalo njegovo ime.	Немногие ученики знали его имя.	6	0	1135336
Malo učenika može da razume Latinski.	Немногие ученики могут понять латынь.	6	0	3341500
Mama voli da jede glavu ribe.	Мама любит есть рыбьи головы.	6	0	4243480
Marija je odlučila da ga otruje.	Мария решила его отравить.	6	0	3499796
Marija zna napamet kineske klasične tekstove.	Мария наизусть знает классические китайские тексты.	6	0	3474311
Marija živi prilično daleko od škole.	Мария живёт достаточно далеко от школы.	6	0	3469664
Marks je nemački filozof i ekonomista.	Маркс - немецкий философ и экономист.	6	0	3427970
Meni je prosto potrebna tvoja ljubav.	Мне просто нужна твоя любовь.	6	1	3359225
Meni se dopada da budem sam.	Мне нравится быть одному.	6	1	3518015
Meni se dopada da budem sama.	Мне нравится быть одной.	6	1	3518011
Meni čaj s limunom, molim vas.	Мне чай с лимоном, пожалуйста.	6	0	1091380
Meri je stavila prsten na prst.	Мария надела кольцо на палец.	6	0	4243549
Metak je prošao kroz njegovo telo.	Пуля прошла сквозь его тело.	6	1	6813510
Mi nikad nećemo da ih koristimo.	Мы никогда не будем ими пользоваться.	6	0	4264050
Mi pijemo u zdravlje naših prijatelja.	Мы пьём за здоровье наших друзей.	6	0	1088260
Mi smo mu poklonili ručni časovnik.	Мы подарили ему наручные часы.	6	0	1081278
Mi volimo one koji vole nas.	Мы любим тех, кто любит нас.	6	0	3435919
Mislila sam da si srećna ovde.	Я думала, что ты здесь счастлива.	6	1	5034751
Mislim da je ona iz Austrije.	Думаю, она из Австрии.	6	0	6217707
Mislim da je ona iz Austrije.	По-моему, она из Австрии.	6	0	6217707
Mislim da je to gubljenje vremena.	Я думаю, что это потеря времени.	6	0	3410517
Mislim da je to slatkovodna riba.	Я думаю, это пресноводная рыба.	6	0	3265329
Mislim da je to u redu.	Думаю, этот в порядке.	6	1	1484543
Mislim da je Tom veoma pametan.	Я думаю, что Том очень умён.	6	1	5002792
Mislim da je Tom veoma pametan.	Я думаю, Том очень умный.	6	1	5002792
Mislim da je Tomu potrebna pomoć.	Думаю, Тому нужна помощь.	6	0	4975986
Mislim da mi se sviđa Tom.	Думаю, Том мне нравится.	6	1	5034680
Mislim da si ti to uradio.	Я думаю, это ты сделал.	6	1	3424889
Mislim da treba da mu kažemo.	Я думаю, нам нужно ему сказать.	6	1	7035776
Mnogo je lepih parkova u Londonu.	В Лондоне много красивых парков.	6	0	3437481
Mnogo je ruža u tom vrtu.	В том саду много роз.	6	0	1053974
Mnogo ljudi je došlo na koncert.	На концерт пришло много людей.	6	0	3363546
Mnogo sam naučio iz njegovih knjiga.	Я многому научился из его книг.	6	0	3430893
Mnogo ti hvala za ovu informaciju!	Большое тебе спасибо за эту информацию!	6	0	3535750
Moga komšiju su uhapsili prošle noći.	Моего соседа арестовали прошлой ночью.	6	0	1097814
Mogao si da slušaš o tome.	Ты мог слышать об этом.	6	0	1657926
Mogu li da platim kreditnom karticom?	Я могу заплатить кредитной картой?	6	0	3371478
Mogu li da platim kreditnom karticom?	Я могу расплатиться кредитной картой?	6	0	3371478
Mogu li da pričam sa Bilom?	Я могу поговорить с Биллом?	6	0	3243494
Mogu li da razgovaram s Bilom?	Могу ли я поговорить с Биллом?	6	0	1085935
Mogu li da trčim sa tobom?	Я могу побегать с тобой?	6	0	3418722
Mogu li da vidim Vaš pasoš?	Я могу увидеть Ваш паспорт?	6	0	901911
Moj avion poleće u šest časova.	Мой самолёт вылетает в шесть часов.	6	0	1051811
Moj brat je kupio nov televizor.	Мой брат купил новый телевизор.	6	0	4781419
Moj brat veoma liči na mene.	Мой брат очень похож на меня.	6	1	918888
Moj brat zatvara oči kada pije.	Мой брат закрывает глаза, когда пьёт.	6	0	3370930
Moj hobi je da konstrušem avione.	Моё хобби - конструировать самолёты.	6	0	1183326
Moj mali unuk vrlo glasno vrišti.	Мой маленький внук очень громко орёт.	6	0	3453823
Moj muž uvek čita u krevetu.	Мой муж всегда читает в кровати.	6	0	888821
Moj otac je popravio polomljenu stolicu.	Мой отец починил сломанный стул.	6	0	665177
Moj otac radi u elektroenergetskoj kompaniji.	Мой отец работает в электроэнергетической компании.	6	0	1183343
Moj otac voli da svira gitaru.	Мой отец любит играть на гитаре.	6	0	3362092
Moj pas leži uz moje noge.	Моя собака лежит у моих ног.	6	0	3470199
Moj pas me liže po rukama.	Моя собака лижет мне руки.	6	0	3470203
Moj prijatelj slikar je neobičan čovek.	Мой друг художник - необыкновенный человек.	6	0	1181860
Moj prijatelj Šigejuki je slobodni mislilac.	Мой друг Шигеюки - свободно мыслящий человек.	6	0	1200651
Moj prijatelj živi u ovoj kući.	Мой друг живёт в этом доме.	6	1	3439099
Moj ujak mi je dao poklon.	Мой дядя подарил мне подарок.	6	0	3256199
Moj ujak mi je darovao fotoaparat.	Мой дядя подарил мне фотоаппарат.	6	0	1384468
Moja deca nemaju svoje lične sobe.	У моих детей нет своих собственных комнат.	6	0	4243497
Moja majka je sada obuzeta tenisom.	Моя мать сейчас увлечена теннисом.	6	0	1946226
Moja majka mrzi da piše pisma.	Моя мама ненавидит писать письма.	6	0	3313363
Moja mama se ne bavi politikom.	Моя мама не интересуется политикой.	6	0	1232299
Moja sestra je bila lepa žena.	Моя сестра была красивой женщиной.	6	1	6169166
Moja sestra mi je otvorila vrata.	Моя сестра открыла мне дверь.	6	0	3244887
Moja sestra se igra sa lutkama.	Моя сестра играет в куклы.	6	0	800881
Moja tetka mi je dala cveće.	Моя тетя дала мне цветы.	6	0	3477634
Moja žena se zove Lidija Zarebov.	Мою жену зовут Лидия Заребова.	6	0	1102232
Moji jedini prijatelji su moje pčele.	Мои единственные друзья - мои пчёлы.	6	0	5633770
Molim te mi daj komad pite.	Пожалуйста, дай мне кусок пирога.	6	0	3485382
Molim te, dodaj me na Fejsbuku.	Пожалуйста, добавьте меня в Facebook.	6	0	3795135
Molim te, pošalji mi tvoju sliku.	Пожалуйста, пришли мне свою фотографию.	6	0	4782939
Molim vas da čitate između redova.	Пожалуйста, читайте между строк.	6	0	5819521
Molim Vas, ne brinite o meni!	Пожалуйста, не беспокойтесь обо мне!	6	1	1221215
Moram se boriti za svoju demokratiju.	Мы должны бороться за свою демократию.	6	0	1043520
Moraš da odgovoriš na ova pitanja.	Ты должен ответить на эти вопросы.	6	0	3359673
Možda da, a možda i ne.	Может быть, а может быть нет...	6	1	1714774
Možeš da se osloniš na njega.	Можешь на него положиться.	6	0	3429973
Možeš li da jedeš sirove ostige?	Можно ли есть сырые устрицы?	6	0	3425703
Možeš li da jedeš sirove ostrige?	Можно ли есть сырые устрицы?	6	0	6362511
Možeš li da jedeš sirove oštrige?	Можно ли есть сырые устрицы?	6	0	6362512
Muka mi je od tvog cmizdrenja.	Я устал от твоего нытья.	6	0	5002867
Na meni je stara Tomova pidžama.	На мне старая пижама Тома.	6	0	3518018
Na prozorima su saksije sa cvećem.-	На окнах горшки с цветами.	6	0	1157224
Na tvom mestu uradio bih isto.	На твоём месте я бы сделал то же самое.	6	1	942388
Na ulici se igraju dvoje dece.	На улице играют двое детей.	6	0	715007
Napisao sam mnogo rečenica na esperantu.	Я написал много предложений на эсперанто.	6	0	3440626
Nastavnik nam je objasnio značenje reči.	Учитель объяснил нам значение слова.	6	0	1178221
Naš jaht klub ima deset članova.	В нашем яхт-клубе десять членов.	6	0	1528420
Naš restoran je bolji od ostalih.	Наш ресторан больше остальных.	6	0	1074412
Ne izlazi napolje posle zalaska sunca.	Не выходи на улицу после захода солнца.	6	0	3365491
Ne mogu da koristim ovu mašinu.	Я не могу пользоваться этой машиной.	6	0	3243989
Ne mogu da otvorim ovu flašu.	Я не могу открыть эту бутылку.	6	0	3340293
Ne mogu da zaboravim njene oči.	Я не могу забыть её глаза.	6	0	3290336
Ne mogu da čekam do ponedeljka.	Я не могу ждать до понедельника.	6	0	5024428
Ne mogu da živim bez televizora.	Я не могу жить без телевизора.	6	0	3371633
Ne postoje odgovori na vaša pitanja.	На ваши вопросы не существует ответов.	6	1	1188860
Ne radim to samo zbog novca.	Я делаю это не только ради денег.	6	1	6905677
Ne radim to samo zbog para.	Я делаю это не только ради денег.	6	1	6905679
Ne sudi o knjizi po koricama.	Не суди о книге по обложке.	6	0	3256119
Ne sviđa mi se ovaj sat.	Мне не нравятся эти часы.	6	1	3248352
Ne upoređuj me sa filmskom zvezdom.	Не сравнивай меня с кинозвездой.	6	0	1676105
Ne volim da radim u banci.	Я не люблю работать в банке.	6	0	3286454
Ne zaboravi da piješ dosta vode.	Не забывай пить достаточное количество воды.	6	0	11060633
Ne znam gde je tvoja knjiga.	Я не знаю, где твоя книга.	6	1	5397787
Ne znam gde ti je knjiga.	Я не знаю, где у тебя книга.	6	1	5397786
Ne znam ko je taj čovek.	Я не знаю, кто тот человек.	6	1	3265726
Ne znam skoro ništa o tebi.	Я не знаю почти ничего о тебе.	6	1	4245942
Ne znamo šta nam sutra donosi.	Мы не знаем, что нам принесёт завтра.	6	0	5874074
Ne želim da idem u školu.	Я не хочу идти в школу.	6	1	3644139
Ne želim da igram ovu igru.	Я не хочу играть в эту игру.	6	1	3394910
Ne želim da izgledam kao Tom.	Я не хочу выглядеть, как Том.	6	1	5841799
Ne želim da me ljudi mrze.	Я не хочу, чтобы люди меня ненавидели.	6	0	3394932
Ne želim da ti uništim dan.	Я не хочу испортить тебе день.	6	0	5024412
Ne želim da to radim ovde.	Я не хочу делать это здесь.	6	1	3394968
Ne želim da to radim ovde.	Я не хочу заниматься этим здесь.	6	1	3394968
Ne želim da učestvujem u tome.	Я не хочу в этом участвовать.	6	0	3371755
Ne želim da živim sa tim.	Я не хочу с этим жить.	6	1	3394912
Ne želim ni meso ni ribu.	Не хочу ни мяса, ни рыбы.	6	0	3267837
Nebo je vedro skoro svakog dana.	Небо ясное почти каждый день.	6	0	1610008
Nekada je ovde bio veliki park.	Когда-то здесь был большой парк.	6	0	3243657
Neki ljudi nemaju osećaj za šalu.	У некоторых людей нет чувства юмора.	6	0	1457679
Neko je ukrao sav moj novac.	Кто-то украл все мои деньги.	6	1	1178230
Nekoliko minuta kasnije je zazvonio telefon.	Несколькими минутами позже зазвонил телефон.	6	0	3287708
Nekoliko puta sam plesala sa Tomom.	Я несколько раз танцевала с Томом.	6	0	8841988
Nemam pojima o čemu ti pričaš.	Понятия не имею, о чём ты говоришь.	6	0	3297153
Nemam sina koji se zove Tom.	У меня нет сына по имени Том.	6	1	3386922
Nemam vremena, možeš li da požuriš?	У меня нет времени, ты можешь поторопиться?	6	0	3340737
Nemate zbog čega ustajati tako rano.	Вам незачем вставать так рано.	6	0	1153985
Nemoj da loše misliš o meni.	Не думай обо мне плохо.	6	1	3357564
Nemoj da mi smetaš da učim.	Не мешай мне учить.	6	0	3356491
Nemojte da stavljate ruke kroz prozor.	Не суйте руки в окно.	6	0	3414781
Neobično, da on ima takvu stvar.	Странно, что у него может быть такая вещь.	6	0	1157210
Neophodno je da prestaneš da pušiš.	Тебе необходимо бросить курить.	6	0	1076700
Neprijatelj moga neprijatelja je moj prijatelj.	Враг моего врага - мой друг.	6	0	1142656
Neptun je osma planeta Sunčevog sistema.	Нептун — восьмая планета Солнечной системы.	6	0	1045813
Nesumnjivo, esperanto je velika ušteda vremena.	Несомненно, эсперанто является великой тратой времени.	6	0	1751654
Neverovatno je koliko sam bio slep!	Невероятно, насколько я был слеп!	6	0	3494401
Neću više govoriti Francuski sa tobom.	Я больше не буду говорить с тобой по-французски.	6	0	3278488
Ni sam ljuta ni na koga.	Я ни на кого не злюсь.	6	0	4972237
Nikad nije trebalo da te poslušam.	Не надо было мне тебя слушать.	6	0	5909455
Nikad nije trebalo te da poslušam.	Не надо было мне тебя слушать.	6	0	5909454
Nikad nisam video tako velikog kita.	Я никогда не видел такого большого кита.	6	0	3244025
Nikad nisam video Toma ovako zauzetog.	Я никогда не видел Тома таким занятым.	6	0	4644921
Nikad pre nisam video ovakvu biljku.	Я никогда раньше не видел такое растение.	6	0	8893509
Nikada nećeš znati, ako ne probaš.	Никогда не узнаешь, если не попробуешь.	6	0	3418709
Nikada se nisam popeo na Fudži.	Я никогда не забирался на Фудзи.	6	0	1080412
Niko ne kuca na moja vrata.	Никто не стучит ко мне в дверь.	6	0	3296175
Niko ne može da zna sve.	Никто не может знать всё.	6	1	665368
Niko ne može da zna sve.	Никто не может знать всего.	6	1	665368
Niko ne zna njegovo pravo ime.	Никто не знает его настоящего имени.	6	1	3286258
Niko ne živi u ovoj kući.	В этом доме никто не живёт.	6	1	664827
Niko te nije pitao za mišljenje.	Твоего мнения никто не спрашивал.	6	1	6964402
Nisam imao pojma šta da napišem.	Я понятия не имел, что мне написать.	6	0	5874039
Nisam imao pojma, šta da napišem.	Я понятия не имел, что мне написать.	6	0	5874038
Nisam te bio čuo da kucaš.	Я не слышал, как ты стучишь.	6	0	3395334
Nisam ti rekao da uradiš to.	Я не говорил тебе это делать.	6	1	4250601
Nisam ti rekla da uradiš to.	Я не говорила тебе это делать.	6	1	4250602
Nisam više mogao da gledam to.	Я больше не мог смотреть на это.	6	1	8820702
Nisam želeo da se ovo dogodi.	Я не хотел, чтобы это случилось.	6	1	3387038
Nisu svi koji ovde stanuju - bogati.	Не все, кто здесь живут, богатые.	6	0	1043457
Ništa ne možemo protiv Božje volje.	Против воли Господа ничто не поможет.	6	0	1080603
Njegova žena mu je zakrpila košulju.	Его жена зашила ему рубашку.	6	0	714991
Norveška ima dosta starih praznih štala.	В Норвегии достаточно старых заброшенных конюшен и коровников.	6	0	3492511
Novi film bio je veoma uspešan.	Новый фильм имел большой успех.	6	0	5588854
Novčanik mi je ukraden u autobusu.	Мой кошелёк украли в автобусе.	6	0	4248497
Obično ne kupujem ništa sa interneta.	Я обычно ничего не покупаю через Интернет.	6	0	4986737
Objasni mi, molim te, pravila fudbala.	Пожалуйста, объясни мне правила футбола.	6	0	801027
Od jednog udarca hrast ne pada.	От одного удара ни один дуб не упадёт.	6	0	1457634
Oko za oko, zub za zub.	Око за око, зуб за зуб.	6	0	6936119
Oktopod Pol je bio u pravu.	Осьминог Пауль был прав.	6	0	3438497
On ima mnogo knjiga o istoriji.	У него много книг по истории.	6	0	901395
On ima više knjiga od mene.	У него больше книг, чем у меня.	6	1	10700087
On ima više od pet rečnika.	У него больше пяти словарей.	6	0	1097812
On izgleda stariji od mog brata.	Он выглядит старше моего брата.	6	0	3648737
On je bio ispred svog vremena.	Он опередил своё время.	6	1	3571468
On je bio moj bliski prijatelj.	Он был моим близким другом.	6	0	3248322
On je iskopao rupu u vrtu.	Он выкопал яму в саду.	6	0	1043427
On je jeo hleb i meso.	Он ел хлеб и мясо.	6	0	3440630
On je očistio sneg sa krova.	Он убрал снег с крыши.	6	0	3290783
On je veliki ljubitelj naučne fantastike.	Он большой любитель научной фантастики.	6	0	908419
On je zadovoljan sa svojim poslom.	Он доволен своей работой.	6	0	884951
On je zadubljen u učenje latinskog.	Он погружён в изучение латыни.	6	0	3384496
On je čovek s velikim iskustvom.	Он человек с большим опытом.	6	0	3499344
On mi je čestitao na uspehu.	Он поздравил меня с успехом.	6	0	1183347
On mora kupiti novi bicikl sinu.	Он должен купить сыну новый велосипед.	6	0	5596447
On nije odgovorio na moje pitanje.	Он не ответил на мой вопрос.	6	0	1090463
On pije mnogo mleka svaki dan.	Он пьет много молока каждый день.	6	0	3276413
On radi na baš ludim projektima.	Он работает на очень сумасшедших проектах.	6	0	397592
On raste kao pečurka posle kiše.	Он растет как гриб после дождя.	6	0	1142654
On se dobro razume u karte.	Она хорошо разбирается в картинах.	6	0	1166862
On se pridružio klubu prošle godine.	Он стал членом клуба в прошлом году.	6	0	10042508
On se razlikovao od drugih dečaka.	Он отличался от других мальчиков.	6	0	3535854
On stalno gubi njegov mobilni telefon.	Он постоянно теряет свой мобильный телефон.	6	0	938954
On ustaje u sedam i deset.	Он встаёт в семь-десять.	6	0	3370877
On voli da peva popularne pesme.	Он любит петь популярные песни.	6	0	3244321
On voli sve što je slatko.	Он любит всё сладкое.	6	1	938347
On zatvara vrata i zaključava ih.	Он закрывает дверь и запирает её на ключ.	6	0	3473447
On zna imena svih svojih mušterija.	Он знает имена всех своих клиентов.	6	0	4238251
On živi negde u okolini parka.	Он живёт где-то в окрестностях парка.	6	0	3293159
Ona govori engleski, takođe i francuski.	Она говорит по-английски, а также и по-французски.	6	0	1183296
Ona ima mačku. Mačka je bela.	У неё есть кошка. Кошка белая.	6	0	3307054
Ona ima više knjiga od mene.	У неё больше книг, чем у меня.	6	1	10700089
Ona je bila popularnija u gradu.	Она была популярна в городе.	6	0	3365442
Ona je bila veoma ambiciozna žena.	Она была очень амбициозной женщиной.	6	0	2708806
Ona je starija od dve sestre.	Она старшая из двух сестёр.	6	0	3478102
Ona je već završila sa radom.	Она уже закончила работу.	6	0	1171891
Ona mi je to rekla šapatom.	Она сказала мне шёпотом.	6	0	1159993
Ona neće da priča sa njim.	Она не будет с ним разговаривать.	6	1	3355818
Ona popije flašu mleka svako jutro.	Она выпивает бутылку молока каждое утро.	6	0	3366871
Ona popije flašu mleka svako jutro.	Каждое утро она выпивает бутылку молока.	6	0	3366871
Ona voli Toma, a ne mene.	Она любит Тома, а не меня.	6	0	3393840
Oni stalno zaboravljaju da plate račune.	Они постоянно забывают оплачивать счета.	6	0	3360419
Oni su bili članovi srednje klase.	Они принадлежали к среднему классу.	6	0	4967449
Oni su plivali u ovom jezeru.	Они плавали в этом озере.	6	0	5405469
Oni su to pokušavali mnogo puta.	Они пробовали это много раз.	6	0	3213546
Oni će znati šta da rade.	Они будут знать, что делать.	6	1	4292234
Otac mi je kupio novi bicikl.	Отец купил мне новый велосипед.	6	0	3438832
Otkazao je sastanak u poslednjem trenutku.	Он отменил встречу в последний момент.	6	0	6966961
Otkrili smo veliku grešku u sistemu.	Мы обнаружили большую ошибку в системе.	6	0	5993436
Otvoreni prozori su dobri za rashlađivanje.	Открытые окна хороши для охлаждения.	6	0	408971
Ova je knjiga popularna među studentima.	Эта книга популярна среди студентов.	6	0	3402678
Ova knjiga je štampana u Engleskoj.	Эта книга напечатана в Англии.	6	0	3535747
Ova knjiga mi je veoma važna.	Эта книга для меня очень важна.	6	0	3351340
Ova knjiga mi se najmanje sviđa.	Эта книга мне меньше всего нравится.	6	1	4248679
Ova knjiga štampana je u Engleskoj.	Эта книга напечатана в Англии.	6	0	1086194
Ova kuća je izgrađena od kamena.	Этот дом построен из камня.	6	0	3362141
Ova stolica je napravljena od plastike.	Этот стул сделан из пластика.	6	0	3438847
Ovaj fenomen je veoma lako objasniti.	Этот феномен очень легко объяснить.	6	0	3391620
Ovaj lek ćete brzo rešiti glavobolje.	Это лекарство быстро избавит тебя от головной боли.	6	0	1200603
Ovaj sat je jeftiniji od tog.	Эти часы дешевле, чем те.	6	0	715033
Ovaj sos je gorak po ukusu.	Этот соус горький на вкус.	6	0	1293948
Ovi paraziti se razmnožavaju u krvi.	Эти паразиты размножаются в крови.	6	0	3359209
Ovi paraziti se razmnožavaju zaista brzo.	Эти паразиты очень быстро размножаются.	6	0	3359198
Ovo je bio njen prvi posao.	Это была её первая работа.	6	1	3494404
Očekujemo da će danas padati kiša.	Мы ожидаем, что сегодня пойдёт дождь.	6	0	5398739
Oženjen sam i imam dvoje dece.	Я женат, и у меня двое детей.	6	0	3364063
Pa šta ako je to tačno?	А что, если это правда?	6	1	5029104
Pazi na pešake dok voziš auto.	Обращай внимание на пешеходов, когда ведёшь авто.	6	0	1124588
Pazi na pešake dok voziš auto.	Обращай внимание на пешеходов, когда ведёшь машину.	6	0	1124588
Pazi na pešake dok voziš auto.	Обращай внимание на пешеходов, когда ведёшь автомобиль.	6	0	1124588
Peške ili biciklom ideš u školu?	Ты ходишь в школу пешком или ездишь на велосипеде?	6	0	5596942
Pitam se čija je ovo rečenica.	Интересно, чьё это предложение.	6	0	6159457
Planina je pokrivena snegom cele godine.	Гора покрыта снегом круглый год?	6	0	3264409
Planiraš da sve to pojedeš sam?	Ты планируешь сам всё это съесть?	6	0	5843302
Plaše me letnje munje i gromovi.	Я боюсь летних молний и грома.	6	0	1113783
Pokazaćemo vam kako da upecate ribu.	Мы покажем вам, как поймать рыбу.	6	0	4243534
Pokušao sam da pričam sa tobom.	Я пытался с тобой поговорить.	6	1	3410494
Pomogla sam Tomu da se spremi.	Я помогла Тому подготовиться.	6	0	8895044
Pomogli smo Tomu da nađe posao.	Мы помогли Тому найти работу.	6	0	8894549
Posle krize, ostao sam bez novca.	После кризиса я остался без денег.	6	0	3474693
Postoji mnogo loših ljudi na svetu.	На свете есть много плохих людей.	6	0	3244883
Postoji mnogo loših ljudi na svetu.	На свете много плохих людей.	6	0	3244883
Potpuno čisti brilijanti to je retkost.	Абсолютно чистые бриллианты — большая редкость.	6	0	1103111
Požuri, inače ćeš da propustiš avion.	Поспеши, а то опоздаешь на самолёт.	6	0	3356007
Prekršio si jedno od najvažnijih pravila.	Ты нарушил одно из самых важных правил.	6	0	6880242
Prelepa plavuša sunčala se na plaži.	Красивая блондинка загорала на пляже.	6	0	6863188
Prema prognozi, sneg će padati sutra.	По прогнозу снег будет завтра.	6	0	1498238
Prevedite ovo na engleski, molim vas.	Переведите это на английский, пожалуйста.	6	0	4248101
Prevestu ovu reč veoma je teško.	Это слово перевести очень трудно.	6	0	1090460
Previše sam star za ovako nešto.	Я слишком стар для таких вещей.	6	1	5925222
Previše sam stara za ovako nešto.	Я слишком стара для таких вещей.	6	1	5925224
Primetio sam da nema mog auta.	Я заметил, что моей машины нет.	6	0	3394608
Priča me je dirnula do suza.	Рассказ тронул меня до слёз.	6	0	1312279
Problem je u izgradnji stambenih zgrada.	Проблема заключается в строительстве жилых домов.	6	0	11054974
Pronašao sam to u jednoj knjizi.	Я это нашёл в одной книге.	6	0	3283888
Prošle godine imao je dugu kosu.	В прошлом году у него были длинные волосы.	6	0	1061998
Prošle sedmice umro je moj prijatelj.	На прошлой неделе умер мой друг.	6	0	1173834
Prvi mesec u godini je januar.	Первый месяц года — январь.	6	0	13693966
Prvo želim da ti pokažem nešto.	Сначала я хочу кое-что тебе показать.	6	1	4249122
Rat je počeo tri godine kasnije.	Война началась три года спустя.	6	1	884910
Razgovarao sam sa njom jedan sat.	Я разговаривал с ним час.	6	1	1044446
Rekao sam mu šta da radi.	Я сказал ему, что делать.	6	1	3303837
Riba traži dubinu, čovek traži blagostanje.	Рыба ищет где глубже, а человек - где лучше.	6	0	1052518
Samo neka mi padne u ruke!	Пусть только попадётся мне в руки!	6	0	1135332
Sigurna sam da si im potrebna.	Я уверена, что ты им нужна.	6	1	4972276
Situacija u Kirgistanu je pravi haos.	Ситуация в Киргизии — настоящий беспорядок.	6	0	407321
Situacija u Kirgistanu je pravi haos.	Ситуация в Кыргызстане — настоящий хаос.	6	0	407321
Skidač laka za nokte jako smrdi.	Жидкость для снятия лака сильно воняет.	6	0	469568
Skupoceni porcelan razbio se u paramparčad.	Драгоценный фарфор разбился вдребезги.	6	0	6827718
Slučajno sam je sreo na ulici.	Я случайно встретил ее на улице.	6	0	3265632
Sport mu se uvek činio lak.	Спорт всегда даётся ему легко.	6	0	1528435
Srbija je zemlja na Balkanskom poluostrvu.	Сербия - страна на Балканском полуострове.	6	0	1133791
Stariji ljudi se često boje promene.	Старые люди часто боятся перемен.	6	0	665185
Sudbina je bila blagonaklona prema njemu.	Судьба была к нему благосклонна.	6	0	7003504
Sudbina meša karte, a mi igramo.	Судьба тасует карты, а мы играем.	6	0	6289865
Sutra će biti kiša sa snegom.	Завтра будет дождь со снегом.	6	0	2135795
Sutra ću biti kući ceo dan.	Завтра я весь день буду дома.	6	1	5843358
Sutra ću biti kući ceo dan.	Завтра я целый день буду дома.	6	1	5843358
Svaki čovek ima svoju slabu tačku.	У каждого человека есть своё уязвимое место.	6	0	1159976
Svako jutro za doručak jedem med.	Я каждое утро на завтрак ем мёд.	6	0	396720
Sve je bila jedna velika laž.	Всё было одной большой ложью.	6	0	4324324
Svet ne postoji samo zbog tebe.	Мир существует не только из-за тебя.	6	1	3371543
Svi kažu da ličim na oca.	Все говорят, что я похож на отца.	6	0	5993492
Svi kažu da ličim na tatu.	Все говорят, что я похож на папу.	6	0	5993490
Svi kažu da ličim na tatu.	Все говорят, что я похожа на папу.	6	0	5993490
Svi mi tada nismo imali novca.	Нам всем тогда не хватало денег.	6	1	1178227
Svi verovatno misle da sam lud.	Все вероятно думают, что я сумасшедший.	6	1	3364575
Svi znaju da ne volim Toma.	Все знают, что я не люблю Тома.	6	0	5035354
Sviđa li ti se San Francisko?	Тебе нравится Сан-Франциско?	6	0	1457597
Sviđa mi se kad je hladno.	Я люблю, когда холодно.	6	1	2926255
Sviđa mi se norveški kozji sir.	Мне нравится норвежский козий сыр.	6	0	3477956
Sviđa mi se ovaj crtani film.	Мне нравится этот мультфильм.	6	0	8840055
Sviđa mi se ovaj foto-aparat.	Мне нравится этот фотоаппарат.	6	0	8829799
Sviđa mi se šta si napisala.	Мне нравится то, что ты написала.	6	0	4248727
Sviđa mi se šta si napisao.	Мне нравится то, что ты написал.	6	1	4248726
Svu noć se okretao u postelji.	Всю ночь он ворочался в постели.	6	0	1124624
Ta greška ga je koštala glave.	Та ошибка стоила ему головы.	6	0	3306752
Ta hrana mi se ne dopada.	Эта еда мне не подходит.	6	1	1498236
Ta ideja mi se ne dopada.	Эта идея мне не нравится.	6	1	1051449
Ta reka izlgeda plitko, zar ne?	Та река кажется мелкой, да?	6	0	4249164
Tamo je bilo više stotina ljudi.	Там было больше сотни людей.	6	0	893238
Tata mi je kupio novi bicikl.	Папа купил мне новый велосипед.	6	0	801016
Tebi se dopada tvoj novi posao?	Тебе нравится твоя новая работа?	6	1	1127250
Ti ne znaš ništa o meni.	Ты не знаешь обо мне ничего.	6	1	5650888
Ti ne znaš ništa o meni.	Ты ничего не знаешь обо мне.	6	1	5650888
Ti ništa o meni ne znaš.	Ты не знаешь обо мне ничего.	6	1	5650885
Ti si obavezan da bolje radiš.	Ты должен больше работать.	6	0	1098599
Ti si Tomov prijatelj , zar ne?	Ты друг Тома, да?	6	0	884903
Ti si Tomov prijatelj, zar ne?	Ты друг Тома, да?	6	0	8845978
Ti si velika ljubav mog života.	Ты - большая любовь моей жизни.	6	1	5909310
To drvo se nije dovoljno osušilo.	Это дерево ещё недостаточно высохло.	6	0	5600200
To izgleda kao Latinski, ali nije.	Это похоже на латынь, но это не она.	6	0	3341499
To je bila veoma delikatna situacija,	Это была очень деликатная ситуация.	6	0	11060638
To je bio samo delimičan uspeh.	Это был только частичный успех.	6	0	5588850
To je mesto pogodno za kupanje.	Это место удобно для купания.	6	0	1179894
To je moj posao, ne Tomov.	Это моя работа, а не Тома.	6	0	5024449
To je moj problem, ne tvoj.	Это моя проблема, а не твоя.	6	1	4246863
To je moja četkica za zube.	Это моя зубная щётка.	6	0	3395247
To je ono šta žene hoće.	Это то, чего хотят женщины.	6	1	6063838
To je uradio na naš zahtev.	Он сделал это по нашей просьбе.	6	0	6914761
To je vrlo ljubazno od Vas.	Это очень любезно с Вашей стороны.	6	0	3410383
To ne može biti pravi dijamant.	Это не может быть настоящим алмазом.	6	0	1060491
To nije dobro za spavanje noću.	Это не полезно для ночного сна.	6	1	3484152
To nije urađeno za sat vremena.	Это не за час сделано.	6	0	3478391
To se kosi s mojim principima.	Это противоречит моим принципам.	6	0	3243318
To su za mene španska sela.	Это для меня китайская грамота.	6	0	426702
Tokom dugog vremena nisam ga video.	В течение долгого времени я не видел его.	6	0	1051432
Tom govori pet jezika, uključujući ruski.	Том говорит на пяти языках, включая русский.	6	0	3414870
Tom i ja smo bili prijatelji.	Мы с Томом были друзьями.	6	1	5396785
Tom i ja smo bili zauzeti.	Мы с Томом были заняты.	6	0	4251050
Tom i njegova žena žive odvojeno.	Том и его жена живут отдельно.	6	0	3414485
Tom ima veliku čvorugu na potiljku.	У Тома большая шишка на затылке.	6	0	3292534
Tom je brzo zapisao sva imena.	Том быстро записал все имена.	6	0	8891135
Tom je jedini hranilac u porodici.	Том - единственный кормилец в семье.	6	0	6391043
Tom je jedini koji ovo može.	Том - единственный, кто это может.	6	1	5029213
Tom je otrčao do svog automobila.	Том побежал к своему автомобилю.	6	0	4247171
Tom je potpuno zadubljen u igru.	Том полностью погружен в игру.	6	0	3265649
Tom je prošao kroz detektor metala.	Том прошёл через металлодетектор.	6	0	3414562
Tom je rekao da izgledam glupo.	Том сказал, что я выгляжу глупо.	6	1	5873224
Tom je rekao da izgledam užasno.	Том сказал, что я выгляжу ужасно.	6	1	5841817
Tom je rekao da je zdrav.	Том сказал, что он здоров.	6	0	5024843
Tom je spavao samo četiri sata.	Том спал только четыре часа.	6	1	3547618
Tom je uradio nešto veoma glupo.	Том сделал что-то очень глупое.	6	1	3275372
Tom je učio francuski u školi.	Том учил французский в школе.	6	0	3418593
Tom je verovatno rođen u Australiji.	Том, вероятно, родился в Австралии.	6	0	5308596
Tom je zapisao Merin broj telefona.	Том записал номер телефона Мэри.	6	0	4248783
Tom je znao šta je želeo.	Том знал, чего хочет.	6	1	5043524
Tom je čovek koga svi poštujemo.	Том — человек, которого мы все уважаем.	6	0	11060634
Tom jede čokoladu skoro svaki dan.	Том ест шоколад почти каждый день.	6	0	5308568
Tom me je naučio da čitam.	Том научил меня читать.	6	0	4975949
Tom mi je danas rekao to.	Том сегодня мне это сказал.	6	1	4975948
Tom mi je danas rekao to.	Том мне сегодня это сказал.	6	1	4975948
Tom mi je dao tu knjigu.	Том дал мне ту книгу.	6	1	5397769
Tom mi je odgovorio na pitanje.	Том ответил на мой вопрос.	6	0	11083969
Tom ne ume da svira gitaru.	Том не умеет играть на гитаре.	6	0	13695459
Tom ne voli da radi to.	Том не любит это делать.	6	1	4250498
Tom ne zna da vozi auto.	Том не умеет водить автомобиль.	6	1	3440814
Tom neće znati da sam ovde.	Том не узнает, что я здесь.	6	1	4975921
Tom nije bio ovde u ponedeljak.	Тома не было здесь в понедельник.	6	0	8841773
Tom nije bio spreman da umre.	Том не был готов умереть.	6	1	3368355
Tom nije glasao na poslednjim izborima.	Том не голосовал на последних выборах.	6	0	13693197
Tom nije imao šta da izgubi.	Тому было нечего терять.	6	0	5043546
Tom od detinjstva živi u Njujorku.	Том с детства живёт в Нью-Йорке.	6	0	7035782
Tom pije samo kafu bez kofeina.	Том пьёт только кофе без кофеина.	6	0	6540687
Tom pije samo kafu bez kofeina.	Том пьёт только декофеинизированное кофе.	6	0	6540687
Tom radi od devet do pet.	Том работает с девяти до пяти.	6	1	3438496
Tom samo što je bio ovde.	Том только что был здесь.	6	1	4247117
Tom se igra sa svojim sinom.	Том играет со своим сыном.	6	0	3304892
Tom se uopšte ne plaši zmija.	Том вообще не боится змей.	6	0	3364114
Tom uskoro dolazi ovde iz Australije.	Том скоро приедет сюда из Австралии.	6	0	3438453
Tom zna imena svih svojih mušterija.	Том знает имена всех своих клиентов.	6	0	4790634
Tom zna imena svih svojih mušterija.	Том знает имена всех своих покупателей.	6	0	4790634
Tom zna imena svih svojih mušterija.	Том знает имена всех своих заказчиков.	6	0	4790634
Tom zna šta mu se sviđa.	Том знает, что ему нравится.	6	1	5043522
Tom će dati otkaz u ponedeljak.	Том даст ответ в понедельник.	6	0	5043486
Tom će se uskoro vratiti kući.	Том скоро вернётся домой.	6	1	3438458
Tom čita Bibliju po ceo dan.	Том читает Библию целыми днями.	6	0	4248684
Tom čita Bibliju po ceo dan.	Том читает Библию весь день.	6	0	4248684
Tom želi da radi sa mnom.	Том хочет со мной работать.	6	1	8869748
Tomas ne zna kako se zovem.	Томас не знает, как меня зовут.	6	0	3391260
Tome, potrebna mi je tvoja pomoć.	Том, мне нужна твоя помощь.	6	1	3438537
Tomo, moramo uzeti taksi do stanice.	Том, мы должны взять такси до станции.	6	0	6391908
Tomov auto ima sto konjskih snaga.	В машине Тома сто лошадиных сил.	6	0	6475381
Tomu je otac kupio stari moped.	Отец купил Тому старый мопед.	6	0	3469811
Treba da misliš na svoje zdravlje.	Тебе нужно думать о своём здоровье.	6	0	5603416
Treba mi soba za dve osobe.	Мне нужна комната на две персоны.	6	0	3437269
Treba mi soba za dve osobe.	Мне нужен номер на две персоны.	6	0	3437269
Tri puta sam bio u Kjotou.	Я три раза был в Киото.	6	0	3253739
Tri četvrtine površine Zemlje je voda.	Вода занимает три четверти поверхности Земли.	6	0	3262896
Tvoj bicikl je bolji od mog.	Твой велосипед больше моего.	6	0	3419209
Tvoj tata je bio u pravu.	Твой папа был прав.	6	1	7037795
Tvoja knjiga je na pisaćem stolu.	Твоя книга на письменном столе.	6	0	3425256
Tvoja knjiga je na pisaćem stolu.	Твоя книга лежит на письменном столе.	6	0	3425256
Tvoja knjiga je u mojoj kancelariji.	Твоя книга в моём офисе.	6	0	6905695
Tvoja olovka je bolja od moje.	Твой карандаш больше, чем мой.	6	0	3425248
Tvoja žena je ljuta na tebe.	Твоя жена на тебя сердится.	6	0	3418564
Tvoja žena je ljuta na tebe.	Твоя жена на тебя злится.	6	0	3418564
Tvoji problemi se ne tiču mene.	Твои проблемы ко мне не относятся.	6	0	1676111
U Bostonu me niko ne zna.	В Бостоне меня никто не знает.	6	0	5002904
U mojoj bašti ima mnogo voćki.	В моём саду много фруктовых деревьев.	6	0	3438783
U mom početku je moj kraj.	В моём начале есть мой конец.	6	0	5848408
U našem Institutu su najbolji predavači.	В нашем институте самые лучшие преподаватели.	6	0	1111666
U našoj školi je mnogo učionica.	В нашей школе много учебных кабинетов.	6	0	1657958
U njihovom vrtu je dvadesetak lipa.	У них в саду два десятка лип.	6	0	1505727
U ovoj kući živi mnogo ljudi.	В этом доме живёт много людей.	6	1	1573431
U pustinjama vrlo retko pada sneg.	В пустынях снег идёт очень редко.	6	0	3715086
U čemu mogu da vam pomognem?	Чем могу Вам помочь?	6	1	1178228
U četvrtak uveče pivo je besplatno.	В четверг вечером пиво бесплатное.	6	0	1171681
Ubrzo posle incidenta stigla je policija.	Вскоре после происшествия приехала полиция.	6	0	1111652
Ukrao je veoma dragocen dijamantski prsten.	Он украл очень ценное кольцо с алмазом.	6	0	4250227
Ultravioletni zraci su opasni za nas.	Ультрафиолетовые лучи опасны для нас.	6	0	1124620
Upao sam u pljusak i pokisao.	Я попал под дождь и промок.	6	0	1135343
Uspeh je došao polako, ne odjednom.	Успех пришёл медленно, не сразу.	6	0	5588867
Uspeh znači puno novca, zar ne?	Успех значит много денег, не так ли?	6	0	6148796
Uvek držim prozor otvorenim dok spavam.	Я всегда держу окно открытым, когда сплю.	6	0	5028570
Uvek govori o vladi sa prezirom.	Всегда говори о власти с презрением.	6	0	1045872
Uvek mi telefoniraš iz njene kuće.	Ты всегда звонишь мне из ее дома.	6	0	1484538
Uvek sam želeo da te upoznam.	Я всегда хотел с тобой познакомиться.	6	0	3365503
Učim francuski svakog dana posle večere.	Каждый день после ужина я учу французский.	6	0	3435319
Učim francuski svakog dana posle večere.	Я каждый день после ужина учу французский.	6	0	3435319
Učinila je to na moju molbu.	Она сделала это по моей просьбе.	6	0	6914804
Vavilon je glavni grad antičke Vavilonije.	Вавилон — столица античной Вавилонии.	6	0	4116531
Vaša imena su Tom i Ken.	Ваши имена - Том и Кен.	6	0	3243832
Veoma volim ovaj stari deo grada.	Я очень люблю эту старую часть города.	6	1	3476265
Verovatno nikad više neću koristiti ovo.	Видимо, я никогда больше не буду этим пользоваться.	6	0	5035386
Većina kuća je bila potpuno uništena.	Большинство домов было полностью уничтожено.	6	0	6361130
Vi biste mogli biti u pravu.	Вы могли бы быть правы.	6	1	1127176
Vidiš, on je dobar igrač bejzbola.	Видишь, он хороший бейсболист.	6	0	884824
Vijetnam je nekada bio francuska kolonija.	Вьетнам когда-то был французской колонией.	6	0	1643297
Više ne želim da te vidim.	Я больше не хочу тебя видеть.	6	1	5397795
Više nema riba u ovoj reci.	В этой реке больше нет рыбы.	6	0	3311582
Voda ključa na sto stepeni Celzijusa.	Вода кипит при 100 градусах Цельсия.	6	0	4248495
Voda u bunaru je bila ledena.	Вода в колодце была ледяная.	6	0	3304814
Voli da od muve pravi slona.	Он любит делать из мухи слона.	6	0	6951329
Voli i radi šta ti hoćeš.	Люби и делай, что ты хочешь.	6	1	1648274
Volim da dobijam pisma od prijatelja.	Я люблю получать письма от друзей.	6	0	3440680
Volim da spavam na mekom krevetu.	Я люблю спать на мягкой кровати.	6	0	3333629
Volim da te gledam dok plešeš.	Я люблю смотреть, как ты танцуешь.	6	0	5035287
Volim da vas gledam dok igrate.	Я люблю смотреть, как вы играете.	6	0	6368507
Volim da vas gledam kako igrate.	Я люблю смотреть, как вы играете.	6	0	5035294
Vozovi u Srbiji su užasno spori.	Поезда в Сербии ужасно медленные.	6	0	396692
Vreme je danas gore nego juče.	Погода сегодня хуже, чем вчера.	6	1	1046015
Vreme nema kraj. Ono je beskrajno.	У времени нет конца. Оно бесконечно.	6	0	1521254
YouTube video materijali su vrlo besmisleni.	Видеоролики на YouTube довольно бессмысленны.	6	0	6877148
Za baterije treba dopunski da platite.	За батареи надо дополнительно заплатить.	6	0	1676114
Za što ti je potreban novac?	Для чего тебе деньги?	6	1	1627576
Zaista mi se sviđa vaša muzika.	Мне правда нравится ваша музыка.	6	0	5034810
Zapravo sam odlučio da uradim to.	Вообще-то я решил сделать это.	6	1	8823145
Zar je Tom ponovo slomio nešto?	Опять Том что-то разбил?	6	0	5847143
Zar je Tom ponovo slomio nešto?	Неужели Том снова что-то сломал?	6	0	5847143
Zašro ne pitaju njega za savet?	Почему они не спросят у него совета?	6	0	3285289
Zašto dijamanti koštaju više od vode?	Почему алмазы стоят дороже воды?	6	0	3358439
Zašto dijamanti koštaju više od vode?	Почему алмазы ценятся выше воды?	6	0	3358439
Zašto ne možemo da kažemo Tomu?	Почему мы не можем сказать Тому?	6	0	4253533
Zašto si ofarbao klupu u crveno?	Зачем ты покрасил скамейку в красный цвет?	6	0	3263577
Zašto ti treba tako puno cipela?	Зачем тебе столько обуви?	6	0	4237980
Zašto želiš da budeš medicinska sestra?	Почему ты хочешь быть медсестрой?	6	0	3245538
Zašto želiš da pričaš sa mnom?	Почему ты хочешь со мной поговорить?	6	1	3360338
Zašto životinje ne mogu da govore?	Почему животные не умеют разговаривать?	6	1	6856808
Zašto životinje ne mogu da govore?	Почему животные не умеют говорить?	6	1	6856808
Zbog lošeg vremena, avion je kasnio.	Самолёт опоздал из-за плохой погоды.	6	0	5919385
Zemlja je u teškom ekonomskom stanju.	Страна находится в тяжелом экономическом положении.	6	0	1367985
Zima je moje omiljeno godišnje doba.	Зима — моё любимое время года.	6	0	3248380
Zlato je daleko teže od vode.	Золото намного тяжелее воды.	6	0	3366593
Zlato je mnogo teže od vode.	Золото намного тяжелее воды.	6	0	3311467
Zna li neko gde je Tom?	Кто-нибудь знает, где Том?	6	1	3435501
Znala sam da ste pročitali pismo.	Я знала, что вы прочитали письмо.	6	0	1299987
Znam tačno šta treba da radim.	Я точно знаю, что мне нужно делать.	6	1	4256584
Znao sam kako se Tom osećao.	Я знал, как Том себя чувствовал.	6	0	8880134
Znaš li kog je Tom ubio?	Ты знаешь, кого убил Том?	6	1	4971836
Znaš li koga je Tom ubio?	Ты знаешь, кого убил Том?	6	1	4971835
Znaš li šta muškarci potajno žele?	Знаешь, чего втайне хотят мужчины?	6	0	3494425
Znaš li šta znači ova rečenica?	Ты знаешь, что означает это предложение?	6	0	4249171
Čaj je prejak. Dospi malo vode.	Чай слишком крепкий. Долей немного воды.	6	0	3434478
Čak i najveće zlo vodi dobru.	Даже самое большое зло ведёт к добру.	6	0	1139272
Čelik je elastičan ali gvožđe ne.	Сталь эластична, а железо - нет.	6	0	1054436
Četiri oka vide bolje od dva.	Четыре глаза видят лучше, чем два.	6	0	3430971
Čija je knjiga na pisaćem stolu?	Чья это книга на письменном столе?	6	0	3281746
Čovek se uči dok je živ.	Человек всю жизнь учится.	6	0	6895778
Čula sam da ne jedeš meso.	Я слышала, что ты не ешь мясо.	6	0	4250425
Čuo sam da ne jedeš meso.	Я слышал, что ты не ешь мясо.	6	0	4250424
Čuo sam da ne jedeš meso.	Я слышал, ты не ешь мясо.	6	0	4250424
Šerif vas čeka u svojoj kancelariji.	Шериф ждёт вас в своём кабинете.	6	0	3455069
Šećer se topi u toploj kafi.	Сахар растворяется в горячем кофе.	6	0	3263552
Šta biste hteli da radite sutra?	Что бы вы хотели сегодня сделать?	6	1	1080577
Šta ide brže, brod ili voz?	Что движется быстрее, корабль или поезд?	6	1	3245154
Šta je to što želiš, Tome?	Это то, что ты хочешь, Том?	6	1	3394969
Šta je to što želiš, Tome?	Это то, чего ты хочешь, Том?	6	1	3394969
Šta je veće, Sunce ili Zemlja?	Что больше: Солнце или Земля?	6	1	890854
Šta kažeš na malo čokoladnog sira?	Как насчёт шоколадного сыра?	6	0	414145
Šta misliš, šta znači ova rečenica?	Как ты думаешь, что значит это предложение?	6	0	4249168
Šta nije u redu s tobom?	Что с тобой не так?	6	1	3418548
Šta planiraš da radiš ovog leta?	Что ты планируешь делать этим летом?	6	0	4238339
Šta planiraš da radiš ovog leta?	Чем ты планируешь заниматься этим летом?	6	0	4238339
Šta si danas pojeo za užinu?	Что ты сегодня ел на полдник?	6	0	3387237
Šta si jeo? Ribu ili meso?	Что ты ел? Рыбу или мясо?	6	0	3390917
Šta si rekao? Ne čujem te.	Что ты сказал? Я тебя не слышу.	6	1	12960162
Šta ti misliš da sam radio?	Что, ты думаешь, я делал?	6	1	3644372
Šta ti misliš o otvorenom odnosu?	Что ты думаешь об открытых отношениях?	6	0	3531397
Šta vam se najviše dopalo usput?	Что вам больше всего понравилось в пути?	6	0	5842424
Šta više voliš, fiziku ili hemiju?	Что ты больше любишь, физику или химию?	6	0	3244062
Šta ćeš da radiš ovog leta?	Чем ты будешь заниматься этим летом?	6	0	4238340
Šta ćeš da radiš u petak?	Что ты будешь делать в пятницу?	6	0	3439296
Šta želiš da budeš kada porasteš?	Кем ты хочешь стать, когда вырастешь?	6	0	3267224
Šta želiš da uradim za tebe?	Что ты хочешь, чтобы я для тебя сделал?	6	1	4783036
Šta želiš da uradim za tebe?	Что ты хочешь, чтобы я для тебя сделала?	6	1	4783036
Što je moje, to je dobro.	Что моё, то хорошо.	6	1	1102242
Šuma je zimi bela i tiha.	Лес зимой белый и тихий.	6	0	3373224
Žao mi je, nisam zapamtio ime.	К сожалению, я не запомнил имени.	6	0	5944884
Želim da naučim još jedan jezik.	Я хочу выучить ещё один язык.	6	0	3473642
Želite li da posetite Crnu Goru?	Вы хотите посетить Черногорию?	6	0	1214565
Živim u Kanadi gotovo pet godina.	Я живу в Канаде почти пять лет.	6	0	799312
Život je smrtna seksualno prenosiva bolest.	Жизнь - смертельная болезнь, передающаяся половым путем.	6	0	3256215
Ako želiš mir, pripremi se za rat.	Хочешь мира, готовься к войне.	7	0	6955763
Baš bih voleo da radim od kuće.	Мне бы очень хотелось работать удалённо.	7	1	11074707
Bergen je drugi najveći grad u Norveškoj.	Берген - второй по величине город в Норвегии.	7	0	3387060
Bez oklevanja on mi je dostavio dokument.	Без промедления он предоставил мне документ.	7	0	1055003
Bil je dve godine mlađi od mene.	Билл на два года младше меня.	7	0	6975723
Bil je dve godine mlađi od mene.	Билл на два года моложе меня.	7	0	6975723
Bil je zamenio Džima u ulozi kapetana.	Бил заменил Джима в роли капитана.	7	0	1097798
Bog je mrtav.Mi smo ga ubili.	Бог мёртв. Мы его убили.	7	1	935243
Bolje je poslušno jaje, nego neposlušni bik.	Лучше послушное яйцо, чем непослушный бык.	7	0	1511354
Buš je bio sledeći predsednik posle Regana.	Буш был следующим президентом после Рейгана.	7	0	1135333
Da li je naše vreme zaista naše?	Является ли наше время действительно нашим?	7	1	1521237
Da li je on izgubio obe ruke?	Он потерял обе руки?	7	1	3290357
Da li je ovo pastuv ili kobila?	Это жеребец или кобыла?	7	0	3434471
Da li je ovo rečnik koji tražiš?	Это тот словарь, который ты ищешь?	7	0	3391996
Da li je to ono što želite?	Это то, что вы хотите?	7	1	5778835
Da li je tvoja majka kod kuće?	Твоя мама дома?	7	1	3368158
Da li je vaš otac već stigao?	Ваш отец уже прибыл?	7	1	10001901
Da li je vreme da idemo kući?	Нам пора идти домой?	7	1	1189052
Da li neko zna gde je Tom?	Кто-нибудь знает, где Том?	7	1	4262027
Da li on zna šta vi radite?	Он знает, что вы делаете?	7	1	1541673
Da li poznajete nekog čarobnjaka ili čarobnicu?	Вы знакомы с каким-нибудь волшебником или волшебницей?	7	0	1200618
Da li poznajete nekog čarobnjaka ili čarobnicu?	Вы знаете какого-нибудь волшебника или волшебницу?	7	0	1200618
Da li se Tomu dopao tvoj dizajn?	Тому понравился твой дизайн?	7	0	8841750
Da li si ikada probao japansku hranu?	Ты когда-нибудь пробовал японскую еду?	7	0	3384606
Da li si juče išao u bioskop?	Ты вчера ходил в кино?	7	0	3298554
Da li si kupio hranu za mačke?	Ты купил еду для кошек?	7	0	4644961
Da li si kupio hranu za mačke?	Ты купил корм для кошек?	7	0	4644961
Da li si nekada video leteći tanjir?	Ты когда-нибудь видел летающую тарелку?	7	0	3425539
Da li si ti muškarac ili žena?	Ты мужчина или женщина?	7	1	2925882
Da li ste ovde učitelj ili učenik?	Вы здесь учитель или ученик?	7	0	1102239
Da li ste već bili u Kjotu?	Вы уже были в Киото?	7	0	1134264
Da li ste vi nekada videli samovar?	Вы когда-нибудь видели самовар?	7	0	3474677
Da li ste vi preveli tu knjigu?	Вы перевели ту книгу?	7	0	4116542
Da li te mogu dodati na Fejsbuku?	Можно я добавлю тебя в Фейсбуке?	7	0	3795179
Da li ti je ovo prvi ispit?	Это твой первый экзамен?	7	0	4250208
Da li Tom često ide u Boston?	Том часто ездит в Бостон?	7	0	8823837
Da li Tom često pešači do kuće?	Том часто ходит домой пешком?	7	0	8829887
Da li tvoja deca imaju svoje sobe?	У твоих детей есть свои комнаты?	7	1	4243496
Da li vas mogu vidjeti u ponedeljak?	Я могу увидеть вас в понедельник?	7	0	1085255
Da li Vi imate vremena sutra poslepodne?	У Вас будет время завтра после обеда?	7	0	894072
Da li više voliš čaj ili kafu?	Ты больше любишь чай или кофе?	7	1	3430848
Da li zaista mislite da sam sebičan?	Вы правда думаете, что я эгоист?	7	0	5035482
Da li znaš šta znači ova rečenica?	Ты знаешь, что означает это предложение?	7	0	4249170
Da li često pada kiša u Nemačkoj?	В Германии часто идёт дождь?	7	0	3440710
Daj mi malo vode, i to brzo!	Дай мне немного воды, и побыстрее!	7	1	3415065
Danas smo čuli priču o izdvajanju biogasa.	Нам сегодня рассказали историю про извлечение биогаза.	7	0	398473
Danas u mom gradu pada gust sneg.	Сегодня у нас в городе идёт густой снег.	7	0	3715053
Dao joj je sve što je tražila.	Он дал ей все, что она просила.	7	1	3425892
Delovao si glupo i platićeš za to.	Ты действовал глупо и заплатишь за это.	7	0	1153337
Dok sneg pada u parku je hladno.	Пока идёт снег, в парке холодно.	7	0	3715076
Dopadaju mi se ljudi koji se šale.	Мне нравятся люди с юмором.	7	0	1266660
Drago mi je da te opet vidim.	Рад снова тебя видеть.	7	1	6196058
Drago mi je da te opet vidim.	Я рад снова тебя видеть.	7	1	6196057
Drago mi je da vas opet vidim.	Я рад вас видеть снова.	7	1	6960911
Drago mi je da vas opet vidim.	Я рад снова Вас видеть.	7	1	6960911
Drago mi je što si mi prijatelj.	Я рад, что ты мой друг.	7	1	8822171
Drago mi je što te vidim ponovo.	Я рад снова тебя видеть.	7	1	6196059
Dva dečaka počeli su okrivljavati jedan drugog.	Два мальчика начали обвинять друг друга.	7	0	1053138
Francuska zastava je plava, bela i crvena.	Флаг Франции сине-бело-красный.	7	0	1474322
Gde si kupila ovaj lak za nokte?	Где ты купила этот лак для ногтей?	7	0	6818438
Gospodin Hirose predaje ovim studentima englesku gramatiku.	Господин Хиросе преподает этим студентам грамматику английского языка.	7	0	1069781
Gospodin Smit ne govori engleski, zar ne?	Господин Смит не говорит по-английски, не так ли?	7	0	1054873
Govore da je to jedan interesantan film.	Говорят, что это интересный фильм.	7	0	3296209
Govori li on engleski, francuski ili nemački?	Говорит ли он на английском, французском или немецком?	7	0	1060933
Govori se da ona rođena u Nemačkoj.	Говорят, что она родилась в Германии.	7	0	3439207
Govori šta hoćeš, ja neću promeniti mišljenje.	Говори что хочешь, я не передумаю.	7	0	1091373
Govori šta hoćeš, ja neću promeniti mišljenje.	Говори что хочешь, я не изменю своё мнение.	7	0	1091373
Granice moga jezika su granice moga sveta.	Границы моего языка — границы моего мира.	7	0	1159959
Hajdemo na železničku stanicu da kupimo karte.	Пойдём на железнодорожный вокзал и купим билеты.	7	0	6882615
Hajdemo na želežničku stanicu da kupimo karte.	Пойдём на железнодорожный вокзал и купим билеты.	7	0	3650883
Hej, mi smo Norvežani! Mi uvek kasnimo.	Эй, мы норвежцы! Мы всегда опаздываем.	7	0	3473441
Higsov bozon se zove još Božja čestica.	Бозон Хиггса ещё называют частицей Бога.	7	0	1153969
Hladno vreme je ofarbalo lišće u crveno.	Холодная погода окрасила листья в красный цвет.	7	0	885969
Hoćeš li da idemo na utakmicu zajedno?	Хочешь, мы пойдем на матч вместе?	7	0	1091393
Hoću kući. Ja imam ženu i decu.	Я хочу домой. У меня жена и дети.	7	1	6864647
Hteo bih da se sretnem sa njom.	Я хотел бы встретиться с ней.	7	0	1124626
I živeli su srećno do kraja života.	И жили они счастливо до конца жизни.	7	1	3254989
Igrao sam tenis kada sam bio student.	Я играл в теннис, когда был студентом.	7	0	3313765
Ima li ovde nekog ko govori esperanto?	Здесь есть кто-нибудь, кто говорит на эсперанто?	7	0	3479637
Imam dosta vremena, ali mi nedostaje novac.	У меня много времени, но недостаточно денег.	7	1	3455063
Imam isti rečnik ako i tvoj brat.	У меня такой же словарь, как и у твоего брата.	7	0	3334422
Imam mnogo problema koje moram da rešim.	У меня много проблем, которые мне нужно решить.	7	0	3485396
Interesantno, zbog čega se ona tako uznemirava.	Интересно, почему она так беспокоится.	7	0	1098608
Isplatio sam dug i osećam se spokojno.	Я выплатил долг и чувствую себя спокойно.	7	0	1228545
Ispred moje kuće je bilo veliko drvo.	Перед моим домом росло большое дерево.	7	0	3419171
Istorija vremena je naša istorija, zar ne?	История времени - это наша история, не так ли?	7	0	1521244
Iz restorana se može videti ceo park.	Из ресторана можно видеть весь парк.	7	0	1112034
Izvini što sam zaboravio. Danas sam nikakav.	Извини, что я забыл. Я сегодня совсем никакой.	7	0	396717
Ja bih hteo da to pokažem vama.	Я бы хотел показать это вам.	7	1	1178173
Ja još uvek nisam završio sa govorom.	Я ещё не закончил говорить.	7	0	6967209
Ja mogu da trćim brže nego Ken.	Я могу бежать быстрее, чем Кен.	7	0	1185034
Ja mogu da trćim brže nego Ken.	Я бегаю быстрее, чем Кен.	7	0	1185034
Ja moram da vas zamolim za oproštaj.	Я должен попросить у вас прощения.	7	0	1135328
Ja ne mogu da živim bez televizije.	Я не могу жить без телевидения.	7	0	1103117
Ja ne verujem da je on advokat.	Я не верю, что он адвокат.	7	1	1200573
Ja sam pročitao knjigu o Snežnoj kraljici.	Я прочитал книгу о Снежной королеве.	7	0	3715071
Ja sam ručao sa Majkom u restoranu.	Я пообедал с Майком в ресторане.	7	0	1266652
Ja sam to prodao za deset dolara.	Я это продал за десять долларов.	7	0	3311359
Ja se veoma brinem o tvom zdravlju.	Я очень волнуюсь о твоем здоровье.	7	0	1091386
Ja stanujem u starom delu velikog grada.	Я живу в старой части большого города.	7	0	1193137
Ja vas molim da ispravite moje greške.	Я прошу вас исправить мои ошибки.	7	0	3474686
Ja verujem da je Tom u pravu.	Верю, что Том прав.	7	1	1088296
Ja volim da pijem prirodnu mineralnu vodu.	Я люблю пить природную минеральную воду.	7	0	1133512
Ja znam zbog čega to Tom radi.	Я знаю, зачем Том это делает.	7	1	3435926
Jabuke su obično zelene, žute ili crvene.	Яблоки обычно бывают зеленые, желтые или красные.	7	0	3350451
Japan je okružen morem sa svih strana.	Япония со всех сторон окружена морем.	7	0	3278176
Je li to tvoja prva poseta Japanu?	Это твой первый визит в Японию?	7	0	1221170
Jezik sile je jedino što oni razumeju.	Язык силы - единственное, что они понимают.	7	0	3541324
Juče sam završio učenje esperanta na Duolingu.	Вчера я закончил изучать эсперанто на Дуолинго.	7	0	4240649
Kad god došli, uvek ćete biti dobrodošli.	Когда бы вы ни пришли, вам всегда будут рады.	7	1	6818574
Kakav je srednji uzrast u tom razredu?	Какой средний возраст в этом классе?	7	0	1124618
Kako mogu drveća da rastu bez vode?	Как могут деревья расти без воды?	7	0	11054967
Kako razlikovati dobar i loš Engleski jezik?	Как отличить хороший английский язык от плохого?	7	0	3302921
Kako vam se dopalo u Sjedinjenim Državama?	Как Вам понравилось в Соединённых Штатах?	7	0	2067616
Kanada je zemlja-majka hokeja na ledu.	Канада - родина хоккея на льду.	7	0	4243222
Kap po kap vode može stvoriti jezero.	Капля за каплей воды могут скопиться в озеро.	7	0	396756
Knjizi nedostaju drugo, peto i trinaesto poglavlje.	В книге не хватает второй, пятой и тринадцатой главы.	7	0	4644917
Ko je rekao da će biti lako?	Кто сказал, что будет легко?	7	1	3360353
Ko se prvi popeo na vrh Everesta?	Кто первый достиг верхушки горы Эверест?	7	0	1076679
Ko zna šta će se dogoditi sutra?	Кто знает, что случится завтра?	7	1	5909396
Ko će da čita tako debelu knjigu?	Кто станет читать такую толстую книгу?	7	0	4249192
Ko će da čita tako debelu knjigu?	Кто будет читать такую толстую книгу?	7	0	4249192
Kod nas je dugo trajalo lepo vreme.	У нас был долгий период хорошей погоды.	7	0	1085941
Koja je razlika između religije i filozofije?	В чем разница между религией и философией?	7	0	3395339
Koja je razlika između religije i filozofije?	Какая разница между религией и философией?	7	0	3395339
Koja je razlika između religije i filozofije?	В чём разница между религией и философией?	7	0	6369029
Koja je razlika između vere i poverenja?	В чем разница между верой и доверием?	7	0	3434993
Koliko dugo ćeš biti u ovoj zemlji?	Как долго ты будешь в этой стране?	7	1	3244042
Koliko imaš godina i koliko si težak?	Сколько тебе лет и сколько ты весишь?	7	1	4238007
Komarci u Minesoti su veliki kao rode.	Комары в Миннесоте большие, как аисты.	7	0	425279
Konačno, veliki uspeh krunisao je višegodišnje eksperimentisanje.	Наконец, многолетние эксперименты увенчались большим успехом.	7	0	5588857
Kornjače, koje jedu meso, žive u moru.	Черепахи, которые едят мясо, живут в море.	7	0	1053134
Kupio sam ove lekove za mog oca.	Я купил эти лекарства для моего отца.	7	0	3412939
Linkoln je pozdravio svoga starog političkog protivnika.	Линкольн приветствовал своего старого политического оппонента.	7	0	1117644
Ljudi kažu da je Tom veoma pametan.	Говорят, Том очень умный.	7	1	8908013
Marija nije bila zadovoljna sa samom sobom.	Мария не была довольна собой.	7	0	3481536
Mačje oči su veoma osetljive na svetlo.	Кошачьи глаза очень чувствительны к свету.	7	0	3243682
Mađarski jezik nije lak, ali je divan.	Венгерский язык непростой, но чудесный.	7	0	5963082
Mi o vuku, a vuk na vrata.	О волке речь, а он навстречь.	7	0	392446
Mislila sam da idete u Boston autobusom.	Я думала вы едете в Бостон на автобусе.	7	0	4250263
Mislila sam da ideš u Bostom autobusom.	Я думала, ты поедешь в Бостон на автобусе.	7	0	4250262
Mislim da je to bila dobra ideja.	Думаю, что это была хорошая идея.	7	1	3499707
Mislim da mi možemo da uradimo to.	Думаю, мы можем это сделать.	7	1	8845649
Mislim da znam kako se to radi.	Думаю, я знаю, как это делается.	7	1	4250609
Mislio sam da ćeš da budeš zauzet.	Я думал, ты будешь занят.	7	1	4292354
Misliš li da je taj pas pametan?	По-твоему, эта собака умная?	7	1	8894488
Misliš li da treba da pišem Tomu?	Думаешь, мне нужно написать Тому?	7	0	6309108
Misliš li da će se situacija poboljšati?	Ты думаешь, ситуация улучшится?	7	0	6309105
Mladi su hodali držeći se za ruke.	Молодожёны шли, взявшись за руки.	7	0	1090474
Mnogo puta sam igrao golf sa Tomom.	Я много раз играл с Томом в гольф.	7	0	5035344
Mogu li da pogledam Vašu vozačku dozvolu?	Я могу посмотреть Ваши водительские права?	7	0	3311604
Moj brat nije zadovoljan svojim novim autom.	Мой брат недоволен своей новой машиной.	7	0	3391310
Moj prijatelj mora da putije u Oslo.	Мой друг должен поехать в Осло.	7	0	3445914
Moj ujak je kupio meni tu knjigu.	Мой дядя купил для меня эту книгу.	7	0	1135338
Moja mlađa sestra izgleda kao moja majka.	Моя младшая сестра похожа на мою маму.	7	0	3370039
Moja sestra je starija od mog brata.	Моя сестра старше, чем мой брат.	7	0	3274505
Moja sestra je to videla sopstvenim očima.	Моя сестра видела это своими собственными глазами.	7	0	914580
Moji seoski prijatelji imaju nekoliko košnica pčela.	У моих друзей в деревне есть несколько ульев с пчёлами.	7	0	1498278
Molim te dođi najkasnije do osam sati.	Пожалуйста, приди самое позднее к восьми часам.	7	0	3278263
Molim te dođi najkasnije do osam sati.	Пожалуйста, приди не позже восьми часов.	7	0	3278263
Mont Blank je najviša planina u Alpima.	Монблан — самая высокая гора в Альпах.	7	0	4239880
Morali smo da zatvorimo prozor zbog komaraca.	Нам пришлось закрыть окно из-за комаров.	7	0	3440226
Moram da vratim neke knjige u bibliotku.	Мне нужно вернуть в библиотеку кое-какие книги.	7	0	4781972
Možda da uzmem kišobran za svaki slučaj.	Может, возьмём на всякий случай зонтик?	7	0	3313595
Možda sam i lud, ali nisam glup.	Может быть я и сумасшедший, но не глупый.	7	1	3365968
Možete li da mi promenite jedan dolar?	Вы можете разменять мне один доллар?	7	0	3256385
Možeš li da pogodiš koliko imam godina?	Ты можешь угадать, сколько мне лет?	7	0	4782959
Možeš li da razbiješ jaje jednom rukom?	Ты можешь разбить яйцо одной рукой?	7	0	6818469
Možeš li me najaviti za sledeću sedmicu?	Не навестишь меня на следующей неделе?	7	0	1266651
Možeš se lako razboleti u ovoj klimi.	В таком климате ты легко можешь заболеть.	7	0	3415069
Muzej radi od devet do osamnaest časova.	Музей работает с девяти до шести.	7	0	1607294
Na jedno uvo uđe, na drugo izađe.	В одно ухо влетает, в другое - вылетает.	7	0	8906876
Napisao sam ovu pesmu samo za tebe.	Я написал эту песню только для тебя.	7	1	4248746
Napisao sam pismo mom nastavniku na engleskom.	Я написал своему учителю по-английски.	7	0	3363256
Nasilje je jedini jezik koji oni razumeju.	Насилие — единственный язык, который они понимают.	7	0	3541260
Naš avion je poleteo tačno u šest.	Наш самолёт вылетел ровно в шесть.	7	0	1050455
Naša jedina ćerka je umrla od raka.	Наша единственная дочь умерла от рака.	7	0	3425033
Ne govorim Francuski tako dobro kao Tom.	Я не говорю по-французски так хорошо, как Том.	7	0	3296368
Ne krasi mesto čoveka, već čovek mesto.	Не место красит человека, а человек место.	7	0	1243597
Ne mogu da verujem u sve ovo.	Не могу поверить во всё это.	7	1	4250163
Ne mogu da zamislim život bez knjiga.	Я не могу себе представить жизнь без книг.	7	0	4246069
Ne može da se živi bez vode.	Нельзя жить без воды.	7	1	3380054
Ne možeš da se oslanjaš na Toma.	Ты не можешь полагаться на Тома.	7	0	4251422
Ne plaši se da ćeš napraviti grešku.	Не бойся сделать ошибку.	7	0	3494382
Ne uči oca kako se prave deca.	Не учи отца ебаться.	7	0	3501833
Ne vređaj me u prisustvu drugih ljudi.	Не оскорбляй меня в присутствии других людей.	7	0	10042517
Ne zaslužuju svi tekstovi da budu objavljeni.	Не все тексты заслуживают публикации.	7	0	6877166
Ne znam da li imam dovoljno novca.	Я не знаю, достаточно ли у меня денег.	7	1	800837
Ne znam da li je to istina.	Я не знаю, правда ли это.	7	1	8931047
Ne znam da li ću imati vremena.	Я не знаю, будет ли у меня время.	7	1	1102245
Ne čitam tako mnogo knjiga kao ranije.	Я не читаю так много книг, как раньше.	7	0	3296172
Ne želim da jedem ovaj stari hleb.	Я не хочу есть этот старый хлеб.	7	0	884956
Neke engleske reči pozajmljene su iz japanskog.	Некоторые английские слова заимствованы из японского.	7	0	1081779
Nemam prijatelja sa kojima mogu da popričam.	У меня нет друзей, с которыми можно было бы поговорить.	7	0	3439274
Nemam želju da živim u velikom gradu.	У меня нет желания жить в большом городе.	7	0	3650964
Nemački je veoma poetski jezik, zar ne?	Немецкий - очень поэтичный язык, правда?	7	0	5397759
Nije bilo ni jednog oblaka na nebu.	На небе не было ни одного облака.	7	0	3439348
Nije jutro kad svane, već kad ustaneš.	Утро не на рассвете, а когда ты встаёшь.	7	0	398924
Nije prvi put da vidim ovu rečenicu.	Я не в первый раз вижу это предложение.	7	0	3440681
Nijedan pametan čovek to ne bi poverovao.	Ни один разумный человек бы в это не поверил.	7	0	2243920
Nikad ne znaš šta će biti sutra.	Никогда не знаешь, что случится завтра.	7	1	5919503
Nikada nisi poželeo da živiš na ostrvu?	Ты никогда не хотел жить на острове?	7	0	6289844
Niko ne radi. Svi gledaju Svetsko prvenstvo.	Никто не работает. Все смотрят Кубок мира.	7	0	404294
Niko ne zna ko je to uradio.	Никто не знает, кто это сделал.	7	1	8931042
Nisam dovoljno mlad da bih sve znao.	Я не настолько молод, чтобы всё знать.	7	0	6391057
Nisam siguran da je to dobra ideja.	Я не уверен, что это хорошая идея.	7	1	3364121
Ništa ne može da živi bez kiseonika.	Ничто не может жить без кислорода.	7	0	3313791
Njegov otac jede tamo dva puta nedeljno.	Его отец ходит туда два раза в неделю.	7	0	3250779
Njegov otac jede tamo dva puta nedeljno.	Его отец ездит туда два раза в неделю.	7	0	3250779
Njegov uticaj širi se u čitavom regionu.	Его влияние распространяется на всю страну.	7	0	1133554
Njegova nesreća mene je mnogo čemu naučila.	Его неудача меня многому научила.	7	0	1621133
Njegova žena uveče i ujutro muze krave.	Его жена утром и вечером доит коров.	7	0	1498246
Njegove ambicije kretale su se do neba.	Его амбиции простирались до небес.	7	0	3435903
Njemu se dopada da šeta u parku.	Ему нравится гулять в парке.	7	0	1102244
Njihova imena bila su skinuta sa spiska.	Их имена были удалены из списка.	7	0	1232292
Njihovo drugarstvo je postepeno preraslo u ljubav.	Их дружба постепенно переросла в любовь.	7	0	3501836
Njihovo prijateljstvo se postepeno pretvorilo u ljubav.	Их дружба постепенно превратилась в любовь.	7	0	4250741
Novi sneg je belji nego stari sneg.	Новый снег белее, чем старый снег.	7	0	3715065
Odlučio sam da studiram francuski na univerzitetu.	Я решил изучать французский в университете.	7	0	4967613
On je deset godina stariji od tebe.	Он на десять лет старше тебя.	7	0	1091360
On je doveo svoga psa u školu.	Он принёс свою собаку в школу.	7	0	1097800
On je prošao kroz veoma složena vremena.	Он прошёл через очень сложные времена.	7	0	1142608
On je stavio knjigu na pisaći sto.	Он положил книгу на письменный стол.	7	0	3298968
On je tri godine stariji od mene.	Он на три года старше меня.	7	0	3333565
On ju je nazivao svakakvim ružnim rečima.	Он называл ее всякими нехорошими словами.	7	0	1384470
On ne zna gde bi trebao biti.	Он не знает, где должен быть.	7	1	401018
On ne želi da izgubiš celu nedelju.	Он не хочет, чтобы ты потерял целую неделю.	7	0	400805
On svakih pola sata trči u laboratoriju.	Он каждые полчаса бежит в лабораторию.	7	0	396726
On želi da bude jedan od njih.	Он хочет быть одним из них.	7	1	3469416
Ona je bogata, a on je siromašan.	Она богатая, а он бедный.	7	0	1449045
Ona je bogata, a on je siromašan.	Она богата, а он беден.	7	0	1449045
Ona je kupila igračku za svoga sina.	Она купила игрушку для своего сына.	7	0	1056507
Ona je mislila da sam ja lekar.	Она думала, что я врач.	7	0	1050843
Ona je na dijeti već dva meseca.	Она на диете уже два месяца.	7	0	1609965
Ona je napisala knjigu o toj ptici.	Она написала книгу об этой птице.	7	0	1045846
Ona je trenutno nasilna, treba je izbegavati.	Она сейчас буйная. Её лучше избегать.	7	0	398724
Ona mi je mahnula rukom za oproštaj.	Она помахала мне на прощание.	7	0	1113770
Ona ne voli da živi u gradu.	Она не любит жить в городе.	7	1	3288448
Ona ne zna da čita i piše.	Она не умеет читать и писать.	7	0	4243451
Ona nije bila pomenuta u njegovom testamentu.	Она не была упомянута в его завещании.	7	0	1214515
Ona se zaista može ponositi svojom kćerkom.	Она действительно может гордиться своей дочерью.	7	0	1074420
Ona voli da kupuje u malim prodavnicama.	Она любит делать покупки в маленьких магазинах.	7	0	1050865
Oni nisu znali da je Meri udata.	Они не знали, что Мэри замужем.	7	0	3517996
Oni se razlikuju kao nebo i zemlja.	Они отличаются, как небо и земля.	7	0	3298047
Oni su se spasili od nepotrebnih stvari.	Они избавились от ненужных вещей.	7	0	1157204
Oni su ti koji žele da odu.	Это те, кто хочет пойти.	7	0	4967461
Oni su to koji hoće da idu.	Это те, кто хочет идти.	7	1	8882073
Oni žele da znaju šta se dogodilo.	Они хотят знать, что случилось.	7	1	4264054
Ono se primicalo sve bliže i bliže.	Оно приближалось ближе и ближе.	7	0	1484539
Opasno je iskakati iz voza dok ide.	Выпрыгивать из идущего поезда опасно.	7	0	3481405
Oprostite. Ja imam zakazan još jedan susret.	Извините. У меня назначена ещё одна встреча.	7	0	1124619
Osaka - drugi po veličini grad u Japanu.	Осака — второй по величине город в Японии.	7	0	1457627
Otišla je da pokaže stan potencijalnim zakupcima.	Она поехала показывать квартиру потенциальным съёмщикам.	7	0	11074716
Otvorio sam vrata i ušao sam unutra.	Я открыл дверь и вошёл внутрь.	7	0	3644183
Ova knjiga još nije prevedena na francuski.	Эта книга ещё не переведена на французский.	7	0	4250145
Ova knjiga će se štampati sledeće godine.	Эта книга будет опубликована в следующем году.	7	0	3440801
Ova reka se uliva u Tihi Okean.	Эта река впадает в Тихий океан.	7	0	3281236
Ovaj TV program je zaista vrlo interesantan.	Эта телепрограмма действительно очень интересная.	7	0	3243191
Ovaj članak sadrži neke potpuno nove ideje.	Эта статья содержит некоторые совершенно новые идеи.	7	0	3494477
Ovaj članak sadrži neke zaista nove ideje.	Эта статья содержит некоторые действительно новые идеи.	7	0	3494476
Ovde nije tako hladno kao na Aljasci.	Здесь не так холодно, как на Аляске.	7	0	11175050
Ovih dana, temperatura je opala zbog kiše.	На днях температура снизилась из-за дождя.	7	0	11073241
Ovo je autobus koji ide za Tokio.	Это автобус, который идет до Токио.	7	0	1159989
Ovo je pošta, a ovo je banka.	Это почта, а это банк.	7	0	1127214
Ovo je vrlo snažan lek za spavanje.	Это очень сильное снотворное.	7	0	3463854
Padale su mu na um čudne misli.	На ум ему приходили странные мысли.	7	0	1098604
Padao je sneg od Ponedeljka do Petka.	С понедельника до пятницы шёл снег.	7	0	3244849
Perje je to što čini pticu lepom.	Перья - это то, что делает птицу красивой.	7	0	3288909
Pitala je da li mi treba taksi.	Она спросила, нужно ли мне такси.	7	1	3439364
Pitam se koji jezik govore u Brazilu?	Интересно, на каком языке говорят в Бразилии?	7	0	3314438
Pogledaj ove cvetove koji trepere na vetru.	Взгляни на эти цветы дрожащие на ветру.	7	0	1676112
Ponekad je crna linija u životu uzlet.	Иногда и черная полоса в жизни бывает взлетной.	7	0	8223462
Postoje sve vrste cveća u toj bašti.	В том саду есть всевозможные цветы.	7	0	6795853
Postoje sve vrste cveća u toj bašti.	В том саду есть все виды цветов.	7	0	6795853
Potreban mi je neko ko zna Francuski.	Мне нужен кто-то, кто знает французский.	7	0	3357123
Potrebno je mnogo novca da to uradi.	Нужно много денег, чтобы сделать это.	7	1	13570809
Pozorišni komad traje dva i po sata.	Спектакль длится два с половиной часа.	7	0	3306996
Počeo sam da učim kineski prošle nedelje.	Я начал учить китайский на прошлой неделе.	7	0	3371588
Počeo sam da čitam moju novu knjigu.	Я начал читать мою новую книгу.	7	0	5847095
Prema mom časovniku, sada su četiri sata.	По моим часам, сейчас четыре.	7	0	1280746
Prema vremenskoj prognozi, sutra će padati kiša.	Согласно прогнозу погоды, завтра будет дождь.	7	0	1166855
Prestao sam da pušim pre dve godine.	Я бросил курить два года назад.	7	0	1312258
Probudi me sutra ujutru u šest sati.	Разбуди меня завтра в шесть утра.	7	1	3387084
Prozor moje dnevne sobe gleda na dvorište.	Окно моей гостиной выходит на двор.	7	0	1193145
Prstom je pokazao mesto, zaokruženo crvenom olovkom.	Он указал пальцем на место, обведённое красным карандашом.	7	0	1511311
Razume se, tu novost zapamtiću veoma dobro.	Конечно, я помню новость очень хорошо.	7	0	2037940
Razumem više nego što mogu da kažem.	Я понимаю больше, чем могу сказать.	7	1	6883584
Reci mi gde će se prirediti susret.	Скажи мне, где будет проводиться встреча.	7	0	1457631
Recite mi naziv filma koji najviše volite?	Как называется фильм, который вы больше всего любите?	7	0	1159980
Riba je važan izvor hrane za ljude.	Рыба - важный источник пищи для людей.	7	0	3426511
Ruke su joj bile hladne kao led.	Руки у неё были холодные как лёд.	7	0	7009896
Sada se on plaši za svoj život.	Теперь он боится за свою жизнь.	7	0	3476242
Samo što je objavio interesantnu seriju članaka.	Он только что опубликовал интересную серию статей.	7	0	1097799
Sačekajmo dok ne prestane da pada kiša.	Подождём, пока дождь не закончится.	7	0	6368518
Sem je dve godine mlađi od Toma.	Сэм на два года младше Тома.	7	0	5603348
Sem je dve godine mlađi od Toma.	Сэм на два года моложе Тома.	7	0	5603348
Sigurno kao dva puta dva su četiri.	Ясно, как дважды два четыре.	7	1	1049154
Sjedinjene Američke Države se graniče sa Kanadom.	Соединённые Штаты Америки граничат с Канадой.	7	0	3247799
Sneg se topi, sunce sija, stiže proleće.	Снег тает, солнце светит, наступает весна.	7	0	3368550
Srećan je dečak koji ima takvu majku.	Счастлив ребёнок, у которого есть такая мать.	7	0	1076682
Stara gospođa se polako popela na brdo.	Пожилая дама легко поднялась на гору.	7	0	3356817
Stara stolica zaškripala je pod njegovom težinom.	Старый стул заскрипел под его весом.	7	0	3484431
Stigao sam nakon što je Tom otišao.	Я приехал после того, как Том ушёл.	7	1	13395076
Sutra mi je prvi dan na poslu.	Завтра мой первый день на работе.	7	1	4250205
Sutra ne mogu da dođem na posao.	Завтра я не смогу выйти на работу.	7	1	11083966
Sutra ću da kupim šta mi treba.	Завтра я куплю то, что мне нужно.	7	0	4262021
Sva deca u školi vole novog učitelja.	Все дети в школе любят нового учителя.	7	0	3313475
Svaka majka želi dobru partiju za kćerku.	Каждая мать хочет хорошую партию для своей дочери.	7	0	1474337
Svaki dan, posle večere, ja učim francuski.	Каждый день после ужина я учу французский.	7	0	3434476
Sveća mog života uskoro će se ugasiti.	Свеча моей жизни скоро потухнет.	7	0	13205684
Svi znaju da je Mesec od sira.	Все знают, что Луна из сыра.	7	0	3306852
Svi znaju da se Meri dopada Tomu.	Все знают, что Мэри нравится Тому.	7	0	4245959
Tada je Juri često išao u London.	Тогда Юрий часто ездил в Лондон.	7	0	3291046
Tata može da ispusti mnogo dimnih kolutova.	Папа может пустить много колечек дыма.	7	0	1221176
Tačka na ovaj slučaj stavljena je prerano.	Точку в этом деле ставить рано.	7	0	5651578
Tačka u ovom slučaju stavljena je prerano.	Точку в этом деле ставить рано.	7	0	5651577
Temperatura je ovde viša nego u Tokiju.	Температура здесь выше, чем в Токио.	7	0	5945074
Teorija se ne slaže uvek sa praksom.	Теория не всегда совпадает с практикой.	7	0	1511350
Teško je prevesti pesmu na drugi jezik.	Сложно перевести песню на другой язык.	7	0	1055709
Teško mi je da poverujem u to.	Мне трудно в это поверить.	7	0	8864434
Ti i sam dobro znaš sve ovo.	Ты и сам всё это хорошо знаешь.	7	1	3467002
Ti lekovi su me izlečili od prehlade.	Это лекарство излечило меня от простуды.	7	0	1181857
Ti si jedina koja mi može pomoći.	Ты единственная, кто может помочь мне.	7	1	1113763
Ti više ne možeš da kupuješ jabuke!	Ты больше не можешь покупать яблоки!	7	0	3394948
Ti znaš da ja ne volim jaja.	Ты знаешь, что я не люблю яйца.	7	1	3306777
Ti znaš da plivaš, a ja ne.	Ты умеешь плавать, а я нет.	7	0	1091388
To je bila ljubav na prvi pogled.	Это была любовь с первого взгляда.	7	1	3418785
To je ono što ja zaista osećam.	Это то, что я действительно чувствую.	7	1	1911414
To je voz između Tokija i Hakate.	Этот поезд ходит между Токио и Хаката.	7	0	2037926
To je znak da je odgovor dobar.	Это знак, что ответ правильный.	7	1	1153988
To nije nož. OVO - ovo je nož.	Это не нож. Вот ЭТО - это нож.	7	1	397745
To nije ono što pokušavam da kažem.	Это не то, что я пытаюсь сказать.	7	1	10006075
To pokazuje njegovu ljubav prema svojoj porodici.	Это показывает его любовь к своей семье.	7	0	1081784
To, što sam ja rekao, je istina.	То, что я сказал, правда.	7	1	1153351
Tog jutra Marija je obišla celo selo.	В то утро Мария обошла всё село.	7	0	4238378
Tog jutra Marija je obišla celo selo.	В то утро Мария обошла всю деревню.	7	0	4238378
Tom ima dva brata i jednu sestru.	У Тома два брата и одна сестра.	7	1	3449169
Tom je bio dobro pripremljen za ispit.	Том был хорошо готов к экзамену.	7	0	3368342
Tom je dve godine stariji od mene.	Том на два года старше меня.	7	0	665163
Tom je gledao taj film prošlog leta.	Том смотрел этот фильм прошлым летом.	7	0	3350426
Tom je izgledao mnogo drugačije nakon šišanja.	Том выглядел совсем по-другому после стрижки.	7	0	6882590
Tom je izgubio svoj aprat za slušanje.	Том потерял свой слуховой аппарат.	7	0	5241349
Tom je naučio Meri da piše pesme.	Том научил Марию писать песни.	7	0	4248784
Tom je otvorio prozore u spavaćoj sobi.	Том открыл окна в спальне.	7	0	4250300
Tom je polomio nogu u biciklističkoj nezgodi.	Том сломал ногу в велосипедной аварии.	7	0	4243348
Tom je počeo da traži novi posao.	Том начал искать новую работу.	7	1	3364580
Tom je rekao da ne izgledam pametno.	Том сказал, что я выгляжу не умно.	7	0	5873221
Tom je rekao da nije video ništa.	Том сказал, что он ничего не видел.	7	1	4248536
Tom je sam popio celu flašu vina.	Том один выпил целую бутылку вина.	7	0	8931024
Tom je skinuo naočare i protrljao oči.	Том снял очки и протёр глаза.	7	0	6818568
Tom je već popio tri čaše vina.	Том уже выпил три бокала вина.	7	0	5039752
Tom je video šta je Mari uradila.	Том видел, что сделала Мария.	7	0	5557585
Tom je želeo da zna šta radimo.	Том хотел знать, что мы делаем.	7	1	4781411
Tom je živeo u Bostonu tri godine.	Том жил в Бостоне три года.	7	0	3365296
Tom me je upoznao sa svojim sestrama.	Том познакомил меня со своими сёстрами.	7	0	8868983
Tom ne želi da priča sa mnom.	Том не хочет со мной разговаривать.	7	1	3402627
Tom reče da se šeta svakog dana.	Том сказал, что он каждый день гуляет.	7	0	6937856
Tom već zna ko će to učiniti.	Том уже знает, кто это сделает.	7	1	8820280
Tom živi u Bostonu sa svojom decom.	Том живет в Бостоне со своими детьми.	7	0	13690401
Tomova knjiga je prevedena na mnogo jezika.	Книга Тома переведена на многие языки.	7	0	4243352
Tomove knjige su prevedene na mnogo jezika.	Книги Тома переведены на множество языков.	7	0	4239837
Treba li da Škotska postane nezavisna zemlja?	Должна ли Шотландия стать независимой страной?	7	0	3504003
Treba samo da mu daš ovu knjigu.	Тебе нужно просто дать ему эту книгу.	7	1	3363692
Tvoj brat nije danas bio u školi.	Твоего брата сегодня не было в школе.	7	1	3477988
U blizini naše škole je autobuska stanica.	Близко к нашей школе есть автобусная остановка.	7	0	6901905
U blizini naše škole je autobuska stanica.	Поблизости от нашей школы есть автобусная остановка.	7	0	6901905
U Instambulu ima otprilike tri hiljade džamija.	В Стамбуле примерно три тысячи мечетей.	7	0	3282762
U Instambulu ima približno tri hiljade džamija.	В Стамбуле около трех тысяч мечетей.	7	0	3282764
U ludom svetu samo su ludi normalni.	В безумном мире только сумасшедшие нормальны.	7	0	797471
U metrou je zbog nečega mnogo policije.	В метро почему-то много милиции.	7	0	1098554
U mojoj ulici su mnoge višespratne kuće.	На моей улице много многоэтажных домов.	7	0	1189023
U mom stanu postoje dve spavaće sobe.	В моей квартире две спальни.	7	0	1657947
U Nemačkoj se priča puno različitih dijalekata.	В Германии говорят на многих разных диалектах.	7	0	843642
U ovom selu ima mnogo starih ljudi.	В этой деревне много стариков.	7	0	3365419
U sledećem životu ću sve raditi drugačije.	В следующей жизни я всё сделаю по-другому.	7	0	11134273
U sledećem životu ću sve raditi drugačije.	В следующей жизни я буду всё делать иначе.	7	0	11134273
U sobi je bilo mračno i hladno.	В комнате было темно и холодно.	7	0	3463548
U svakom slučaju, ti nisi tipičan Norvežanin.	Во всяком случае, ты не типичный норвежец.	7	0	3484709
Udovičin muž je umro pre pet godina.	Муж вдовы умер пять лет назад.	7	0	3476143
Upoznao sam ga kada sam bio student.	Я познакомился с ним, когда был студентом.	7	0	3243355
Uvek se unervozim pred izlazak na pozornicu.	Я всегда нервничаю перед выходом на сцену.	7	0	8820518
Uči ozbiljno, inače ćeš pasti na ispitu.	Учись всерьёз, а то завалишь экзамен.	7	0	1049533
Uči ozbiljno, inače ćeš pasti na ispitu.	Учись всерьёз, иначе завалишь экзамен.	7	0	1049533
Vang Lao Đi nije pivo. Čaj je.	Ван Лао Цзи — это не пиво. Это чай.	7	0	540496
Vavilon je bio glavni grad drevne Vavilonije.	Вавилон был столицей древней Вавилонии.	7	0	3503774
Vaša ideja potpuno se razlikuje od moje.	Ваша идея полностью отличается от моей.	7	0	1052159
Vedrih dana može se videti planina Fudži.	В ясные дни можно увидеть гору Фудзи.	7	0	3253731
Veruješ li u ljubav na prvi pogled?	Ты веришь в любовь с первого взгляда?	7	1	5024398
Vetar je jeftin i čist izvor energije.	Ветер - это дешевый и экологически чистый источник энергии.	7	0	1116801
Večeras se daje dobar film u bioskopu.	Сегодня вечером в кино идёт хороший фильм.	7	0	3434492
Vidim, mačka ti je važnija, nego ja.	Я вижу, что для тебя кошка важнее, чем я.	7	0	7331295
Vidim, mačka ti je važnija, nego ja.	Я вижу, что кошка для тебя важнее, чем я.	7	0	7331295
Voleo bih da te upoznam malo bolje.	Я хотел бы узнать тебя немного лучше.	7	0	1097786
Voleo sam da učim Latinski na univerzitetu.	В университете я любил учить латынь.	7	0	3313760
Voleo sam da učim Latinski na univerzitetu.	В университете мне нравилось учить латынь.	7	0	3313760
Voleti i biti voljen je najveća sreća.	Любить и быть любимым - вот величайшее счастье.	7	0	5909446
Volim da nosim suknje dužine do kolena.	Мне нравится носить юбки до колен.	7	0	6532969
Volim da vodim moje ćerke u park.	Я хочу сводить моих дочерей в парк.	7	0	3440679
Vreme je bilo lepo do današnjeg dana.	Погода была хорошая до сегодняшнего дня.	7	0	1080585
Zaboravila sam da napišem adresu na koverti.	Я забыла написать адрес на конверте.	7	0	4248884
Zaljubio sam se u devojku iz Bostona.	Я влюбился в девушку из Бостона.	7	0	8894838
Zaljubljen sam, i nisam srećan zbog toga.	Я влюблён и от этого несчастен.	7	0	4246904
Zapamti da pomaziš mačku i zaliješ drvo.	Не забудь погладить кошку и полить дерево.	7	0	3478326
Zar nije to ono što si želela?	Разве это не то, что ты хотела?	7	1	6925599
Zašto je otišao, zato će se vratiti.	Из-за чего ушёл, из-за того и вернётся.	7	1	1050858
Zašto ne možemo da dosegnemo do Sunca?	Почему мы не можем добраться до солнца?	7	0	3476204
Zašto se toliko puno ljudi plaši visine?	Почему так много людей боятся высоты?	7	0	3445757
Zemlja, ona je planeta, a ne planetoid.	Земля - это планета, а не планетоид.	7	0	3368100
Zima je prošla, i stiglo je proleće.	Зима прошла, и наступила весна.	7	0	3313608
Znam da je Tom veoma pametan momak.	Я знаю, что Том — очень умный парень.	7	1	8930986
Znaš li kako se koristi ova mašina?	Ты знаешь, как пользоваться этой машиной?	7	0	3430112
Znaš li nekoga tamo ko govori Urdu?	Ты знаешь там кого-нибудь, кто говорит на урду?	7	0	3244643
Zubar mi je rekao da otvorim usta.	Зубной врач сказал мне открыть рот.	7	0	3394897
Čovek koji tamo stoji je moj otac.	Человек, который там стоит - это мой отец.	7	1	3265720
Šta je bilo prvo, kokoš ili jaje?	Что было раньше, курица или яйцо?	7	0	3370014
Šta ti se najviše svidelo u Budimpešti?	Что тебе больше всего понравилось в Будапеште?	7	0	11073295
Švedska nije ono što je nekada bila.	Швеция уже не та, что была раньше.	7	0	3484071
Želim da jednog dana ponovo budem čovek.	Я хочу однажды снова стать человеком.	7	1	4243239
Želim da znam ko ide sa nama.	Я хочу знать, кто идёт с нами.	7	1	3243468
Žene su ono najlepše u životu muškarca.	Женщины - это самое лучшее в жизни мужчины.	7	0	3299876
A evo ja neću početi da te slušam.	А вот я не стану тебя слушать!	8	1	1157195
Ako hoćete, možete da čitate i nešto drugo.	Если хотите, можете почитать и что-нибудь другое.	8	0	1055742
Ako ne postoji rešenje, onda nema ni problema.	Если нет решения, то нет и проблемы.	8	0	3435326
Ako neće breg Muhamedu, onda će Muhamed bregu.	Если гора не идет к Магомету, то Магомет идет к горе.	8	0	6137941
Ako neće bregu Muhamedu, doći će Muhamed bregu.	Если гора не идет к Магомету, то Магомет идет к горе.	8	0	6137942
Ako si pročitao knjigu, vrati je u biblioteku.	Если ты прочитал книгу, то верни её в библиотеку.	8	0	3503799
Ako sutra bude padala kiša, ostaću kod kuće.	Если завтра будет дождь, я останусь дома.	8	0	3296423
Atomi se sastoje od protona, neutrona i elektrona.	Атомы состоят из протонов, нейтронов и электронов.	8	0	3368325
Atomska energija se može koristiti u miroljubive svrhe.	Атомная энергия может быть использована в мирных целях.	8	0	3262891
Bazel je treći grad po veličini u Švajcarskoj.	Базель — третий по величине город в Швейцарии.	8	0	3371770
Bila bi mi potrebna večnost da sve objasnim.	Мне потребовалась бы вечность, чтобы всё объяснить.	8	0	3411135
Bilo je loše vreme, pa je avion kasnio.	Была плохая погода, и самолёт опоздал.	8	0	3328734
Boli me noga, jer sam danas mnogo pešačio.	У меня болит нога, потому что я сегодня много ходил пешком.	8	0	3267063
Bolje vrabac u ruci, nego golub na grani.	Лучше синица в руках, чем журавль в небе.	8	0	1082341
Brazil je peta zemlja po veličini u svetu.	Бразилия — пятая по величине страна мира.	8	0	3437635
Brazil je peta zemlja po veličini u svetu.	Бразилия является пятой по величине страной в мире.	8	0	3437635
Brod je bio izgrađen za priličnu sumu novca.	Корабль был построен за солидные деньги.	8	0	1228540
Crvena je boja ljubavi, strasti, izobilja i moći.	Красный - цвет любви, страсти, изобилия и силы.	8	0	3465758
Da li je bilo mnogo ljudi u biblioteci?	В библиотеке было много людей?	8	0	11060293
Da li je bilo mnogo ljudi u vozu?	В поезде было много людей?	8	0	11060292
Da li je bilo mnogo putnika u autobusu?	В автобусе было много пассажиров?	8	0	11060287
Da li je bilo mnogo putnika u vozu?	В поезде было много пассажиров?	8	0	11060290
Da li je bilo pisama u poštanskom sandučetu?	В почтовом ящике были письма?	8	0	11060285
Da li misliš da vredi sačuvati ova pisma?	Как ты думаешь, эти письма стоит сохранить?	8	0	3243066
Da li neko zna gde je moj sin?	Кто-нибудь знает, где мой сын?	8	1	3340825
Da li poznajete nekog lekara koji zna japanski?	Вы знаете какого-нибудь врача, который говорит по-японски?	8	0	1185031
Da li si ikada jeo sam u restoranu?	Ты когда-нибудь ел в ресторане один?	8	0	3301074
Da li si video ko je to bio?	Ты видел, кто это был?	8	1	4259773
Da li ste sigurni da je on Šveđanin?	Вы уверены, что он швед?	8	0	13701232
Da li su bile neke čaše na stolu?	На столе были какие-нибудь стаканы?	8	0	3327891
Da li su oni juče bili u biblioteci?	Они были вчера в библиотеке?	8	0	1261859
Da li vi jedete pirinač u vašoj zemlji?	Едите ли вы рис в вашей стране?	8	0	1043440
Da li znate ko je napisao taj roman?	Вы знаете, кто написал этот роман?	8	0	1457697
Da li ćeš da ideš autobusom u školu?	Ты поедешь в школу на автобусе?	8	0	3440848
Da nije bilo vode, ne bi bilo života.	Если бы не было воды, не было бы жизни.	8	1	3313790
Da, ja mislim da je to u redu.	Да, я думаю, это в порядке.	8	1	1384472
Daj mu prst i uzeće ti celu ruku.	Дай ему палец, и он тебе всю руку откусит.	8	0	8894352
Dajte mi ključ, i ja ću otključati svemir.	Дайте мне ключ, и я раскрою Вселенную.	8	0	470632
Došao je u Tokio u potrazi za poslom.	Он приехал в Токио в поисках работы.	8	0	884476
Dva puta sam se popeo na planinu Fudži.	Я два раза поднимался на гору Фудзи.	8	0	3318083
Esperanto je lakši od bilo kog nacionalnog jezika.	Эсперанто легче любого национального языка.	8	0	1185092
Gde si kupio to? I ja želim jedan.	Где ты это купил? Я тоже хочу такой.	8	1	4237961
Glavni grad Crne Gore je Podgorica, nekadašnji Titograd.	Столица Черногории - Подгорица, когда-то называвшаяся Титоградом.	8	0	1214556
Gluvi ljudi mogu da razgovaraju na znakovnom jeziku.	Глухие люди могут говорить на языке жестов.	8	0	7089851
Hamburg je drugi po veličini grad u Nemačkoj.	Гамбург - второй по величине город в Германии.	8	0	3371775
Ideje ne pripadaju nikome, one lete u vazduhu.	Идеи не принадлежат никому, они парят в воздухе.	8	0	3432866
Imaju veoma dobar plan i program na univerzitetu.	В университете очень хороший план и программа.	8	0	6534196
Imam skoro četrdeset i još se nisam udala.	Мне почти сорок, а я все ещё не замужем.	8	0	4246023
Imamo dve mačke u kući, belu i crnu.	У нас в доме две кошки, белая и чёрная.	8	0	3311482
Imamo tri psa, jednog belog i dva crna.	У нас три собаки, одна белая и две чёрных.	8	0	908415
Imaš li papir na kom mogu da pišem?	У тебя есть бумага, на которой можно писать?	8	0	4248866
Imaš li papir po kome mogu da pišem?	У тебя есть бумага, на которой мне можно писать?	8	0	4248869
Ime Kleopatra je postalo sinonim za prelepu ženu.	Имя Клеопатры стало синонимом прекрасной женщины.	8	0	3299141
Indija je sedma zemlja na svetu po veličini.	Индия - седьмая по величине страна мира.	8	0	3243757
Isključio sam televizor, jer sam već gledao film.	Я выключил телевизор, потому что я уже смотрел этот фильм.	8	0	2228676
Iz naše kuće veoma je teško isterati bubašvabe.	Из нашего дома очень сложно вывести тараканов.	8	0	1135331
Izgledala je vrlo lepo u svojoj novoj haljini.	Она выглядела очень красиво в своём новом платье.	8	0	3437617
Izgledalo je da je Tom zauzetiji nego obično.	Казалось, что Том занят больше, чем обычно.	8	0	4782073
Izgubila sam moj kišobran i moram kupiti novi.	Я потеряла свой зонтик, и мне нужно купить новый.	8	0	805976
Izgubio je nadu i izvršio samoubistvo popivši otrov.	Он потерял надежду и покончил жизнь самоубийством, выпив яд.	8	0	6982170
Izgubio sam moj kišobran i moram kupiti novi.	Я потерял свой зонтик, и мне нужно купить новый.	8	0	805975
Iznajmio sam sobu u Parizu na jedan mesec.	Я снял комнату в Париже на месяц.	8	0	3247807
Izvinite, ali ja njemu ne mogu da verujem.	Извините, но я не могу на него положиться.	8	1	1528433
Ja mislim da je njegov život u opasnosti.	Я думаю, его жизнь в опасности.	8	1	1097796
Ja ne mogu da trpim ovu glupu ženu.	Я терпеть не могу эту глупую женщину.	8	0	1088291
Ja ne mogu tako brzo računati kao on.	Я не могу так быстро считать, как он.	8	0	1214484
Ja te volim više od svega na svetu.	Я люблю тебя больше всех на свете.	8	1	3501837
Ja ti savetujem da dobro proveriš svoga muža.	Я советую тебе хорошенько проверить своего мужа.	8	0	1179893
Ja više ne mogu da trpim tu vrućinu.	Я больше не могу терпеть этой жары.	8	0	1200601
Juče sam se napio i uradih nešto glupo.	Вчера я напился и сделал глупость.	8	0	3276421
Juče su oni bili prvi put u Oslu.	Вчера они первый раз были в Осло.	8	0	3371860
Kada bih imao dovoljno novca kupio bih knjigu.	Если бы у меня было достаточно денег, я бы купил книгу.	8	1	3438677
Kada dobijete Vaš telefon, baterija je unapred napunjena.	Когда Вы приобретаете телефон, батарея заранее заряжена.	8	0	3503827
Kada se dete rodi, mora se zasaditi drvo.	Когда рождается ребёнок, нужно посадить дерево.	8	0	1505805
Kada si poslednji put uzeo knjigu iz biblioteke?	Когда ты последний раз брал книгу в библиотеке?	8	0	3434974
Kao sedamdesetogodišnjak, moj otac još je veoma aktivan.	Для семидесятилетнего человека, мой отец ещё очень активен.	8	0	1166763
Kao sedamdesetogodišnjak, moj otac još je veoma aktivan.	Для семидесятилетнего человека, мой отец ещё весьма активен.	8	0	1166763
Kaže se da pas laje a karavn prolazi.	Как говорится: собака лает, караван идёт.	8	0	1498262
Kirija nam je previoka, pa tražimo novi stan.	У нас слишком дорогая аренда, поэтому мы ищем другую квартиру.	8	0	8882209
Knjige o umetnosti moraju da budu dobro ilustrovane.	Книги об искусстве должны быть хорошо иллюстрированы.	8	0	1097751
Ko drugome jamu kopa, sam u nju upada.	Кто роет яму другому, сам в неё упадёт.	8	0	4943018
Ko ti je rekao da pišeš levom rukom?	Кто тебе сказал писать левой рукой?	8	0	665244
Koja je razlika između rasterske i vektorske grafike?	В чем разница между растровой и векторной графикой?	8	0	6369034
Koja je razlika između rasterske i vektorske grafike?	В чём разница между растровой и векторной графикой?	8	0	6369034
Koliko ja znam roman nije preveden na Japanski.	Насколько я знаю, роман не переведен на японский.	8	0	3263406
Komad hleba nije bio dovoljan da utoli glad.	Куска хлеба было недостаточно, чтобы утолить голод.	8	0	3264413
Konj ima četiri noge, a ipak se spotiče.	Конь и о четырёх ногах, да спотыкается.	8	0	1043429
Latinski je jezik koji će večno da postoji.	Латинский - язык, который будет существовать вечно.	8	0	3341504
Lav je otvorio svoja ogromna usta i riknuo.	Лев раскрыл свою огромную пасть и зарычал.	8	0	1457636
Mač je oštar, ali je jezik još oštriji.	Язык острее меча.	8	0	6137833
Meri je katolik, ali njen dečko je ateista.	Мария католичка, но её парень атеист.	8	0	4246724
Mislim da sam već video tog momka negde.	Думаю, я уже этого парня где-то видел.	8	1	4246920
Mislio sam da te više nikada neću videti.	Я думал, я больше никогда тебя не увижу.	8	1	3402653
Mnoge stvari nam se čine zbunjujućim i nesigurnim.	Многие вещи кажутся нам сбивающими с толку и неопредёленными.	8	0	11062733
Mogu li da skrenem vašu pažnju na ovo?	Я могу обратить ваше внимание на это?	8	0	1621144
Moj otac ima ranč, gaji krave i konje.	Мой отец содержит ранчо, разводит коров и лошадей.	8	0	1135326
Moj otac me je zamolio da otvorim vrata.	Мой отец попросил меня открыть дверь.	8	0	1133563
Moj otac vratiće se kući krajem ove sedmice.	Мой папа вернётся домой на этих выходных.	8	0	1189005
Moj sused je u potpunosti renovirao svoju kuću.	Мой сосед полностью отремонтировал свой дом.	8	0	6382551
Moje ime je Rikardo.Kako se ti zoveš?	Моё имя - Рикардо. А как тебя зовут?	8	0	3795174
Molim vas tiše. U pozorištu je zabranjeno šuštati.	Пожалуйста, тише. В театре запрещено шуметь.	8	0	1157196
Monotni zvuk točkova železničkog vagona otkucavaju kao sat.	Монотонный звук колёс железнодорожного вагона похож на тиканье часов.	8	0	6974423
Monotni zvuk točkova želežničkog vagona otkucavaju kao sat.	Монотонный звук колёс железнодорожного вагона похож на тиканье часов.	8	0	3650806
Moraš to da uradiš, hteo to ili ne.	Ты должен это сделать, хочешь ты этого или нет.	8	1	3307134
Moraš to da uradiš, hteo to ili ne.	Ты должна это сделать, хочешь ты этого или нет.	8	1	3307134
Most mora da bude sagrađen za šest meseci.	Мост должен быть построен за шесть месяцев.	8	0	1086199
Možeš li da govoriš glasnije? Ne čujem te.	Можешь говорить погромче? Я тебя не слышу.	8	0	3327812
Možeš li da razbiješ jaje sa jednom rukom?	Ты можешь разбить яйцо одной рукой?	8	0	6818467
Na severu su zime duge, a leta kratka.	На севере зимы длинные, а лета короткие.	8	0	3484066
Na Zemlji živi više od šest milijardi ljudi.	На Земле живёт больше шести миллиардов людей.	8	0	1047178
Nažalost, ne mogu da pronađem tekst ove pesme.	К сожалению, я не могу найти текст этой песни.	8	0	3465604
Ne mogu da verujem da si poljubila Toma.	Не могу поверить, что ты поцеловала Тома.	8	0	4250729
Ne možemo da sebi dozvolimo ni jednu grešku.	Мы не можем позволить себе ни одной ошибки.	8	0	3365982
Ne sviđa mi se da idem u školu.	Я не люблю ходить в школу.	8	1	3439354
Ne volim da kuvam kada je napolju vruće.	Я не люблю готовить, когда на улице жарко.	8	0	3243423
Ne želim da učim reči bez nekog konteksta.	Я не хочу учить слова вне контекста.	8	0	3474305
Ne želim da učim reči bez nekog konteksta.	Я не хочу учить слова без контекста.	8	0	3474305
Ne želim više da mislim ni o čemu.	Я больше не хочу ни о чём думать.	8	1	934213
Ne želim više da slušam tvoje glupe viceve.	Я не хочу больше слушать твои глупые анекдоты.	8	0	3276424
Ne želim više da slušam tvoje glupe viceve.	Я не желаю больше слушать твои глупые анекдоты.	8	0	3276424
Nekoliko turista bilo je povređeno u saobraćajnoj nesreći.	Несколько туристов было травмировано в аварии.	8	0	1135335
Nemam dovoljno vremena da ti detaljno objašnjavam to.	У меня недостаточно времени, чтобы тебе подробно объяснить.	8	0	5002787
Nemojte kazati kako se dolazi do gradske kuće.	Вы не подскажете, как пройти к зданию мэрии?	8	0	1091342
Nije kasno doći na posao u četiri sata.	В 16:00 приходить на работу — это не поздно.	8	1	477998
Nikada nisam razmišljala o tome na takav način.	Я никогда не думала об этом в таком ключе.	8	0	6547999
Nikakve kiše tokom tri prošla meseca nije bilo.	Никакого дождя за три прошлых месяца не было.	8	0	1280735
Nisam imao vremena da ručam, pa sam gladan.	Я не успел пообедать, поэтому я голодный.	8	0	8820200
Nisam imao vremena da ručam, pa sam gladan.	У меня не было времени пообедать, поэтому я голодный.	8	0	8820200
Nisam znao da Tom tako dobro piše kineski.	Я не знал, что Том так хорошо пишет по-китайски.	8	0	4248918
Njegov komentar je lako razumeti na pogrešan način.	Его комментарий легко понять неправильным образом.	8	0	6382578
Njegov komentar je lako razumeti na pogrešan način.	Его комментарий легко понять неправильно.	8	0	6382578
Njegova kuća je tri puta bolja od moje.	Его дом в три раза больше моего.	8	0	1183344
Njegovo je sedište u avionu bilo uz prolaz.	Его место в самолёте было у прохода.	8	0	3355978
Od čega treba da se sastoji zdrav doručak?	Из чего должен состоять здоровый завтрак?	8	0	1946227
Odveo sam ga u najskuplji restoran u kampusu.	Я его сводил в самый дорогой ресторан в университетском городке.	8	0	425901
On ima ne manje od tri stotine knjiga.	У него не меньше трёхсот книг.	8	0	1751655
On je jedini Amerikanac koji je preplivao Lamanš.	Он единственный американец, который переплыл Ла-Манш.	8	0	1133547
On je poslednji koji može da uradi tako.	Он последний, кто может так сделать.	8	1	1266638
On je počeo da rano leže na spavanje.	Он начал рано ложиться спать.	8	0	1293950
On je preveo Homera sa Grčkog na Engleski.	Он перевёл Гомера с греческого на английский.	8	0	3343990
On je sigurno došao da bi dobio zlato.	Он действительно пришёл, чтобы добыть золото.	8	1	1127248
On me je uvredio i nazvao me magarcem.	Он меня оскорбил и назвал ослом.	8	0	800995
On me je uvredio i nazvao me magarcem.	Он оскорбил меня и назвал меня ослом.	8	0	10042522
On nam je napravio sto i dve klupe.	Он сделал нам стол и две скамьи.	8	0	1195481
On nije imao apsolutno ništa zajedničkog sa nama.	Он не имел абсолютно ничего общего с нами.	8	0	3465638
On nosi bradu, pa mu nije potrebno brijanje.	Он носит бороду, поэтому ему не нужно бриться.	8	0	3547619
On predaje matematiku, a takođe i engleski jezik.	Он преподаёт математику, а ещё английский язык.	8	0	1050467
On se isticao među ostalim umetnicima toga vremena.	Он выделялся среди прочих художников своего времени.	8	0	1676125
On se prema meni odnosi kao prema odraslom.	Он относится ко мне как к взрослому.	8	0	1085936
On se s ljubavlju seća svoje umrle žene.	Он с любовью вспоминает свою умершую жену.	8	0	1166864
Ona je Amerikanka, ali živi u Velikoj Britaniji.	Она американка, хотя живёт в Великобритании.	8	0	3414375
Ona je bila prva žena koju sam sreo.	Она была первой женщиной, которую я встретил.	8	0	879220
Ona je znala na šta je on mislio.	Она знала, о чём он думает.	8	1	3328788
Ona radi kao medicinska sestra u lokalnoj bolnici.	Она работает медсестрой в местной больнице.	8	0	3266911
Ona voli da se oblači u tamne boje.	Она любит одеваться в тёмное.	8	0	3394995
Ovaj grad je bio lep u svoje vreme.	Этот город был красивым в своё время.	8	1	3429733
Ovaj grad je bio lep u svoje vreme.	Этот город был красив в своё время.	8	1	3429733
Ovaj zemljotres je takođe odneo stotinu pedeset života.	Это землетрясение также унесло сто пятьдесят жизней.	8	0	1098550
Ove kuće ne moraju da se puno greju.	Эти дома не нужно много отапливать.	8	0	3503995
Ovo je jedan od najpopularnijih restorana u gradu.	Это один из самых популярных ресторанов в городе.	8	0	4243433
Ovo je moja majka. Ona se zove Beatrisa.	Это моя мама. Её зовут Беатриса.	8	0	2153164
Ovo je najgluplja stvar koju sam ikada izgovorio.	Это самая глупая вещь, которую я когда-либо говорил.	8	0	3292821
Ovo pismo je stiglo dok si bio napolju.	Это письмо пришло, пока ты был на улице.	8	0	3243790
Očekivao sam da će Tom da napravi tim.	Я ожидал, что Том соберёт команду.	8	1	8903965
Pazi! U bašti je pet gladnih sovjetskih krava!	Осторожно! В саду пять голодных советских коров!	8	0	10001497
Pitao sam Toma zašto je došao tako rano.	Я спросил Тома, почему он пришёл так рано.	8	0	11035079
Platon je prijatelj, ali istina je veći prijatelj.	Платон мне друг, но истина дороже.	8	0	665354
Poznaješ li nekoga ko je položio ovaj ispit?	Ты знаешь кого-то, кто сдал этот экзамен?	8	0	4238430
Poznaješ li nekoga ko je položio prošlogodišnji ispit?	Ты знаешь кого-нибудь, кто сдал прошлогодний экзамен?	8	0	4238432
Pre dve godine on je bio u Londonu.	Два года назад он был в Лондоне.	8	0	1089068
Pre mnogo godina postojale su različite jedinice dužine.	Много лет назад существовали различные единицы длины.	8	0	5601710
Prošle godine u nas je bilo mnogo snega.	В прошлом году у нас было много снега.	8	0	1178214
Put do muškog srca vodi preko njegovog stomaka.	Путь к сердцу мужчины лежит через его желудок.	8	0	6583415
Računari treba da se drže van spavaće sobe.	Компьютеры нужно размещать за пределами спальни.	8	0	3484134
Reka koja teče kroz Pariz naziva se Sena.	Река, которая течет через Париж, называется Сена.	8	0	1090510
Rekla je da ni jedan štampač ne radi.	Она сказала, что ни один принтер не работает.	8	0	11074691
Rođen je u malom selu na jugu Turske.	Он родился в маленькой деревне на юге Турции.	8	0	4238269
Svaki put kad vidim Toma, on nosi naočare.	Я никогда не видел Тома без очков.	8	0	5002773
Sve što imaš će jednog dana imati tebe.	Всё, что ты имеешь, будет однажды иметь тебя.	8	1	4248512
Svi se manje ili više interesuju za umetnost.	Все в большей или меньшей степени интересуются искусством.	8	0	1057890
Svi žele ono što ne mogu da imaju.	Все хотят того, чего не могут иметь.	8	1	4246623
Sviđa nam se ista hrana i ista muzika.	Нам нравится одна и та же еда и одна и та же музыка.	8	0	3469691
Ta kompanija pokreće svoje novine, je li istina?	Эта компания выпускает свой журнал, не правда ли?	8	0	1200592
Tajna kreativnosti je znati kako sakriti svoje izvore.	Секрет креативности - знать, как скрыть свои источники.	8	0	3269648
Ti najbolje pričaš francuski u našoj kancelariji, mislim.	Ты говоришь по-французски лучше всех в нашем офисе, я думаю.	8	0	8931057
Ti si najlepša žena koju sam ikada video.	Ты - самая красивая женщина, какую я когда-либо видел.	8	0	6391054
Ti si visok, ali on je još višlji.	Ты высокий, но он ещё выше.	8	0	3266443
To je bila crna haljina sa dubokim dekolteom.	Это было чёрное платье с глубоким декольте.	8	0	3471924
To je bio bolji dan u mom životu.	Это был лучший день в моей жизни.	8	1	1181855
To je mnogo lakše nego što sam mislio.	Это намного легче, чем я думал.	8	1	3418712
To je po veličini treći grad u Srbiji.	Это третий по величине город Сербии.	8	0	1195611
To je slika koju je on sam naslikao.	Это картина, которую он сам нарисовал.	8	0	3331589
Tom i ja znamo da je Marija plakala.	Мы с Томом знаем, что Мэри плакала.	8	0	6536988
Tom i Meri su sedeli za kuhinjskim stolom.	Том и Мэри сидели за кухонным столом.	8	0	6905758
Tom je jedan od najboljih kuvara u gradu.	Том один из лучших поваров в городе.	8	0	8931032
Tom je jutros otišao ne završivši svoj doručak.	Том сегодня утром ушёл, не закончив завтракать.	8	0	4790640
Tom je kamenom gađao jednog od mojih pasa.	Том бросил камнем в одну из моих собак.	8	0	3547615
Tom je osvojio deset hiljada dolara na lutriji.	Том выиграл десять тысяч долларов в лотерею.	8	0	3437271
Tom je počeo da uči Francuski prošle godine.	Том начал учить французский в прошлом году.	8	0	4238245
Tom je rekao da mu treba moja pomoć.	Том сказал, что ему нужна моя помощь.	8	1	4986864
Tom je znao da ga Marija ne voli.	Том знал, что Мария его не любит.	8	0	4250152
Tom je znao da je to loša ideja.	Том знал, что это плохая идея.	8	1	4250909
Tom ne može da čita ništa bez naočara.	Том ничего не может прочесть без очков.	8	0	5843291
Tom ne može da čita ništa bez naočara.	Том ничего не может прочитать без очков.	8	0	5843291
Tom ne zna razliku između Iraka i Irana.	Том не знает разницы между Ираком и Ираном.	8	0	6369062
Tom uopšte nije pametan koliko misli da jeste.	Том вообще не так умён, как думает.	8	1	8907938
Tom će se vratiti iz Bostona sledećeg ponedeljka.	Том вернётся из Бостона в следующий понедельник.	8	0	4782060
Tom želi da ide na skijanje sa Meri.	Том хочет пойти кататься на лыжах с Мэри.	8	0	8890942
Tome, da li više voliš pse ili mačke?	Том, ты больше любишь собак или кошек?	8	0	4249161
U budućnosti, mnogi radnici će biti zamenjeni robotima.	В будущем многих работников заменят роботы.	8	0	4246857
U ovoj fabrici rade moj otac i brat.	На этой фабрике работают мои отец и брат.	8	0	1043423
U početku Bog je stvorio nebo i Zemlju.	В начале Бог создал небо и землю.	8	0	1048705
U početku Bog je stvorio nebo i Zemlju.	В начале сотворил Бог небо и землю.	8	0	1048705
U svetu je više od sedam hiljada jezika.	В мире более семи тысяч языков.	8	0	1271528
U vreme diktature i zidovi su imali uši.	Во время диктатуры и у стен были уши.	8	0	1214531
Uzeo sam taksi da bih stigao na voz.	Я взял такси, чтобы успеть на поезд.	8	1	3306064
Veliki broj reči pozajmljene su iz stranih jezika.	Большое количество слов заимствовано из иностранных языков.	8	0	5909417
Veoma mnogo ljudi želi da poseti ovaj grad.	Очень много людей хочет посетить этот город.	8	0	3478634
Veoma sam umoran, hteo bih da legnem ranije.	Я очень устал, хочу лечь пораньше.	8	0	1080591
Verujem da ima previše nasilja na TV-u.	Я считаю, что на телевидении слишком много насилия.	8	0	11054694
Vi možete da ostanete toliko dugo koliko hoćete.	Вы можете оставаться столько, сколько захотите.	8	0	1042387
Video sam na drugoj strani ulice postariju ženu.	Я увидел на другой стороне улицы пожилую женщину.	8	0	1081774
Zabavno je da se šeta sa mojim psom.	Гулять с моей собакой весело.	8	0	3470194
Zar se ne plašiš da se zaraziš virusom?	Разве ты не боишься заразиться вирусом?	8	0	3535366
Zgrada koju sam video je bila veoma velika.	Здание, которое я видел, было очень большим.	8	0	4967501
Ziro, nije neophodno da sutra ideš u školu.	Дзиро не нужно сегодня идти в школу.	8	0	2067618
Četiri veka Krakov je bio glavni grad Poljske.	Четыре века Краков был столицей Польши.	8	0	1188979
Čovek koji je napisao ovu knjigu je lekar.	Человек, который написал эту книгу, - врач.	8	0	1089755
Želeo bih da prevedeš ovu knjigu na engleski.	Я хотел бы, чтобы ты перевёл эту книгу на английский.	8	0	3245554
Želim da ti pokažem kako se to radi.	Я хочу показать тебе, как это делается.	8	1	4250607
Želim da znam istinu o smrti mog sina.	Я хочу знать правду о смерти моего сына.	8	1	3435356
Ženeva je drugi po veličini grad u Švajcarskoj.	Женева - второй по величине город в Швейцарии.	8	0	3371773
