lat	cyr	pos	ekav	gloss
-b	-б	suffix		при добавлении к основе глагола образует существительное женского рода со значением наименование действия как процесса; при добавлении к основе глагола образует существительное женского рода со значением наименование документа
-ob	-об	suffix		при добавлении к основе прилагательного образует существительное женского рода со значением свойства или качества, названного мотивирующими словом
a	а	interj		выражает удивление или восхищение: а!, ах!; выражает одобрение: ну вот!, ага!
a	а	unknown		название первой буквы сербского алфавита; название звука, обозначаемого первой буквой сербского алфавита
a	а	unknown		(противительный) а; однако… даже
a	а	unknown		(присоединительная): а
a da ne	а да не	phrase		чтобы не
a kamoli	а камоли	phrase		тем более, не говоря уже
a ono	а оно	phrase		между тем, в таком случае, по крайней мере; а то
a ono	a ono	phrase		между тем, в таком случае, по крайней мере; а то
a pre, a posle	а пре, а после	phrase	ekav	раньше или позже
a pre, a posle	a pre, a posle	phrase	ekav	раньше или позже
a tako	а тако	phrase		ах так!
a tako	a tako	phrase		ах так!
a to	а то	phrase		между тем, в то же время
a to	a to	phrase		между тем, в то же время
a-	а-	prefix		при добавлении к разным частям речи образует слова со значением не; при добавлении к разным частям речи образует слова со значением без
aa	аа	intj		а!; ах!
aba	аба	noun		устар. аба (сукно); устар. аба (верхняя одежда)
abadžija	абаџија	noun		портной одежды из абы
abadžija	abadžija	noun		портной одежды из абы
Abadžić	Абаџић	noun		сербская фамилия
abak	абак	noun		столик; абак, абака
abazija	abazija	noun		мед. абазия
abazija	абазија	noun		мед. абазия
Abazović	Абазовић	noun		сербская фамилия
abažur	абажур	noun		абажур (аналогично русскому слову)
abažur	abažur	noun		абажур
abdes	abdes	noun		то же, что avdes, омовение перед молитвой (у мусульман)
abdes	абдес	noun		омовение перед молитвой (у мусульман)
abdest	abdest	noun		то же, что avdes, омовение перед молитвой (у мусульман)
abdest	абдест	noun		омовение перед молитвой (у мусульман)
abdicirati	abdicirati	verb		отречься от престола
abdicirati	абдицирати	verb		отречься от престола
abdikacija	абдикација	noun		отречение от престола
abdikacija	abdikacija	noun		отречение от престола
Abdulić	Абдулић	noun		сербская фамилия
abe	abe	noun		форма множественного числа существительного aba
abeceda	abeceda	noun		алфавит, азбука
abeceda	абецеда	noun		алфавит (обычно латинский)
abecedan	abecedan	adj		азбучный, алфавитный
abecedan	абецедан	adj		азбучный, алфавитный
aber	aber	noun		устар. известие, весть
aber	абер	noun		устар. известие, весть
aberacija	аберација	noun		аберрация, отклонение
aberacija	aberacija	noun		аберрация, отклонение
Abhazija	Абхазија	noun		Абхазия
Abhazija	Abhazija	noun		Абхазия
abhazijski	abhazijski	adj		абхазский, относящийся к Абхазии
abhazijski	абхазијски	adj		абхазский, относящийся к Абхазии
Abidžan	Абиџан	noun		Абиджан
Abidžan	Abidžan	noun		Абиджан
abisal	abisal	noun		абиссаль
abisal	абисал	noun		абиссаль
Abisinac	Abisinac	noun		абиссинец
Abisinac	Абисинац	noun		абиссинец
ablativ	аблатив	noun		лингв., грам. аблатив (аналогично русскому слову)
ablativ	ablativ	noun		лингв. аблатив
abnormalan	abnormalan	adj		ненормальный
abnormalan	абнормалан	adj		ненормальный
abnormalnost	абнормалност	noun		ненормальность, неправильность
abolicija	abolicija	noun		аболиция
abolicija	аболиција	noun		аболиция
abonent	abonent	noun		абонент
abonent	абонент	noun		абонент (аналогично русскому слову)
abonirati	abonirati	verb		абонировать
abonirati	абонирати	verb		абонировать
abonos	abonos	noun		эбеновое дерево, чёрное дерево
abonos	абонос	noun		эбеновое дерево, чёрное дерево
abordaž	абордаж	noun		абордаж
abortus	абортус	noun		аборт
abortus	abortus	noun		аборт
Abović	Абовић	noun		сербская фамилия
Abramić	Абрамић	noun		сербская фамилия
Abramović	Абрамовић	noun		сербская фамилия
Abranović	Абрановић	noun		сербская фамилия
abrazija	абразија	noun		абразия
abrazija	abrazija	noun		абразия
abraziv	абразив	noun		спец. абразив (аналогично русскому слову)
abraziv	abraziv	noun		абразив
abrazivnost	abrazivnost	noun		абразивность
Abrašević	Абрашевић	noun		сербская фамилия
absenteizam	absenteizam	noun		книжн. абсентеизм
Abver	Абвер	noun		абвер
Abver	Abver	noun		абвер
abzac	абзац	noun		абзац (аналогично русскому слову)
abzac	abzac	noun		то же, что alineja: абзац
Acamović	Ацамовић	noun		сербская фамилия
acefalija	ацефалија	noun		мед. ацефалия
acetat	ацетат	noun		хим. ацетат (аналогично русскому слову)
acetilen	ацетилен	noun		хим. ацетилен, этин
Acić	Ацић	noun		сербская фамилия
Acković	Ацковић	noun		сербская фамилия
Aco	Aco	noun		Ацо
Aco	Ацо	noun		Ацо
Acović	Ацовић	noun		сербская фамилия
ada	ada	noun		островок
ada	ада	noun		островок
Adam	Adam	noun		Адам
Adam	Адам	noun		Адам
Adamac	Адамац	noun		сербская фамилия
Adamić	Адамић	noun		сербская фамилия
Adamova jabučica	Адамова јабучица	phrase		адамово яблоко, кадык
Adamova jabučica	Adamova jabučica	phrase		адамово яблоко, кадык
Adamović	Адамовић	noun		сербская фамилия
adaptacija	адаптација	noun		адаптация, приспособление
adaptacija	adaptacija	noun		адаптация, приспособление
adaptivna optika	адаптивна оптика	phrase		адаптивная оптика
Adašević	Адашевић	noun		сербская фамилия
adekvatan	адекватан	adj		адекватный
adekvatno	адекватно	adv		адекватно
adenokarcinom	аденокарцином	noun		мед. аденокарцинома
Adigeja	Адигеја	noun		Адыгея
adijabatski	адијабатски	adj		физ. адиабатический
adijabatski	adijabatski	adj		физ. адиабатический
adjektiv	адјектив	noun		адъектив, имя прилагательное
administracija	администрација	noun		администрация
administracija	administracija	noun		администрация
administrativni	административни	adj		административный
administrativni	administrativni	adj		административный
administrator	администратор	noun		администратор (аналогично русскому слову)
administrator	administrator	noun		администратор
admiral	адмирал	noun		воен. адмирал
admiral	admiral	noun		адмирал
admiralski	admiralski	adj		адмиральский; (о корабле) флагманский
admiralski	адмиралски	adj		адмиральский; (о корабле) флагманский
adoptacija	adoptacija	noun		усыновление, усвоение
adoptacija	адоптација	noun		усыновление, усвоение
adrenalin	адреналин	noun		биохим. адреналин (аналогично русскому слову)
adresa	adresa	noun		адрес
adresa	адреса	noun		адрес
adresar	адресар	noun		адресная книга
adresar	adresar	noun		адресная книга
adresat	адресат	noun		адресат (аналогично русскому слову)
adresovati	adresovati	verb		адресовать
adresovati	адресовати	verb		адресовать
adut	адут	noun		козырь
adut	adut	noun		козырь
advokat	адвокат	noun		адвокат (аналог. русск. адвокат [1]
advokat	advokat	noun		адвокат
advokatirati	advokatirati	verb		заниматься адвокатской деятельностью
advokatirati	адвокатирати	verb		заниматься адвокатской деятельностью
advokatisati	адвокатисати	verb		заниматься адвокатской деятельностью
advokatisati	advokatisati	verb		заниматься адвокатской деятельностью
advokatski	advokatski	adj		адвокатский
advokatski	адвокатски	adj		адвокатский
Adžić	Аџић	noun		сербская фамилия
Adžović	Аџовић	noun		сербская фамилия
aeroban	аеробан	adj		биол. аэробный
aerobik	аеробик	noun		аэробика
aerobika	аеробика	noun		аэробика
aerodinamika	аеродинамика	noun		аэродинамика
aerodrom	аеродром	noun		аэродром, аэропорт
aerodrom	aerodrom	noun		аэродром
aerologija	aerologija	noun		спец. аэрология
aerologija	аерологија	noun		спец. аэрология
aeromiting	аеромитинг	noun		аэрошоу, воздушный парад
aeromiting	aeromiting	noun		аэрошоу, воздушный парад
aeronautika	aeronautika	noun		аэронавтика
aeronautika	аеронаутика	noun		аэронавтика
aeroplan	аероплан	noun		аэроплан
aeroplan	aeroplan	noun		аэроплан
aerosol	аеросол	noun		хим. аэрозоль
aerostat	аеростат	noun		аэростат
afatomija	афатомија	noun		истор. аффатомия
afekat	afekat	noun		аффект
afekat	афекат	noun		аффект
afekt	афект	noun		аффект
afera	афера	noun		афера
afera	afera	noun		афера
aferaš	афераш	noun		аферист
aferaš	aferaš	noun		аферист
afirmacija	афирмација	noun		подтверждение; утверждение
afirmacija	afirmacija	noun		подтверждение; утверждение
afiširati	афиширати	verb		афишировать, разглашать
afiširati	afiširati	verb		афишировать, разглашать
aforizam	афоризам	noun		афоризм
aforizam	aforizam	noun		афоризм
Afrika	Африка	noun		Африка
Afrikanac	Afrikanac	noun		африканец
Afrikanac	Африканац	noun		африканец
afrikanac	африканац	noun		африканец
afrikanizam	африканизам	noun		африканизм
afrikanizam	afrikanizam	noun		африканизм
afrikanka	африканка	noun		африканка
Afrikanka	Африканка	noun		африканка
afrički	afrički	adj		африканский
afrički	афрички	adj		африканский
afroazijski	афроазијски	adj		лингв. афразийский
Afrodita	Афродита	noun		мифол. Афродита
aga	ага	noun		истор., ага, начальник; господин; придворный офицер (в старой Турции)
aga	aga	noun		истор. , ага, начальник; господин; придворный офицер (в старой Турции)
Agatonović	Агатоновић	noun		сербская фамилия
agač	агач	noun		единица измерения расстояния, равная тысяче метров
Agbaba	Агбаба	noun		сербская фамилия
agencija	агенција	noun		агентство
agencija	agencija	noun		агентство
agent	агент	noun		агент
agent	agent	noun		агент
agentura	агентура	noun		агентура (аналогично русскому слову)
agentura	agentura	noun		агентура
agilan	agilan	adj		деятельный, активный
agilan	агилан	adj		деятельный, активный
agitacija	агитација	noun		агитация
agitacija	agitacija	noun		агитация
agitator	agitator	noun		агитатор
agitator	агитатор	noun		агитатор
agitovati	agitovati	verb		агитировать
agitovati	агитовати	verb		агитировать
aglutinativan	аглутинативан	adj		лингв. агглютинативный, агглютинирующий
agnat	agnat	noun		агнат
agnat	агнат	noun		агнат
agnosticizam	агностицизам	noun		агностицизм
agnosticizam	agnosticizam	noun		агностицизм
agnostik	агностик	noun		филос. агностик (аналогично русскому слову)
agnostički	агностички	adj		агностический
agnozija	агнозија	noun		мед. агнозия
agonija	агонија	noun		агония
agonija	agonija	noun		агония
agorafobija	agorafobija	noun		психол. агорафобия
agorafobija	агорафобија	noun		психол. агорафобия
agrarni	agrarni	adj		аграрный
agrarni	аграрни	adj		аграрный
agregacija	агрегација	noun		агрегация
agresija	агресија	noun		агрессия
agresija	agresija	noun		агрессия
agresivan	агресиван	adj		агрессивный
agresivan	agresivan	adj		агрессивный
agresor	agresor	noun		агрессор
agresor	агресор	noun		агрессор
agrobiologija	агробиологија	noun		агробиология
agrohemija	агрохемија	noun		агрохимия
agronom	агроном	noun		агроном (аналогично русскому слову)
agronom	agronom	noun		агроном
agronomija	agronomija	noun		агрономия
agronomija	агрономија	noun		агрономия
agronomski	агрономски	adj		агрономический
agronomski	agronomski	adj		агрономический
ahat	ахат	noun		минер. Ахат је минерал и драги камен различитих боја.; агат
ahat	ahat	noun		минер. агат
ahromatičan	ахроматичан	adj		физ. ахроматический
ahromatičan	ahromatičan	adj		физ. ахроматический
aj	aj	intj		а
aj	ај	intj		а
ajatolah	ајатолах	noun		аятолла
ajdared	ajdared	noun		айдаред
ajdared	ајдаред	noun		айдаред
Ajdačić	Ајдачић	noun		сербская фамилия
Ajdinović	Ајдиновић	noun		сербская фамилия
Ajduk	Ајдук	noun		сербская фамилия
Ajduković	Ајдуковић	noun		сербская фамилия
Ajdučić	Ајдучић	noun		сербская фамилия
ajfon	ајфон	noun		айфон
ajfon	ajfon	noun		айфон
ajgir	ајгир	noun		жеребец, жеребёнок; сленг похотливый молодой человек
ajgir	ajgir	noun		жеребец, жеребёнок; сленг похотливый молодой человек
ajgirski	ajgirski	adj		жеребячий
ajgirski	ајгирски	adj		жеребячий
ajgiruša	ajgiruša	noun		кобылица; сленг похотливая девушка
ajgiruša	ајгируша	noun		кобылица; сленг похотливая девушка
ajkula	ајкула	noun		акула
ajkula	ajkula	noun		акула
ajlajner	ајлајнер	noun		косметический карандаш
ajlajner	ajlajner	noun		косметический карандаш
ajnc	ajnc	noun		карт. очко
ajnc	ајнц	noun		карт. очко
ajnštajnijum	ајнштајнијум	noun		хим. химический элемент с атомным номером 99, обозначается химическим символом Es, радиоактивный металл из группы трансурановых актиноидов
ajnštajnijum	ajnštajnijum	noun		хим. химический элемент с атомным номером 99, обозначается химическим символом Es, радиоактивный металл из группы трансурановых актиноидов
ajoj	ајој	intj		ай! ой!
ajoj	ajoj	intj		ай! ой!
ajs	ajs	intj		гей!
ajs	ајс	intj		гей!
ajskati	ајскати	verb		гейкать
ajskati	ajskati	verb		гейкать
ajsnuti	ајснути	verb		гейкнуть
ajsnuti	ajsnuti	verb		гейкнуть
ajurveda	ajurveda	noun		Аюрведа
ajurveda	ајурведа	noun		Аюрведа
ajurvedski	ajurvedski	adj		аюрведический
ajurvedski	ајурведски	adj		аюрведический
ajvar	ајвар	noun		кулин. айвар, икра из перца
ajvar	ajvar	noun		кулин. айвар, икра из перца
Ajvaz	Ајваз	noun		сербская фамилия
Ajvazović	Ајвазовић	noun		сербская фамилия
akacija	акација	noun		акация
akademac	akademac	noun		студент; курсант
akademac	академац	noun		студент; курсант
akademija	akademija	noun		академия; училище
akademija	академија	noun		академия; училище
akademik	akademik	noun		академик
akademik	академик	noun		академик (аналогично русскому слову)
akademski	академски	adj		академический
akademski	akademski	adj		академический
akamoli	akamoli	adv		тем более, не говоря уже, где уж, куда уж
akamoli	акамоли	adv		тем более, не говоря уже, где уж, куда уж
akcenat	акценат	noun		ударение, акцент
akcenat	akcenat	noun		ударение, акцент
akcenatovati	akcenatovati	verb		расставить ударения; акцентировать
akcenatovati	акценатовати	verb		расставить ударения; акцентировать
akcent	акцент	noun		лингв. акцент (аналог. русск. акцент [1])
akcent	akcent	noun		ударение, акцент
akcentovanje	акцентовање	noun		акцентирование, акцентировка
akcentovanje	akcentovanje	noun		акцентирование, акцентировка
akcept	акцепт	noun		фин. акцепт
akcija	акција	noun		акция, действие, мероприятие; акция (ценная бумага)
akcija	akcija	noun		акция, действие, мероприятие; акция (ценная бумага)
akcionar	akcionar	noun		акционер
akcionar	акционар	noun		акционер
akcionarski	акционарски	adj		акционерный
akcionarski	akcionarski	adj		акционерный
akciza	akciza	adj		деятельность; действие
akciza	акциза	adj		акциз
aker	акер	noun		акр
Akifović	Акифовић	noun		сербская фамилия
aklamacija	акламација	noun		единодушное одобрение
aklamacija	aklamacija	noun		единодушное одобрение
aklimatizacija	аклиматизација	noun		акклиматизация
ako	ako	conj		если, хотя
ako	ако	conj		если; хотя
akontacija	аконтација	noun		задаток, аванс
akontacija	akontacija	noun		задаток, аванс
akord	akord	noun		аккорд; аккордная работа
akord	акорд	noun		аккорд; аккордная работа, сдельщина
akov	аков	noun		ведро, около 50 литров
akov	akov	noun		ведро, около 50 литров
akreditiv	акредитив	noun		фин. аккредитив
akrep	акреп	noun		сленг некрасивый человек
akrep	akrep	noun		сленг некрасивый человек
akrichin	akrichin	noun		фарм. акрихин; мепакрин
akrobat	akrobat	noun		акробат
akrobat	акробат	noun		акробат (аналогично русскому слову)
akrobata	akrobata	noun		акробат
akrobatski	akrobatski	adj		акробатический
akrobatski	акробатски	adj		акробатический
Aksentije	Aksentije	noun		Аксентий, Авксентий
Aksentije	Аксентије	noun		Аксентий, Авксентий
Aksentijević	Аксентијевић	noun		сербская фамилия
Aksentić	Аксентић	noun		сербская фамилия
aksioma	аксиома	noun		аксиома (аналогично русскому слову)
aksioma	aksioma	noun		аксиома
Aksić	Аксић	noun		сербская фамилия
Aksović	Аксовић	noun		сербская фамилия
akt	акт	noun		акт, протокол; акт, действие
akt	akt	noun		акт; изображение обнажённого человека
akter	актер	noun		действующее лицо; участник, фигурант
akter	akter	noun		[[]]
akterski	актерски	adj		актёрский
aktinijum	актинијум	noun		хим. актиний
aktinometar	актинометар	noun		спец. актинометр
aktinometrija	актинометрија	noun		спец. актинометрия
aktiva	aktiva	noun		актив
aktiva	актива	noun		актив
aktivacija	активација	noun		активация
aktivan	активан	adj		активный; действительный
aktivan	aktivan	adj		активный; действительный
aktivni ugalj	активни угаљ	phrase		хим. активированный уголь
aktivnost	активност	noun		активность
aktivnost	aktivnost	noun		активность
aktivácija	aktivácija	noun		активация
aktuelan	актуелан	adj		актуальный
aktuelan	aktuelan	adj		актуальный
akumulacija	akumulacija	noun		аккумуляция
akumulacija	акумулација	noun		аккумуляция
akumulator	акумулатор	noun		аккумулятор
akumulator	akumulator	noun		аккумулятор
akumulatorski	акумулаторски	adj		аккумуляторный
akumulatorski	akumulatorski	adj		аккумуляторный
akumulirati	акумулирати	verb		аккумулировать, накапливать
akumulirati	akumulirati	verb		аккумулировать, накапливать
akupunktura	акупунктура	noun		мед. иглоукалывание, акупунктура
akustika	akustika	noun		акустика
akustika	акустика	noun		акустика (аналогично русскому слову)
akustičan	акустичан	adj		акустический
akustičan	akustičan	adj		акустический
akutan	akutan	adj		острый; кризисный
akutan	акутан	adj		острый; кризисный
akuzativ	akuzativ	noun		винительный падеж
akuzativ	акузатив	noun		винительный падеж
akvamarin	аквамарин	noun		минер. аквамарин (аналогично русскому слову)
akvapark	аквапарк	noun		аквапарк
akvarel	акварел	noun		акварель
akvarel	akvarel	noun		акварель
akvedukt	акведукт	noun		акведук
Akšam	Акшам	noun		сербская фамилия
ala	ala	intj		ах, ах как
ala	ала	intj		ах, ах как
ala	ala	noun		дракон; змей
ala	ала	noun		дракон; змей
alabaster	алабастер	noun		алебастр
alabaster	alabaster	noun		алебастр
alal	alal	noun		благословение
alal	алал	noun		благословение
alaliti	алалити	verb		подарить; жалеть
alaliti	alaliti	verb		подарить; жалеть
alamun	аламун	noun		бездельник; безалаберный человек
alamun	alamun	noun		бездельник; безалаберный человек
alan	алан	noun		истор. алан (аналогично русскому слову)
Alanović	Алановић	noun		сербская фамилия
alapača	алапача	noun		болтунья
alapača	alapača	noun		болтунья
alarm	alarm	noun		тревога
alarm	аларм	noun		тревога
alarmantan	алармантан	adj		тревожный
alarmantan	alarmantan	adj		тревожный
alarmirajući	алармирајући	adj		тревожный
alarmirajući	alarmirajući	adj		тревожный
alarmirati	alarmirati	verb		поднять тревогу, встревожить
alarmirati	алармирати	verb		поднять тревогу, встревожить
alas	alas	noun		рыбак
alas	алас	noun		рыбак
alat	alat	noun		инструменты
alat	алат	noun		инструменты
alatka	алатка	noun		инструмент
alatka	alatka	noun		инструмент
alatni	alatni	adj		инструментальный
alatni	алатни	adj		инструментальный
alav	алав	adj		ненасытный, прожорливый
alav	alav	adj		ненасытный, прожорливый
Alavanja	Алавања	noun		сербская фамилия
Alavantić	Алавантић	noun		сербская фамилия
alavko	алавко	noun		обжора
alavko	alavko	noun		обжора
Alavuk	Алавук	noun		сербская фамилия
Alavuković	Алавуковић	noun		сербская фамилия
Albaharević	Албахаревић	noun		сербская фамилия
Albanac	Albanac	noun		албанец
Albanac	Албанац	noun		албанец
Albanija	Albanija	noun		Албания
Albanija	Албанија	noun		Албания
Albanka	Albanka	noun		албанка
Albanka	Албанка	noun		албанка
albanski	albanski	adj		албанский
albanski	албански	adj		албанский
albatros	албатрос	noun		альбатрос
Albijanić	Албијанић	noun		сербская фамилия
albinizam	албинизам	noun		альбинизм
albinizam	albinizam	noun		альбинизм
albino	албино	noun		альбинос
albižanski	албижански	adj		истор. альбигойский
albižanski	albižanski	adj		истор. альбигойский
album	албум	noun		альбом
album	album	noun		альбом
albumin	албумин	noun		биохим. альбумин
Albunović	Албуновић	noun		сербская фамилия
aldehid	aldehid	noun		хим. альдегид
aldehid	алдехид	noun		хим. альдегид
alegorija	алегорија	noun		аллегория
aleja	aleja	noun		аллея
Aleksa	Aleksa	noun		Алекса
Aleksa	Алекса	noun		Алекса
Aleksandar	Aleksandar	noun		Александр
Aleksandar	Александар	noun		Александар (аналогично русскому слову)
aleksandrijski	александријски	adj		александрийский
Aleksandrić	Александрић	noun		сербская фамилия
Aleksandrović	Александровић	noun		сербская фамилия
Aleksej	Aleksej	noun		Алексей
Aleksej	Алексеј	noun		Алексей
Aleksije	Aleksije	noun		Алексей, Алексий
Aleksije	Алексије	noun		Алексей, Алексий
Aleksijević	Алексијевић	noun		сербская фамилия
Aleksić	Алексић	noun		сербская фамилия
alel	алел	noun		генет. аллель
alergen	алерген	noun		мед. аллерген
alergija	алергија	noun		мед. аллергия
alergičan	алергичан	adj		мед. аллергический
alergolog	алерголог	noun		аллерголог
alergologija	алергологија	noun		аллергология
aleutski	алеутски	adj		алеутский
alev	алев	adj		алый, пунцовый
aleva paprika	алева паприка	phrase		красный перец
aleva paprika	aleva paprika	phrase		красный перец
alfabet	alfabet	noun		алфавит
alfabet	алфабет	noun		алфавит
Alfirević	Алфиревић	noun		сербская фамилия
alga	алга	noun		водоросль
algebarski	алгебарски	adj		матем. алгебраический
algebarski	algebarski	adj		алгебраический
algebra	алгебра	noun		матем. алгебра
alhemičar	алхемичар	noun		алхимик
ali	али	conj		но, да, а, однако
alibi	алиби	noun		юр. алиби (аналогично русскому слову)
aligator	алигатор	noun		аллигатор
alimentaran	алиментаран	adj		алиментарный
Alimpije	Alimpije	noun		Алимпий, Алипий
Alimpije	Алимпије	noun		Алимпий, Алипий
Alimpijević	Алимпијевић	noun		сербская фамилия
Alimpić	Алимпић	noun		сербская фамилия
aliteracija	aliteracija	noun		филол. аллитерация
aliteracija	алитерација	noun		филол. аллитерация
alizarin	ализарин	noun		ализарин
Aličić	Аличић	noun		сербская фамилия
Aljančić	Аљанчић	noun		сербская фамилия
aljkav	аљкав	adj		небрежный, неряшливый, неопрятный
aljkav	aljkav	adj		небрежный, неряшливый, неопрятный
aljkavac	аљкавац	noun		неряха, растрёпа
aljkavac	aljkavac	noun		неряха, растрёпа
aljkavica	аљкавица	noun		неряха
aljkavica	aljkavica	noun		неряха
aljkavko	aljkavko	noun		неряха, растрёпа
aljkavko	аљкавко	noun		неряха, растрёпа
aljkavo	аљкаво	adv		неряшливо, как попало, спустя рукава
aljkavo	aljkavo	adv		неряшливо, как попало, спустя рукава
aljkavost	аљкавост	noun		неряшливость, небрежность
aljkavost	aljkavost	noun		неряшливость, небрежность
aljkavuša	аљкавуша	noun		неряха
aljkavuša	aljkavuša	noun		неряха
alka	алка	noun		кольцо, звено цепи
alkalan	алкалан	adj		хим. щелочной
alkalija	алкалија	noun		щёлочь
alkalni	алкални	adj		щелочной
alkaloid	алкалоид	noun		фарм. алкалоид (аналогично русскому слову)
alkan	алкан	noun		хим. алкан, предельный углеводород
alkemija	алкемија	noun		алхимия
alken	алкен	noun		хим. алкен
alkohol	алкохол	noun		алкоголь
alkoholizam	alkoholizam	noun		алкоголизм
alkoholizam	алкохолизам	noun		алкоголизм
alkoholičar	alkoholičar	noun		алкоголик
alkoholičar	алкохоличар	noun		алкоголик
alkoholni	alkoholni	adj		алкогольный
alkoholni	алкохолни	adj		алкогольный
alkos	алкос	noun		сленг алкаш
Alković	Алковић	noun		сербская фамилия
almanah	алманах	noun		альманах
almanah	almanah	noun		альманах
alometrija	алометрија	noun		биол. аллометрия
alotropija	алотропија	noun		хим. аллотропия
Alparac	Алпарац	noun		сербская фамилия
alpinizam	alpinizam	noun		альпинизм
alpinizam	алпинизам	noun		альпинизм
alpski	alpski	adj		альпийский
alpski	алпски	adj		альпийский
alt	alt	noun		альт (голос)
alt	алт	noun		альт
alternativa	alternativa	noun		альтернатива
alternativa	алтернатива	noun		альтернатива
alternativan	алтернативан	adj		альтернативный
alternativan	alternativan	adj		альтернативный
altimetar	алтиметар	noun		высотомер; альтиметр
altruista	алтруиста	noun		альтруист
altruističan	алтруистичан	adj		альтруистичный, альтруистический
altruističan	altruističan	adj		альтруистичный, альтруистический
altruizam	алтруизам	noun		альтруизм
altruizam	altruizam	noun		альтруизм
aludirati	алудирати	verb		намекать
aludirati	aludirati	verb		намекать
aluminijum	aluminijum	noun		хим.алюминий
aluminijum	алуминијум	noun		хим.алюминий
aluminijum oksid	алуминијум оксид	phrase		хим. оксид алюминия
aluminijumski	aluminijumski	adj		алюминиевый
aluminijumski	алуминијумски	adj		алюминиевый
aluzija	алузија	noun		намёк, аллюзия
aluzija	aluzija	noun		намёк, аллюзия
alva	алва	noun		халва
Alvirović	Алвировић	noun		сербская фамилия
alča	алча	noun		устар. то же, что алат: инструмент
Alžir	Алжир	noun		Алжир (в обоих значениях)
Alžir	Alžir	noun		Алжир
alžirski	алжирски	adj		алжирский
am	am	noun		хомут, лямка
am	ам	noun		хомут, лямка
ama	ama	conj		но, да
ama	ама	conj		но, да
amajlija	амајлија	noun		талисман, амулет
amajlija	amajlija	noun		талисман, амулет
amalgam	амалгам	noun		амальгама
amalin	амалин	noun		грузчик, носильщик
amalin	amalin	noun		грузчик, носильщик
amam	амам	noun		баня
amam	amam	noun		баня
aman	aman	intj		милость! пощадите!
aman	аман	intj		милость!
amandman	amandman	noun		поправка
amandman	амандман	noun		поправка
amanet	аманет	noun		залог, завещание
amanet	amanet	noun		залог, завещание
Amanović	Амановић	noun		сербская фамилия
amarilis	амарилис	noun		ботан. амариллис
amarilis	amarilis	noun		ботан. амариллис
amater	amater	noun		любитель
amater	аматер	noun		любитель
amaterski	аматерски	adj		любительский
amaterski	amaterski	noun		любительский
ambalaža	ambalaža	noun		упаковка, тара
ambalaža	амбалажа	noun		упаковка, тара
ambar	амбар	noun		амбар (аналогично русскому слову)
ambasada	ambasada	noun		посольство
ambasada	амбасада	noun		посольство
ambasador	ambasador	noun		посол
ambasador	амбасадор	noun		посол
ambicija	амбиција	noun		амбиция, самолюбие
ambicija	ambicija	noun		амбиция, самолюбие
ambiciozan	амбициозан	adj		амбициозный
ambiciozan	ambiciozan	adj		амбициозный
ambijent	ambijent	noun		окружающая среда, окружение
ambijent	амбијент	noun		окружающая среда, окружение
ambis	амбис	noun		бездна, пропасть
ambis	ambis	noun		бездна, пропасть
ambulanta	ambulanta	noun		амбулатория
ambulanta	амбуланта	noun		амбулатория
ambulantni	ambulantni	adj		амбулаторный
ambulantni	амбулантни	adj		амбулаторный
Ambulija	Амбулија	noun		сербская фамилия
ameba	амеба	noun		биол. амёба
Amer	Amer	noun		разг. америкашка
Amer	Амер	noun		разг. америкашка
americijum	америцијум	noun		америций, хим. химический элемент с атомным номером 95, обозначается химическим символом Am, радиоактивный металл из группы трансурановых актиноидов
americijum	americijum	noun		америций, хим. химический элемент с атомным номером 95, обозначается химическим символом Am, радиоактивный металл из группы трансурановых актиноидов
Amerikanac	Amerikanac	noun		американец
Amerikanac	Американац	noun		американец
Amerikanka	Amerikanka	noun		американка
Amerikanka	Американка	noun		американка
američki	američki	adj		американский
američki	амерички	adj		американский
američki fudbal	амерички фудбал	phrase		американский футбол
ametist	аметист	noun		аметист (аналогично русскому слову)
amfibija	амфибија	noun		зоол. амфибия; земноводное
amfiprostil	амфипростил	noun		архит. амфипростиль
amfiteatar	амфитеатар	noun		амфитеатр
Amidžić	Амиџић	noun		сербская фамилия
amigdalin	амигдалин	noun		хим. амигдалин (аналогично русскому слову)
amilaza	амилаза	noun		биохим. амилаза
aminaš	аминаш	noun		подхалим; человек, который не имеет своего мнения
aminaš	aminaš	noun		подхалим; человек, который не имеет своего мнения
aminokiselina	аминокиселина	noun		биол., хим. аминокислота
aminovati	аминовати	verb		поддакивать, слепо соглашаться
aminovati	aminovati	verb		поддакивать, слепо соглашаться
amnestija	амнестија	noun		амнистия
amnestija	amnestija	noun		амнистия
amnestirati	амнестирати	verb		амнистировать
amnestirati	amnestirati	verb		амнистировать
amnezija	amnezija	noun		мед. амнезия
amnezija	амнезија	noun		мед. амнезия
amo	amo	adv		туда, в ту сторону
amo	амо	adv		туда, в ту сторону
amonijak	амонијак	noun		аммиак
amonijak	amonijak	noun		аммиак
amonijačni	амонијачни	adj		аммиачный
amonijačni	amonijačni	adj		аммиачный
amor	amor	noun		амур, купидон
amor	амор	noun		амур
amortizacija	амортизација	noun		амортизация
amortizacija	amortizacija	noun		амортизация
amortizer	амортизер	noun		техн. амортизатор
amortizovati	amortizovati	verb		амортизировать, погашать
amortizovati	амортизовати	verb		амортизировать, погашать
amper	ампер	noun		физ. ампер (аналогично русскому слову)
ampermetar	амперметар	noun		амперметр
ampir	ампир	noun		архит., искусств. ампир
amplitudska modulacija	амплитудска модулација	phrase		амплитудная модуляция
amputacija	ампутација	noun		ампутация
amputacija	amputacija	noun		ампутация
amputirati	amputirati	verb		ампутировать
amputirati	ампутирати	verb		ампутировать
Amur	Амур	noun		Амур [река]
anabolizam	анаболизам	noun		биохим. анаболизм
anabolizam	anabolizam	noun		биохим. анаболизм
Anadolija	Анадолија	noun		Анатолия (Малая Азия)
anafora	анафора	noun		филол. анафора
anaforeza	анафореза	noun		физ. анафорез
anagram	анаграм	noun		анаграмма
anahronizam	анахронизам	noun		анахронизм
anahronizam	anahronizam	noun		книжн. анахронизм
analfabet	аналфабет	noun		неграмотный человек
analfabet	analfabet	noun		неграмотный человек
analgetik	аналгетик	noun		мед. анальгетик
anali	анали	noun		анналы
anali	anali	noun		анналы
analitik	аналитик	noun		аналитик
analitičan	аналитичан	adj		аналитический
analitičan	analitičan	adj		аналитический
analitička filozofija	аналитичка филозофија	phrase		филос. аналитическая философия
analiza	анализа	noun		анализ
analizator	анализатор	noun		техн. анализатор
analizirati	анализирати	verb		анализировать
analizirati	analizirati	verb		анализировать
analni seks	анални секс	phrase		сексол. анальный секс
analogija	аналогија	noun		аналогия
analogijski	аналогијски	adj		аналогичный
analogni	analogni	adj		аналогичный
analogni	аналогни	adj		аналогичный
anamorfizam	анаморфизам	noun		книжн. анаморфоз
anamorfoza	анаморфоза	noun		книжн. анаморфоз
ananas	ананас	noun		ботан. ананас (растение) (Ananas); ананас (плод)
anarhija	анархија	noun		анархия
anarhist	анархист	noun		анархист (аналогично русскому слову)
anarhističan	анархистичан	adj		анархистский, анархический
anarhističan	anarhističan	adj		анархистский, анархический
anarhizam	анархизам	noun		анархизм
anarhosindikalizam	анархосиндикализам	noun		истор. анархо-синдикализм
Anastasijević	Анастасијевић	noun		сербская фамилия
anatema	анатема	noun		анафема, проклятие
anatema	anatema	noun		анафема, проклятие
anatemisati	анатемисати	verb		предавать анафеме
anatemisati	anatemisati	verb		предавать анафеме
Anatolija	Анатолија	noun		Анатолия (Малая Азия)
anatomija	anatomija	noun		анатомия
anatomija	анатомија	noun		анатомия
anatomski	anatomski	adj		анатомический
anatomski	анатомски	adj		анатомический
andaluski	андалуски	adj		андалузский, андалусийский
andaluzijski	андалузијски	adj		андалузский, андалусийский
Andan	Андан	noun		сербская фамилия
Andić	Андић	noun		сербская фамилия
Andonov	Андонов	noun		сербская фамилия
Andonović	Андоновић	noun		сербская фамилия
Andora	Андора	noun		Андорра
Andora	Andora	noun		Андорра
Andrej	Andrej	noun		Андрей
Andrej	Андреј	noun		Андрей
Andrejević	Андрејевић	noun		сербская фамилия
Andrejić	Андрејић	noun		сербская фамилия
Andrija	Andrija	noun		Андрия, Андрей
Andrija	Андрија	noun		Андрия, Андрей
Andrijaš	Andrijaš	noun		Андрияш, Андрей
Andrijaš	Андријаш	noun		Андрияш, Андрей
Andrijašević	Андријашевић	noun		сербская фамилия
Andrić	Андрић	noun		сербская фамилия
androfobija	андрофобија	noun		психиатр. андрофобия
androginija	андрогинија	noun		андрогиния
andrologija	андрологија	noun		андрология
anegdota	анегдота	noun		анекдот
anegdota	anegdota	noun		анекдот
aneksija	aneksija	noun		аннексия
aneksija	анексија	noun		аннексия
anemija	анемија	noun		мед. анемия, малокровие
anemija	anemija	noun		малокровие
anemičan	анемичан	adj		малокровный
anemičan	anemičan	adj		малокровный
anestezija	anestezija	noun		анестезия
anestezija	анестезија	noun		анестезия
anesteziologija	анестезиологија	noun		анестезиология
Angara	Ангара	noun		Ангара (аналогично русскому слову)
angažman	ангажман	noun		ангажемент
angažman	angažman	noun		ангажемент
angažovati	ангажовати	verb		ангажировать
angažovati	angažovati	verb		ангажировать
angina	angina	noun		ангина
angina	ангина	noun		ангина
angiologija	ангиологија	noun		мед. ангиология
angiologija	angiologija	noun		мед. ангиология
angiom	ангиом	noun		мед. ангиома
anglicizam	англицизам	noun		лингв. англицизм, англизм
anglikan	англикан	noun		религ. англиканец, англиканин
anglikanac	anglikanac	noun		религ. англиканец, англиканин
anglikanac	англиканац	noun		религ. англиканец, англиканин
anglikanizam	англиканизам	noun		религ. англиканство
anglikanski	англикански	adj		религ. англиканский
anglikanstvo	англиканство	noun		религ. англиканство
anglizam	англизам	noun		лингв. англицизм, англизм
angloamerički	angloamerički	adj		англо-американский
angloamerički	англоамерички	adj		англо-американский
anglosaski	англосаски	adj		англосаксонский
Angola	Angola	noun		Ангола
Angola	Ангола	noun		Ангола
angolski	анголски	adj		ангольский
anhedonija	анхедонија	noun		психиатр. ангедония
anhidrid	анхидрид	noun		хим. ангидрид
anhidrit	анхидрит	noun		минер. ангидрит
animalan	анималан	adj		животный, звериный
animalan	animalan	adj		животный, звериный
animizam	анимизам	noun		религ. анимизм
animozitet	анимозитет	noun		вражда
Anisijević	Анисијевић	noun		сербская фамилия
anizogamet	анизогамет	noun		генет. анизогамета
anizokorija	анизокорија	noun		анат. анизокория
anizotropija	анизотропија	noun		физ. анизотропия
Anić	Анић	noun		сербская фамилия
Aničić	Аничић	noun		сербская фамилия
anjon	анјон	noun		хим. анион
Ankara	Анкара	noun		геогр. Анкара
anketa	anketa	noun		анкета
anketa	анкета	noun		анкета
Ankić	Анкић	noun		сербская фамилия
anoda	анода	noun		физ. анод
anodirati	анодирати	verb		хим. анодировать
Anojčić	Анојчић	noun		сербская фамилия
Anokić	Анокић	noun		сербская фамилия
anomalan	аномалан	adj		аномальный; ненормальный
anomalan	anomalan	adj		аномальный; ненормальный
anomalija	аномалија	noun		аномалия
anomalija	anomalija	noun		аномалия
anoniman	anoniman	adj		анонимный
anoniman	анониман	adj		анонимный
anonimnost	анонимност	noun		анонимность
anorganski	аноргански	adj		неорганический
antagonizam	антагонизам	noun		антагонизм
antagonizam	antagonizam	noun		антагонизм
Antelj	Антељ	noun		сербская фамилия
antena	антена	noun		техн. антенна
antena	antena	noun		антенна
antiamerikanizam	антиамериканизам	noun		антиамериканизм
antibiotik	антибиотик	noun		биохим. антибиотик
anticiklon	антициклон	noun		метеорол. антициклон
antidemokratski	антидемократски	adj		антидемократический
antidepresiv	антидепресив	noun		мед. антидепрессант
antifašist	антифашист	noun		антифашист (аналогично русскому слову)
antifašist	antifašist	noun		антифашист
antifašistički	антифашистички	adj		антифашистский
antigen	антиген	noun		биохим. антиген
antika	антика	noun		старина
antika	antika	noun		старина
antiklinala	антиклинала	noun		геол. антиклиналь
antikomunist	антикомунист	noun		полит. антикоммунист
antikomunistički	антикомунистички	adj		антикоммунистический
antikorupcijski	antikorupcijski	adj		антикоррупционный
antikorupcijski	антикорупцијски	adj		антикоррупционный
antikvar	антиквар	noun		антиквар
antikvar	antikvar	noun		антиквар
antikvarnica	антикварница	noun		антикварный магазин
antikvarnica	antikvarnica	noun		антикварный магазин
antikvarski	antikvarski	adj		антикварный
antikvarski	антикварски	adj		антикварный
antilopa	антилопа	noun		зоол. антилопа (аналогично русскому слову)
antimaterija	антиматерија	noun		физ. антивещество, антиматерия
antimaterijalistički	антиматеријалистички	adj		антиматериалистический
antimilitarizam	антимилитаризам	noun		полит. антимилитаризм
antimon	антимон	noun		хим. сурьма
antimon	antimon	noun		хим. сурьма
antinaučnost	антинаучност	noun		антинаучность
antinomija	антиномија	noun		книжн. антиномия
antipatija	antipatija	noun		антипатия
antipatija	антипатија	noun		антипатия
antipatičan	antipatičan	adj		антипатичный
antipatičan	антипатичан	adj		антипатичный
antipod	antipod	noun		антипод
antipod	антипод	noun		антипод (аналогично русскому слову)
antipsihijatrija	антипсихијатрија	noun		антипсихиатрия
antireligiozan	антирелигиозан	adj		антирелигиозный
antireligiozan	antireligiozan	adj		антирелигиозный
antisemitizam	антисемитизам	noun		антисемитизм
antisemitski	антисемитски	adj		антисемитский
antiseptičan	антисептичан	adj		мед. антисептический
antiseptičan	antiseptičan	adj		мед. антисептический
antisocijalan	антисоцијалан	adj		антисоциальный
antisocijalan	antisocijalan	adj		антисоциальный
antisovjetski	антисовјетски	adj		антисоветский
antitelo	антитело	noun		биохим. антитело
antiutopija	antiutopija	noun		искусств. антиутопия
antiutopija	антиутопија	noun		искусств. антиутопия
antivladin	антивладин	adj		антиправительственный
antivladin	antivladin	adj		антиправительственный
Antić	Антић	noun		сербская фамилия
antičestica	античестица	noun		физ. античастица
Antička Grčka	Античка Грчка	phrase		Древняя Греция
antički	antički	adj		античный
antički	антички	adj		античный
antologija	антологија	noun		антология
antologija	antologija	noun		антология
Antonije	Antonije	noun		Антоний, Антон
Antonije	Антоније	noun		Антоний, Антон
Antonijev	Антонијев	noun		сербская фамилия
Antonijević	Антонијевић	noun		сербская фамилия
antonim	антоним	noun		лингв. антоним
Antonić	Антонић	noun		сербская фамилия
antonomazija	антономазија	noun		филол. антономасия, антономазия
Antonović	Антоновић	noun		сербская фамилия
Antović	Антовић	noun		сербская фамилия
antraks	антракс	noun		мед. сибирская язва
antropolog	антрополог	noun		антрополог (аналогично русскому слову)
antropologija	антропологија	noun		антропология
antropološki	антрополошки	adj		антропологический
antropomorfan	антропоморфан	adj		антропоморфный
antropomorfizam	антропоморфизам	noun		книжн. антропоморфизм
anuitet	anuitet	noun		погашение
anuitet	ануитет	noun		аннуитет, погашение
anulirati	анулирати	verb		аннулировать
anulirati	anulirati	verb		аннулировать
anus	анус	noun		анус (аналог русск. слову)
anđel	anđel	noun		мифол. ангел
Anđelić	Анђелић	noun		сербская фамилия
Anđelko	Anđelko	noun		Анджелко
Anđelko	Анђелко	noun		Анджелко
Anđelković	Анђелковић	noun		сербская фамилия
Anđelović	Анђеловић	noun		сербская фамилия
anđeo	anđeo	noun		ангел
anđeo	анђео	noun		ангел
anđeo čuvar	анђео чувар	phrase		ангел-хранитель
anđeoski	анђеоски	adj		ангельский
Anđić	Анђић	noun		сербская фамилия
Anđus	Анђус	noun		Анджус (фамилия)
Anđušić	Анђушић	noun		сербская фамилия
aorist	аорист	noun		лингв. аорист (аналогично русскому слову)
aorta	aorta	noun		анат. аорта
aorta	аорта	noun		анат. аорта
Aparac	Апарац	noun		сербская фамилия
aparat	апарат	noun		аппарат
aparat	aparat	noun		аппарат
aparatura	апаратура	noun		аппаратура
apatija	apatija	noun		апатия
apatija	апатија	noun		апатия
apatičan	апатичан	adj		апатичный
apatičan	apatičan	adj		апатичный
APEC	АПЕЦ	abbrev		АТЭС
apel	apel	noun		призыв, обращение, воззвание
apel	апел	noun		призыв, обращение, воззвание
apelacija	апелација	noun		апелляция
apelacija	apelacija	noun		апелляция
apelacioni	apelacioni	adj		апелляционный
apelacioni	апелациони	adj		апелляционный
apelovati	апеловати	verb		апеллировать, взывать, обращаться (с призывом, просьбой к кому-л./чему-л.; обычно с предлогом на + вин. п.); юр. апеллировать, подавать апелляцию, обжаловать (решение суда)
apendiks	апендикс	noun		аппендикс
apendiks	apendiks	noun		аппендицит
Apeninsko poluostrvo	Апенинско полуострво	phrase		геогр. Апеннинский полуостров
aperitiv	аперитив	noun		гастрон. аперитив (аналогично русскому слову)
apetit	апетит	noun		аппетит
apetit	apetit	noun		аппетит
apiti	apiti	verb		сленг схватить, схапать
apiti	апити	verb		сленг схватить, схапать
aplaudirati	аплаудирати	verb		аплодировать
aplaudirati	aplaudirati	verb		аплодировать
aplauz	aplauz	noun		аплодисменты
aplauz	аплауз	noun		аплодисменты
apofonija	апофонија	noun		лингв. аблаут, апофония
apologet	апологет	noun		апологет (аналогично русскому слову)
Apostolovski	Апостоловски	noun		сербская фамилия
Apostolski	Апостолски	noun		сербская фамилия
apoteka	апотека	noun		аптека
apoteka	apoteka	noun		аптека
apotekar	апотекар	noun		аптекарь
apotekarski	апотекарски	adj		аптекарский
apotekarski	apotekarski	adj		аптекарский
apraksija	апраксија	noun		мед. апраксия
april	april	noun		апрель
april	април	noun		апрель
aps	aps	noun		устар. тюрьма
aps	апс	noun		устар. тюрьма
apsana	apsana	noun		устар. тюрьма
apsana	апсана	noun		устар. тюрьма
apsandžija	apsandžija	noun		устар. тюремщик
apsandžija	апсанџија	noun		устар. тюремщик
apscisa	апсциса	noun		матем. абсцисса
apscisa	apscisa	noun		матем. абсцисса
apsolutan	апсолутан	adj		абсолютный, полный
apsolutan	apsolutan	adj		абсолютный, полный
apsolutističan	апсолутистичан	adj		абсолютистский
apsolutističan	apsolutističan	adj		абсолютистский
apsolutizam	апсолутизам	noun		абсолютизм
apsolutizam	apsolutizam	noun		абсолютизм
apsolutna monarhija	апсолутна монархија	phrase		абсолютная монархия
apsolutno	апсолутно	adv		абсолютно, совершенно
apsolutno crno telo	апсолутно црно тело	phrase		физ. абсолютно чёрное тело
apsolvent	apsolvent	noun		дипломант, выпускник высшего учебного заведения
apsolvent	апсолвент	noun		дипломант, выпускник высшего учебного заведения
apsolvirati	apsolvirati	verb		закончить курс учения
apsolvirati	апсолвирати	verb		закончить курс учения
apsorbirati	апсорбирати	verb		хим. абсорбировать
apsorbovati	apsorbovati	verb		поглощать, абсорбировать
apsorbovati	апсорбовати	verb		поглощать, абсорбировать
apsorbovati se	апсорбовати се	verb		поглощаться, абсорбироваться
apsorbovati se	apsorbovati se	verb		поглощаться, абсорбироваться
apstrakcionizam	апстракционизам	noun		абстракционизм
apstrakcionizam	apstrakcionizam	noun		абстракционизм
apstraktan	apstraktan	adj		абстрактный
apstraktan	апстрактан	adj		абстрактный
apstraktno	апстрактно	adv		абстрактно
apstraktno	apstraktno	adv		абстрактно
apstraktnost	апстрактност	noun		книжн. абстрактность
apstraktnost	apstraktnost	noun		книжн. абстрактность
apsurdan	апсурдан	adj		абсурдный
apsurdan	apsurdan	adj		абсурдный
apsurdnost	апсурдност	noun		абсурдность
ar	ar	noun		ар
ar	ар	noun		ар (аналогично русскому слову)
ara	ара	noun		орнитол. ара (аналогично русскому слову)
ara	ара	noun		алтарь, жертвенник
arabijski	arabijski	adj		аравийский
arabijski	арабијски	adj		аравийский
arabist	арабист	noun		арабист (аналогично русскому слову)
arabist	arabist	noun		арабист
Arabljanin	Арабљанин	noun		араб
Arabljanin	Arabljanin	noun		араб
Arabljanka	Arabljanka	noun		арабка
Arabljanka	Арабљанка	noun		арабка
Aralica	Аралица	noun		сербская фамилия
Arambašić	Арамбашић	noun		сербская фамилия
Aranicki	Араницки	noun		сербская фамилия
Aranitović	Аранитовић	noun		сербская фамилия
Aranđel	Aranđel	noun		Аранджел
Aranđel	Аранђел	noun		Аранджел
Aranđelović	Аранђеловић	noun		сербская фамилия
aranžirati	аранжирати	verb		аранжировать
aranžirati	aranžirati	verb		аранжировать
aranžman	аранжман	noun		предварительное соглашение, сговор
aranžman	aranžman	noun		предварительное соглашение, сговор
Arapka	Arapka	noun		арапка
Arapka	Арапка	noun		арапка
Arapkinja	Arapkinja	noun		арапка
Arapkinja	Арапкиња	noun		арапка
arapski	arapski	adj		арабский, арапский
arapski	арапски	adj		арабский, арапский
arbitraža	арбитража	noun		арбитраж
arbitražni	арбитражни	adj		арбитражный
arbitražni	arbitražni	adj		арбитражный
Arbutina	Арбутина	noun		сербская фамилия
Ardalić	Ардалић	noun		сербская фамилия
arena	arena	noun		арена
arena	арена	noun		арена (аналогично русскому слову)
arenda	аренда	noun		аренда (аналогично русскому слову)
arendator	арендатор	noun		арендатор
Arežina	Арежина	noun		сербская фамилия
Argentina	Аргентина	noun		Аргентина (аналогично русскому слову)
Argentina	Argentina	noun		Аргентина
Argentinac	Argentinac	noun		аргентинец
Argentinac	Аргентинац	noun		аргентинец
Argentinka	Аргентинка	noun		аргентинка
Argentinka	Argentinka	noun		аргентинка
argentinski	аргентински	adj		аргентинский
argon	аргон	noun		хим. аргон (аналогично русскому слову)
argumenat	argumenat	noun		аргумент
argumenat	аргуменат	noun		аргумент
argument	argument	noun		аргумент
argument	аргумент	noun		аргумент
argumentovati	аргументовати	verb		аргументировать
argumentovati	argumentovati	verb		аргументировать
arhaičan	arhaičan	adj		архаичный
arhaičan	архаичан	adj		архаичный
Arhangel	Архангел	noun		Архангел
Arhangel	Arhangel	noun		Архангел
Arhangeljsk	Архангељск	noun		Архангельск
arhanđel	арханђел	noun		архангел
arhanđeo	arhanđeo	noun		архангел
arhanđeo	арханђео	noun		архангел
arheolog	археолог	noun		археолог (аналогично русскому слову)
arheologe	археологе	noun		форма винительного падежа множественного числа существительного археолог
arheologija	археологија	noun		археология
arheologija	arheologija	noun		археология
arheološki	археолошки	adj		археологический
arhiepiskop	архиепископ	noun		архиепископ
arhimandrit	архимандрит	noun		церк. архимандрит
arhipelag	arhipelag	noun		геогр. архипелаг
arhitekt	архитект	noun		архитектор
arhitekt	arhitekt	noun		архитектор
arhitekta	архитекта	noun		архитектор
arhitekta	arhitekta	noun		архитектор
arhitektonski	архитектонски	adj		архитектурный
arhitektonski	arhitektonski	adj		архитектурный
arhitektura	arhitektura	noun		архитектура
arhitektura	архитектура	noun		архитектура
arhiv	архив	noun		архив
arhiv	arhiv	noun		архив (учреждение)
arhiva	архива	noun		архив (собрание документов)
arhiva	arhiva	noun		архив (собрание документов)
arhivar	архивар	noun		архивариус
arhivar	arhivar	noun		архивариус
arhivirati	архивирати	verb		архивировать
arhivski	arhivski	adj		архивный
arhivski	архивски	adj		архивный
arija	арија	noun		ария
aristokracija	аристокрација	noun		аристократия
aristokrata	aristokrata	noun		аристократ
aristokrata	аристократа	noun		аристократ
aristokratija	аристократија	noun		аристократия
aristokratski	aristokratski	adj		аристократичный, аристократический
aristokratski	аристократски	adj		аристократичный, аристократический
aritmetika	aritmetika	noun		арифметика
aritmetika	аритметика	noun		арифметика
aritmetički	aritmetički	adj		арифметический
aritmetički	аритметички	adj		арифметический
Aritonović	Аритоновић	noun		сербская фамилия
Arizanović	Аризановић	noun		сербская фамилия
arkebuza	аркебуза	noun		истор. аркебуза (аналогично русскому слову)
arktički	arktički	adj		арктический
arktički	арктички	adj		арктический
Arlov	Арлов	noun		сербская фамилия
Armenac	Арменац	noun		армянин
Armenija	Armenija	noun		то же, что Jermenija: Армения
Armenija	Арменија	noun		то же, что Јерменија: Армения
Armenska SSR	Арменска ССР	phrase		Армянская ССР
armija	армија	noun		армия
armija	armija	noun		армия
armirani	армирани	adj		укреплённый
armirani	armirani	adj		укреплённый
armirani beton	армирани бетон	phrase		железобетон
armirani beton	armirani beton	phrase		железобетон
armirati	армирати	verb		укреплять, скреплять
armirati	armirati	verb		укреплять, скреплять
Arnaut	Арнаут	noun		сербская фамилия
Arnautović	Арнаутовић	noun		сербская фамилия
arnost	арност	noun		матем. арность
Arnovljević	Арновљевић	noun		сербская фамилия
arogancija	ароганција	noun		нахальство, наглость, высокомерие, надменность
arogancija	arogancija	noun		нахальство, наглость, высокомерие, надменность
arogantan	арогантан	adj		нахальный, наглый, высокомерный
arogantan	arogantan	adj		нахальный, наглый, высокомерный
arogantno	арогантно	adv		высокомерно, заносчиво, надменно
aroma	aroma	noun		аромат
aroma	арома	noun		аромат
aromaterapija	ароматерапија	noun		ароматерапия
aromatičan	ароматичан	adj		ароматный
aromatičan	aromatičan	adj		ароматный
Arsa	Арса	noun		сербская фамилия; город, столица государства Арсания
Arsen	Arsen	noun		Арсен
Arsen	Арсен	noun		Арсен
arsenal	arsenal	noun		арсенал
arsenal	арсенал	noun		арсенал (аналогично русскому слову)
Arsenije	Arsenije	noun		Арсений
Arsenije	Арсеније	noun		Арсений
Arsenijević	Арсенијевић	noun		сербская фамилия
arsenik	арсеник	noun		мышьяк
arsenik	arsenik	noun		мышьяк
Arsenić	Арсенић	noun		сербская фамилия
Arsenović	Арсеновић	noun		сербская фамилия
Arsić	Арсић	noun		сербская фамилия
Arsović	Арсовић	noun		сербская фамилия
arterija	артерија	noun		анат. артерия
arterija	arterija	noun		анат. артерия
arterijski	arterijski	adj		артериальный
arterijski	артеријски	adj		артериальный
arterioskleroza	артериосклероза	noun		мед. артериосклероз
arterioskleroza	arterioskleroza	noun		мед. артериосклероз
artikal	артикал	noun		сорт, вид товара
artikal	artikal	noun		сорт, вид товара
artikulacija	артикулација	noun		артикуляция
artikulacija	artikulacija	noun		артикуляция
artikulisati	artikulisati	verb		артикулировать
artikulisati	артикулисати	verb		артикулировать
artiljerac	артиљерац	noun		артилерист
artiljerac	artiljerac	noun		артилерист
artiljerija	артиљерија	noun		артиллерия
artiljerija	artiljerija	noun		артиллерия
artiljerijski	артиљеријски	adj		артиллерийский
artiljerijski	artiljerijski	adj		артиллерийский
artist	артист	noun		артист (аналогично русскому слову)
artist	artist	noun		артист
artičoka	артичока	noun		ботан. артишок
artroskopija	артроскопија	noun		мед. артроскопия
Arula	Арула	noun		сербская фамилия
Arunović	Аруновић	noun		сербская фамилия
Arčaba	Арчаба	noun		сербская фамилия
as	ас	noun		разг. кол, единица; ас
as	as	noun		разг. кол, единица
Asanović	Асановић	noun		сербская фамилия
asesor	асесор	noun		асессор
asfalt	асфалт	noun		асфальт
asfalt	asfalt	noun		асфальт
asfaltirati	асфалтирати	verb		асфальтировать
asfaltirati	asfaltirati	verb		асфальтировать
asfaltni	asfaltni	adj		асфальтовый
asfaltni	асфалтни	adj		асфальтовый
asignacija	asignacija	noun		ассигнование
asignacija	асигнација	noun		ассигнование
asimetričan	асиметричан	adj		асимметричный, асимметрический
asimetričan	asimetričan	adj		асимметричный, асимметрический
asimilacija	асимилација	noun		ассимиляция
asimilacija	asimilacija	noun		ассимиляция
asimilirati	асимилирати	verb		ассимилировать
asimilirati	asimilirati	verb		ассимилировать
asimptota	асимптота	noun		матем. асимптота (аналогично русскому слову)
asimptotičan	асимптотичан	adj		матем. асимптотический; асимптотичный
asindeton	асиндетон	noun		филол. асиндетон (аналогично русскому слову)
asindeton	asindeton	noun		филол. асиндетон
asistent	асистент	noun		ассистент
asistent	asistent	noun		ассистент
asket	аскет	noun		аскет
asket	asket	noun		аскет
asocijacija	асоцијација	noun		ассоциация
asocijacija	asocijacija	noun		ассоциация
asonanca	асонанца	noun		филол. ассонанс
asortiman	асортиман	noun		ассортимент
asortiman	asortiman	noun		ассортимент
aspiracija	аспирација	noun		стремление; вдыхание
aspiracija	aspiracija	noun		стремление; вдыхание
aspirant	аспирант	noun		аспирант
aspirant	aspirant	noun		аспирант
aspirirati	аспирирати	verb		стремиться; вдыхать
aspirirati	aspirirati	verb		стремиться; вдыхать
astal	астал	noun		рег. стол
astat	астат	noun		хим. химический элемент с атомным номером 85, обозначается химическим символом At, астат (аналогично русскому слову)
astatičan	астатичан	adj		техн. астатический
astenija	астенија	noun		мед. астения
asterisk	астериск	noun		полигр. астериск
asteroid	астероид	noun		астрон. астероид
asteroid	asteroid	noun		астрон. астероид
astigmatizam	астигматизам	noun		мед. астигматизм
astigmatizam	astigmatizam	noun		мед. астигматизм
astma	астма	noun		мед. астма
astmatičan	астматичан	adj		мед. астматический
astragan	астраган	noun		каракуль
astragan	astragan	noun		каракуль
Astrahan	Астрахан	noun		Астрахань
astrobiologija	астробиологија	noun		астробиология
astrobiologija	astrobiologija	noun		астробиология
astroida	астроида	noun		астроида
astrolab	астролаб	noun		астрон. астролябия
astronomija	астрономија	noun		астрономия
astronomija	astronomija	noun		астрономия
astronomska jedinica	astronomska jedinica	phrase		астрон. астрономическая единица
astronomska jedinica	астрономска јединица	phrase		астрон. астрономическая единица
astronomski	astronomski	adj		астрономический
astronomski	астрономски	adj		астрономический
asura	асура	noun		рогожа, циновка
asura	asura	noun		рогожа, циновка
at	ат	noun		конь, скакун; конь (арабской породы)
ataka	атака	noun		атака (аналогично русскому слову), нападение
Atanacko	Atanacko	noun		Атанацко
Atanacko	Атанацко	noun		Атанацко
Atanacković	Атанацковић	noun		сербская фамилия
Atanas	Atanas	noun		Атанас
Atanas	Атанас	noun		Атанас
Atanasije	Atanasije	noun		Атанасий, Афанасий
Atanasije	Атанасије	noun		Атанасий, Афанасий
Atanasijević	Атанасијевић	noun		сербская фамилия
Atanasković	Атанасковић	noun		сербская фамилия
atar	атар	noun		предел, граница; симпатия, пристрастие
atar	atar	noun		предел, граница; симпатия, пристрастие
atavistički	атавистички	adj		книжн. атавистический, атавистичный
ataše	аташе	noun		атташе
ataše	ataše	noun		атташе
ateist	атеист	noun		атеист (аналогично русскому слову)
ateista	ateista	noun		атеист
ateista	атеиста	noun		атеист
ateizam	атеизам	noun		атеизм
ateizam	ateizam	noun		атеизм
atelje	atelje	noun		ателье
atelje	атеље	noun		ателье
Ateljević	Атељевић	noun		сербская фамилия
atentat	атентат	noun		покушение, теракт
atentat	atentat	noun		покушение, теракт
atentator	атентатор	noun		террорист
atentator	atentator	noun		террорист
aterirati	атерирати	verb		приземляться, садиться
aterirati	aterirati	verb		приземляться, садиться
Atlagić	Атлагић	noun		сербская фамилия
atlantski	atlantski	adj		атлантический
atlantski	атлантски	adj		атлантический
Atlantski okean	Атлантски океан	phrase		Атлантический океан
atlas	atlas	noun		а́тлас
atlas	атлас	noun		а́тлас
atletika	атлетика	noun		атлетика
atletika	atletika	noun		атлетика
atletičar	атлетичар	noun		атлет
atletski	atletski	adj		атлетический
atletski	атлетски	adj		атлетический
Atlija	Атлија	noun		сербская фамилия
atmosfera	атмосфера	noun		астрон. атмосфера
atmosfera	atmosfera	noun		атмосфера
atmosferski	атмосферски	adj		атмосферный
atmosferski	atmosferski	adj		атмосферный
atmosferski pritisak	атмосферски притисак	phrase		атмосферное давление
atol	атол	noun		атолл
atom	atom	noun		физ. атом
atom	атом	noun		физ., хим. атом (аналогично русскому слову)
atomska podmornica	атомска подморница	phrase		атомная подводная лодка
atomski	atomski	adj		атомный
atomski	атомски	adj		атомный
atomski broj	атомски број	phrase		хим. атомный номер, атомное число, зарядовое число
atonalan	атоналан	adj		муз. атональный
atopija	атопија	noun		мед. атопия
ATP	АТП	abbrev		сокр. от аденозин трифосфат; аденозинтрифосфат
atrezija	atrezija	noun		мед. атрезия
audijencija	audijencija	noun		аудиенция
audijencija	аудијенција	noun		аудиенция
auditorijum	auditorijum	noun		аудитория
auditorijum	аудиторијум	noun		аудитория
aula	аула	noun		актовый зал (в учебном заведении)
Australazija	Аустралазија	noun		Австралазия
Australija	Australija	noun		Австралия
Australija	Аустралија	noun		Австралия
Australijanac	Аустралијанац	noun		австралиец
Australijanac	Australijanac	noun		австралиец
Australijka	Аустралијка	noun		австралийка
Australijka	Australijka	noun		австралийка
australopitekus	аустралопитекус	noun		палеонт. австралопитек
Austrija	Austrija	noun		Австрия
Austrija	Аустрија	noun		Австрия
Austrijanac	Austrijanac	noun		австриец
Austrijanac	Аустријанац	noun		австриец
Austrijka	Austrijka	noun		австрийка
Austrijka	Аустријка	noun		австрийка
austrijski	аустријски	adj		австрийский
Austrijsko carstvo	Аустријско царство	phrase		истор. Австрийская империя
Austrougarska	Аустроугарска	noun		истор. Австро-Венгрия
austrougarski	austrougarski	adj		истор. австро-венгерский
austrougarski	аустроугарски	adj		истор. австро-венгерский
aut	aut	noun		аут
aut	аут	noun		спорт. аут (аналогично русскому слову)
autarkija	аутаркија	noun		полит. автаркия
autentičan	autentičan	adj		достоверный, подлинный
autentičan	аутентичан	adj		достоверный, подлинный
autizam	autizam	noun		аутизм
autizam	аутизам	noun		аутизм
auto	auto	noun		автомобиль
auto	ауто	noun		автомобиль
autobiografija	аутобиографија	noun		автобиография
autobiografija	autobiografija	noun		автобиография
autobus	аутобус	noun		автобус
autobuska stanica	autobuska stanica	phrase		автобусная остановка
autobuski	autobuski	adj		автобусный
autobuski kolodvor	autobuski kolodvor	phrase		автовокзал
autodafe	аутодафе	noun		истор. аутодафе (аналогично русскому слову)
autogram	аутограм	noun		автограф
autogram	autogram	noun		автограф
autohipnoza	аутохипноза	noun		психол. автогипноз, самогипноз
automat	аутомат	noun		автомат
automat	automat	noun		автомат
automatizam	аутоматизам	noun		автоматизм
automatska puška	аутоматска пушка	phrase		штурмовая винтовка, автомат
automatski	аутоматски	adj		автоматический
automatski	automatski	adj		автоматический
automobil	automobil	noun		автомобиль
automobil	аутомобил	noun		автомобиль
automobilizam	аутомобилизам	noun		автомобилизм
automobilizam	automobilizam	noun		автомобилизм
automobilski	automobilski	adj		автомобильный
automobilski	аутомобилски	adj		автомобильный
autonoman	аутономан	adj		автономный
autonoman	autonoman	adj		автономный
autonomija	аутономија	noun		автономия
autonomija	autonomija	noun		автономия
autoportret	аутопортрет	noun		искусств. автопортрет
autopsija	аутопсија	noun		аутопсия
autopsija	autopsija	noun		аутопсия
autoput	autoput	noun		автострада, скоростная дорога
autoput	аутопут	noun		автострада
autor	autor	noun		автор
autor	аутор	noun		автор
autoregulacija	ауторегулација	noun		книжн. авторегуляция, саморегуляция
autoritativan	ауторитативан	adj		авторитетный
autoritativan	autoritativan	adj		авторитетный
autoritet	ауторитет	noun		авторитет
autoritet	autoritet	noun		авторитет
autorski	autorski	adj		авторский
autorski	ауторски	adj		авторский
autosugestija	autosugestija	noun		самовнушение
autosugestija	аутосугестија	noun		психол. самовнушение
Avakum	Avakum	noun		Авакум, Аввакум
Avakum	Авакум	noun		Авакум, Аввакум
Avakumović	Авакумовић	noun		сербская фамилия
avan	аван	noun		ступка
avan	avan	noun		ступка
avangarda	avangarda	noun		авангард
avangarda	авангарда	noun		авангард
avans	аванс	noun		фин. аванс; задаток
avantura	avantura	noun		авантюра
avantura	авантура	noun		авантюра
avanturistički	авантуристички	adj		авантюрный, авантюристический
avanturistički	avanturistički	adj		авантюрный, авантюристический
Avdalović	Авдаловић	noun		сербская фамилия
avdes	avdes	noun		омовение перед молитвой (у мусульман)
avdes	авдес	noun		омовение перед молитвой (у мусульман)
avdest	avdest	noun		то же, что avdes, омовение перед молитвой (у мусульман)
avdest	авдест	noun		омовение перед молитвой (у мусульман)
Avdulić	Авдулић	noun		сербская фамилия
averzija	аверзија	noun		отвращение
averzija	averzija	noun		отвращение
avet	avet	noun		призрак, привидение
avet	авет	noun		призрак, привидение
Avganistan	Авганистан	noun		Афганистан
Avganistan	Avganistan	noun		Афганистан
avgust	август	noun		август (аналогично русскому слову)
avgust	avgust	noun		август
avgustovski	avgustovski	adj		августовский
avgustovski	августовски	adj		августовский
avijacija	авијација	noun		авиация, воздухоплавание; авиация, воздушный флот
avijacija	avijacija	noun		авиация, воздухоплавание; авиация, воздушный флот
avijatika	авијатика	noun		воздухоплавание, авиация
avijatika	avijatika	noun		воздухоплавание, авиация
avijatičar	авијатичар	noun		лётчик, авиатор, воздухоплаватель
avijatičar	avijatičar	noun		лётчик
avijatičarski	авијатичарски	adj		авиационный
avinjonski	авињонски	adj		авиньонский
avio-kompanija	авио-компанија	noun		авиакомпания
avio-kompanija	avio-kompanija	noun		авиакомпания
aviolinija	aviolinija	noun		авиалиния, воздушная линия, воздушная трасса
aviolinija	авиолинија	noun		авиалиния, воздушная линия, воздушная трасса
avion	avion	noun		самолёт
avion	авион	noun		самолёт
avionska pošta	авионска пошта	phrase		авиапочта
avionski	авионски	adj		самолётный; авиационный, воздушный
avionski	avionski	adj		самолётный; авиационный, воздушный
avitaminoza	авитаминоза	noun		мед. авитаминоз
avitaminoza	avitaminoza	noun		мед. авитаминоз
avlija	авлија	noun		двор
avlija	avlija	noun		двор
avlijaner	авлијанер	noun		разг. дворняжка
avlijaner	avlijaner	noun		разг. дворняжка
avlijski	авлијски	adj		дворовый
avlijski	avlijski	adj		дворовый
avokado	авокадо	noun		авокадо
Avram	Avram	noun		Аврам, Авраам, Абрам, Абраам
Avram	Аврам	noun		Аврам, Авраам, Абрам, Абраам
Avramović	Аврамовић	noun		сербская фамилия
Azanjac	Азањац	noun		сербская фамилия
azbest	азбест	noun		асбест
azbest	azbest	noun		асбест
azbestni	азбестни	adj		асбестовый
azbestni	azbestni	adj		асбестовый
azbuka	азбука	noun		азбука (аналогично русскому слову)
azbuka	azbuka	noun		азбука
azbučni	azbučni	adj		азбучный
azbučni	азбучни	adj		азбучный
Azdejković	Аздејковић	noun		сербская фамилия
Azerbajdžan	Азербајџан	noun		Азербайджан
Azerbajdžan	Azerbajdžan	noun		Азербайджан
Azerbejdžan	Азербејџан	noun		Азербайджан
Azerbejdžan	Azerbejdžan	noun		Азербайджан
azerbejdžanski	азербејџански	adj		азербайджанский
azijski	azijski	adj		азиатский
azijski	азијски	adj		азиатский
azil	азил	noun		убежище, приют
azil	azil	noun		убежище
azimut	azimut	noun		астрон. азимут
azimut	азимут	noun		астрон. азимут
azot	азот	noun		азот (аналогично русскому слову)
azotni	azotni	adj		азотный
azotni	азотни	adj		азотный
Azovsko more	Азовско море	phrase		геогр. Азовское море
Azuc	Азуц	noun		сербская фамилия
azurni	азурни	adj		лазурный
azurni	azurni	adj		лазурный
Aćim	Aćim	noun		Ачим, Аким
Aćim	Аћим	noun		Ачим, Аким
Aćimac	Аћимац	noun		сербская фамилия
Aćimić	Аћимић	noun		сербская фамилия
Aćimov	Аћимов	noun		сербская фамилия
Aćimović	Аћимовић	noun		сербская фамилия
Aćin	Аћин	noun		сербская фамилия
Aćić	Аћић	noun		сербская фамилия
Ačanski	Ачански	noun		сербская фамилия
ačiti se	ачити се	verb		кривляться, ломаться
ačiti se	ačiti se	verb		кривляться, ломаться
Ačić	Ачић	noun		сербская фамилия
ađutant	ađutant	noun		адъютант
ađutant	ађутант	noun		воен. адъютант
ađutantski	ađutantski	adj		адъютантский
ađutantski	ађутантски	adj		адъютантский
ađutantura	ађутантура	noun		адъютантство
ađutantura	ađutantura	noun		адъютантство
Ašković	Ашковић	noun		сербская фамилия
Aškrabić	Ашкрабић	noun		сербская фамилия
Ašonja	Ашоња	noun		сербская фамилия
ašov	ашов	noun		заступ, лопата
ašov	ašov	noun		заступ, лопата
ašovčić	ашовчић	noun		лопатка, лопаточка; воен. сапёрная лопатка
ašovčić	ašovčić	noun		лопатка, лопаточка; воен. сапёрная лопатка
Ašćerić	Ашћерић	noun		сербская фамилия
aščija	aščija	noun		повар
aščija	ашчија	noun		повар
aščika	ашчика	noun		кухарка (в харчевне)
aščika	aščika	noun		кухарка (в харчевне)
aščinica	aščinica	noun		харчевня
aščinica	ашчиница	noun		харчевня
aždaha	аждаха	noun		мифол. дракон
aždaja	aždaja	noun		змей, дракон
aždaja	аждаја	noun		змей, дракон
ba-ble	ба-бле	noun		перен. синий чулок
ba-ble	ba-ble	noun		перен. синий чулок
Bab el Mandeb	Баб ел Мандеб	phrase		Баб-эль-Мандебский пролив
baba	баба	noun		бабушка; пожилая женщина
baba	baba	noun		бабушка, бабка; старуха
Babac	Бабац	noun		сербская фамилия
Babalj	Бабаљ	noun		сербская фамилия
Babarogić	Бабарогић	noun		сербская фамилия
babica	бабица	noun		акушерка
babica	babica	noun		акушерка
babin	бабин	adj		бабушкин, старухин, старушечий
babin	babin	adj		бабушкин, старухин, старушечий
babinje	babinje	noun		послеродовой период
babinje	бабиње	noun		послеродовой период
Babić	Бабић	noun		сербская фамилия
babičin	бабичин	adj		акушеркин, акушерский
babičin	babičin	adj		акушеркин, акушерский
bablje ljeto	бабље љето	phrase		бабье лето
babo	babo	noun		отец
babo	бабо	noun		отец
Babović	Бабовић	noun		сербская фамилия
babura	babura	noun		зелёный сладкий перец
babura	бабура	noun		зелёный сладкий перец
babuskera	бабускера	noun		разг. старушенция, старая ведьма
babuskera	babuskera	noun		разг. старушенция, старая ведьма
babuvizam	бабувизам	noun		истор. бабувизм
bacanje koplja	бацање копља	phrase		метание копья
Bacanović	Бацановић	noun		сербская фамилия
bacil	бацил	noun		биол. бацилла
Backović	Бацковић	noun		сербская фамилия
badanj	бадањ	noun		чан, кадка
badanj	badanj	noun		чан, кадка
badava	бадава	adv		бесплатно
badava	badava	adv		бесплатно
badem	бадем	noun		ботан. миндаль (Prunus dulcis)
Baden-Virtemberg	Баден-Виртемберг	noun		Баден-Вюртемберг
badigard	бадигард	adj		телохранитель
badigard	badigard	adj		телохранитель
badminton	бадминтон	noun		бадминтон
Badnjak	Бадњак	noun		сербская фамилия
Badnjar	Бадњар	noun		сербская фамилия
Badnjarević	Бадњаревић	noun		сербская фамилия
Badža	Баџа	noun		сербская фамилия
badža	баџа	noun		слуховое окно; дымовое отверстие на крыше
badža	badža	noun		слуховое окно; дымовое отверстие на крыше
Badžoka	Баџока	noun		сербская фамилия
bag	bag	noun		комп. баг, ошибка в программе; жучок, устройство для прослушки
bag	баг	noun		комп. ошибка в программе; баг; устройство для прослушки; жучок
bagatela	bagatela	noun		дешёвка; безделица, пустяк
bagatela	багатела	noun		дешёвка; безделица, пустяк
bagatelisati	багателисати	verb		недооценивать, пренебрегать
bagatelisati	bagatelisati	verb		недооценивать, пренебрегать
bagaž	багаж	noun		то же, что пртљаг: багаж
bagaž	bagaž	noun		то же, что prtljag: багаж
Bagdad	Багдад	noun		геогр. Багдад
bager	багер	noun		экскаватор
bager	bager	noun		экскаватор
bahanalije	баханалије	noun		истор. вакханалия
Bajac	Бајац	noun		сербская фамилия
Bajagić	Бајагић	noun		сербская фамилия
Bajalica	Бајалица	noun		сербская фамилия
Bajalo	Бајало	noun		сербская фамилия
Bajalović	Бајаловић	noun		сербская фамилия
bajan	бајан	noun		муз. баян
Bajandić	Бајандић	noun		сербская фамилия
Bajandolac	Бајандолац	noun		сербская фамилия
Bajat	Бајат	noun		сербская фамилия
Bajatović	Бајатовић	noun		сербская фамилия
Bajević	Бајевић	noun		сербская фамилия
Bajilo	Бајило	noun		сербская фамилия
Bajilović	Бајиловић	noun		сербская фамилия
Bajić	Бајић	noun		сербская фамилия
Bajičić	Бајичић	noun		сербская фамилия
Bajkanović	Бајкановић	noun		сербская фамилия
Bajkić	Бајкић	noun		сербская фамилия
Bajko	Bajko	noun		Байко
Bajko	Бајко	noun		Байко
Bajković	Бајковић	noun		сербская фамилия
Bajo	Bajo	noun		Байо
Bajo	Бајо	noun		Байо
bajonet	бајонет	noun		штык, багинет
Bajović	Бајовић	noun		сербская фамилия
Bajčeta	Bajčeta	noun		Байчета
Bajčeta	Бајчета	noun		Байчета
Bajčetić	Бајчетић	noun		сербская фамилия
Bajšanski	Бајшански	noun		сербская фамилия
baka	бака	noun		уменьш.-ласк. бабушка, бабуля (родственница); уменьш.-ласк. бабушка, бабуля (старая женщина)
bakalar	bakalar	noun		зоол. треска (Gadus morhua L.)
bakalar	бакалар	noun		зоол. треска (Gadus morhua L.)
Bakalović	Бакаловић	noun		сербская фамилия
bakar	бакар	noun		хим. медь
bakelit	бакелит	noun		бакелит
Bakić	Бакић	noun		сербская фамилия
baklava	баклава	noun		кулин. баклава (аналогично русскому слову)
baklja	бакља	noun		факел
Bakmaz	Бакмаз	noun		сербская фамилия
Bakojević	Бакојевић	noun		сербская фамилия
Baković	Баковић	noun		сербская фамилия
Bakoč	Бакоч	noun		сербская фамилия
Bakočević	Бакочевић	noun		сербская фамилия
Bakrač	Бакрач	noun		сербская фамилия
Bakračević	Бакрачевић	noun		сербская фамилия
bakterija	бактерија	noun		биол. бактерия
bakteriofag	бактериофаг	noun		микробиол. бактериофаг (аналогично русскому слову)
bakteriolog	bakteriolog	noun		бактериолог
bakteriologija	бактериологија	noun		бактериология
bakteriologija	bakteriologija	noun		бактериология
Bakula	Бакула	noun		сербская фамилия
bal	бал	noun		бал (аналогично русскому слову)
Balaban	Балабан	noun		сербская фамилия
Balabanović	Балабановић	noun		сербская фамилия
balada	балада	noun		баллада
balalajka	балалајка	noun		муз. балалайка
balancirati	баланцирати	verb		балансировать
balansirati	balansirati	verb		балансировать
Balać	Балаћ	noun		сербская фамилия
Balašević	Балашевић	noun		сербская фамилия
baldahin	балдахин	noun		балдахин (аналогично русскому слову)
baldahin	baldahin	noun		балдахин
balega	балега	noun		навоз
balerina	балерина	noun		балерина
balerina	balerina	noun		балерина
balet	балет	noun		балет
Baletić	Балетић	noun		сербская фамилия
Balević	Балевић	noun		сербская фамилия
Balinovac	Балиновац	noun		сербская фамилия
balistika	балистика	noun		баллистика
balistički	балистички	adj		баллистический
Balj	Баљ	noun		сербская фамилия
Baljak	Баљак	noun		сербская фамилия
Baljković	Баљковић	noun		сербская фамилия
balkanski	балкански	adj		балканский
balkanski	balkanski	adj		балканский
Balkansko poluostrvo	Балканско полуострво	phrase		геогр. Балканский полуостров
balkon	balkon	noun		балкон
balkon	балкон	noun		архит. балкон (аналогично русскому слову)
Balmazović	Балмазовић	noun		сербская фамилия
balneologija	балнеологија	noun		бальнеология
balon	балон	noun		воздушный шар; аэростат
balon	balon	noun		воздушный шар; аэростат
Balorda	Балорда	noun		сербская фамилия
balsamovanje	balsamovanje	noun		бальзамирование
Baltić	Балтић	noun		Балтич (сербская фамилия)
baltički	балтички	adj		балтийский
baltički	baltički	adj		балтийский
Balša	Balša	noun		Балша
Balša	Балша	noun		Балша
bambus	бамбус	noun		ботан. бамбук
banana	банана	noun		банан
banana	banana	noun		банан
Banašević	Банашевић	noun		сербская фамилия
Bandović	Бандовић	noun		сербская фамилия
bandura	бандура	noun		муз. бандура
Bane	Bane	noun		Бане
Bane	Бане	noun		Бане
Bangladeš	Бангладеш	noun		Бангладеш
Banić	Банић	noun		сербская фамилия
Banićević	Банићевић	noun		сербская фамилия
banja	бања	noun		баня, купальня; минеральный источник
Banjac	Бањац	noun		сербская фамилия
Banjak	Бањак	noun		сербская фамилия
Banjanac	Бањанац	noun		сербская фамилия
Banješević	Бањешевић	noun		сербская фамилия
banka	банка	noun		банк
banka	banka	noun		банк
bankar	банкар	noun		банкир
banknota	банкнота	noun		банкнота (аналогично русскому слову)
banknota	banknota	noun		банкнота
Banković	Банковић	noun		сербская фамилия
bankroter	bankroter	noun		фин. банкрот
Banovački	Бановачки	noun		сербская фамилия
Banović	Бановић	noun		сербская фамилия
Banzić	Банзић	noun		сербская фамилия
Banđur	Банђур	noun		сербская фамилия
bapski	бапски	adj		бабушкин, старухин, старушечий
bapski	bapski	adj		бабушкин, старухин, старушечий
baptisterijum	баптистеријум	noun		церк. баптистерий; крещальня
bara	бара	noun		лужа
Baralić	Баралић	noun		сербская фамилия
Baranac	Баранац	noun		сербская фамилия
Barać	Бараћ	noun		сербская фамилия
Barbados	Барбадос	noun		геогр. Барбадос (аналогично русскому слову)
Barbarez	Барбарез	noun		сербская фамилия
Barbir	Барбир	noun		сербская фамилия
Barbulović	Барбуловић	noun		сербская фамилия
Baredna	Баредна	noun		сербская фамилия
barel	барел	noun		баррель
bareljef	bareljef	noun		искусств. барельеф
barij	бариј	noun		хим. барий
barijatrija	баријатрија	noun		мед. бариатрия
barijatrijski	баријатријски	adj		мед. бариатрический
barikada	барикада	noun		баррикада
bariton	баритон	noun		муз. баритон
barium	бариум	noun		хим. барий
Barić	Барић	noun		сербская фамилия
Barišić	Баришић	noun		сербская фамилия
Barjaković	Барјаковић	noun		сербская фамилия
Barjaktar	Барјактар	noun		сербская фамилия
Barjaktarević	Барјактаревић	noun		сербская фамилия
Barjaktarović	Барјактаровић	noun		сербская фамилия
barka	барка	noun		лодка
barka	barka	noun		лодка
Barlovac	Барловац	noun		сербская фамилия
barograf	барограф	noun		спец. барограф (аналогично русскому слову)
barokomora	барокомора	noun		техн. барокамера
barometar	барометар	noun		барометр
barometar	barometar	noun		барометр
barometarski	barometarski	adj		барометрический
barometarski	барометарски	adj		барометрический
baron	барон	noun		барон (аналогично русскому слову)
baronat	баронат	noun		истор. баронство
baronija	баронија	noun		истор. баронство
Baroš	Барош	noun		сербская фамилия
Barošević	Барошевић	noun		сербская фамилия
barter	бартер	noun		экон. бартер, товарообмен
barter	barter	noun		экон. бартер, обмен
Bartolović	Бартоловић	noun		сербская фамилия
Bartoš	Бартош	noun		сербская фамилия
Bartula	Бартула	noun		сербская фамилия
Bartulović	Бартуловић	noun		сербская фамилия
barut	barut	noun		порох
barut	барут	noun		порох
barutana	barutana	noun		пороховой склад
barutana	барутана	noun		пороховой склад
barutni	барутни	adj		пороховой
barutni	barutni	adj		пороховой
baruština	баруштина	noun		болото, топь, трясина
baruština	baruština	noun		болото, топь, трясина
Barzut	Барзут	noun		сербская фамилия
bas	бас	noun		бас (аналогично русскому слову)
bas-gitara	бас-гитара	noun		муз. бас-гитара (аналогично русскому слову)
Basalo	Басало	noun		сербская фамилия
Basara	Басара	noun		сербская фамилия
Basarić	Басарић	noun		сербская фамилия
Basnić	Баснић	noun		сербская фамилия
basnopisac	баснописац	noun		баснописец
Basor	Басор	noun		сербская фамилия
Basrak	Басрак	noun		сербская фамилия
Basta	Баста	noun		сербская фамилия
Bastaja	Бастаја	noun		сербская фамилия
Bastajić	Бастајић	noun		сербская фамилия
Bastašić	Басташић	noun		сербская фамилия
bastion	бастион	noun		воен. бастион
Batak	Батак	noun		сербская фамилия
Bataković	Батаковић	noun		сербская фамилия
bataljon	bataljon	noun		батальон
bataljon	батаљон	noun		батальон
Batalo	Батало	noun		сербская фамилия
Batalović	Баталовић	noun		сербская фамилия
Batas	Батас	noun		сербская фамилия
Bataveljić	Батавељић	noun		сербская фамилия
Bataz	Батаз	noun		сербская фамилия
baterija	батерија	noun		батарея; фонарик, фонарь
Batez	Батез	noun		сербская фамилия
batik	batik	noun		батик
batimetrija	батиметрија	noun		батиметрия
Batina	Батина	noun		сербская фамилия
Batinar	Батинар	noun		сербская фамилия
Batinica	Батиница	noun		сербская фамилия
Batinić	Батинић	noun		сербская фамилия
batiskaf	батискаф	noun		батискаф (аналогично русскому слову)
batiskaf	batiskaf	noun		батискаф
Batlak	Батлак	noun		сербская фамилия
Batnoga	Батнога	noun		сербская фамилия
Batnožić	Батножић	noun		сербская фамилия
Batrić	Batrić	noun		Батрич
Batrić	Батрић	noun		Батрич
Batrićević	Батрићевић	noun		сербская фамилия
Batrović	Батровић	noun		сербская фамилия
Baturan	Батуран	noun		сербская фамилия
Bauk	Баук	noun		сербская фамилия
Bauković	Бауковић	noun		сербская фамилия
Bausovac	Баусовац	noun		сербская фамилия
Bavarska	Баварска	noun		Бавария
baven	бавен	adj		медленный, затяжной, тихий; медлительный, неторопливый
baviti se	бавити се	verb		заниматься
baviti se	baviti se	verb		заниматься
baza	база	noun		база; основа
baza	baza	noun		база; основа
bazalna membrana	базална мембрана	phrase		анат. базальная мембрана
bazalt	базалт	noun		минер. базальт
bazilika	базилика	noun		архит. базилика
Baćanović	Баћановић	noun		сербская фамилия
Baćević	Баћевић	noun		сербская фамилия
Baćina	Баћина	noun		сербская фамилия
Baćić	Баћић	noun		сербская фамилия
Bačanac	Бачанац	noun		сербская фамилия
Bačić	Бачић	noun		сербская фамилия
Bačko	Бачко	noun		сербская фамилия
Bačkonja	Бачкоња	noun		сербская фамилия
Bačković	Бачковић	noun		сербская фамилия
Bačkulić	Бачкулић	noun		сербская фамилия
Bačujkov	Бачујков	noun		сербская фамилия
baš	баш	adv		вполне; именно
baš	baš	adv		вполне; именно
Baša	Баша	noun		сербская фамилия
Bašić	Башић	noun		сербская фамилия
Bašičević	Башичевић	noun		сербская фамилия
baška	башка	adv		отдельно, обособленно
baška	baška	adv		отдельно, обособленно
baškariti se	башкарити се	verb		валяться; бездельничать, нежиться
baškariti se	baškariti se	verb		валяться; бездельничать, нежиться
Baškortostan	Башкортостан	noun		Башкортостан, Башкирия
baškortostanski	башкортостански	adj		башкортостанский, башкирский
Baštan	Баштан	noun		сербская фамилия
Baštinac	Баштинац	noun		сербская фамилия
Baštić	Баштић	noun		сербская фамилия
Baštovan	Баштован	noun		сербская фамилия
baštovan	баштован	noun		садовник
baštovan	baštovan	noun		садовник
Baštovanov	Баштованов	noun		сербская фамилия
Baštovanović	Баштовановић	noun		сербская фамилия
Bašura	Башура	noun		сербская фамилия
Bažalac	Бажалац	noun		сербская фамилия
Beader	Беадер	noun		сербская фамилия
Beara	Беара	noun		сербская фамилия
Beatović	Беатовић	noun		сербская фамилия
Beba	Беба	noun		сербская фамилия
Bebić	Бебић	noun		сербская фамилия
bedan	бедан	adj		бедный, неимущий
bedro	бедро	noun		анат. бедро (аналогично русскому слову)
beduin	beduin	noun		бедуин
beduin	бедуин	noun		бедуин
Begeta	Бегета	noun		сербская фамилия
Begić	Бегић	noun		сербская фамилия
Begojević	Бегојевић	noun		сербская фамилия
Begović	Беговић	noun		сербская фамилия
Bejat	Бејат	noun		сербская фамилия
Bejatović	Бејатовић	noun		сербская фамилия
bejzbol	бејзбол	noun		бейсбол
Bekan	Бекан	noun		сербская фамилия
Bekavac	Бекавац	noun		сербская фамилия
Bekjarev	Бекјарев	noun		сербская фамилия
Bekonja	Бекоња	noun		сербская фамилия
Bekovac	Бековац	noun		сербская фамилия
Bekvalac	Беквалац	noun		сербская фамилия
Belajac	Белајац	noun		сербская фамилия
Belaković	Белаковић	noun		сербская фамилия
Belaćević	Белаћевић	noun		сербская фамилия
beleg	белег	noun		знак, отметина
Belgija	Belgija	noun		Бельгия
Belgija	Белгија	noun		Бельгия
belgijski	белгијски	adj		бельгийский
Belić	Белић	noun		сербская фамилия
Beličajević	Беличајевић	noun		сербская фамилия
Beljaković	Бељаковић	noun		сербская фамилия
Beljanski	Бељански	noun		сербская фамилия
Beljinac	Бељинац	noun		сербская фамилия
Beljić	Бељић	noun		сербская фамилия
belo	бело	adj	ekav	белый; жарг. нарк., субстантивир. героин; кокаин (наркотик в виде белого порошка)
Belobaba	Белобаба	noun		сербская фамилия
Belobrk	Белобрк	noun		сербская фамилия
Belobrković	Белобрковић	noun		сербская фамилия
Belodedić	Белодедић	noun		сербская фамилия
beloglavi sup	белоглави суп	phrase		орнитол. белоголовый сип (Gyps fulvus)
Belogrlić	Белогрлић	noun		сербская фамилия
Belojević	Белојевић	noun		сербская фамилия
Belopoljac	Белопољац	noun		сербская фамилия
Belorusija	Белорусија	noun		Белоруссия
Beloruskinja	Белорускиња	noun		белоруска
Belović	Беловић	noun		сербская фамилия
Belovodić	Беловодић	noun		сербская фамилия
Belovuković	Беловуковић	noun		сербская фамилия
Belošević	Белошевић	noun		сербская фамилия
Belušević	Белушевић	noun		сербская фамилия
Belčić	Белчић	noun		сербская фамилия
Benaković	Бенаковић	noun		сербская фамилия
Bencun	Бенцун	noun		сербская фамилия
Bender	Бендер	noun		сербская фамилия
Benderać	Бендераћ	noun		сербская фамилия
Benin	Бенин	noun		Бенин (аналогично русскому слову)
Benković	Бенковић	noun		сербская фамилия
benzilamin	benzilamin	noun		хим. бензиламин
Benčić	Бенчић	noun		сербская фамилия
beo	бео	adj		белый
Beograd	Београд	noun		Белград
Beograd	Beograd	noun		Белград
Berak	Берак	noun		сербская фамилия
Berat	Берат	noun		сербская фамилия
Berbakov	Бербаков	noun		сербская фамилия
Berber	Бербер	noun		сербская фамилия
Berber	Бербер	noun		бербер
Berberović	Берберовић	noun		сербская фамилия
Berberski	Берберски	noun		сербская фамилия
Berendika	Берендика	noun		сербская фамилия
beril	берил	noun		минер. берилл
Berilaža	Берилажа	noun		сербская фамилия
Berilažić	Берилажић	noun		сербская фамилия
berilijum	berilijum	noun		хим. бериллий
berilijum	берилијум	noun		хим. бериллий
Beringov moreuz	Берингов мореуз	phrase		геогр. Берингов пролив
Berisavac	Берисавац	noun		сербская фамилия
Berislav	Berislav	noun		Берислав
Berislav	Берислав	noun		Берислав
Berić	Берић	noun		сербская фамилия
Beriša	Beriša	noun		Бериша
Beriša	Бериша	noun		Бериша
berkelij	беркелиј	noun		хим. берклий
berkelijum	беркелијум	noun		хим. берклий
Berko	Berko	noun		Берко
Berko	Берко	noun		Берко
Beronja	Бероња	noun		сербская фамилия
Berček	Берчек	noun		сербская фамилия
bes	бес	noun		бешенство, гнев, ярость
besanica	бесаница	noun		бессонница
Besarabija	Бесарабија	noun		Бессарабия
Besarović	Бесаровић	noun		сербская фамилия
bescen	бесцен	adj		бесценный, неоценимый
bescen	bescen	adj		бесценный, неоценимый
bescenje	бесцење	noun		бесценок
bescenje	bescenje	noun		бесценок
Besedić	Беседић	noun		сербская фамилия
Besjedić	Бесједић	noun		сербская фамилия
beskompromisnost	бескомпромисност	noun		бескомпромиссность
beskonačnost	бесконачност	noun		бесконечность
beskoristan	beskoristan	adj		бесполезный; напрасный, тщетный
beskoristan	бескористан	adj		бесполезный; напрасный, тщетный
beskrajan	бескрајан	adj		бесконечный
beskrajan	beskrajan	adj		бесконечный
beskrajnost	бескрајност	noun		безграничность
Beslać	Беслаћ	noun		сербская фамилия
Beslema	Беслема	noun		сербская фамилия
besmislen	бесмислен	adj		бессмысленный
besmislenost	бесмисленост	noun		бессмысленность
besmrtan	бесмртан	adj		бессмертный
besmrtnost	бесмртност	noun		бессмертие
Besniković	Бесниковић	noun		сербская фамилия
bespilotna letelica	беспилотна летелица	phrase		авиац. беспилотный летательный аппарат
besplatan	бесплатан	adj		бесплатный
besplodan	бесплодан	adj		бесплодный (о почве, земле); бесплодный, безрезультатный, тщетный
besplodnost	бесплодност	noun		бесплодие, бесплодность
bespomoćan	беспомоћан	adj		беспомощный, беззащитный
besposlenost	беспосленост	noun		безработица
besprekorno	беспрекорно	adv		безукоризненно, безупречно
bestjelesan	бестјелесан	adj		бестелесный
Bestudović	Бестудовић	noun		сербская фамилия
beta	бета	noun		бета (аналогично русскому слову)
betatron	бетатрон	noun		физ. бетатрон
Betegalo	Бетегало	noun		сербская фамилия
beton	бетон	noun		бетон
bez	без	prep		без
bezakonje	безакоње	noun		беззаконие
bezalkoholan	bezalkoholan	adj		безалкогольный
bezalkoholan	безалкохолан	adj		безалкогольный
bezbednost	bezbednost	noun		безопасность
bezbednost	безбедност	noun		безопасность
bezbojan	безбојан	adj		бесцветный
bezbojan	bezbojan	adj		бесцветный
bezbolan	безболан	adj		безболезненный
bezbožan	безбожан	adj		безбожный
bezbožan	bezbožan	adj		безбожный
bezbožništvo	bezbožništvo	noun		безбожие
bezbožništvo	безбожништво	noun		безбожие
Bezbradica	Безбрадица	noun		сербская фамилия
bezdušan	бездушан	adj		бездушный
bezgrešnost	безгрешност	noun		безгрешность
bezimen	безимен	adj		безымянный
bezimenost	безименост	noun		безымянность, анонимность
beznačajan	безначајан	adj		незначительный
beznađe	безнађе	noun		безнадёжность
bezobraznik	безобразник	noun		бесстыдный человек
bezobraznik	bezobraznik	noun		бесстыдный человек
bezopasan	безопасан	adj		безопасный
bezopasan	bezopasan	adj		безопасный
bezosećajan	безосећајан	adj		бесчувственный
bezosećajan	bezosećajan	adj		бесчувственный
bezočan	безочан	adj		бессовестный, бесстыдный
bezočan	bezočan	adj		бессовестный, бесстыдный
bezočnik	bezočnik	noun		бесстыдник
bezočnik	безочник	noun		бесстыдник
bezuspešan	безуспешан	adj		безуспешный, безрезультатный, тщетный
bezvodan	безводан	adj		безводный
bezvučan	bezvučan	adj		беззвучный, бесшумный
Bećar	Бећар	noun		сербская фамилия
Bećarević	Бећаревић	noun		сербская фамилия
Bećarčić	Бећарчић	noun		сербская фамилия
Bećirović	Бећировић	noun		сербская фамилия
Bećković	Бећковић	noun		сербская фамилия
Bečejac	Бечејац	noun		сербская фамилия
Bešević	Бешевић	noun		сербская фамилия
beščašće	бешчашће	noun		позор, бесчестие
Bežanija	Бежанија	noun		сербская фамилия
Bežanić	Бежанић	noun		сербская фамилия
Bežanović	Бежановић	noun		сербская фамилия
Beženar	Беженар	noun		сербская фамилия
beživotan	беживотан	adj		безжизненный
Bežunar	Бежунар	noun		сербская фамилия
bi	би	particle		бы
bi	bi	particle		бы
biatlon	biatlon	noun		биатлон
biatlonac	биатлонац	noun		биатлонист
Biber	Бибер	noun		сербская фамилия
Biberdžić	Биберџић	noun		сербская фамилия
bibernik	биберник	noun		перечница
Biberović	Биберовић	noun		сербская фамилия
Biberčić	Биберчић	noun		сербская фамилия
Bibić	Бибић	noun		сербская фамилия
biblijski	библијски	adj		библейский
bibliograf	библиограф	noun		библиограф (аналогично русскому слову)
bibliografija	bibliografija	noun		библиография
biblioteka	библиотека	noun		библиотека
biblioteka	biblioteka	noun		библиотека
bibliotekar	библиотекар	noun		библиотекарь
bibliotekar	bibliotekar	noun		библиотекарь
bibliotekarski	библиотекарски	adj		библиотекарский
biceps	бицепс	noun		анат. бицепс, двуглавая мышца
biciklist	бициклист	noun		велосипедист
biciklist	biciklist	noun		велосипедист
bife	bife	noun		буфет
bife	бифе	noun		буфет
biftek	бифтек	noun		бифштекс
biftek	biftek	noun		бифштекс
bifurkacija	бифуркација	noun		спец. бифуркация
Biga	Бига	noun		сербская фамилия
bihejvioralna ekonomija	бихејвиорална економија	phrase		экон. поведенческая экономика
biheviorizam	бихевиоризам	noun		психол. бихевиоризм
Bihorac	Бихорац	noun		сербская фамилия
Bijanić	Бијанић	noun		сербская фамилия
Bijelić	Бијелић	noun		сербская фамилия
Bijeljan	Бијељан	noun		сербская фамилия
Bijelović	Бијеловић	noun		сербская фамилия
bik	бик	noun		бык
bikarbonat	бикарбонат	noun		хим. бикарбонат; гидрокарбонат
Bikicki	Бикицки	noun		сербская фамилия
bikonveksan	биконвексан	adj		физ. двояковыпуклый
Bilak	Билак	noun		сербская фамилия
Bilandžić	Биланџић	noun		сербская фамилия
Bilanović	Билановић	noun		сербская фамилия
Bilbija	Билбија	noun		сербская фамилия
bilbord	билборд	noun		билборд (аналогично русскому слову)
Bilendžija	Биленџија	noun		сербская фамилия
bilijar	bilijar	noun		бильярд
Bilimović	Билимовић	noun		сербская фамилия
Bilinac	Билинац	noun		сербская фамилия
bilingvizam	билингвизам	noun		лингв. билингвизм; двуязычие
bilion	билион	num		триллион
bilirubin	билирубин	noun		биохим. билирубин
Bilić	Билић	noun		сербская фамилия
Biljan	Biljan	noun		Билян
Biljan	Биљан	noun		Билян
Biljanić	Биљанић	noun		сербская фамилия
Biljanović	Биљановић	noun		сербская фамилия
Biljača	Биљача	noun		сербская фамилия
Biljić	Биљић	noun		сербская фамилия
biljka	biljka	noun		растение
biljka	биљка	noun		растение
Biljurić	Биљурић	noun		сербская фамилия
Biljčević	Биљчевић	noun		сербская фамилия
Bilkić	Билкић	noun		сербская фамилия
bilo šta bilo	било шта било	phrase		а, была не была!
bilo šta bilo	bilo šta bilo	phrase		а, была не была!
Bilović	Биловић	noun		сербская фамилия
Bilušić	Билушић	noun		сербская фамилия
Bilčar	Билчар	noun		сербская фамилия
Bingulac	Бингулац	noun		сербская фамилия
Binić	Бинић	noun		сербская фамилия
binom	бином	noun		матем. бином, двучлен
biogeografija	биогеографија	noun		биогеография
biohemija	биохемија	noun		биохимия
biohemičar	биохемичар	noun		биохимик
biolog	биолог	noun		биолог (аналогично русскому слову)
biologija	биологија	noun		биология
biološki	биолошки	adj		биологический
bioluminiscencija	биолуминисценција	noun		биол. биолюминесценция
biom	биом	noun		биол. биом (аналогично русскому слову)
biomasa	биомаса	noun		биол. биомасса
biomehanika	биомеханика	noun		биомеханика
Biomužević	Биомужевић	noun		сербская фамилия
biopolimer	биополимер	noun		биохим. биополимер
biopsija	биопсија	noun		мед. биопсия
Biorac	Биорац	noun		сербская фамилия
bioritam	биоритам	noun		физиол. биоритм
Biorčević	Биорчевић	noun		сербская фамилия
Biorčić	Биорчић	noun		сербская фамилия
biosfera	биосфера	noun		биосфера (аналогично русскому слову)
biosinteza	biosinteza	noun		биохим. биосинтез
biosinteza	биосинтеза	noun		биохим. биосинтез
bioskop	bioskop	noun		кинотеатр
bioskop	биоскоп	noun		кинотеатр
bioskopski	биоскопски	adj		кинематографический
bioskopski	bioskopski	adj		кинематографический
Biovica	Биовица	noun		сербская фамилия
Birač	Бирач	noun		сербская фамилия
birački	бирачки	adj		избирательный (связанный с выборами)
birema	бирема	noun		истор. бирема
birema	birema	noun		истор. бирема
birokratija	бирократија	noun		бюрократия
Birovljev	Бировљев	noun		сербская фамилия
Birčević	Бирчевић	noun		сербская фамилия
Bisagović	Бисаговић	noun		сербская фамилия
Bisenić	Бисенић	noun		сербская фамилия
biser	бисер	noun		жемчуг
Biserić	Бисерић	noun		сербская фамилия
Biserko	Biserko	noun		Бисерко
Biserko	Бисерко	noun		Бисерко
Biserčić	Бисерчић	noun		сербская фамилия
Biskup	Бискуп	noun		сербская фамилия
Biskupović	Бискуповић	noun		сербская фамилия
Bistrica	Бистрица	noun		сербская фамилия
Bistrić	Бистрић	noun		сербская фамилия
Bistričić	Бистричић	noun		сербская фамилия
bit	бит	noun		комп. бит (аналогично русскому слову)
bit	bit	noun		комп. бит
Bitević	Битевић	noun		сербская фамилия
Bitinija	Битинија	noun		Вифиния
bitka	битка	noun		битва, бой, сражение
bitkoin	биткоин	noun		неол. биткоин (аналогично русскому слову)
bitumen	битумен	noun		битум
Biuković	Биуковић	noun		сербская фамилия
bizantinski	бизантински	adj		византийский
bizaran	бизаран	adj		чудной, необычный
bizaran	bizaran	adj		чудной, необычный
Bizetić	Бизетић	noun		сербская фамилия
Bizjak	Бизјак	noun		сербская фамилия
bizmut	bizmut	noun		хим. висмут
bizmut	бизмут	noun		хим. висмут
Bizumić	Бизумић	noun		сербская фамилия
biće	biće	noun		живое существо
biće	биће	noun		живое существо
bič	бич	noun		бич (аналогично русск. слову в знач. I)
Biševac	Бишевац	noun		сербская фамилия
Bižić	Бижић	noun		сербская фамилия
Bjedov	Бједов	noun		сербская фамилия
Bjeganović	Бјегановић	noun		сербская фамилия
Bjegonja	Бјегоња	noun		сербская фамилия
Bjegović	Бјеговић	noun		сербская фамилия
Bjekić	Бјекић	noun		сербская фамилия
Bjeković	Бјековић	noun		сербская фамилия
Bjelajac	Бјелајац	noun		сербская фамилия
Bjelaković	Бјелаковић	noun		сербская фамилия
Bjelan	Бјелан	noun		сербская фамилия
Bjelanović	Бјелановић	noun		сербская фамилия
Bjeletić	Бјелетић	noun		сербская фамилия
Bjelica	Бјелица	noun		сербская фамилия
Bjelinić	Бјелинић	noun		сербская фамилия
Bjelivuk	Бјеливук	noun		сербская фамилия
Bjelić	Бјелић	noun		сербская фамилия
Bjeličić	Бјеличић	noun		сербская фамилия
Bjelja	Бјеља	noun		сербская фамилия
Bjeljić	Бјељић	noun		сербская фамилия
Bjelkić	Бјелкић	noun		сербская фамилия
Bjelobaba	Бјелобаба	noun		сербская фамилия
Bjelobrk	Бјелобрк	noun		сербская фамилия
Bjeloglav	Бјелоглав	noun		сербская фамилия
Bjelogrlić	Бјелогрлић	noun		сербская фамилия
Bjelojević	Бјелојевић	noun		сербская фамилия
bjelokost	бјелокост	noun		слоновая кость
Bjelopavlović	Бјелопавловић	noun		сербская фамилия
Bjelopetrović	Бјелопетровић	noun		сербская фамилия
Bjeloruskinja	Бјелорускиња	noun		белоруска
Bjelotomić	Бјелотомић	noun		сербская фамилия
Bjelotrepić	Бјелотрепић	noun		сербская фамилия
Bjelovitić	Бјеловитић	noun		сербская фамилия
Bjelovuk	Бјеловук	noun		сербская фамилия
Bjelovučić	Бјеловучић	noun		сербская фамилия
Bjelošević	Бјелошевић	noun		сербская фамилия
Bjelčević	Бјелчевић	noun		сербская фамилия
Blagajić	Благајић	noun		сербская фамилия
blagajna	благајна	noun		кассовый аппарат
blagajnik	благајник	noun		кассир
blagdan	благдан	noun		праздник
blagdan	blagdan	noun		праздник
Blagić	Благић	noun		сербская фамилия
blagodaran	благодаран	adj		благодарный
blagodariti	благодарити	verb		благодарить
Blagoje	Blagoje	noun		Благой
Blagoje	Благоје	noun		Благой
Blagojev	Благојев	noun		сербская фамилия
Blagojević	Благојевић	noun		сербская фамилия
Blagomir	Blagomir	noun		Благомир
Blagomir	Благомир	noun		Благомир
blagoslov	blagoslov	noun		благословение
blagoslov	благослов	noun		благословение
blagosostojanje	благосостојање	noun		благосостояние, благополучие
Blagota	Благота	noun		Благота
Blagota	Blagota	noun		Благота
Blagotić	Благотић	noun		сербская фамилия
Blagovčan	Благовчан	noun		сербская фамилия
blanja	блања	noun		рубанок
Blanuša	Блануша	noun		сербская фамилия
Blatešić	Блатешић	noun		сербская фамилия
Blaznavac	Блазнавац	noun		сербская фамилия
Blaško	Блашко	noun		Блашко
Blaško	Blaško	noun		Блашко
Blašković	Блашковић	noun		сербская фамилия
Blaža	Blaža	noun		Блажа
Blaža	Блажа	noun		Блажа
Blažanović	Блажановић	noun		сербская фамилия
Blažen	Blažen	noun		Блажен
Blažen	Блажен	noun		Блажен
Blaženović	Блаженовић	noun		сербская фамилия
Blažević	Блажевић	noun		сербская фамилия
Blažić	Блажић	noun		сербская фамилия
Bleko	Блеко	noun		сербская фамилия
Blesić	Блесић	noun		сербская фамилия
Blečić	Блечић	noun		сербская фамилия
Blešić	Блешић	noun		сербская фамилия
Blitva	Блитва	noun		сербская фамилия
Blizanac	Близанац	noun		сербская фамилия
blizanac	близанац	noun		близнец
blizanac	blizanac	noun		близнец
Blizanjac	Близањац	noun		сербская фамилия
Bliznak	Близнак	noun		сербская фамилия
Bliznaković	Близнаковић	noun		сербская фамилия
blok	блок	noun		квартал
blokada	блокада	noun		блокада
bludilište	блудилиште	noun		бордель, публичный дом
bluz	блуз	noun		муз. блюз
Boarov	Боаров	noun		сербская фамилия
bob	боб	noun		зимний вид спорта, скоростной спуск на санках специальной аэродинамической конструкции
Boban	Boban	noun		Бобан
Boban	Бобан	noun		Бобан
Bobar	Бобар	noun		сербская фамилия
Boberić	Боберић	noun		сербская фамилия
bobica	бобица	noun		ягода
Bobić	Бобић	noun		сербская фамилия
Bobot	Бобот	noun		сербская фамилия
Bobovac	Бобовац	noun		сербская фамилия
Bobušić	Бобушић	noun		сербская фамилия
boca	боца	noun		бутыль, бутылка
Boca	Боца	noun		сербская фамилия
Bodin	Бодин	noun		сербская фамилия
Bodinovac	Бодиновац	noun		сербская фамилия
Bodiroga	Бодирога	noun		сербская фамилия
Bodirogić	Бодирогић	noun		сербская фамилия
Bodiroža	Бодирожа	noun		сербская фамилия
Bodirožić	Бодирожић	noun		сербская фамилия
Bodić	Бодић	noun		сербская фамилия
bodlja	бодља	noun		шип; жало
bodljika	бодљика	noun		колючка
bodljikava žica	бодљикава жица	phrase		колючая проволока
Bodroža	Бодрожа	noun		сербская фамилия
Bodrožić	Бодрожић	noun		сербская фамилия
Bog	Бог	noun		религ. Бог (аналогично русскому слову)
bog	бог	noun		религ. бог (аналогично русскому слову)
bog	bog	noun		бог
Bogatinović	Богатиновић	noun		сербская фамилия
Bogatinčević	Богатинчевић	noun		сербская фамилия
Bogatić	Богатић	noun		сербская фамилия
Bogatović	Богатовић	noun		сербская фамилия
Bogavac	Богавац	noun		сербская фамилия
Bogdan	Богдан	noun		Богдан
Bogdan	Bogdan	noun		Богдан
Bogdanić	Богданић	noun		сербская фамилия
Bogdanović	Богдановић	noun		сербская фамилия
Bogdančić	Богданчић	noun		сербская фамилия
Bogelj	Bogelj	noun		Богель
Bogelj	Богељ	noun		Богель
Bogetić	Богетић	noun		сербская фамилия
boginja	boginja	noun		богиня
boginja	богиња	noun		богиня
Bogić	Bogić	noun		Богич
Bogić	Богић	noun		Богич
Bogićević	Богићевић	noun		сербская фамилия
Bogičić	Богичић	noun		сербская фамилия
Bogmilović	Богмиловић	noun		сербская фамилия
Bogo	Бого	noun		сербская фамилия
Bogodić	Богодић	noun		сербская фамилия
bogoizabran	bogoizabran	adj		религ. богоизбранный
bogoizabran	богоизабран	adj		религ. богоизбранный
bogojavljenski	богојављенски	adj		религ. богоявленский
Bogoje	Bogoje	noun		Богой
Bogoje	Богоје	noun		Богой
Bogojevac	Богојевац	noun		сербская фамилия
Bogojević	Богојевић	noun		сербская фамилия
Bogoljub	Bogoljub	noun		Боголюб
Bogoljub	Богољуб	noun		Боголюб
Bogoljubović	Богољубовић	noun		сербская фамилия
Bogomilović	Богомиловић	noun		сербская фамилия
Bogomolja	Богомоља	noun		сербская фамилия
bogomoljka	богомољка	noun		зоол. богомол
Bogosavac	Богосавац	noun		сербская фамилия
Bogosavljev	Богосављев	noun		сербская фамилия
Bogosavljević	Богосављевић	noun		сербская фамилия
Bogoslav	Bogoslav	noun		Богослав
Bogoslav	Богослав	noun		Богослав
Bogoslavić	Богославић	noun		сербская фамилия
bogoslovlje	богословље	noun		религ. богословие, теология
bogoslovski	богословски	adj		богословский
bogoslužje	богослужје	noun		богослужение, церковная служба
Bogostić	Богостић	noun		сербская фамилия
Bogovac	Боговац	noun		сербская фамилия
Bogun	Богун	noun		сербская фамилия
Bogunović	Богуновић	noun		сербская фамилия
Bogutović	Богутовић	noun		сербская фамилия
Bogčinić	Богчинић	noun		сербская фамилия
Bogčinović	Богчиновић	noun		сербская фамилия
Bogčić	Богчић	noun		сербская фамилия
Boica	Boica	noun		Боица
Boica	Боица	noun		Боица
Boin	Boin	noun		Боин
Boin	Боин	noun		Боин
boja	боја	noun		краска (вещество)
Bojadić	Бојадић	noun		сербская фамилия
Bojanić	Бојанић	noun		сербская фамилия
Bojbaša	Бојбаша	noun		сербская фамилия
Bojinović	Бојиновић	noun		сербская фамилия
Bojić	Бојић	noun		сербская фамилия
Bojičić	Бојичић	noun		сербская фамилия
Bojko	Бојко	noun		сербская фамилия
bojkot	бојкот	noun		полит. бойкот
Bojković	Бојковић	noun		сербская фамилия
bojler	бојлер	noun		бойлер, водонагреватель
Bojović	Бојовић	noun		сербская фамилия
Bojčeta	Бојчета	noun		Байчета
Bojčeta	Bojčeta	noun		Бойчета
Bojčić	Бојчић	noun		сербская фамилия
Bokalović	Бокаловић	noun		сербская фамилия
Bokan	Бокан	noun		сербская фамилия; латгальская фамилия
Bokanić	Боканић	noun		сербская фамилия
Bokonjić	Бокоњић	noun		сербская фамилия
boksit	боксит	noun		боксит
Bokun	Бокун	noun		сербская фамилия
Bokur	Бокур	noun		сербская фамилия
bokvica	боквица	noun		ботан. подорожник (Plantago)
Bokšan	Бокшан	noun		сербская фамилия
bol	бол	noun		боль
Bolanović	Болановић	noun		сербская фамилия
Bolačić	Болачић	noun		сербская фамилия
bolest	болест	noun		болезнь, заболевание
Bolević	Болевић	noun		сербская фамилия
Bolivijac	Боливијац	noun		боливиец
Bolić	Болић	noun		сербская фамилия
Boličić	Боличић	noun		сербская фамилия
Boljak	Бољак	noun		сербская фамилия
Boljan	Бољан	noun		сербская фамилия
Boljanić	Бољанић	noun		сербская фамилия
Boljanović	Бољановић	noun		сербская фамилия
Boljević	Бољевић	noun		сербская фамилия
Boljun	Бољун	noun		сербская фамилия
boljševik	бољшевик	noun		истор. большевик
Bolmanac	Болманац	noun		сербская фамилия
bolničar	болничар	noun		мед. санитар
bolničarka	болничарка	noun		медсестра
Bolović	Боловић	noun		сербская фамилия
Bolta	Болта	noun		сербская фамилия
Boltić	Болтић	noun		сербская фамилия
Bolunović	Болуновић	noun		сербская фамилия
Bombaj	Бомбај	noun		Бомбей
bombarder	бомбардер	noun		воен. бомбардировщик
Bor	Бор	noun		Бор
bora	бора	noun		морщина
Borak	Борак	noun		сербская фамилия
Boranijašević	Боранијашевић	noun		сербская фамилия
Boranović	Борановић	noun		сербская фамилия
boravak	boravak	noun		пребывание; жительство
boravak	боравак	noun		пребывание; жительство
borba	борба	noun		борьба; бой
borba	borba	noun		борьба; бой
bordel	бордел	noun		бордель, публичный дом
borelioza	борелиоза	noun		мед. боррелиоз, болезнь Лайма
Borenović	Бореновић	noun		сербская фамилия
Borikić	Борикић	noun		сербская фамилия
Borilović	Бориловић	noun		сербская фамилия
Boris	Борис	noun		Борис (аналогично русскому слову)
Boris	Boris	noun		Борис
Borisavljević	Борисављевић	noun		сербская фамилия
Borislav	Борислав	noun		Борислав
Borislav	Borislav	noun		Борислав
Borivoje	Borivoje	noun		Боривой
Borivoje	Боривоје	noun		Боривой
Borić	Борић	noun		сербская фамилия
Boričić	Боричић	noun		сербская фамилия
Boriša	Boriša	noun		Бориша
Boriša	Бориша	noun		Бориша
Borišić	Боришић	noun		сербская фамилия
Borjan	Borjan	noun		Борьян
Borjan	Борјан	noun		Борьян
Borjanović	Борјановић	noun		сербская фамилия
Borkanović	Боркановић	noun		сербская фамилия
Borko	Borko	noun		Борко
Borko	Борко	noun		Борко
Borković	Борковић	noun		сербская фамилия
bornejski	борнејски	adj		борнейский; калимантанский
Boro	Боро	noun		сербская фамилия
Boroje	Boroje	noun		Борой
Boroje	Бороје	noun		Борой
Borojević	Боројевић	noun		сербская фамилия
Boros	Борос	noun		Бурос
Borota	Борота	noun		сербская фамилия
Borotić	Боротић	noun		сербская фамилия
Borovac	Боровац	noun		сербская фамилия
Borovina	Боровина	noun		сербская фамилия
Borovinović	Боровиновић	noun		сербская фамилия
Borović	Боровић	noun		сербская фамилия
Borovnica	Боровница	noun		сербская фамилия
borovnica	боровница	noun		ботан. черника
Borovnjak	Боровњак	noun		сербская фамилия
Borozan	Борозан	noun		сербская фамилия
Borčić	Борчић	noun		сербская фамилия
Borđoški	Борђошки	noun		сербская фамилия
Bosanac	Босанац	noun		сербская фамилия
Bosančić	Босанчић	noun		сербская фамилия
Bosfor	Босфор	noun		Босфор
Bosiljka	Босиљка	noun		сербская фамилия
Bosiljkić	Босиљкић	noun		сербская фамилия
Bosiljković	Босиљковић	noun		сербская фамилия
Bosiljčić	Босиљчић	noun		сербская фамилия
Bosioković	Босиоковић	noun		сербская фамилия
Bosiorčić	Босиорчић	noun		сербская фамилия
Bosiočić	Босиочић	noun		сербская фамилия
Bosna	Босна	noun		Босния
Bosna i Hercegovina	Босна и Херцеговина	phrase		Босния и Герцеговина
Bosnić	Боснић	noun		сербская фамилия
Bota	Бота	noun		сербская фамилия
botaničar	ботаничар	noun		ботаник
botulizam	ботулизам	noun		мед. ботулизм
botulizam	botulizam	noun		мед. ботулизм
Bovan	Бован	noun		сербская фамилия
Bozalo	Бозало	noun		сербская фамилия
Bozoljac	Бозољац	noun		сербская фамилия
Bočarski	Бочарски	noun		сербская фамилия
Bošić	Бошић	noun		сербская фамилия
Boškan	Бошкан	noun		сербская фамилия
Boško	Boško	noun		Бошко
Boško	Бошко	noun		Бошко
Boškov	Бошков	noun		сербская фамилия
Bošković	Бошковић	noun		сербская фамилия
Bošnjak	Бошњак	noun		сербская фамилия
Bošnjakov	Бошњаков	noun		сербская фамилия
Bošnjaković	Бошњаковић	noun		сербская фамилия
Bošnjačić	Бошњачић	noun		сербская фамилия
Bošnjački	Бошњачки	noun		сербская фамилия
Božanić	Божанић	noun		сербская фамилия
Božanović	Божановић	noun		сербская фамилия
božica	божица	noun		богиня
Božidar	Božidar	noun		Божидар
Božidar	Божидар	noun		Божидар
Božidarević	Божидаревић	noun		сербская фамилия
Božijević	Божијевић	noun		сербская фамилия
Božilović	Божиловић	noun		сербская фамилия
Božinović	Божиновић	noun		сербская фамилия
Božić	Božić	noun		Рождество
Božić	Божић	noun		сербская фамилия
Božićko	Božićko	noun		Божичко
Božićko	Божићко	noun		Божичко
Božićković	Божићковић	noun		сербская фамилия
Božičić	Божичић	noun		сербская фамилия
Božičković	Божичковић	noun		сербская фамилия
Božjak	Божјак	noun		сербская фамилия
Božjaković	Божјаковић	noun		сербская фамилия
Božo	Božo	noun		Божо
Božo	Божо	noun		Божо
Božović	Божовић	noun		сербская фамилия
Božukalo	Божукало	noun		сербская фамилия
Božunović	Божуновић	noun		сербская фамилия
božur	божур	noun		пион
Bracanović	Брацановић	noun		сербская фамилия
Bracić	Брацић	noun		сербская фамилия
Bracović	Брацовић	noun		сербская фамилия
brada	брада	noun		борода
Bradarić	Брадарић	noun		сербская фамилия
bradat	брадат	adj		бородатый
bradavica	брадавица	noun		бородавка
Bradaš	Брадаш	noun		сербская фамилия
Bradašević	Брадашевић	noun		сербская фамилия
Bradić	Брадић	noun		сербская фамилия
Brajan	Brajan	noun		Брайан
Brajan	Брајан	noun		Брайан
Brajanović	Брајановић	noun		сербская фамилия
Brajica	Brajica	noun		Браица
Brajica	Брајица	noun		Браица
Brajić	Брајић	noun		сербская фамилия
Brajković	Брајковић	noun		сербская фамилия
Brajović	Брајовић	noun		сербская фамилия
brak	брак	noun		брак, супружество
Braković	Браковић	noun		сербская фамилия
Brakočević	Бракочевић	noun		сербская фамилия
Brakus	Бракус	noun		сербская фамилия
Bralić	Бралић	noun		сербская фамилия
Braljinac	Браљинац	noun		сербская фамилия
Bralović	Браловић	noun		сербская фамилия
Bralušić	Бралушић	noun		сербская фамилия
Branežac	Бранежац	noun		сербская фамилия
Branilović	Браниловић	noun		сербская фамилия
Branimir	Branimir	noun		Бранимир
Branimir	Бранимир	noun		Бранимир
Branisavljević	Бранисављевић	noun		сербская фамилия
Branislav	Branislav	noun		Бранислав
Branislav	Бранислав	noun		Бранислав
Branivojević	Бранивојевић	noun		сербская фамилия
Branko	Branko	noun		Бранко
Branko	Бранко	noun		Бранко (мужское имя)
Brankov	Бранков	noun		сербская фамилия
Branković	Бранковић	noun		сербская фамилия
Branojević	Бранојевић	noun		сербская фамилия
Branovački	Брановачки	noun		сербская фамилия
Branović	Брановић	noun		сербская фамилия
braon	браон	adj		коричневый
brat	брат	noun		брат (аналогично русскому слову)
Bratanović	Братановић	noun		сербская фамилия
Brateljević	Братељевић	noun		сербская фамилия
Bratimir	Bratimir	noun		Братимир
Bratimir	Братимир	noun		Братимир
Bratislav	Bratislav	noun		Братислав
Bratislav	Братислав	noun		Братислав
Brativojić	Бративојић	noun		сербская фамилия
Bratić	Братић	noun		сербская фамилия
Bratićević	Братићевић	noun		сербская фамилия
Bratičević	Братичевић	noun		сербская фамилия
Bratković	Братковић	noun		сербская фамилия
Bratojević	Братојевић	noun		сербская фамилия
Bratoljub	Bratoljub	noun		Братолюб
Bratoljub	Братољуб	noun		Братолюб
Bratoljubić	Братољубић	noun		сербская фамилия
Bratomilić	Братомилић	noun		сербская фамилия
Bratomiljić	Братомиљић	noun		сербская фамилия
Bratomirić	Братомирић	noun		сербская фамилия
Bratonožić	Братоножић	noun		сербская фамилия
Bratoslavić	Братославић	noun		сербская фамилия
bratoubica	братоубица	noun		братоубийца
bratoubojica	братоубојица	noun		братоубийца
Bratovan	Bratovan	noun		Братован
Bratovan	Братован	noun		Братован
Bratović	Братовић	noun		сербская фамилия
Bratovčić	Братовчић	noun		сербская фамилия
Bratuljević	Братуљевић	noun		сербская фамилия
Bratulović	Братуловић	noun		сербская фамилия
Braunović	Брауновић	noun		сербская фамилия
brauzer	браузер	noun		комп. браузер (аналогично русскому слову)
bravar	бравар	noun		слесарь
Brazil	Бразил	noun		Бразилия
brazilski	бразилски	adj		бразильский
Bračinac	Брачинац	noun		сербская фамилия
Brašanac	Брашанац	noun		сербская фамилия
Brašnjaković	Брашњаковић	noun		сербская фамилия
Brašnjarević	Брашњаревић	noun		сербская фамилия
Brašnjević	Брашњевић	noun		сербская фамилия
Brašnjović	Брашњовић	noun		сербская фамилия
brašno	brašno	noun		мука́
Brašnović	Брашновић	noun		сербская фамилия
Brašovan	Брашован	noun		сербская фамилия
Brdalić	Брдалић	noun		сербская фамилия
Brdan	Брдан	noun		сербская фамилия
Brdanović	Брдановић	noun		сербская фамилия
Brdar	Брдар	noun		сербская фамилия
Brdarević	Брдаревић	noun		сербская фамилия
Brdarić	Брдарић	noun		сербская фамилия
Brdić	Брдић	noun		сербская фамилия
brdovit	брдовит	adj		холмистый
Breka	Брека	noun		сербская фамилия
Brekalo	Брекало	noun		сербская фамилия
Brekić	Брекић	noun		сербская фамилия
Breković	Брековић	noun		сербская фамилия
bremenitost	бременитост	noun		физиол. беременность
Brenjo	Брењо	noun		сербская фамилия
Bresjanac	Бресјанац	noun		сербская фамилия
breskva	бресква	noun		персик (плод)
brest	брест	noun		ботан. вяз (Ulmus L.)
brest	brest	noun		ботан. вяз (Ulmus L.)
Brestovac	Брестовац	noun		сербская фамилия
breza	breza	noun		ботан. берёза
breza	бреза	noun		ботан. берёза
Brezić	Брезић	noun		сербская фамилия
Brezo	Брезо	noun		сербская фамилия
Brezovac	Брезовац	noun		сербская фамилия
Brešković	Брешковић	noun		сербская фамилия
Brežančić	Брежанчић	noun		сербская фамилия
brigantin	бригантин	noun		морск. бригантина
brigantina	бригантина	noun		бригантина (аналог. русск. бригантина I)
brijati	бријати	verb		брить
brijati	brijati	verb		брить
brijač	бријач	noun		бритва
briket	брикет	noun		брикет
brisati	брисати	verb		вычёркивать
Brjansk	Брјанск	noun		Брянск
Brkan	Бркан	noun		сербская фамилия
Brkanlić	Брканлић	noun		сербская фамилия
Brkanović	Бркановић	noun		сербская фамилия
Brkić	Бркић	noun		сербская фамилия
Brkljač	Бркљач	noun		сербская фамилия
Brkljača	Бркљача	noun		сербская фамилия
Brko	Брко	noun		сербская фамилия
Brković	Брковић	noun		сербская фамилия
brnjica	брњица	noun		намордник
Brnjoš	Брњош	noun		сербская фамилия
Brnča	Brnča	noun		Брнча
Brnča	Брнча	noun		Брнча
brod	брод	noun		корабль
Brodarić	Бродарић	noun		сербская фамилия
Brodić	Бродић	noun		сербская фамилия
brodogradilište	бродоградилиште	noun		судоверфь
brodogradnja	бродоградња	noun		кораблестроение, судостроение
broj	broj	noun		число; грам. числительное
broj	број	noun		цифра; число
Brojanović	Бројановић	noun		сербская фамилия
brojati	brojati	verb		считать, насчитывать
brojati	бројати	verb		считать, насчитывать
Brojačević	Бројачевић	noun		сербская фамилия
brojilac	бројилац	noun		матем. числитель
brom	бром	noun		хим. бром
bronhitis	бронхитис	noun		мед. бронхит
Broćanac	Броћанац	noun		сербская фамилия
Broćeta	Броћета	noun		сербская фамилия
Broćić	Броћић	noun		сербская фамилия
Brođan	Брођан	noun		сербская фамилия
broš	брош	noun		брошь, брошка
Brstigora	Брстигора	noun		сербская фамилия
Brstigorić	Брстигорић	noun		сербская фамилия
Brstina	Брстина	noun		сербская фамилия
Bruić	Бруић	noun		сербская фамилия
Brujić	Брујић	noun		сербская фамилия
Brukić	Брукић	noun		сербская фамилия
Brukner	Брукнер	noun		сербская фамилия
Brusina	Брусина	noun		сербская фамилия
bruto domaći proizvod	бруто домаћи производ	phrase		экон. валовой внутренний продукт
bruto nacionalni proizvod	бруто национални производ	phrase		экон. валовой национальный продукт
brz	брз	adj		быстрый
Brzak	Брзак	noun		сербская фамилия
Brzaković	Брзаковић	noun		сербская фамилия
brzalica	брзалица	noun		скороговорка
Brzanović	Брзановић	noun		сербская фамилия
brzati	брзати	verb		торопить
brzina	брзина	noun		скорость
brzina svetlosti	брзина светлости	phrase		физ. скорость света
brzina zvuka	брзина звука	phrase		физ. скорость звука
Brzić	Брзић	noun		сербская фамилия
brzo	брзо	adv		быстро
Brzovan	Брзован	noun		сербская фамилия
Brčkalo	Брчкало	noun		сербская фамилия
Brđan	Брђан	noun		сербская фамилия
Brđović	Брђовић	noun		сербская фамилия
bršljan	бршљан	noun		плющ
Buač	Буач	noun		сербская фамилия
Bubajić	Бубајић	noun		сербская фамилия
Bubalo	Бубало	noun		сербская фамилия
Bubalović	Бубаловић	noun		сербская фамилия
bubamara	бубамара	noun		божья коровка
Buban	Бубан	noun		сербская фамилия
Bubanj	Бубањ	noun		сербская фамилия
Bubanović	Бубановић	noun		сербская фамилия
bubašvaba	бубашваба	noun		энтомол. таракан
Bubić	Бубић	noun		сербская фамилия
Bubičić	Бубичић	noun		сербская фамилия
Bubnjar	Бубњар	noun		сербская фамилия
bubnjar	бубњар	noun		барабанщик
Bubnjević	Бубњевић	noun		сербская фамилия
Bubnjić	Бубњић	noun		сербская фамилия
bubnjić	бубњић	noun		анат. барабанная перепонка
Bubonja	Бубоња	noun		сербская фамилия
Bubonjić	Бубоњић	noun		сербская фамилия
bubreg	бубрег	noun		анат. почка
Bubreško	Бубрешко	noun		сербская фамилия
Bubulj	Бубуљ	noun		сербская фамилия
Bucalo	Буцало	noun		сербская фамилия
Buckić	Буцкић	noun		сербская фамилия
Budakov	Будаков	noun		сербская фамилия
budala	будала	noun		глупец, дурак
Budalić	Будалић	noun		сербская фамилия
Budan	Будан	noun		сербская фамилия
Budanović	Будановић	noun		сербская фамилия
bude	bude	verb		форма будущего времени третьего лица единственного числа изъявительного наклонения глагола biti
budem	будем	verb		форма будущего времени первого лица единственного числа изъявительного наклонения глагола бити
budilnik	будилник	noun		будильник
Budim	Будим	noun		сербская фамилия
Budimac	Будимац	noun		сербская фамилия
Budimir	Budimir	noun		Будимир
Budimir	Будимир	noun		Будимир
Budimirović	Будимировић	noun		сербская фамилия
Budimkić	Будимкић	noun		сербская фамилия
Budimlija	Будимлија	noun		сербская фамилия
Budimpešta	Будимпешта	noun		Будапешт
Budimčić	Будимчић	noun		сербская фамилия
Budinić	Будинић	noun		сербская фамилия
Budinčić	Будинчић	noun		сербская фамилия
Budisavljević	Будисављевић	noun		сербская фамилия
Budislav	Budislav	noun		Будислав
Budislav	Будислав	noun		Будислав
budizam	budizam	noun		религ. буддизм
budizam	будизам	noun		религ. буддизм
Budić	Будић	noun		сербская фамилия
Budiša	Будиша	noun		сербская фамилия
Budišić	Будишић	noun		сербская фамилия
Budmani	Будмани	noun		сербская фамилия
Budnić	Буднић	noun		сербская фамилия
Budojević	Будојевић	noun		сербская фамилия
Budošan	Будошан	noun		сербская фамилия
budućnost	будућност	noun		будущее
budžet	буџет	noun		фин. бюджет
budžetski	budžetski	adj		бюджетный
budžetski	буџетски	adj		фин. бюджетный
Bugadžija	Бугаџија	noun		сербская фамилия
bugarin	bugarin	noun		болгарин
bugarin	бугарин	noun		болгарин
bugarkinja	бугаркиња	noun		болгарка
Bugarska	Бугарска	noun		Болгария
bugarski	bugarski	adj		болгарский
bugarski	бугарски	adj		болгарский
Bugarski	Бугарски	noun		сербская фамилия
Bugarčić	Бугарчић	noun		сербская фамилия
Buha	Буха	noun		сербская фамилия
Buhavac	Бухавац	noun		сербская фамилия
Bujadnjak	Бујадњак	noun		сербская фамилия
Bujaković	Бујаковић	noun		сербская фамилия
Bujinac	Бујинац	noun		сербская фамилия
Bujišić	Бујишић	noun		сербская фамилия
Bujošević	Бујошевић	noun		сербская фамилия
Bujuklić	Бујуклић	noun		сербская фамилия
Bukarica	Букарица	noun		сербская фамилия
Bukatarević	Букатаревић	noun		сербская фамилия
Bukejlović	Букејловић	noun		сербская фамилия
Bukilica	Букилица	noun		сербская фамилия
Bukinac	Букинац	noun		сербская фамилия
Bukić	Букић	noun		сербская фамилия
bukofarinks	букофаринкс	noun		анат. ротоглотка; мезофаринкс
Bukorac	Букорац	noun		сербская фамилия
Bukorović	Букоровић	noun		сербская фамилия
Bukovac	Буковац	noun		сербская фамилия
Bukovčić	Буковчић	noun		сербская фамилия
buktinja	буктиња	noun		факел
Bukumirić	Букумирић	noun		сербская фамилия
Bukumirović	Букумировић	noun		сербская фамилия
Bukurecki	Букурецки	noun		сербская фамилия
Bukurov	Букуров	noun		сербская фамилия
bukva	буква	noun		бук
bukvalnost	буквалност	noun		книжн. буквальность
bukvalnost	bukvalnost	noun		книжн. буквальность; дословность
Bukvić	Буквић	noun		сербская фамилия
Bulaja	Булаја	noun		сербская фамилия
Bulajić	Булајић	noun		сербская фамилия
Bulatović	Булатовић	noun		сербская фамилия
Bulić	Булић	noun		сербская фамилия
Bulj	Буљ	noun		сербская фамилия
Buljević	Буљевић	noun		сербская фамилия
Buljubaša	Буљубаша	noun		сербская фамилия
Buljubašić	Буљубашић	noun		сербская фамилия
Buljugić	Буљугић	noun		сербская фамилия
Bulkić	Булкић	noun		сербская фамилия
Bulovan	Булован	noun		сербская фамилия
Bulović	Буловић	noun		сербская фамилия
Bulut	Булут	noun		сербская фамилия
Bumba	Бумба	noun		сербская фамилия
Bumbar	Бумбар	noun		сербская фамилия
bumbar	бумбар	noun		энтомол. шмель (Bombus Latreille)
bumbar	bumbar	noun		энтомол. шмель (Bombus Latreille)
Bumbarević	Бумбаревић	noun		сербская фамилия
Bumbaširević	Бумбаширевић	noun		сербская фамилия
Bumbul	Бумбул	noun		сербская фамилия
bunar	бунар	noun		колодец
Bunardžić	Бунарџић	noun		сербская фамилия
Bunbulović	Бунбуловић	noun		сербская фамилия
Bundalo	Бундало	noun		сербская фамилия
Bunić	Бунић	noun		сербская фамилия
Bunjac	Буњац	noun		сербская фамилия
Bunjevac	Буњевац	noun		сербская фамилия
Bunović	Буновић	noun		сербская фамилия
Bunuševac	Бунушевац	noun		сербская фамилия
Bunčić	Бунчић	noun		сербская фамилия
bura	бура	noun		буря
Bura	Бура	noun		сербская фамилия
Burani	Бурани	noun		сербская фамилия
Burazer	Буразер	noun		сербская фамилия
Burazerić	Буразерић	noun		сербская фамилия
Burazor	Буразор	noun		сербская фамилия
Burgonja	Бургоња	noun		Бургундия
Burilo	Бурило	noun		Бурило (фамилия)
Burić	Бурић	noun		сербская фамилия
Burka	Бурка	noun		сербская фамилия
Burkanović	Буркановић	noun		сербская фамилия
burleska	бурлеска	noun		бурлеск
Burlica	Бурлица	noun		сербская фамилия
burma	бурма	noun		обручальное кольцо
Burmazević	Бурмазевић	noun		сербская фамилия
Burmazović	Бурмазовић	noun		сербская фамилия
Burojević	Буројевић	noun		сербская фамилия
Burovac	Буровац	noun		сербская фамилия
Bursać	Бурсаћ	noun		сербская фамилия
Burundi	Бурунди	noun		Бурунди
Burza	Бурза	noun		Бурза (сербская фамилия)
Burzan	Бурзан	noun		сербская фамилия
buržoazija	буржоазија	noun		буржуазия
Busarac	Бусарац	noun		сербская фамилия
Busarčević	Бусарчевић	noun		сербская фамилия
Butan	Бутан	noun		Бутан (аналогично русскому слову)
butan	бутан	noun		хим. бутан, C₄H₁₀
Butačević	Бутачевић	noun		сербская фамилия
butelja	бутеља	noun		бутыль, бутылка
Butulija	Бутулија	noun		сербская фамилия
buva	buva	noun		энтомол. блоха
buva	бува	noun		зоол. блоха (Pulex)
Buvač	Бувач	noun		сербская фамилия
Bućinac	Бућинац	noun		сербская фамилия
bučan	бучан	adj		шумный
Bučevac	Бучевац	noun		сербская фамилия
Bučić	Бучић	noun		сербская фамилия
buđ	буђ	noun		биол. плесень
Buđen	Буђен	noun		сербская фамилия
Buđenović	Буђеновић	noun		сербская фамилия
Buđevac	Буђевац	noun		сербская фамилия
Bušak	Бушак	noun		сербская фамилия
Bušetić	Бушетић	noun		сербская фамилия
bušilica	бушилица	noun		дрель
Bušić	Бушић	noun		сербская фамилия
Buškalo	Бушкало	noun		сербская фамилия
Cabo	Цабо	noun		сербская фамилия
Cabunac	Цабунац	noun		сербская фамилия
Cajić	Цајић	noun		сербская фамилия
Capardača	Цапардача	noun		сербская фамилия
car	цар	noun		царь
Caranović	Царановић	noun		сербская фамилия
careubica	careubica	noun		цареубийца
Carević	Царевић	noun		сербская фамилия
carinik	цариник	noun		таможенник
Carić	Царић	noun		сербская фамилия
carić	царић	noun		орнитол. крапивник (Troglodytes troglodytes)
ceftriakson	ceftriakson	noun		мед. цефтриаксон
ceh	цех	noun		счёт (в ресторане и т. п.)
celer	целер	noun		ботан. сельдерей (Apium)
celibat	целибат	noun		целибат
celijakija	целијакија	noun		мед. целиакия; глютеновая энтеропатия
celobrojan	целобројан	adj		матем. целочисленный
celofan	целофан	noun		целлофан
celuloid	целулоид	noun		хим. целлулоид
celuloza	целулоза	noun		хим. целлюлоза
cement	цемент	noun		цемент
cena	цена	noun		цена (аналогично русскому слову)
centar	центар	noun		центр
centimetar	центиметар	noun		сантиметр
centralizam	централизам	noun		полит. централизм
centralna banka	централна банка	phrase		экон. центральный банк
centrifuga	центрифуга	noun		центрифуга
centrifugalan	центрифугалан	adj		центробежный
cenzor	цензор	noun		цензор (аналогично русскому слову)
cepin	cepin	noun		ледоруб
cepin	цепин	noun		ледоруб
cerebralna paraliza	церебрална парализа	phrase		мед. церебральный паралич, детский церебральный паралич
ceremonija	церемонија	noun		церемония
cerijum	церијум	noun		хим. церий
Cerovac	Церовац	noun		сербская фамилия
Cerovina	Церовина	noun		сербская фамилия
Cerović	Церовић	noun		сербская фамилия
cesta	cesta	noun		дорога; улица
cesta	цеста	noun		дорога; улица
Cetina	Цетина	noun		сербская фамилия
cev	цев	noun		труба, трубка; ствол, дуло (оружия)
cevovod	cevovod	noun		трубопровод
cezijum	цезијум	noun		хим. цезий
chaconne	chaconne	noun		муз. чакона
Cicmil	Цицмил	noun		сербская фамилия
Cicvarić	Цицварић	noun		сербская фамилия
cifra	cifra	noun		цифра
cifra	цифра	noun		цифра (аналогично русскому слову)
ciganski	цигански	adj		цыганский
cigareta	цигарета	noun		сигарета
cigla	цигла	noun		кирпич
cijanid	цијанид	noun		хим. цианид
cijanogen	цијаноген	noun		хим. циан, дициан (C₂N₂)
cikcak	цикцак	noun		зигзаг
ciklički	циклички	adj		циклический, цикличный
cikloida	циклоида	noun		матем. циклоида
ciklon	циклон	noun		метеорол. циклон [1]
ciklopentan	циклопентан	noun		хим. циклопентан
ciklotron	циклотрон	noun		физ. циклотрон
cikorija	цикорија	noun		ботан. цикорий (Cichorium intybus)
Cikota	Цикота	noun		сербская фамилия
Cilikan	Циликан	noun		сербская фамилия
cilindar	цилиндар	noun		геометр. цилиндр
cilindričan	цилиндричан	adj		цилиндрический
Cimbaljević	Цимбаљевић	noun		сербская фамилия
cimet	цимет	noun		корица
Cimeša	Цимеша	noun		сербская фамилия
Cincar	Цинцар	noun		сербская фамилия
Cincarević	Цинцаревић	noun		сербская фамилия
cinerarija	cinerarija	noun		ботан. цинерария
cinizam	цинизам	noun		цинизм
cinkografija	цинкографија	noun		полигр. цинкография
cinkografija	cinkografija	noun		полигр. цинкография
cipal	ципал	noun		кефаль
cirada	цирада	noun		брезент
cirkadijalan	циркадијалан	adj		биол. циркадный, циркадианный
cirkonijum	цирконијум	noun		хим. цирконий
cirkulacija	циркулација	noun		циркуляция
cirkulirati	циркулирати	verb		циркулировать
cirkumcizija	циркумцизија	noun		обрезание, циркумцизия
cirkus	циркус	noun		цирк
ciroza	цироза	noun		мед. цирроз
cisoida	цисоида	noun		геометр. циссоида
cista	циста	noun		биол. циста
cistein	цистеин	noun		биохим. цистеин
cistein	cistein	noun		биохим. цистеин
citadela	цитадела	noun		цитадель
citat	цитат	noun		цитата
citat	citat	noun		цитата
citologija	цитологија	noun		биол. цитология
citrulin	citrulin	noun		биохим. цитруллин
citrus	цитрус	noun		ботан. цитрус (аналогично русскому слову)
civilizacija	цивилизација	noun		цивилизация
civilizirati	цивилизирати	verb		цивилизовать
Cmiljanić	Цмиљанић	noun		сербская фамилия
Cmolić	Цмолић	noun		сербская фамилия
Conić	Цонић	noun		сербская фамилия
Crepajac	Црепајац	noun		сербская фамилия
crevo	црево	noun		анат. кишка
crevo	crevo	noun		анат. кишка
crkva	црква	noun		церковь
Crkvenjakov	Црквењаков	noun		сербская фамилия
Crkvenjaš	Црквењаш	noun		сербская фамилия
Crljenica	Црљеница	noun		сербская фамилия
crn	crn	adj		чёрный
crn	црн	adj		чёрный
Crna Gora	Crna Gora	phrase		Черногория
Crna Gora	Црна Гора	phrase		Черногория
crna magija	црна магија	phrase		чёрная магия, колдовство
crna rupa	црна рупа	phrase		астрон. чёрная дыра
crnac	црнац	noun		негр
Crnadak	Црнадак	noun		Црнадак (фамилия)
crni labud	црни лабуд	phrase		орнитол. чёрный лебедь (Cygnus atratus)
crni čaj	црни чај	phrase		чёрный чай
crnica	црница	noun		чернозём
Crnilović	Црниловић	noun		сербская фамилия
Crnjanski	Црњански	noun		сербская фамилия
crnkinja	црнкиња	noun		негритянка
Crno more	Црно море	phrase		геогр. Чёрное море
Crnobarac	Црнобарац	noun		сербская фамилия
Crnobrnja	Црнобрња	noun		сербская фамилия
Crnoglavac	Црноглавац	noun		сербская фамилия
Crnogorac	Црногорац	noun		сербская фамилия
crnogorski	crnogorski	adj		черногорский
crnogorski	црногорски	adj		черногорский
Crnogorčević	Црногорчевић	noun		сербская фамилия
Crnojević	Црнојевић	noun		сербская фамилия
Crnokrak	Црнокрак	noun		сербская фамилия
Crnomarković	Црномарковић	noun		сербская фамилия
Crnčević	Црнчевић	noun		сербская фамилия
crta	црта	noun		чертить
crtalo	цртало	noun		линейка
crtež	цртеж	noun		чертёж
crtež	crtež	noun		чертёж
crv	црв	noun		зоол. червь, червяк
crven	црвен	adj		красный
crven	crven	adj		красный
crvendać	црвендаћ	noun		орнитол. зарянка, малиновка (Erithacus rubecula)
Crvenković	Црвенковић	noun		сербская фамилия
crvenrepka	црвенрепка	noun		орнитол. горихвостка (Phoenicurus)
cug	цуг	noun		поезд
Cukanić	Цуканић	noun		сербская фамилия
Cukavac	Цукавац	noun		сербская фамилия
Cukovac	Цуковац	noun		сербская фамилия
cunami	цунами	noun		цунами (аналогично русскому слову)
cunami	cunami	noun		цунами
Cupara	Цупара	noun		сербская фамилия
Cupać	Цупаћ	noun		сербская фамилия
Curić	Цурић	noun		сербская фамилия
cvast	цваст	noun		ботан. соцветие
Cvejan	Cvejan	noun		Цвеян
Cvejan	Цвејан	noun		Цвеян
Cvejić	Цвејић	noun		сербская фамилия
Cvetanović	Цветановић	noun		сербская фамилия
Cvetin	Cvetin	noun		Цветин
Cvetin	Цветин	noun		Цветин
Cvetinović	Цветиновић	noun		сербская фамилия
Cvetić	Цветић	noun		сербская фамилия
Cvetko	Cvetko	noun		Цветко
Cvetko	Цветко	noun		Цветко
Cvetković	Cvetković	noun		сербская фамилия Цветкович
Cvetković	Цветковић	noun		сербская фамилия Цветкович
Cvetoje	Cvetoje	noun		Цветой
Cvetoje	Цветоје	noun		Цветой
Cvetoš	Cvetoš	noun		Цветош
Cvetoš	Цветош	noun		Цветош
Cvijan	Cvijan	noun		Цвиян
Cvijan	Цвијан	noun		Цвиян
Cvijanović	Цвијановић	noun		сербская фамилия
Cvijetin	Cvijetin	noun		Цветин
Cvijetin	Цвијетин	noun		Цветин, Цвиетин
Cvijetinović	Цвијетиновић	noun		сербская фамилия
Cvijetić	Цвијетић	noun		сербская фамилия
Cvijić	Цвијић	noun		сербская фамилия
Cvijović	Цвијовић	noun		сербская фамилия
cvilež	цвилеж	noun		плач, хныканье
cviljenje	цвиљење	noun		визг, писк; нытьё
Cvitkovac	Цвитковац	noun		сербская фамилия
Cvjetan	Цвјетан	noun		сербская фамилия
Cvjetinović	Цвјетиновић	noun		сербская фамилия
Cvjetko	Cvjetko	noun		Цветко
Cvjetko	Цвјетко	noun		Цветко
Cvjetoje	Cvjetoje	noun		Цветой
Cvjetoje	Цвјетоје	noun		Цветой
Cvjetoš	Cvjetoš	noun		Цветош
Cvjetoš	Цвјетош	noun		Цветош
cvrčak	цврчак	noun		цикада
da	да	particle		да (аналогично русскому слову); что, чтобы
Dabarčić	Дабарчић	noun		сербская фамилия
Dabetić	Дабетић	noun		сербская фамилия
Dabić	Дабић	noun		сербская фамилия
Dabiša	Dabiša	noun		Дабиша
Dabiša	Дабиша	noun		Дабиша
Dabiživ	Dabiživ	noun		Дабижив
Dabiživ	Дабижив	noun		Дабижив
Dabižljević	Дабижљевић	noun		сербская фамилия
Dabović	Дабовић	noun		сербская фамилия
Dabulović	Дабуловић	noun		сербская фамилия
Dacković	Дацковић	noun		сербская фамилия
Dacović	Дацовић	noun		сербская фамилия
dadaizam	дадаизам	noun		искусств. дадаизм, дада
dadilja	дадиља	noun		няня
dagerotipija	дагеротипија	noun		дагерротипия
Dagestan	Дагестан	noun		Дагестан (аналогично русскому слову)
Dajić	Дајић	noun		сербская фамилия
Dajlić	Дајлић	noun		сербская фамилия
Daković	Даковић	noun		сербская фамилия
daktil	дактил	noun		филол. дактиль
dalekogled	далекоглед	noun		бинокль
dalekovidan	далековидан	adj		дальновидный, дальнозоркий
dalekovidnost	далековидност	noun		мед. дальнозоркость; гиперметропия
dalekovidost	далековидост	noun		дальновидность; прозорливость
Dalibor	Dalibor	noun		Далибор
Dalibor	Далибор	noun		Далибор - (перевод) "рождённый, чтобы сражаться"
Daljević	Даљевић	noun		сербская фамилия
daljina	даљина	noun		расстояние
daltonist	далтонист	noun		дальтоник
Damjan	Damjan	noun		Дамьян
Damjan	Дамјан	noun		Дамьян
Damjanac	Дамјанац	noun		сербская фамилия
Damjanić	Дамјанић	noun		сербская фамилия
Damjanov	Дамјанов	noun		сербская фамилия
Damjanović	Дамјановић	noun		сербская фамилия
Damjančević	Дамјанчевић	noun		сербская фамилия
Damljan	Damljan	noun		Дамлян
Damljan	Дамљан	noun		Дамлян
Damnjanac	Дамњанац	noun		сербская фамилия
Damnjanović	Дамњановић	noun		сербская фамилия
dan	dan	noun		день
dan	дан	noun		день
Danac	Данац	noun		датчанин
Danac	Danac	noun		датчанин
danas	danas	adv		сегодня
danas	данас	adv		сегодня
Dane	Dane	noun		Дане
Dane	Дане	noun		Дане
Dangić	Дангић	noun		сербская фамилия
Dangubić	Дангубић	noun		сербская фамилия
Danijel	Danijel	noun		Даниел, Даниил
Danijel	Данијел	noun		Даниел, Даниил
Danilo	Danilo	noun		Данило
Danilo	Данило	noun		Данило
Danilovac	Даниловац	noun		сербская фамилия
Danilović	Даниловић	noun		Данилович (фамилия
Daničić	Даничић	noun		сербская фамилия
Dankinja	Dankinja	noun		датчанка
Dankinja	Данкиња	noun		датчанка
Danko	Danko	noun		Данко
Danko	Данко	noun		Данко
Danković	Данковић	noun		сербская фамилия
Dankulov	Данкулов	noun		сербская фамилия
Danojević	Данојевић	noun		сербская фамилия
Danojlić	Данојлић	noun		сербская фамилия
Danojlović	Данојловић	noun		сербская фамилия
Danska	Данска	noun		Дания
Dančetović	Данчетовић	noun		сербская фамилия
Dančević	Данчевић	noun		сербская фамилия
Dančulović	Данчуловић	noun		сербская фамилия
Dančuo	Данчуо	noun		сербская фамилия
dar	дар	noun		подарок; дарование
Dardić	Дардић	noun		сербская фамилия
Darfur	Дарфур	noun		Дарфур
Darije	Darije	noun		Дарий
Darije	Дарије	noun		Дарий
Darijević	Даријевић	noun		сербская фамилия
Dario	Dario	noun		Дарио
Dario	Дарио	noun		Дарио
darivalac	даривалац	noun		даритель
Darko	Darko	noun		Дарко
Darko	Дарко	noun		Дарко (аналогично русскому слову)
darovalac	даровалац	noun		даритель
Daskalović	Даскаловић	noun		сербская фамилия
dati	дати	verb		дать
datirati	датирати	verb		датировать
datulja	датуља	noun		финик (плод); финиковая пальма
David	David	noun		Давид, Давыд
David	Давид	noun		Давид, Давыд
Davidovac	Давидовац	noun		сербская фамилия
Davidović	Давидовић	noun		сербская фамилия
Davinić	Давинић	noun		сербская фамилия
Dačević	Дачевић	noun		сербская фамилия
Dačić	Dačić	noun		сербская фамилия Дачич
Dačić	Дачић	noun		сербская фамилия Дачич
Dačković	Дачковић	noun		сербская фамилия
Dačović	Дачовић	noun		сербская фамилия
dažbina	дажбина	noun		фин. налог
Debaljceve	Дебаљцеве	noun		Дебальцево
Debeljački	Дебељачки	noun		сербская фамилия
Debeljković	Дебељковић	noun		сербская фамилия
Debljović	Дебљовић	noun		сербская фамилия
decembar	децембар	noun		декабрь
decembar	decembar	noun		декабрь
decembarski	децембарски	adj		декабрьский
decilitar	децилитар	noun		децилитр
decilitar	decilitar	noun		децилитр
ded	дед	noun		дед, дедушка (отец отца или матери)
ded	ded	noun		дед, дедушка (отец отца или матери)
Dedal	Дедал	noun		мифол. Дедал (аналогично русскому слову)
Dedijer	Дедијер	noun		сербская фамилия
Dedić	Дедић	noun		сербская фамилия
dedov	дедов	noun		форма родительного или винительного падежа множественного числа существительного дед
dedukcija	дедукција	noun		филос. дедукция
defekacija	дефекација	noun		физиол. дефекация, испражнение
defenestracija	дефенестрација	noun		книжн. дефенестрация
defetizam	дефетизам	noun		дефетизм, пораженчество
defibrilacija	дефибрилација	noun		мед. дефибрилляция
deflacija	дефлација	noun		фин. дефляция
deformacija	деформација	noun		деформация
deformitet	деформитет	noun		деформация; искажение формы; мед. дефект; уродство; аномалия
degustirati	дегустирати	verb		дегустировать
dehumanizacija	дехуманизација	noun		дегуманизация; обесчеловечивание
Dejan	Dejan	noun		Деян, Дэян
Dejan	Дејан	noun		Деян, Дэян
Dejanović	Дејановић	noun		сербская фамилия
Dejković	Дејковић	noun		сербская фамилия
Dejović	Дејовић	noun		сербская фамилия
dekaedar	декаедар	noun		геометр. десятигранник
dekan	декан	noun		декан (руководитель факультета)
dekan	декан	noun		хим. декан (углеводород)
dekatlon	декатлон	noun		спорт. десятиборье, декатлон
deklamacija	декламација	noun		декламация
deklinometar	деклинометар	noun		физ. деклинометр
dekodirati	декодирати	verb		декодировать, расшифровывать
dekolonizacija	деколонизација	noun		деколонизация
dekstrin	декстрин	noun		хим. декстрин
delatnost	делатност	noun	ekav	деятельность; занятие, профессия
delfin	делфин	noun	ekav	зоол. ихтиол. дельфин
delfinarijum	делфинаријум	noun	ekav	дельфинарий
delfski	делфски	adj	ekav	дельфийский
delhijski	делхијски	adj	ekav	делийский
deliti	делити	verb	ekav	делить
Delić	Делић	noun	ekav	сербская фамилия
deljenik	дељеник	noun	ekav	матем. делимое
delo	дело	noun	ekav	дело (аналогично русскому слову)
delta	делта	noun	ekav	дельта
delьfin	дельфин	noun	ekav	зоол. дельфин (аналогично русскому слову)
demagogija	демагогија	noun		демагогия
demencija	деменција	noun		психиатр. деменция; слабоумие
demilitarizacija	демилитаризација	noun		демилитаризация
deminutiv	деминутив	noun		лингв. диминутив, деминутив
Demić	Демић	noun		сербская фамилия
demodulacija	демодулација	noun		техн. демодуляция
demodulator	демодулатор	noun		техн. демодулятор
demograf	демограф	noun		демограф
demografija	демографија	noun		демография
demografski	демографски	adj		демографический
demokratija	демократија	noun		демократия
Demokratska Narodna Republika Koreja	Демократска Народна Република Кореја	phrase		геогр. Корейская Народно-Демократическая Республика
demokratski	демократски	adj		демократический
demon	демон	noun		религ., мифол. (также перен.) демон (аналогично русскому демон I)
demon	demon	noun		демон
demona	демона	noun		форма родительного и винительного падежа единственного числа существительного демон
demona	демона	noun		форма родительного падежа множественного числа существительного демон
demonstrant	демонстрант	noun		демонстрант
demoralisati	деморалисати	verb		деморализовать
demoralizacija	деморализација	noun		деморализация Дуготрајна незапосленост и немогућност проналажења посла довели су до опште деморализације међу младима у том региону.|перевод=Длительная безработица и невозможность найти работу привели к всеобщей деморализации среди молодёжи в этом регионе.}}
demotski	демотски	adj		истор. демотический
denacifikacija	денацификација	noun		истор. денацификация
denacionalizacija	денационализација	noun		денационализация
denaturacija	денатурација	noun		биохим. денатурация
Denda	Денда	noun		сербская фамилия
dendrokronologija	дендрокронологија	noun		дендрохронология
dendrologija	дендрологија	noun		дендрология
Denić	Денић	noun		сербская фамилия
Denkić	Денкић	noun		сербская фамилия
Denković	Денковић	noun		сербская фамилия
Denović	Деновић	noun		сербская фамилия
dentin	дентин	noun		анат., стомат. дентин
denzitometar	дензитометар	noun		спец. денситометр
Denčić	Денчић	noun		сербская фамилия
deo	део	noun		часть; доля
deontologija	deontologija	noun		деонтология
deontologija	деонтологија	noun		деонтология
depigmentacija	депигментација	noun		физиол. депигментация
depopulacija	депопулација	noun		депопуляция; обезлюдение
deportacija	депортација	noun		депортация
deportirati	депортирати	verb		депортировать
deputat	депутат	noun		депутат
Derajić	Дерајић	noun		сербская фамилия
Dereta	Дерета	noun		сербская фамилия
Deretić	Деретић	noun		сербская фамилия
Derikonjić	Дерикоњић	noun		сербская фамилия
dermatologija	дерматологија	noun		дерматология
Deroko	Дероко	noun		сербская фамилия
Deronjić	Дероњић	noun		сербская фамилия
Desančić	Десанчић	noun		сербская фамилия
desegregacija	десегрегација	noun		книжн. десегрегация
deset	десет	num		десять
deseti	deseti	num		десятый
desetoboj	десетобој	noun		спорт. десятиборье
desetougao	десетоугао	noun		геометр. десятиугольник
Desimir	Desimir	noun		Десимир
Desimir	Десимир	noun		Десимир
Desimirović	Десимировић	noun		сербская фамилия
Desivojević	Десивојевић	noun		сербская фамилия
desmolitički	десмолитички	adj		цитол. десмолитический
desni	десни	adj		правый
Desnica	Десница	noun		От ст.-слав. "десн"- "правый"
Desović	Десовић	noun		сербская фамилия
Despinić	Деспинић	noun		сербская фамилия
Despić	Деспић	noun		сербская фамилия
Despot	Despot	noun		Деспот
Despot	Деспот	noun		Деспот
Despotovac	Деспотовац	noun		Деспотовац, город в Сербии
Despotovac	Despotovac	noun		Деспотовац, город в Сербии
Despotović	Деспотовић	noun		сербская фамилия
destabilizirati	дестабилизирати	verb		дестабилизировать
destaljinizacija	дестаљинизација	noun		десталинизация
detaljan	детаљан	adj		детальный, подробный
detelina	детелина	noun		ботан. клевер
determinizam	детерминизам	noun		филос. детерминизм
detoksifikacija	детоксификација	noun		мед. детоксикация
detoksikacija	детоксикација	noun		мед. детоксикация
Detroit	Детроит	noun		Детройт
Deurić	Деурић	noun		сербская фамилия
deva	дева	noun		дева (аналогично русскому слову)
devalvacija	девалвација	noun		экон. девальвация
devalvirati	девалвирати	verb		фин. девальвировать
devalvirati	devalvirati	verb		фин. девальвировать
devanagari	деванагари	noun		деванагари (аналогично русскому слову)
devedeset	деведесет	num		девяносто
Devedžić	Девеџић	noun		сербская фамилия
dever	девер	noun		деверь
devet	девет	num		девять
deveti	deveti	num		девятый
deveti	девети	num		девятый
devetnaest	деветнаест	num		девятнадцать
devetnaesti	деветнаести	num		девятнадцатый
devetnaestougao	деветнаестоугао	noun		геометр. девятнадцатиугольник
devetnaestougao	devetnaestougao	noun		геометр. девятнадцатиугольник
devetogodišnji	деветогодишњи	adj		девятилетний
devetougao	деветоугао	noun		геометр. девятиугольник
devetougao	devetougao	noun		геометр. девятиугольник
devetsto	деветсто	num		девятьсот
devizni	девизни	adj		валютный
devojka	девојка	noun	ekav	девушка
Devrnja	Деврња	noun		сербская фамилия
dezerter	дезертер	noun		воен. дезертир
dezertirati	дезертирати	verb		дезертировать
dezinfikovati	дезинфиковати	verb		дезинфицировать
dezinformacija	дезинформација	noun		дезинформация
dezoksiribonukleinska kiselina	дезоксирибонуклеинска киселина	phrase		дезоксирибонуклеиновая кислота
dečak	дечак	noun		мальчик
Deđanski	Деђански	noun		сербская фамилия
Dešić	Дешић	noun		сербская фамилия
Didanović	Дидановић	noun		сербская фамилия
dielektrik	диелектрик	noun		физ. диэлектрик
difenilamin	дифениламин	noun		хим. дифениламин
difenilamin	difenilamin	noun		хим. дифениламин
diferencijacija	диференцијација	noun		дифференциация
diferencijalna jednačina	диференцијална једначина	phrase		матем. дифференциальное уравнение
difterija	дифтерија	noun		мед. дифтерия, дифтерит
diftongizacija	дифтонгизација	noun		дифтонгизация
difuzija	дифузија	noun		физ. диффузия
digitalizacija	дигитализација	noun		оцифровка
digitalizacija	digitalizacija	noun		оцифровка
digitalizovanje	дигитализовање	noun		оцифровка
dijabetes	дијабетес	noun		мед. диабет
dijagnostika	дијагностика	noun		диагностика
dijagnostičan	дијагностичан	adj		диагностический
dijagnostički	дијагностички	adj		диагностический
dijagonala	дијагонала	noun		геометр. диагональ
dijagonalan	дијагоналан	adj		диагональный
dijagram	дијаграм	noun		диаграмма
dijalekt	дијалект	noun		лингв. диалект
dijalektika	дијалектика	noun		филос. диалектика
dijalektički materijalizam	дијалектички материјализам	phrase		диалектический материализм
dijalektologija	дијалектологија	noun		лингв. диалектология
dijaliza	дијализа	noun		биохим. диализ
dijalog	дијалог	noun		диалог
dijapazon	дијапазон	noun		муз. камертон; диапазон
dijareja	дијареја	noun		мед. диарея, понос
dijateza	дијатеза	noun		мед. диатез
dijeta	dijeta	noun		диета
dijeta	дијета	noun		диета
Dikanović	Дикановић	noun		сербская фамилия
Diklić	Диклић	noun		сербская фамилия
dikobraz	дикобраз	noun		зоол. дикобраз
Diković	Диковић	noun		сербская фамилия
diktator	диктатор	noun		истор. диктатор (аналогично русскому слову)
diktatura	диктатура	noun		диктатура
diktatura	diktatura	noun		диктатура
diktatura proletarijata	диктатура пролетаријата	phrase		диктатура пролетариата
dilatometar	дилатометар	noun		техн. дилатометр
dilema	дилема	noun		филос., матем. дилемма
dilema	dilema	noun		дилемма
diletant	дилетант	noun		дилетант
dim	дим	noun		дым
Dimanić	Диманић	noun		сербская фамилия
Dimitrije	Dimitrije	noun		Димитрий
Dimitrije	Димитрије	noun		Димитрий
Dimitrijević	Димитријевић	noun		сербская фамилия
Dimitrijevski	Димитријевски	noun		сербская фамилия
Dimitrić	Димитрић	noun		сербская фамилия
Dimić	Димић	noun		сербская фамилия
Dimkić	Димкић	noun		сербская фамилия
Dimković	Димковић	noun		сербская фамилия
dimničar	димничар	noun		трубочист
dimnjačar	димњачар	noun		трубочист
dimorfizam	диморфизам	noun		книжн. диморфизм
Dimović	Димовић	noun		сербская фамилия
Dimčević	Димчевић	noun		сербская фамилия
Dimčić	Димчић	noun		сербская фамилия
Dimčo	Dimčo	noun		Димчо
Dimčo	Димчо	noun		Димчо
dinamika	динамика	noun		физ. динамика
dinamit	динамит	noun		динамит
dinastija	династија	noun		истор. династия
Dingarac	Дингарац	noun		сербская фамилия
Dinić	Динић	noun		сербская фамилия
dinja	диња	noun		ботан. дыня (Cucumis melo)
Dinkić	Динкић	noun		сербская фамилия
dinosaurus	диносаурус	noun		зоол. динозавр
Dinulović	Динуловић	noun		сербская фамилия
Dinčić	Динчић	noun		сербская фамилия
dioničar	дионичар	noun		акционер
dioničar	dioničar	noun		акционер
diplomacija	дипломација	noun		дипломатия
diplomatija	дипломатија	noun		дипломатия
diplomatski	дипломатски	adj		дипломатический
dipol	дипол	noun		физ. диполь
dirigent	диригент	noun		дирижёр
dirižabl	дирижабл	noun		дирижабль
disanje	дисање	noun		дыхание
disident	дисидент	noun		диссидент
disjunkcija	disjunkcija	noun		матем. дизъюнкция
disjunkcija	дисјункција	noun		матем. дизъюнкция
Diskić	Дискић	noun		сербская фамилия
diskografija	дискографија	noun		муз. дискография
diskretan	дискретан	adj		матем. дискретный
diskriminacija	дискриминација	noun		дискриминация
diskvalifikacija	diskvalifikacija	noun		дисквалификация
disleksija	дислексија	noun		психиатр. дислексия
disonans	дисонанс	noun		муз. диссонанс
dispečer	диспечер	noun		диспетчер
disprozijum	диспрозијум	noun		хим. диспрозий
distih	дистих	noun		филол. двустишие, дистих
distonija	дистонија	noun		мед. дистония
distopija	дистопија	noun		антиутопия; дистопия
distopija	distopija	noun		антиутопия; дистопия
ditiramb	дитирамб	noun		дифирамб
Divac	Дивац	noun		сербская фамилия
diverzija	диверзија	noun		воен. диверсия
divizma	дивизма	noun		ботан. коровяк
Divić	Дивић	noun		сербская фамилия
Divjak	Дивјак	noun		сербская фамилия
Divjaković	Дивјаковић	noun		сербская фамилия
Divljak	Дивљак	noun		сербская фамилия
Divljaković	Дивљаковић	noun		сербская фамилия
Divljan	Дивљан	noun		сербская фамилия
divljenje	дивљење	noun		восхищение
divljina	дивљина	noun		дикая местность
Divnić	Дивнић	noun		сербская фамилия
Divović	Дивовић	noun		сербская фамилия
dizalo	дизало	noun		лифт
dizel-lokomotiva	дизел-локомотива	noun		тепловоз
dizenterija	дизентерија	noun		мед. дизентерия
dizurija	дизурија	noun		мед. дизурия
Dičić	Дичић	noun		сербская фамилия
Dišljenković	Дишљенковић	noun		сербская фамилия
Dišović	Дишовић	noun		сербская фамилия
djembe	дјембе	noun		джембе
djetlić	дјетлић	noun		орнитол. дятел
dlan	длан	noun		анат. ладонь
dlan	dlan	noun		анат. ладонь
dleto	длето	noun		долото
Dmitar	Dmitar	noun		Дмитар
Dmitar	Дмитар	noun		Дмитар
Dmitrović	Дмитровић	noun		сербская фамилия
Dnjepar	Дњепар	noun		Днепр
Dnjepropetrovsk	Дњепропетровск	noun		Днепропетровск
dnjestarski	дњестарски	adj		геогр. днестровский
doba	доба	noun		пора, время; эпоха, эра
dobar	dobar	adj		хороший, добрый
dobar	добар	adj		хороший, добрый
dobijanje	dobijanje	noun		получение
dobijanje	добијање	noun		получение
dobiti	добити	verb		получить, приобрести; выиграть
dobiti	dobiti	verb		получить, приобрести; выиграть
dobošar	добошар	noun		барабанщик
dobra večer	добра вечер	phrase		добрый вечер!
Dobranić	Добранић	noun		сербская фамилия
Dobranović	Добрановић	noun		сербская фамилия
Dobrašin	Dobrašin	noun		Добрашин
Dobrašin	Добрашин	noun		Добрашин
Dobrašinović	Добрашиновић	noun		сербская фамилия
Dobrenović	Добреновић	noun		сербская фамилия
Dobrečević	Добречевић	noun		сербская фамилия
Dobrica	Dobrica	noun		Добрица
Dobrica	Добрица	noun		Добрица
Dobrijević	Добријевић	noun		сербская фамилия
Dobriković	Добриковић	noun		сербская фамилия
Dobrilo	Dobrilo	noun		Добрило
Dobrilo	Добрило	noun		Добрило
Dobrilović	Добриловић	noun		сербская фамилия
Dobrinković	Добринковић	noun		сербская фамилия
Dobrivoj	Dobrivoj	noun		Добривой
Dobrivoj	Добривој	noun		Добривой
Dobrivoje	Dobrivoje	noun		Добривой
Dobrivoje	Добривоје	noun		Добривой
Dobrivojević	Добривојевић	noun		сербская фамилия
Dobrić	Добрић	noun		сербская фамилия
dobričica	добричица	noun		ботан. будра (Glechoma)
Dobričić	Добричић	noun		сербская фамилия
Dobrnjac	Добрњац	noun		сербская фамилия
dobro	добро	adv		хорошо
dobro jutro	dobro jutro	phrase		доброе утро!
dobro jutro	добро јутро	phrase		доброе утро!
dobro veče	добро вече	phrase		добрый вечер!
dobrobit	добробит	noun		благосостояние, благополучие, благоденствие
Dobrodolac	Добродолац	noun		сербская фамилия
dobrodošli	dobrodošli	intj		добро пожаловать! (обращение на Вы или к нескольким разнополым лицам)
Dobrojević	Добројевић	noun		сербская фамилия
Dobromirov	Добромиров	noun		сербская фамилия
Dobromirović	Добромировић	noun		сербская фамилия
Dobrosav	Dobrosav	noun		Добросав
Dobrosav	Добросав	noun		Добросав
Dobrosavljev	Добросављев	noun		сербская фамилия
Dobrosavljević	Добросављевић	noun		сербская фамилия
Dobroslav	Dobroslav	noun		Доброслав
Dobroslav	Доброслав	noun		Доброслав
Dobrota	Доброта	noun		Доброта (сербская фамилия)
dobrotvoran	добротворан	adj		благотворительный
dobrotvoran	dobrotvoran	adj		благотворительный
Dobrović	Добровић	noun		сербская фамилия
Dobrovocki	Добровоцки	noun		сербская фамилия
docent	доцент	noun		доцент
dodekaedar	додекаедар	noun		геометр. двенадцатигранник, додекаэдр
dodekafonija	додекафонија	noun		муз. додекафония
dodekagon	dodekagon	noun		геометр. двенадцатиугольник
dodekanol	додеканол	noun		хим. додеканол
Doder	Додер	noun		сербская фамилия
Doderović	Додеровић	noun		сербская фамилия
Dodik	Додик	noun		Додик (сербская фамилия)
Dogandžić	Доганџић	noun		сербская фамилия
Doganjić	Догањић	noun		сербская фамилия
dogled	доглед	noun		бинокль
dogled	dogled	noun		бинокль
dogovoriti se	договорити се	verb		договориться
dogovoriti se	dogovoriti se	verb		договориться
Doha	Доха	noun		Доха (аналогично русскому слову)
dojilja	дојиља	noun		кормилица, мамка
dojiti	дојити	verb		кормить грудью
Dojčilo	Dojčilo	noun		Дойчило
Dojčilo	Дојчило	noun		Дойчило
Dojčilović	Дојчиловић	noun		сербская фамилия
Dojčin	Dojčin	noun		Дойчин
Dojčin	Дојчин	noun		Дойчин
Dojčinović	Дојчиновић	noun		сербская фамилия
dok	док	conj		пока, в то время как
dok	док	noun		док (аналог. русск. док I)
Dokmanac	Докманац	noun		сербская фамилия
Dokmanović	Докмановић	noun		сербская фамилия
Doknić	Докнић	noun		сербская фамилия
doktrina	доктрина	noun		доктрина
dokument	документ	noun		документ (аналогично русскому слову)
dokumentacija	документација	noun		документация
dokumentacija	dokumentacija	noun		документация
dol	дол	noun		долина
dolazak	долазак	noun		прибытие
dole	доле	adv		вниз; внизу
dolina	долина	noun		долина
Dolinac	Долинац	noun		сербская фамилия
Dolinić	Долинић	noun		сербская фамилия
Doljančević	Дољанчевић	noun		сербская фамилия
dolma	долма	noun		долма (аналогично русскому слову)
dolomit	доломит	noun		геол. доломит (аналогично русскому слову)
Dolovac	Доловац	noun		сербская фамилия
Dolovački	Доловачки	noun		сербская фамилия
Domanović	Домановић	noun		сербская фамилия
Domazet	Домазет	noun		сербская фамилия
domaća zadaća	домаћа задаћа	phrase		домашняя работа, домашнее задание
domaći rad	домаћи рад	phrase		домашняя работа, домашнее задание
domaćica	домаћица	noun		домохозяйка
domestikacija	доместикација	noun		одомашнение, одомашнивание, доместикация
dominanta	доминанта	noun		муз. доминанта
domoljublje	домољубље	noun		патриотизм
domovina	домовина	noun		родной край, родина, отечество, отчизна
Dondur	Дондур	noun		сербская фамилия
Donević	Доневић	noun		сербская фамилия
Donja Lužica	Доња Лужица	phrase		геогр. Нижняя Лужица
Donjeck	Доњецк	noun		Донецк
Donjecka Narodna Republika	Доњецка Народна Република	phrase		Донецкая Народная Республика
donošenje	donošenje	noun		(о решении) принятие
donošenje	доношење	noun		(о решении) принятие
doping	допинг	noun		допинг
dopisati	дописати	verb		дописать
dopisnik	дописник	noun		корреспондент, репортёр
doprinos	допринос	noun		вклад (что-либо ценное, вносимое кем-либо в науку, культуру, в общее дело)
Dopuđa	Допуђа	noun		сербская фамилия
Doronjski	Дороњски	noun		сербская фамилия
Doroslovac	Дорословац	noun		сербская фамилия
Doroslovački	Дорословачки	noun		сербская фамилия
Dorotej	Dorotej	noun		Доротей, Дорофей
Dorotej	Доротеј	noun		Доротей, Дорофей
Doroški	Дорошки	noun		сербская фамилия
doručak	доручак	noun		завтрак
doručkovati	доручковати	verb		завтракать
dosije	dosije	noun		досье
dosije	досије	noun		досье
Dositej	Dositej	noun		Доситей
Dositej	Доситеј	noun		Доситей
Dosković	Досковић	noun		сербская фамилия
Dostanić	Достанић	noun		сербская фамилия
dostojan	достојан	adj		достойный
dostupnost	доступност	noun		доступность
dotacija	дотација	noun		дотация
Dotlić	Дотлић	noun		сербская фамилия
Dovedan	Доведан	noun		сербская фамилия
Dovijanić	Довијанић	noun		сербская фамилия
doviđenja	doviđenja	intj		до свидания
Dovniković	Довниковић	noun		сербская фамилия
dovoditi u pitanje	dovoditi u pitanje	phrase		ставить под вопрос
dovoljan	довољан	adj		достаточный
dovoljno	довољно	adv		достаточно, довольно
doza	doza	noun		доза
Dozet	Дозет	noun		сербская фамилия
dozimetar	дозиметар	noun		техн. дозиметр
dozvola	dozvola	noun		разрешение
dozvola	дозвола	noun		разрешение
Došen	Дошен	noun		сербская фамилия
Došenović	Дошеновић	noun		сербская фамилия
Dragan	Dragan	noun		Драган
Dragan	Драган	noun		Драган
Draganić	Драганић	noun		сербская фамилия
Draganjac	Драгањац	noun		сербская фамилия
Draganov	Драганов	noun		сербская фамилия
Draganović	Драгановић	noun		сербская фамилия
Dragačevac	Драгачевац	noun		сербская фамилия
Dragačević	Драгачевић	noun		сербская фамилия
Dragaš	Dragaš	noun		Драгаш
Dragaš	Драгаш	noun		Драгаш
Dragašević	Драгашевић	noun		сербская фамилия
Drageljević	Драгељевић	noun		сербская фамилия
Dragin	Dragin	noun		Драгин
Dragin	Драгин	noun		Драгин
Dragić	Dragić	noun		Драгич
Dragić	Драгић	noun		Драгич
Dragićević	Драгићевић	noun		сербская фамилия
Dragiša	Dragiša	noun		Драгиша
Dragiša	Драгиша	noun		Драгиша
Dragišić	Драгишић	noun		сербская фамилия
drago	драго	adv		дорого, мило, приятно; рад, рада
Drago	Drago	noun		Драго
Drago	Драго	noun		Драго
Dragobrat	Dragobrat	noun		Драгобрат
Dragobrat	Драгобрат	noun		Драгобрат
Dragoja	Dragoja	noun		Драгоя, Драгой
Dragoja	Драгоја	noun		Драгоя, Драгой
Dragoje	Драгоје	noun		Драгой
Dragoje	Dragoje	noun		Драгой
Dragojević	Драгојевић	noun		сербская фамилия
Dragojlo	Dragojlo	noun		Драгойло
Dragojlo	Драгојло	noun		Драгойло
Dragojlov	Драгојлов	noun		сербская фамилия
Dragojlović	Драгојловић	noun		сербская фамилия
Dragoljević	Драгољевић	noun		сербская фамилия
Dragoljić	Драгољић	noun		сербская фамилия
Dragoljub	Dragoljub	noun		Драголюб
Dragoljub	Драгољуб	noun		Драголюб
Dragomir	Dragomir	noun		Драгомир
Dragomir	Драгомир	noun		Драгомир (мужское имя)
Dragomirović	Драгомировић	noun		сербская фамилия
Dragorad	Dragorad	noun		Драгорад
Dragorad	Драгорад	noun		Драгорад
Dragosavac	Драгосавац	noun		сербская фамилия
Dragosavljević	Драгосављевић	noun		сербская фамилия
Dragoslav	Dragoslav	noun		Драгослав
Dragoslav	Драгослав	noun		Драгослав (мужское имя)
Dragoslavić	Драгославић	noun		сербская фамилия
Dragović	Драговић	noun		сербская фамилия
Dragoš	Dragoš	noun		Драгош
Dragoš	Драгош	noun		Драгош
Dragošanović	Драгошановић	noun		сербская фамилия
Dragošev	Драгошев	noun		сербская фамилия
Dragucanović	Драгуцановић	noun		сербская фамилия
dragulj	драгуљ	noun		драгоценный камень
Draguljević	Драгуљевић	noun		сербская фамилия
Dragulović	Драгуловић	noun		сербская фамилия
dragun	драгун	noun		воен. драгун
Dragutin	Dragutin	noun		Драгутин
Dragutin	Драгутин	noun		Драгутин
Dragutinović	Драгутиновић	noun		сербская фамилия
Dragušin	Dragušin	noun		Драгушин
Dragušin	Драгушин	noun		Драгушин
Dragušinović	Драгушиновић	noun		сербская фамилия
Drailo	Drailo	noun		Драило
Drailo	Драило	noun		Драило
Draksimović	Драксимовић	noun		сербская фамилия
Drakula	Дракула	noun		сербская фамилия
Drakulić	Дракулић	noun		сербская фамилия
Drakša	Drakša	noun		Дракша
Drakša	Дракша	noun		Дракша
dramatično	драматично	adv		драматично
dramaturgija	драматургија	noun		драматургия
Dramlić	Драмлић	noun		сербская фамилия
Draškić	Драшкић	noun		сербская фамилия
Draško	Draško	noun		Драшко
Draško	Драшко	noun		Драшко
Drašković	Драшковић	noun		сербская фамилия
Dražen	Dražen	noun		Дражен
Dražen	Дражен	noun		Дражен
Dražeta	Дражета	noun		сербская фамилия
Dražević	Дражевић	noun		сербская фамилия
Dražilović	Дражиловић	noun		сербская фамилия
Dražinac	Дражинац	noun		сербская фамилия
Dražić	Дражић	noun		Дражич (фамилия)
Dražo	Dražo	noun		Дражо
Dražo	Дражо	noun		Дражо
Dražović	Дражовић	noun		сербская фамилия
dren	дрен	noun		ботан. кизил (Cornus)
Drenovac	Дреновац	noun		сербская фамилия
drevnost	древност	noun		древность
Drezga	Дрезга	noun		сербская фамилия
Drezgić	Дрезгић	noun		сербская фамилия
Drešević	Дрешевић	noun		сербская фамилия
Drinić	Дринић	noun		сербская фамилия
Drinjaković	Дрињаковић	noun		сербская фамилия
Drinčević	Дринчевић	noun		сербская фамилия
Drinčić	Дринчић	noun		сербская фамилия
Drljača	Дрљача	noun		сербская фамилия
Drmanac	Дрманац	noun		сербская фамилия
Drobac	Дробац	noun		сербская фамилия
Drobnjak	Дробњак	noun		сербская фамилия
Drobnjaković	Дробњаковић	noun		сербская фамилия
Dronjak	Дроњак	noun		сербская фамилия
drovodelja	дроводеља	noun		плотник
druga kosmička brzina	друга космичка брзина	phrase		астрон. вторая космическая скорость
drugi	drugi	adj		другой; второй
drugi	други	adj		другой; второй
Drulić	Друлић	noun		сербская фамилия
Drulović	Друловић	noun		сербская фамилия
društvena grupa	друштвена група	phrase		социол. социальная группа
društvo	друштво	noun		общество
Družetić	Дружетић	noun		сербская фамилия
drven	дрвен	adj		деревянный
Drvenica	Дрвеница	noun		сербская фамилия
drvo	дрво	noun		дерево (растение)
drvoseča	дрвосеча	noun		лесоруб, дровосек
drvosječa	дрвосјеча	noun		лесоруб, дровосек
Drča	Дрча	noun		сербская фамилия
država	država	noun		страна, государство, держава
država	држава	noun		государство, держава
državljanin	državljanin	noun		гражданин
državljanin	држављанин	noun		гражданин
državljanstvo	državljanstvo	noun		гражданство
državljanstvo	држављанство	noun		гражданство
državna religija	државна религија	phrase		государственная религия
državna svojina	државна својина	phrase		государственная собственность
Dubajić	Дубајић	noun		сербская фамилия
Dubaković	Дубаковић	noun		сербская фамилия
Dubačkić	Дубачкић	noun		сербская фамилия
dubina	дубина	noun		глубина
Dubljević	Дубљевић	noun		сербская фамилия
dublon	дублон	noun		истор. дублон (аналогично русскому слову)
Dubonjac	Дубоњац	noun		сербская фамилия
Dubonjić	Дубоњић	noun		сербская фамилия
Dubovac	Дубовац	noun		сербская фамилия
Dubovina	Дубовина	noun		сербская фамилия
Dubravac	Дубравац	noun		сербская фамилия
Dubroja	Дуброја	noun		сербская фамилия
Ducanović	Дуцановић	noun		сербская фамилия
dud	дуд	noun		шелковица
dude	дуде	noun		муз. волынка
Dudić	Дудић	noun		сербская фамилия
Duduković	Дудуковић	noun		сербская фамилия
Dudvarski	Дудварски	noun		сербская фамилия
duga	дуга	noun		метеорол. радуга
Dugalić	Дугалић	noun		сербская фамилия
dugodnevica	дугодневица	noun		летнее солнцестояние
dugodnevnica	дугодневница	noun		летнее солнцестояние
Dugonja	Дугоња	noun		сербская фамилия
Dugonjić	Дугоњић	noun		сербская фамилия
Dugošija	Дугошија	noun		сербская фамилия
duh	дух	noun		душа; внутренняя сила, мужество, настроение
Dujaković	Дујаковић	noun		сербская фамилия
Dujanović	Дујановић	noun		сербская фамилия
Dujković	Дујковић	noun		сербская фамилия
Dujović	Дујовић	noun		сербская фамилия
Dukadin	Dukadin	noun		Дукадин
Dukadin	Дукадин	noun		Дукадин
Dukanac	Дуканац	noun		сербская фамилия
dukat	дукат	noun		дукат (аналогично русскому слову)
Dukić	Дукић	noun		сербская фамилия
Duković	Дуковић	noun		сербская фамилия
Dulanović	Дулановић	noun		сербская фамилия
Dulikrava	Дуликрава	noun		сербская фамилия
Dulikravić	Дуликравић	noun		сербская фамилия
Dulović	Дуловић	noun		сербская фамилия
Dumanjić	Думањић	noun		сербская фамилия
Dumanović	Думановић	noun		сербская фамилия
Dumeljić	Думељић	noun		сербская фамилия
Dumitrašković	Думитрашковић	noun		сербская фамилия
Dumitrikić	Думитрикић	noun		сербская фамилия
Dumitrov	Думитров	noun		сербская фамилия
dunja	dunja	noun		айва (растение и плоды)
dunja	дуња	noun		ботан. айва (Cydonia)
Dunović	Дуновић	noun		сербская фамилия
Dunčević	Дунчевић	noun		сербская фамилия
Dunčić	Дунчић	noun		сербская фамилия
Dunđerović	Дунђеровић	noun		сербская фамилия
Dunđerski	Дунђерски	noun		сербская фамилия
Dupalo	Дупало	noun		сербская фамилия
dupin	дупин	noun		зоол. дельфин
dupli	dupli	adj		двойной
dupli	дупли	adj		двойной
Dupor	Дупор	noun		сербская фамилия
duraluminijum	дуралуминијум	noun		дюралюминий, дюраль
Durbaba	Дурбаба	noun		сербская фамилия
durbin	дурбин	noun		бинокль
durbin	durbin	noun		бинокль
Durlević	Дурлевић	noun		сербская фамилия
Duronjić	Дуроњић	noun		сербская фамилия
Dutina	Дутина	noun		сербская фамилия
duvan	дуван	noun		табак
duvački instrument	дувачки инструмент	phrase		муз. духовой инструмент
Duvnjak	Дувњак	noun		сербская фамилия
Dučić	Дучић	noun		сербская фамилия
duša	душа	noun		душа (аналогично русскому слову)
Dušan	Dušan	noun		Душан
Dušan	Душан	noun		Душан (аналогично русскому слову)
Dušanić	Душанић	noun		сербская фамилия
Dušanović	Душановић	noun		сербская фамилия
dušik	душик	noun		азот
Duško	Duško	noun		Душко
Duško	Душко	noun		Душко
Dušković	Душковић	noun		сербская фамилия
dušnik	душник	noun		анат. гортань; дыхательное горло
dužd	дужд	noun		истор. дож
dužnost	dužnost	noun		должность; обязанность
dužnostь	дужность	noun		должность; обязанность
dva	два	num		два (аналогично русскому слову)
dvadeset	двадесет	num		двадцать
dvadesetougao	dvadesetougao	noun		геометр. двадцатиугольник
dvadesetougao	двадесетоугао	noun		геометр. двадцатиугольник
dvanaest	дванаест	num		двенадцать
dvanaestopalačno crevo	дванаестопалачно црево	phrase		анат. двенадцатиперстная кишка
dvanaestougao	дванаестоугао	noun		геометр. двенадцатиугольник
dvanaestougao	dvanaestougao	noun		геометр. двенадцатиугольник
dve	две	num	ekav	форма именительного, винительного или звательного падежа женского рода числительного два
dvesta	двеста	num		двести
dvesta	dvesta	num		двести
Dvizac	Двизац	noun		сербская фамилия
dvoglas	двоглас	noun		дифтонг
dvogled	двоглед	noun		бинокль
dvogled	dvogled	noun		бинокль
Dvornić	Дворнић	noun		сербская фамилия
dvorog	дворог	adj		двурогий
Dvoržak	Дворжак	noun		Дворжак (аналогично русскому слову)
dvostih	двостих	noun		филол. двустишие, дистих
dvotaktan	двотактан	adj		техн. двухтактный
dvovlašće	двовлашће	noun		двоевластие
džabe	џабе	adv		даром, бесплатно; бесполезно, напрасно
džabe	džabe	adv		даром, бесплатно; бесполезно, напрасно
Džajić	Џајић	noun		сербская фамилия
Džak	Џак	noun		сербская фамилия
Džakula	Џакула	noun		сербская фамилия
Džambasović	Џамбасовић	noun		сербская фамилия
Džambić	Џамбић	noun		сербская фамилия
džanarika	џанарика	noun		алыча (плод)
džandar	џандар	noun		жандарм
Džebo	Џебо	noun		сербская фамилия
dželat	џелат	noun		палач
Dželebdžić	Џелебџић	noun		сербская фамилия
Džepina	Џепина	noun		сербская фамилия
džez	џез	noun		муз. джаз
Džigurski	Џигурски	noun		сербская фамилия
džihad	џихад	noun		религ. джихад
Džombić	Џомбић	noun		сербская фамилия
džudo	џудо	noun		дзюдо
džungla	џунгла	noun		джунгли
ebonit	ебонит	noun		хим. эбонит
Edinburg	Единбург	noun		Эдинбург
Egarić	Егарић	noun		сербская фамилия
Egerić	Егерић	noun		сербская фамилия
Egipat	Египат	noun		Египет
egipatski	egipatski	adj		египетский
egipatski	египатски	adj		египетский
egiptolog	египтолог	noun		египтолог
egiptologija	египтологија	noun		египтология
Egić	Егић	noun		сербская фамилия
egotizam	еготизам	noun		психол. эготизм
egzibicionizam	egzibicionizam	noun		сексол. эксгибиционизм
egzibicionizam	егзибиционизам	noun		сексол. эксгибиционизм
egzistencija	егзистенција	noun		существование, бытие
egzistencijalan	егзистенцијалан	adj		книжн. экзистенциальный
egzistencijalizam	егзистенцијализам	noun		филос. экзистенциализм
egzogamija	егзогамија	noun		спец. экзогамия
egzotičan	егзотичан	adj		экзотичный; экзотический
eho	ехо	noun		эхо
eholalija	ехолалија	noun		психиатр. эхолалия
eidetizam	еидетизам	noun		психол. эйдетизм
ejakulacija	ејакулација	noun		физиол. эякуляция, семяизвержение
eklekticizam	eklekticizam	noun		эклектизм
eklekticizam	еклектицизам	noun		эклектизм
eklektik	еклектик	noun		эклектик
Eklemović	Еклемовић	noun		сербская фамилия
eklipsa	еклипса	noun		астрон. затмение
ekliptika	еклиптика	noun		астрон. эклиптика
Ekmedžić	Екмеџић	noun		сербская фамилия
Ekmečić	Екмечић	noun		сербская фамилия
ekologija	екологија	noun		экология
ekonomija	ekonomija	noun		экономия (наука); экономика
ekonomija	економија	noun		экономия (наука); экономика
ekonomista	економиста	noun		экономист
ekonomska politika	економска политика	phrase		экономическая политика
ekonomski	ekonomski	adj		экономический
ekonomski	економски	adj		экономический
ekonomski sistem	економски систем	phrase		экон. экономическая система
ekosistem	екосистем	noun		спец. экосистема
ekran	екран	noun		экран
ekscentričnost	ексцентричност	noun		эксцентричность
ekser	ekser	noun		гвоздь
ekser	ексер	noun		гвоздь
eksikator	ексикатор	noun		спец. эксикатор
eksikator	eksikator	noun		спец. эксикатор
eksklava	ексклава	noun		полит. эксклав
ekskluzivna ekonomska zona	ексклузивна економска зона	phrase		исключительная экономическая зона
ekskomunicirati	екскомуницирати	verb		отлучать
ekskurs	екскурс	noun		экскурс
ekspanzija	експанзија	noun		полит. экспансия
eksperiment	експеримент	noun		эксперимент
eksperimentalan	експерименталан	adj		экспериментальный
eksperimentalna arheologija	експериментална археологија	phrase		экспериментальная археология
ekspert	експерт	noun		эксперт
eksplozija	експлозија	noun		взрыв
eksport	експорт	noun		экон. экспорт, вывоз
ekspresivno	експресивно	adv		экспрессивно
ekstaza	екстаза	noun		экстаз
ekstrakt	екстракт	noun		экстракт
ekstrapolirati	екстраполирати	verb		матем. экстраполировать
ekstrasens	ekstrasens	noun		экстрасенс
ekstremista	екстремиста	noun		экстремист
ekstremistički	екстремистички	adj		экстремистский
ekstremizam	екстремизам	noun		экстремизм
ektocista	ектоциста	noun		биол. эктоциста
ekumena	екумена	noun		истор. ойкумена, экумена, эйкумена
ekumenizam	екуменизам	noun		религ. экуменизм
ekvator	екватор	noun		геогр. экватор
Ekvatorijalna Gvineja	Екваторијална Гвинеја	phrase		Экваториальная Гвинея
ekvatorski	екваторски	adj		экваториальный
Elaković	Елаковић	noun		сербская фамилия
elasticitet	еластицитет	noun		физ. эластичность
elastičan	еластичан	adj		физ. эластичный
Elbrus	Елбрус	noun		геогр. Эльбрус
Elbrus	Elbrus	noun		геогр. Эльбрус
elegancija	елеганција	noun		элегантность
elegija	елегија	noun		элегия
elejac	елејац	noun		истор. элеат, элеец
Elek	Елек	noun		сербская фамилия
elektorat	електорат	noun		полит. электорат
elektrana	elektrana	noun		электростанция
elektrana	електрана	noun		электростанция
elektricitet	електрицитет	noun		физ. электричество
elektrifikacija	електрификација	noun		электрификация
električna kola	електрична кола	phrase		физ. электрическая цепь
električna mreža	електрична мрежа	phrase		эл.-энерг. электрическая сеть
električna struja	електрична струја	phrase		физ. электрический ток
električni	електрични	adj		электрический
električno polje	електрично поље	phrase		физ. электрическое поле
elektroda	електрода	noun		эл.-техн. электрод
elektrohemijski	електрохемијски	adj		электрохимический
elektrohemijski	elektrohemijski	adj		электрохимический
elektrokardiografija	електрокардиографија	noun		электрокардиография
elektrolit	електролит	noun		физ. электролит
elektroliza	електролиза	noun		хим. электролиз
elektromagnetizam	elektromagnetizam	noun		электромагнетизм
elektromagnetna indukcija	електромагнетна индукција	phrase		физ. электромагнитная индукция
elektromagnetno polje	електромагнетно поље	phrase		физ. электромагнитное поле
elektromagnetsko zračenje	електромагнетско зрачење	phrase		физ. электромагнитное излучение
elektron	електрон	noun		физ. электрон
elektronegativan	електронегативан	adj		хим. электроотрицательный
elektronegativnost	електронегативност	noun		хим. электроотрицательность
elektronska privreda	електронска привреда	phrase		экон. цифровая экономика
elektronski	електронски	adj		электронный
elektronski dokument	електронски документ	phrase		электронный документ
elektronski potpis	електронски потпис	phrase		электронная (цифровая) подпись
elementarna funkcija	елементарна функција	phrase		матем. элементарная функция
Elez	Елез	noun		сербская фамилия
elipsa	елипса	noun		геометр. эллипс
elipsoid	елипсоид	noun		геометр. эллипсоид
emajlirati	емајлирати	verb		эмалировать
embolija	емболија	noun		мед. эмболия
embriolog	embriolog	noun		эмбриолог
embriologija	ембриологија	noun		эмбриология
embrion	ембрион	noun		биол. зародыш, эмбрион
emetik	еметик	noun		мед. рвотное, эметик
emfizem	емфизем	noun		мед. эмфизема
emigrant	емигрант	noun		эмигрант
emigrirati	емигрирати	verb		эмигрировать
Emilijan	Емилијан	noun		Емельян, Эмильян
Emilijan	Emilijan	noun		Емельян, Эмильян
Emilije	Emilije	noun		Емеля, Эмилий
Emilije	Емилије	noun		Емеля, Эмилий
emirat	емират	noun		полит. эмират
emitent	емитент	noun		экон. эмитент
emocija	емоција	noun		эмоция
emocionalna inteligencija	емоционална интелигенција	phrase		психол. эмоциональный интеллект
empirijski	емпиријски	adj		эмпирический
empiriokriticizam	емпириокритицизам	noun		филос. эмпириокритицизм
emu	ему	noun		орнитол. эму
encefalizacija	енцефализација	noun		биол. энцефализация
encijan	енцијан	noun		ботан. горечавка
enciklopedija	enciklopedija	noun		энциклопедия
enciklopedija	енциклопедија	noun		энциклопедия
enciklopedijski	енциклопедијски	adj		энциклопедический; энциклопедичный
endokrina žlezda	ендокрина жлезда	phrase		анат. эндокринная железа
endorfin	ендорфин	noun		биохим. эндорфин
endoskop	ендоскоп	noun		мед. эндоскоп
endoskopija	ендоскопија	noun		мед. эндоскопия
energetika	енергетика	noun		энергетика
energetski	energetski	adj		энергетический
energetski	енергетски	adj		энергетический
energija	energija	noun		энергия
energija	енергија	noun		энергия
energija vetra	енергија ветра	phrase		энергия ветра
Engleska	Енглеска	noun		Англия
Engleska	Engleska	noun		Англия
engleski	енглески	adj		английский
Englez	Енглез	noun		англичанин
enigmatičan	енигматичан	adj		энигматический, энигматичный, загадочный
enkapsulacija	енкапсулација	noun		спец. инкапсулирование, инкапсуляция
enkripcija	enkripcija	noun		шифрование
enolog	енолог	noun		энолог
enologija	енологија	noun		энология
entalpija	енталпија	noun		физ. энтальпия
enterijer	ентеријер	noun		интерьер
enterokinaza	ентерокиназа	noun		биохим. энтерокиназа
enteropeptidaza	ентеропептидаза	noun		биохим. энтеропептидаза
entomologija	ентомологија	noun		энтомология
entropija	ентропија	noun		физ. энтропия
entuzijastičan	ентузијастичан	adj		восторженный, полный энтузиазма
entuzijazam	ентузијазам	noun		энтузиазм
enzim	ензим	noun		биохим. энзим
eocen	еоцен	noun		геол. эоцен
epicentar	епицентар	noun		эпицентр
epicikloida	епициклоида	noun		геометр. эпициклоида
epidemija	епидемија	noun		мед. эпидемия
epidemiologija	епидемиологија	noun		мед. эпидемиология
epifora	епифора	noun		филол. эпифора
epigenetika	епигенетика	noun		эпигенетика
epigram	epigram	noun		эпиграмма
epigram	епиграм	noun		филол. эпиграмма
epilepsija	епилепсија	noun		мед. эпилепсия
episkop	епископ	noun		религ. епископ
epistemologija	епистемологија	noun		филос. эпистемология
epitop	епитоп	noun		биол. эпитоп, антигенная детерминанта
epitrahilj	епитрахиљ	noun		церк. епитрахиль
epizoda	epizoda	noun		случай, эпизод
epizootija	епизоотија	noun		вет. эпизоотия
epoha	епоха	noun		эпоха
epopeja	епопеја	noun		филол. эпопея
era	ера	noun		эра (начало летоисчисления); геол. эра (в истории земли)
Erac	Ерац	noun		сербская фамилия
Erak	Erak	noun		Эрак
Erak	Ерак	noun		Эрак
Eraković	Ераковић	noun		сербская фамилия
Erato	Ерато	noun		мифол. Эрато (муза любовной поэзии)
Erceg	Ерцег	noun		сербская фамилия
Ercegovac	Ерцеговац	noun		сербская фамилия
Ercegovčavić	Ерцеговчавић	noun		сербская фамилия
Erdeljanović	Ердељановић	noun		сербская фамилия
Erdevički	Ердевички	noun		сербская фамилия
Erebro	Еребро	noun		Эребру
Eremić	Еремић	noun		сербская фамилия
Erevan	Ереван	noun		Ереван (аналогично русскому слову)
ergativ	ергатив	noun		лингв. эргатив
Ergelašev	Ергелашев	noun		сербская фамилия
Ergerac	Ергерац	noun		сербская фамилия
Ergić	Ергић	noun		сербская фамилия
ergodičan	ергодичан	adj		спец. эргодический; эргодичный
ergodičnost	ергодичност	noun		спец. эргодичность
ergofobija	ергофобија	noun		психол. эргофобия
ergonomija	ергономија	noun		эргономика
ergonomičan	ергономичан	adj		эргономичный
Eritreja	Eritreja	noun		Эритрия
eritrocit	еритроцит	noun		биол. эритроцит
Erić	Ерић	noun		сербская фамилия
Ernšeldsvik	Ерншелдсвик	noun		Эрншёльдсвик
Eror	Ерор	noun		сербская фамилия
Erović	Еровић	noun		сербская фамилия
erozija	ерозија	noun		геол. эрозия
Erčević	Ерчевић	noun		сербская фамилия
eskadra	ескадра	noun		эскадра
esperantist	есперантист	noun		эсперантист
Estersund	Естерсунд	noun		Эстерсунд
estetika	естетика	noun		эстетика
estetski	естетски	adj		эстетический
estetski	estetski	adj		эстетический
Estonac	Естонац	noun		эстонец
Estonija	Estonija	noun		Эстония
Estonija	Естонија	noun		Эстония
estonski	естонски	adj		эстонский
estrada	естрада	noun		эстрада
estrogen	estrogen	noun		биохим. эстроген
estrogen	естроген	noun		биохим. эстроген
estuar	естуар	noun		геогр. эстуарий
Esvatini	Есватини	noun		Эсватини; Свазиленд
etan	етан	noun		хим. этан
eteromanija	етероманија	noun		мед. эфиромания
eteromanija	eteromanija	noun		мед. эфиромания
etika	етика	noun		этика
etil	етил	noun		хим. этил
etilmorfin	етилморфин	noun		фарм. дионин, этилморфин
etimološki	етимолошки	adj		этимологический
etiologija	etiologija	noun		мед. этиология
etiologija	етиологија	noun		мед. этиология
Etiopija	Етиопија	noun		Эфиопия
Etiopljanin	Етиопљанин	noun		эфиоп
etiopljanski	етиопљански	adj		эфиопский
etiopski	етиопски	adj		эфиопский
etički	етички	adj		этический
etnogeneza	етногенеза	noun		этнолог. этногенез
etnografija	етнографија	noun		этнография
etologija	etologija	noun		этология
etologija	етологија	noun		этология
EU	EU	abbrev		ЕС, сокр. от Evropska unija
EU	ЕУ	abbrev		ЕС, (сокр. от Европска унија)
eufemizam	еуфемизам	noun		лингв. эвфемизм
euforičan	еуфоричан	adj		эйфорический
eufuizam	еуфуизам	noun		филол. эвфуизм
eugenika	еугеника	noun		евгеника
eukaliptus	еукалиптус	noun		ботан. эвкалипт
eukaliptusov	еукалиптусов	adj		эвкалиптовый
eukariot	еукариот	noun		биол. эукариот
euritmija	еуритмија	noun		эвритмия
europij	еуропиј	noun		хим. европий
europijum	еуропијум	noun		хим. европий
Europljanin	Еуропљанин	noun		европеец
europski	еуропски	adj		европейский
eutanazija	еутаназија	noun		эвтаназия
eutektički	еутектички	adj		физ. эвтектический
Euterpa	Еутерпа	noun		мифол. Эвтерпа (муза лирической поэзии и музыки)
evangelizacija	evangelizacija	noun		религ. евангелизация
evangelizacija	евангелизација	noun		религ. евангелизация
evekcija	евекција	noun		эвекция
eventualni	eventualni	adj		возможный, предполагаемый
eventualni	евентуални	adj		возможный, предполагаемый
Everest	Еверест	noun		Эверест
evnuh	евнух	noun		евнух
evolucija	еволуција	noun		эволюция
evolucijski	еволуцијски	adj		эволюционный
evolucionist	еволуционист	noun		книжн. эволюционист
evolucionizam	еволуционизам	noun		книжн. эволюционизм
evolventa	еволвента	noun		матем. эвольвента; инволюта
Evroazija	Евроазија	noun		Евразия
evroazijski	евроазијски	adj		евразийский
Evropa	Evropa	noun		геогр. Европа
Evropska unija	Evropska unija	phrase		Европейский союз
Evropska unija	Европска унија	phrase		Европейский союз
evropski	evropski	adj		европейский
evropski	европски	adj		европейский
Ešilstruna	Ешилструна	noun		Эскильстуна
fabrika	фабрика	noun		фабрика (аналогично русскому слову)
fabrika	fabrika	noun		фабрика
fabrikant	фабрикант	noun		фабрикант (аналогично русскому слову)
fagocit	фагоцит	noun		цитол. фагоцит (аналогично русскому слову)
fagocit	fagocit	noun		биол. фагоцит
fagot	фагот	noun		муз. фагот
fajans	фајанс	noun		фаянс
faktorijel	факторијел	noun		матем. факториал
Falun	Фалун	noun		Фалун (аналогично русскому слову)
fanatizam	фанатизам	noun		фанатизм
fanatičnost	fanatičnost	noun		фанатизм, фанатичность
fantazirati	фантазирати	verb		фантазировать
farad	фарад	noun		физ. фарад, фарада
faradizacija	фарадизација	noun		мед. фарадизация
Faranov	Фаранов	noun		сербская фамилия
faraon	фараон	noun		истор. фараон (аналогично русскому слову)
faraonski	фараонски	adj		истор. фараонский
farmakofor	farmakofor	noun		биохим. фармакофор
farmakognozija	фармакогнозија	noun		фармакогнозия
farmakologija	фармакологија	noun		фармакология
fascija	фасција	noun		анат. фасция
fascikla	фасцикла	noun		скоросшиватель
fatalizam	фатализам	noun		книжн. фатализм
fatalizam	fatalizam	noun		книжн. фатализм
fatamorgana	фатаморгана	noun		физ. мираж
Fatić	Фатић	noun		сербская фамилия
favoritizam	фаворитизам	noun		книжн. фаворитизм
faza	фаза	noun		фаза
fazan	фазан	noun		фазан (аналог русск. слову в 1, 2, 3 знач.)
fazna transformacija	фазна трансформација	phrase		физ. фазовый переход
fašizam	фашизам	noun		фашизм
februar	februar	noun		февраль
februar	фебруар	noun		февраль
federacija	федерација	noun		федерация
federalan	федералан	adj		федеральный
federalizam	федерализам	noun		полит. федерализм
Fejsbuk	Фејсбук	noun		Фейсбук
felacio	фелацио	noun		сексол. фелляция
feldmaršal	фелдмаршал	noun		воен. фельдмаршал
feldspat	фелдспат	noun		геол. полевой шпат
feldšpat	фелдшпат	noun		геол. полевой шпат
feljton	фељтон	noun		фельетон
feminativ	феминатив	noun		феминатив (аналогично русскому слову)
feministkinja	феминисткиња	noun		феминистка
feminizam	феминизам	noun		феминизм
femtosekund	фемтосекунд	noun		фемтосекунда
femtosekunda	фемтосекунда	noun		фемтосекунда
feniks	феникс	noun		мифол. феникс (аналогично русскому слову)
fenobarbital	fenobarbital	noun		фарм. фенобарбитал, люминал
fenologija	фенологија	noun		фенология
fenomen	феномен	noun		феномен (аналогично русскому слову)
fenomenalno	феноменално	adv		феноменально
fenomenologija	феноменологија	noun		филос. феноменология
fenotip	фенотип	noun		биол. фенотип
Ferinac	Феринац	noun		сербская фамилия
ferman	ферман	noun		юр. ферман, фирман
fermentacija	ферментација	noun		ферментация
fermij	фермиј	noun		хим. фермий
fermijum	фермијум	noun		хим. фермий
fermion	фермион	noun		физ. фермион (аналогично русскому слову)
feroaluminijum	фероалуминијум	noun		металл. ферроалюминий
feromagnetizam	феромагнетизам	noun		физ. ферромагнетизм
feromangan	фероманган	noun		металл. ферромарганец
feromangan	feromangan	noun		металл. ферромарганец
feromon	феромон	noun		биохим. феромон
festival	фестивал	noun		фестиваль
festivalski	фестивалски	adj		фестивальный
fetus	фетус	noun		биол., мед., анат. плод, эмбрион, зародыш
feudalizam	феудализам	noun		истор. феодализм
fibroma	фиброма	noun		мед. фиброма
fideista	фидеиста	noun		филос. фидеист
fideizam	фидеизам	noun		филос. фидеизм
figura	фигура	noun		фигура
figurist	фигурист	noun		скульптор, ваятель; изготовитель, штамповщик гипсовых фигур
fikus	фикус	noun		ботан. фикус (Ficus)
fila	фила	noun		истор. фила
filantrop	филантроп	noun		филантроп
filatelija	филателија	noun		филателия
filatelista	филателиста	noun		филателист
Filimonović	Филимоновић	noun		сербская фамилия
Filip	Filip	noun		Филипп
Filip	Филип	noun		Филипп
Filipini	Филипини	noun		Филиппины
Filiposki	Филипоски	noun		сербская фамилия
Filipovac	Филиповац	noun		сербская фамилия
Filipović	Филиповић	noun		сербская фамилия
filit	филит	noun		геол. филлит
filodendron	филодендрон	noun		ботан. филодендрон
filoksera	filoksera	noun		энтомол. филлоксера
filoksera	филоксера	noun		энтомол. филлоксера
filologija	филологија	noun		филология
filozofija	филозофија	noun		философия
filozofija istorije	филозофија историје	phrase		философия истории
fin	фин	adj		тонкий, изящный
finalan	финалан	adj		финальный
finalist	финалист	noun		финалист (аналогично русскому слову)
financijski	финанцијски	adj		финансовый
financirati	финанцирати	verb		финансировать
finansijski	финансијски	adj		финансовый
finansijski instrument	финансијски инструмент	phrase		фин. финансовый инструмент
finansijski menadžment	финансијски менаџмент	phrase		фин. финансовый менеджмент
finansijsko pravo	финансијско право	phrase		юр. финансовое право
finansijsko tržište	финансијско тржиште	phrase		финансовый рынок
finansiranje	finansiranje	noun		фин. финансирование
finansirati	финансирати	verb		финансировать
fingerstajl	фингерстајл	noun		муз. фингерстайл
Finska	Финска	noun		Финляндия
Finska	Finska	noun		Финляндия
fioka	фиока	noun		выдвижной ящик
fioka	fioka	noun		выдвижной ящик
Firenca	Фиренца	noun		Флоренция
Firentinac	Фирентинац	noun		флорентиец
Firentinka	Фирентинка	noun		флорентийка, флорентинка
firentinski	фирентински	adj		флорентийский
firma	фирма	noun		экон. фирма (деловая компания)
fitohemija	фитохемија	noun		фитохимия
fitohemija	fitohemija	noun		фитохимия
fiziologija	физиологија	noun		физиология
fiziološki	физиолошки	adj		физиологический
fizioterapeut	fizioterapeut	noun		мед. физиотерапевт, физиатр
fizioterapija	физиотерапија	noun		мед. физиотерапия
fizičar	физичар	noun		физик
fizička geografija	физичка географија	phrase		физическая география
fizička hemija	физичка хемија	phrase		физическая химия
fizička veličina	физичка величина	phrase		физ. физическая величина
Fišeković	Фишековић	noun		сербская фамилия
fjord	фјорд	noun		геогр. фьорд, фиорд
flauta	флаута	noun		флейта
flaša	флаша	noun		бутыль, бутылка
flebitis	флебитис	noun		мед. флебит
flora	флора	noun		флора (аналогично русскому слову)
florentinski	флорентински	adj		флорентийский
Floričelović	Флоричеловић	noun		сербская фамилия
flota	флота	noun		флот
flotila	флотила	noun		морск. флотилия
fluktuacija	флуктуација	noun		матем. флуктуация
fluor	fluor	noun		хим. фтор
fluor	флуор	noun		хим. фтор
fluorescencija	флуоресценција	noun		физ. флюоресценция, флюоресценция
fluorescencija	fluorescencija	noun		физ. флюоресценция, флюоресценция
fluorescentan	флуоресцентан	adj		физ. флюоресцентный; флуоресцентный
fobija	фобија	noun		психол. фобия
fobofobija	фобофобија	noun		психол. фобофобия
Fodulović	Фодуловић	noun		сербская фамилия
foka	фока	noun		зоол. тюлень
fokomelija	фокомелија	noun		мед. фокомелия
fokstrot	фокстрот	noun		фокстрот
folna kiselina	фолна киселина	phrase		биохим. фолиевая кислота
Fomalhaut	Фомалхаут	noun		астрон. Фомальгаут
fonema	фонема	noun		лингв. фонема
fonendoskop	fonendoskop	noun		мед. фонендоскоп
fonetika	фонетика	noun		лингв. фонетика
fonolog	фонолог	noun		фонолог
fonologija	фонологија	noun		лингв. фонология
fonološki	фонолошки	adj		фонологический
fonometar	фонометар	noun		фонометр
fonometar	fonometar	noun		фонометр
fontana	фонтана	noun		фонтан
Forcan	Форцан	noun		сербская фамилия
forinta	форинта	noun		форинт
formalan	формалан	adj		формальный
formaldehid	формалдехид	noun		хим. формальдегид, метаналь
formalist	формалист	noun		формалист
formalizirati	формализирати	verb		формализовать
formalnost	формалност	noun		формальность
Formentunović	Форментуновић	noun		сербская фамилия
formulacija	формулација	noun		формулирование
forometar	форометар	noun		мед. форометр
forsitija	форситија	noun		ботан. форсайтия, форзиция (Forsythia)
forzicija	форзиција	noun		ботан. форсайтия, форзиция (Forsythia)
fosfat	фосфат	noun		хим. фосфат (аналогично русскому слову)
fosfor	фосфор	noun		хим. фосфор
fosforna kiselina	фосфорна киселина	phrase		хим. фосфорная кислота
fotelja	фотеља	noun		кресло
fotelja	fotelja	noun		кресло
Fotirić	Фотирић	noun		сербская фамилия
Fotić	Фотић	noun		сербская фамилия
fotoefekat	фотоефекат	noun		физ. фотоэффект
fotoelektrični efekat	фотоелектрични ефекат	phrase		физ. фотоэффект, фотоэлектрический эффект
fotograf	фотограф	noun		фотограф (аналогично русскому слову)
fotografija	fotografija	noun		фотография
fotografija	фотографија	noun		фотография
fotografisati	фотографисати	verb		фотографировать
fotometar	фотометар	noun		физ. фотометр
fotoreporter	фоторепортер	noun		фоторепортёр
fotosfera	фотосфера	noun		астрон. фотосфера
fotosinteza	фотосинтеза	noun		биол. фотосинтез
fototropizam	фототропизам	noun		биол. фототропизм
fovizam	фовизам	noun		искусств. фовизм
fragment	фрагмент	noun		фрагмент (аналогично русскому слову)
frakcija	фракција	noun		полит. фракция
fraktalna dimenzija	фрактална димензија	phrase		матем. фрактальная размерность
franački	франачки	adj		истор. франкский
franciskanski	franciskanski	adj		религ. францисканский
franciskanski	францискански	adj		религ. францисканский
francuski	француски	adj		французский
Francuz	Француз	noun		француз
franjevac	фрањевац	noun		религ. францисканец
Frankonija	Франконија	noun		геогр. Франкония
frekvencija	фреквенција	noun		частота
frekvencmetar	фреквенцметар	noun		техн. частотомер
frenektomija	френектомија	noun		мед. френэктомия
frenologija	френологија	noun		френология
freska	фреска	noun		фреска (аналогично русскому слову)
frigidarijum	фригидаријум	noun		истор. фригидарий
Frigija	Фригија	noun		Фригия
friter	фритер	noun		фритюрница
frizura	фризура	noun		причёска, стрижка
frižider	фрижидер	noun		холодильник
frižider	frižider	noun		холодильник
Fržović	Фржовић	noun		сербская фамилия
fudbal	фудбал	noun		спорт. футбол
fudbaler	фудбалер	noun		футболист
fudbalsko igralište	фудбалско игралиште	phrase		футбольное поле
fuga	фуга	noun		муз. фуга (аналогично русскому слову)
fukoksantin	фукоксантин	noun		биохим. фукоксантин
fuksin	фуксин	noun		фуксин, розеин
fundamentalan	фундаменталан	adj		фундаментальный, основополагающий
fundamentalizam	фундаментализам	noun		фундаментализм
fundamentalna interakcija	фундаментална интеракција	phrase		физ. фундаментальное взаимодействие
funkcija	funkcija	noun		функция
funkcija	функција	noun		функция
funkcioner	функционер	noun		функционер
funkcioner	funkcioner	noun		функционер
funkcionirati	функционирати	verb		функционировать
funkcionisanje	функционисање	noun		функционирование; работа (системы)
funkcionisati	функционисати	verb		функционировать
Furtula	Фуртула	noun		сербская фамилия
Fuštar	Фуштар	noun		сербская фамилия
gabion	габион	noun		габион
Gabon	Габон	noun		Габон (аналогично русскому слову)
gadolinij	гадолиниј	noun		хим. гадолиний
gadolinijum	гадолинијум	noun		хим. гадолиний
gagat	гагат	noun		минер. гагат (аналогично русскому слову)
Gagić	Гагић	noun		сербская фамилия
Gagričić	Гагричић	noun		сербская фамилия
Gajanović	Гајановић	noun		сербская фамилия
Gajdaš	Гајдаш	noun		сербская фамилия
gajdaš	гајдаш	noun		муз. волынщик
Gajdašević	Гајдашевић	noun		сербская фамилия
gajde	гајде	noun		муз. волынка
Gajetić	Гајетић	noun		сербская фамилия
Gajević	Гајевић	noun		сербская фамилия
Gajica	Гајица	noun		сербская фамилия
Gajin	Gajin	noun		Гаин
Gajin	Гајин	noun		Гаин
Gajinov	Гајинов	noun		сербская фамилия
Gajić	Гајић	noun		сербская фамилия
Gajičić	Гајичић	noun		сербская фамилия
Gajović	Гајовић	noun		сербская фамилия
Gak	Гак	noun		сербская фамилия
Gaković	Гаковић	noun		сербская фамилия
Galac	Галац	noun		сербская фамилия
galaksija	галаксија	noun		астрон. галактика
galaktoza	галактоза	noun		биохим. галактоза
galeb	галеб	noun		орнитол. чайка
Galetić	Галетић	noun		сербская фамилия
Galija	Галија	noun		истор. Галлия
galija	галија	noun		истор. галера
galijum	галијум	noun		хим. галлий
galikanizam	галиканизам	noun		истор. галликанство, галликанизм
Galič	Галич	noun		Галич (город)
Galič	Галич	noun		Галич (фамилия)
galofobija	galofobija	noun		франкофобия, галлофобия
Galogaža	Галогажа	noun		сербская фамилия
galon	галон	noun		галлон
Galonja	Галоња	noun		сербская фамилия
Galović	Галовић	noun		сербская фамилия
galvanometar	галванометар	noun		физ. гальванометр
galvanoterapija	галванотерапија	noun		мед. гальванотерапия
galvanski	галвански	adj		гальванический
gamapatija	гамапатија	noun		мед. гаммапатия
Gambelić	Гамбелић	noun		сербская фамилия
gambit	гамбит	noun		шахм. гамбит
gamet	гамет	noun		биол. гамета
Gana	Гана	noun		Гана (аналогично русскому слову)
Gang	Ганг	noun		Ганг
gangrena	гангрена	noun		мед. гангрена (аналогично русскому слову)
gangster	gangster	noun		бандит, гангстер
ganski	гански	adj		ганский
Garabiljević	Гарабиљевић	noun		сербская фамилия
garancija	гаранција	noun		гарантия
garantovati	гарантовати	verb		гарантировать
Gardašević	Гардашевић	noun		сербская фамилия
Gardinovački	Гардиновачки	noun		сербская фамилия
Gardović	Гардовић	noun		сербская фамилия
Gargenta	Гаргента	noun		сербская фамилия
garnijerit	гарнијерит	noun		минер. гарниерит
Garović	Гаровић	noun		сербская фамилия
Garunović	Гаруновић	noun		сербская фамилия
Garčević	Гарчевић	noun		сербская фамилия
gas	гас	noun		хим. газ
gasifikacija	гасификација	noun		газификация (превращение твёрдого или жидкого вещества в газ)
gasovod	гасовод	noun		газопровод
gastroenterologija	гастроентерологија	noun		мед. гастроэнтерология
gastroenterologija	gastroenterologija	noun		гастроэнтерология
gastroskopija	гастроскопија	noun		мед. гастроскопия
gastrotomija	гастротомија	noun		мед. гастротомия
Gatalica	Гаталица	noun		сербская фамилия
Gatalo	Гатало	noun		сербская фамилия
Gatarić	Гатарић	noun		сербская фамилия
Gavanski	Гавански	noun		сербская фамилия
Gavra	Gavra	noun		Гавра
Gavra	Гавра	noun		Гавра
gavran	gavran	noun		ворон
gavran	гавран	noun		ворон
Gavranović	Гаврановић	noun		сербская фамилия
Gavrančić	Гавранчић	noun		сербская фамилия
Gavrilo	Gavrilo	noun		Гаврило, Гаврил
Gavrilo	Гаврило	noun		Гаврило, Гаврил
Gavrilović	Гавриловић	noun		сербская фамилия
Gavrić	Гаврић	noun		сербская фамилия
Gavrović	Гавровић	noun		сербская фамилия
gaza	газа	noun		марля
Gazikalović	Газикаловић	noun		сербская фамилия
Gazivoda	Газивода	noun		сербская фамилия
Gaće	Гаће	noun		сербская фамилия
Gaćeša	Гаћеша	noun		сербская фамилия
Gaćina	Гаћина	noun		сербская фамилия
Gaćinović	Гаћиновић	noun		сербская фамилия
Gačanović	Гачановић	noun		сербская фамилия
Gačević	Гачевић	noun		сербская фамилия
Gačić	Гачић	noun		сербская фамилия
Gađanski	Гађански	noun		сербская фамилия
Gašević	Гашевић	noun		сербская фамилия
Gašić	Гашић	noun		сербская фамилия
Gašović	Гашовић	noun		сербская фамилия
gdadiš	гдадиш	noun		ботан. стальник (Ononis)
Gdanjsk	Гдањск	noun		Гданьск
gde	где	adv	ekav	где (аналогично русскому слову)
gde	gde	adv	ekav	где
geez	геез	noun		лингв. геэз, древнеэфиопский язык
gejša	гејша	noun		истор. гейша
gekon	gekon	noun		зоол. геккон
gel	гел	noun		хим. гель
Gemaljević	Гемаљевић	noun		сербская фамилия
gen	ген	noun		ген
Genadije	Genadije	noun		Геннадий, Генадий
Genadije	Генадије	noun		Геннадий, Генадий
gencijana	генцијана	noun		ботан. горечавка
genealogija	генеалогија	noun		генеалогия
general	генерал	noun		воен. генерал (аналогично русскому слову)
general-potpukovnik	генерал-потпуковник	noun		воен. генерал-лейтенант
genetika	генетика	noun		генетика
genetički inženjering	генетички инжењеринг	phrase		генетическая инженерия
genetički kod	генетички код	phrase		генет. генетический код
genocid	геноцид	noun		геноцид (аналогично русскому слову)
genocid	genocid	noun		геноцид
genom	геном	noun		генет. геном
gentrifikacija	гентрификација	noun		архит. джентрификация
Genčić	Генчић	noun		сербская фамилия
geocentrična orbita	геоцентрична орбита	phrase		косм. геоцентрическая орбита
geodezija	геодезија	noun		геодезия
geoekologija	геоекологија	noun		геоэкология
geofizika	геофизика	noun		геофизика
geografija	географија	noun		география
geografija	geografija	noun		география
geografski	географски	adj		географический
geohemija	геохемија	noun		геохимия
geolocirati	геолоцирати	verb		геолоцировать
geolog	геолог	noun		геолог
geologija	геологија	noun		геология
geolokacija	геолокација	noun		информ. геолокация
geometrija	геометрија	noun		геометрия
geometrijska figura	геометријска фигура	phrase		геометр. геометрическая фигура
geomorfologija	геоморфологија	noun		геоморфология
geopotencijal	геопотенцијал	noun		геопотенциал
Georgije	Georgije	noun		Георгий
Georgije	Георгије	noun		Георгий
Georgijević	Георгијевић	noun		сербская фамилия
geosinklinala	геосинклинала	noun		геол. геосинклиналь
geostacionarna orbita	геостационарна орбита	phrase		косм. геостационарная орбита
Gerasim	Герасим	noun		Герасим
Gerasim	Gerasim	noun		Герасим
Gerasimović	Герасимовић	noun		сербская фамилия
Geratović	Гератовић	noun		сербская фамилия
German	German	noun		Герман
German	Герман	noun		мужское имя Герман
Germanac	Германац	noun		сербская фамилия
germanijum	германијум	noun		хим. германий
germanistika	германистика	noun		германистика
germanizacija	германизација	noun		германизация
germanofilski	германофилски	adj		германофильский
gerontologija	gerontologija	noun		геронтология
gerontologija	геронтологија	noun		геронтология
Gerzić	Герзић	noun		сербская фамилия
gestikulirati	гестикулирати	verb		жестикулировать
Geteborg	Гетеборг	noun		Гётеборг
geto	гето	noun		гетто
getsemanski	гетсемански	adj		гефсиманский
gigabajt	гигабајт	noun		информ. гигабайт
gigaherc	гигахерц	noun		физ. гигагерц
gigant	гигант	noun		гигант
gigantski	гигантски	adj		гигантский
Gilović	Гиловић	noun		сербская фамилия
gimnastika	гимнастика	noun		гимнастика
gimnazija	гимназија	noun		гимназия
ginekolog	гинеколог	noun		мед. гинеколог (аналогично русскому слову)
ginekologija	гинекологија	noun		гинекология
gitara	гитара	noun		муз. гитара
gitara	gitara	noun		муз. гитара
Gizdavić	Гиздавић	noun		сербская фамилия
glaciologija	глациологија	noun		книжн. гляциология
glaciologija	glaciologija	noun		книжн. гляциология
glad	глад	noun		голод
gladan	гладан	adj		голодный
gladan	gladan	adj		голодный
gladiola	гладиола	noun		ботан. гладиолус (Gladiolus L.)
Gladović	Гладовић	noun		сербская фамилия
glagol	глагол	noun		грам., лингв. глагол (аналогично русск. глагол 1)
glagol	glagol	noun		грам. глагол
glagoljica	glagoljica	noun		глаголица
glagoljica	глагољица	noun		глаголица
Glamočlija	Гламочлија	noun		сербская фамилия
glampovanje	гламповање	noun		глэмпинг
glasan	гласан	adj		шумный, звучный
glasanje	гласање	noun		голосование
glasovir	гласовир	noun		муз. фортепиано (фортепьяно)
glaukom	глауком	noun		мед. глаукома
glava	глава	noun		голова
glava	glava	noun		голова
Glavaš	Главаш	noun		сербская фамилия
Glavašević	Главашевић	noun		сербская фамилия
Glavaški	Главашки	noun		сербская фамилия
Glavinić	Главинић	noun		сербская фамилия
glavni	glavni	adj		главный
glavobolja	главобоља	noun		головная боль
Glavonić	Главонић	noun		сербская фамилия
Glavonjić	Главоњић	noun		сербская фамилия
glazben	глазбен	adj		музыкальный
glačalo	глачало	noun		утюг
gledati	гледати	verb		смотреть; присматривать
glejv	глејв	noun		истор. глевия, глефа
gležanj	глежањ	noun		анат. лодыжка, щиколотка
glicerin	глицерин	noun		хим. глицерин (аналогично русскому слову), глицерол
glicerol	glicerol	noun		хим. глицерин, глицерол
Gligić	Глигић	noun		сербская фамилия
Gligorević	Глигоревић	noun		сербская фамилия
Gligorije	Gligorije	noun		Глигорий, Григорий
Gligorije	Глигорије	noun		Глигорий, Григорий
Gligorijević	Глигоријевић	noun		сербская фамилия
Gligorić	Глигорић	noun		сербская фамилия
Gligović	Глиговић	noun		сербская фамилия
Glijaković	Глијаковић	noun		сербская фамилия
glikemija	гликемија	noun		мед. гликемия
glikogeneza	гликогенеза	noun		биохим. гликогеногенез, гликогенез
glikozid	гликозид	noun		хим. гликозид
glina	глина	noun		# глина (аналогично русскому слову)
Glintić	Глинтић	noun		сербская фамилия
Glišanović	Глишановић	noun		сербская фамилия
Glišević	Глишевић	noun		сербская фамилия
Glišić	Глишић	noun		сербская фамилия
Glišović	Глишовић	noun		сербская фамилия
gljiva	gljiva	noun		гриб
gljiva	гљива	noun		гриб
globa	глоба	noun		штраф
globalan	глобалан	adj		мировой, глобальный
globalizam	глобализам	noun		полит. глобализм
globalizam	globalizam	noun		полит. глобализм
globalno zagrevanje	глобално загревање	phrase		глобальное потепление
globiti	глобити	verb		штрафовать
globus	глобус	noun		глобус
glodar	глодар	noun		грызун
glodar	glodar	noun		грызун
glog	глог	noun		ботан. боярышник (лат. Crataegus)
Gloginjić	Глогињић	noun		сербская фамилия
Glogovac	Глоговац	noun		сербская фамилия
Glomazić	Гломазић	noun		сербская фамилия
glosar	глосар	noun		лингв. глоссарий
glosolalija	глосолалија	noun		глоссолалия
Glođović	Глођовић	noun		сербская фамилия
gluh	глух	adj		глухой
Gluhović	Глуховић	noun		сербская фамилия
glukoza	глукоза	noun		хим. глюкоза
Glumac	Глумац	noun		сербская фамилия
glumac	глумац	noun		актёр
Glumičić	Глумичић	noun		сербская фамилия
glupak	глупак	noun		глупец, дурак
glupan	глупан	noun		глупец, дурак
gluv	глув	adj		глухой
Gluvakov	Глуваков	noun		сербская фамилия
Gluvaković	Глуваковић	noun		сербская фамилия
Gluvačević	Глувачевић	noun		сербская фамилия
gluvost	глувост	noun		глухота
gluvoća	глувоћа	noun		глухота
Glušac	Глушац	noun		сербская фамилия
Glušica	Глушица	noun		сербская фамилия
Gluščević	Глушчевић	noun		сербская фамилия
Gmijović	Гмијовић	noun		сербская фамилия
Gmitrović	Гмитровић	noun		сербская фамилия
gmizavac	гмизавац	noun		зоол. пресмыкающееся, рептилия
Gmizić	Гмизић	noun		сербская фамилия
gnevan	гневан	adj		гневный, разгневанный; рассерженный, сердитый
gnjat	гњат	noun		голень
Gnjatić	Гњатић	noun		сербская фамилия
Gnjatović	Гњатовић	noun		сербская фамилия
gnjevan	гњеван	adj		гневный, разгневанный; рассерженный, сердитый
gnjio	gnjio	adj		гнилой
gnjio	гњио	adj		гнилой
gnoj	gnoj	noun		мед. гной
gnoj	гној	noun		мед. гной; навоз
gnojivo	гнојиво	noun		удобрение
gnom	гном	noun		гном
gnu	гну	noun		зоол. гну
go	го	adj		голый, нагой
Gobeljić	Гобељић	noun		сербская фамилия
goblen	гоблен	noun		гобелен
Gobović	Гобовић	noun		сербская фамилия
Godeč	Годеч	noun		сербская фамилия
godina	година	noun		год
godina	godina	noun		год
godišnji	годишњи	adj		ежегодный
godišnjica	годишњица	noun		годовщина
Godomir	Godomir	noun		Годомир
Godomir	Годомир	noun		Годомир
Gogić	Гогић	noun		сербская фамилия
Gojak	Гојак	noun		сербская фамилия
Gojaković	Гојаковић	noun		сербская фамилия
Gojgić	Гојгић	noun		сербская фамилия
Gojko	Gojko	noun		Гойко
Gojko	Гојко	noun		Гойко
Gojkov	Гојков	noun		сербская фамилия
Gojković	Гојковић	noun		сербская фамилия
Gojšina	Гојшина	noun		сербская фамилия
Golac	Голац	noun		сербская фамилия
golenjača	голењача	noun		анат. голень
golicati	голицати	verb		щекотать
golicav	голицав	adj		боящийся щекотки
golicljiv	голицљив	adj		боящийся щекотки
Golijan	Голијан	noun		сербская фамилия
Goljevac	Гољевац	noun		сербская фамилия
golman	голман	noun		вратарь, голкипер
Golo	Голо	noun		сербская фамилия
golova	голова	noun		форма родительного падежа множественного числа существительного гол
Goločevac	Голочевац	noun		сербская фамилия
golub	голуб	noun		голубь
Golub	Golub	noun		Голуб
Golub	Голуб	noun		Голуб
Golubović	Голубовић	noun		сербская фамилия
Gomirac	Гомирац	noun		сербская фамилия
Gomora	Гомора	noun		библейск. Гоморра
Goncić	Гонцић	noun		сербская фамилия
gondola	гондола	noun		гондола
gong	гонг	noun		гонг
gonilac	гонилац	noun		преследователь
goniometar	гониометар	noun		физ. гониометр
gora	гора	noun		гора (аналогично русскому слову); лес
gora	gora	noun		гора
gorak	горак	adj		горький
goral	горал	noun		зоол. горал (Naemorhedus)
Goran	Goran	noun		Горан
Goran	Горан	noun		Горан (аналогично русскому слову)
Goranić	Горанић	noun		сербская фамилия
Goranović	Горановић	noun		сербская фамилия
Gorančić	Горанчић	noun		сербская фамилия
gord	горд	adj		гордый
Gordan	Gordan	noun		Гордан
Gordan	Гордан	noun		Гордан
Gordanić	Горданић	noun		сербская фамилия
Gordeljević	Гордељевић	noun		сербская фамилия
Gordić	Гордић	noun		сербская фамилия
gore	горе	adv		вверху, наверху
gorila	горила	noun		зоол. горилла (Gorilla)
gorivo	гориво	noun		топливо
Gorjanac	Горјанац	noun		сербская фамилия
Gornja Lužica	Горња Лужица	phrase		геогр. Верхняя Лужица
Gornjaković	Горњаковић	noun		сербская фамилия
Goronja	Гороња	noun		сербская фамилия
Goronjić	Гороњић	noun		сербская фамилия
gorski	горски	adj		горный
Gorunović	Горуновић	noun		сербская фамилия
gorušica	горушица	noun		мед. изжога
Gorčin	Gorčin	noun		Горчин
Gorčin	Горчин	noun		Горчин
Gospavić	Госпавић	noun		сербская фамилия
Gostiljac	Гостиљац	noun		сербская фамилия
Gostimirović	Гостимировић	noun		сербская фамилия
Gostić	Гостић	noun		сербская фамилия
Gostojić	Гостојић	noun		сербская фамилия
Gostoljub	Gostoljub	noun		Гостолюб
Gostoljub	Гостољуб	noun		Гостолюб
gostoljubivost	гостољубивост	noun		гостеприимство
Gostović	Гостовић	noun		сербская фамилия
Gostuški	Гостушки	noun		сербская фамилия
gotov	готов	adj		готовый
Gotovac	Готовац	noun		сербская фамилия
Gotovina	Готовина	noun		сербская фамилия
Gotovčević	Готовчевић	noun		сербская фамилия
Govedarević	Говедаревић	noun		сербская фамилия
Govedarica	Говедарица	noun		сербская фамилия
govor	говор	noun		речь, разговор, говор
govoriti	говорити	verb		говорить
govoriti	govoriti	verb		говорить
Govoruša	Говоруша	noun		сербская фамилия
Gočmanac	Гочманац	noun		сербская фамилия
Gođevac	Гођевац	noun		сербская фамилия
Gošnjić	Гошњић	noun		сербская фамилия
grab	граб	noun		ботан. граб (аналогично русскому слову) (Carpinus)
Grabež	Грабеж	noun		сербская фамилия
Grabić	Грабић	noun		сербская фамилия
Grabovac	Грабовац	noun		сербская фамилия
Grabovica	Грабовица	noun		сербская фамилия
Grabović	Грабовић	noun		сербская фамилия
Grabovčić	Грабовчић	noun		сербская фамилия
graciozan	грациозан	adj		изящный
grad	град	noun		город, град (аналог. русск. град II)
grad	град	noun		град (аналог. русск. град I)
grad	grad	noun		город; град
grad-država	град-држава	noun		город-государство
Gradac	Градац	noun		сербская фамилия
Gradeta	Gradeta	noun		Градета
Gradeta	Градета	noun		Градета
Gradimir	Gradimir	noun		Градимир
Gradimir	Градимир	noun		Градимир (мужское имя)
Gradinac	Градинац	noun		сербская фамилия
Gradinčević	Градинчевић	noun		сербская фамилия
graditi	градити	verb		строить
Gradiša	Gradiša	noun		Градиша
Gradiša	Градиша	noun		Градиша
Gradojević	Градојевић	noun		сербская фамилия
gradonačelnik	градоначелник	noun		бургомистр, градоначальник, мэр
gradski	градски	adj		городской
gradski	gradski	adj		городской
graf	граф	noun		матем. граф (совокупность объектов со связями между ними)
grafen	графен	noun		физ. графен (аналогично русскому слову)
grafika	графика	noun		графика (аналог. русск. графика [1])
grafit	графит	noun		графит (аналогично русскому слову)
grafički korisnički interfejs	графички кориснички интерфејс	phrase		информ. графический интерфейс пользователя
grafologija	графологија	noun		графология, почерковедение
Grahovac	Граховац	noun		сербская фамилия
graja	граја	noun		гомон, шум
graktati	грактати	verb		каркать
gramatikalizacija	граматикализација	noun		лингв. грамматикализация
gramatička kategorija	граматичка категорија	phrase		грам. грамматическая категория
Gramić	Грамић	noun		сербская фамилия
gramofon	грамофон	noun		граммофон
Grandić	Грандић	noun		сербская фамилия
granica	граница	noun		граница
granit	гранит	noun		минер. гранит (аналогично русскому слову)
graničar	граничар	noun		пограничник
Granulić	Гранулић	noun		сербская фамилия
Graovac	Граовац	noun		сербская фамилия
Grasilović	Грасиловић	noun		сербская фамилия
gravimetrički	гравиметрички	adj		гравиметрический
gravitacija	гравитација	noun		гравитация; тяготение
gravitacijski	гравитацијски	adj		гравитационный
Gračanac	Грачанац	noun		сербская фамилия
građanin	građanin	noun		гражданин
građanin	грађанин	noun		гражданин
građanska zajednica	грађанска заједница	phrase		гражданское партнёрство
građanski rat	грађански рат	phrase		гражданская война
građansko pravo	грађанско право	phrase		юр. гражданское право
grb	грб	noun		анат. спина
grba	грба	noun		горб
Grbić	Грбић	noun		сербская фамилия
Grbović	Грбовић	noun		сербская фамилия
grdost	грдост	noun		уродство, безобразие
Grdović	Грдовић	noun		сербская фамилия
Grebenarović	Гребенаровић	noun		сербская фамилия
greh	грех	noun		религ. грех (аналогично русскому слову) [1]
grejpfrut	грејпфрут	noun		грейпфрут
Grenland	Гренланд	noun		Гренландия
grenlandski	гренландски	adj		гренландский
grešiti	грешити	verb		грешить
grgeč	grgeč	noun		ихтиол. окунь
grgeč	гргеч	noun		ихтиол. окунь
Grgur	Grgur	noun		Гргур, Григорий
Grgur	Гргур	noun		Гргур, Григорий
Grgurević	Гргуревић	noun		сербская фамилия
Grijaković	Гријаковић	noun		сербская фамилия
grijeh	гријех	noun		религ. грех
grimasa	гримаса	noun		гримаса
Grinič	Гринич	noun		геогр. Гринвич
grinički	гринички	adj		геогр. гринвичский
grinja	гриња	noun		клещ
grip	грип	noun		мед. грипп
griva	грива	noun		грива (аналогично русскому слову)
Griva	Грива	noun		сербская фамилия
grizeti	гризети	verb		кусать; грызть, глодать
Grkavac	Гркавац	noun		сербская фамилия
Grkinić	Гркинић	noun		сербская фамилия
grkljan	гркљан	noun		анат. гортань
Grković	Грковић	noun		сербская фамилия
grlica	грлица	noun		орнитол. горлинка, горлица (Streptopelia)
grlo	grlo	noun		анат. горло
grlo	грло	noun		анат. горло
grm	грм	noun		куст
grmljavina	грмљавина	noun		метеорол. гроза
grmotrn	грмотрн	noun		ботан. стальник (Ononis)
Grmuša	Грмуша	noun		сербская фамилия
Grnčarski	Грнчарски	noun		сербская фамилия
grob	гроб	noun		могила
groblje	гробље	noun		кладбище
grof	гроф	noun		истор. граф (дворянский титул)
grofica	грофица	noun		графиня
groktati	гроктати	verb		хрюкать
grom	гром	noun		метеорол. гром (аналогично русскому слову)
gromak	громак	adj		громкий
gromobran	громобран	noun		громоотвод; молниеотвод
Gromović	Громовић	noun		сербская фамилия
grozd	грозд	noun		ботан. гроздь
Grozdan	Grozdan	noun		Гроздан
Grozdan	Гроздан	noun		Гроздан
Grozdanić	Грозданић	noun		сербская фамилия
Grozdanov	Грозданов	noun		сербская фамилия
Grozdanović	Гроздановић	noun		сербская фамилия
Grozdić	Гроздић	noun		сербская фамилия
grožđe	грожђе	noun		виноград
Gruban	Gruban	noun		Грубан
Gruban	Грубан	noun		Грубан
Grubanov	Грубанов	noun		сербская фамилия
Grubanović	Грубановић	noun		сербская фамилия
Grubač	Грубач	noun		сербская фамилия
Grubačević	Грубачевић	noun		сербская фамилия
Grubačić	Грубачић	noun		сербская фамилия
Grubački	Грубачки	noun		сербская фамилия
Grubetić	Грубетић	noun		сербская фамилия
Grubešić	Грубешић	noun		сербская фамилия
Grubić	Грубић	noun		сербская фамилия
Grubišić	Грубишић	noun		сербская фамилия
Grubješić	Грубјешић	noun		сербская фамилия
Grublješić	Грубљешић	noun		сербская фамилия
Grubnić	Грубнић	noun		сербская фамилия
Grubor	Грубор	noun		сербская фамилия
Gruborović	Груборовић	noun		сербская фамилия
Grubović	Грубовић	noun		сербская фамилия
grudna kost	грудна кост	phrase		анат. грудина
grudnjak	грудњак	noun		бюстгальтер
Grujanović	Грујановић	noun		сербская фамилия
Grujev	Грујев	noun		сербская фамилия
Grujević	Грујевић	noun		сербская фамилия
Grujić	Грујић	noun		сербская фамилия
Grujičić	Грујичић	noun		сербская фамилия
Grujović	Грујовић	noun		сербская фамилия
Grulović	Груловић	noun		сербская фамилия
grupa	група	noun		группа
grupni seks	групни секс	phrase		сексол. групповой секс
gruzijski	gruzijski	adj		грузинский, относящийся к Грузии
gruzijski	грузијски	adj		грузинский, относящийся к Грузии
Grušanović	Грушановић	noun		сербская фамилия
grčevit	грчевит	adj		мед. спазматический, спастический
Grčka	Grčka	noun		Греция
Grčka	Грчка	noun		Греция
grčki	грчки	adj		греческий
grčki	grčki	adj		греческий
Guangdung	Guangdung	noun		геогр. Гуандун
Guangdung	Гуангдунг	noun		геогр. Гуандун
guba	губа	noun		мед. лепра; проказа
Guberinić	Губеринић	noun		сербская фамилия
gubica	губица	noun		морда
gubitak	губитак	noun		убыток; ущерб
Gudalović	Гудаловић	noun		сербская фамилия
Gudelj	Гудељ	noun		Гудель (фамилия)
Gudović	Гудовић	noun		сербская фамилия
Gudurić	Гудурић	noun		сербская фамилия
Gugleta	Гуглета	noun		сербская фамилия
gugolpleks	гуголплекс	noun		матем. гуголплекс
Gugulović	Гугуловић	noun		сербская фамилия
guja	гуја	noun		зоол. змея (serpens)
Gujaničić	Гујаничић	noun		сербская фамилия
Gulan	Гулан	noun		сербская фамилия
Guldović	Гулдовић	noun		сербская фамилия
Gunjak	Гуњак	noun		сербская фамилия
Gunjević	Гуњевић	noun		сербская фамилия
Guranović	Гурановић	noun		сербская фамилия
Gurdeljević	Гурдељевић	noun		сербская фамилия
Gurmešević	Гурмешевић	noun		сербская фамилия
Gurović	Гуровић	noun		сербская фамилия
Gusak	Гусак	noun		сербская фамилия
Guslov	Гуслов	noun		сербская фамилия
gust	густ	adj		густой; частый; плотный
gutacija	гутација	noun		ботан. гуттация
Gutalj	Гутаљ	noun		сербская фамилия
gutati	гутати	verb		глотать
Guteša	Гутеша	noun		сербская фамилия
Gutović	Гутовић	noun		сербская фамилия
Guzina	Гузина	noun		сербская фамилия
Gušavac	Гушавац	noun		сербская фамилия
Gušić	Гушић	noun		сербская фамилия
gušter	гуштер	noun		зоол. ящерица
gušter	gušter	noun		зоол. ящерица
gušterača	гуштерача	noun		анат. поджелудочная железа
Gužvica	Гужвица	noun		сербская фамилия
Gvadelup	Гваделуп	noun		Гваделупа
Gvatemala	Гватемала	noun		Гватемала
Gvatemalac	Гватемалац	noun		гватемалец
gvatemalski	гватемалски	adj		гватемальский
gvatemalski	gvatemalski	adj		гватемальский
gvaš	гваш	noun		гуашь
Gvero	Гверо	noun		сербская фамилия
Gvineja Bisao	Гвинеја Бисао	phrase		Гвинея-Бисау
Gvineja Bisau	Гвинеја Бисау	phrase		Гвинея-Бисау
Gvozden	Gvozden	noun		Гвозден
Gvozden	Гвозден	noun		Гвозден
gvozdena zavesa	гвоздена завеса	phrase		истор. железный занавес
Gvozdenac	Гвозденац	noun		сербская фамилия
Gvozdenović	Гвозденовић	noun		сербская фамилия
Gvozdić	Гвоздић	noun		сербская фамилия
gvožđe	гвожђе	noun		хим. железо
gvožđe	gvožđe	noun		хим. железо
Hadnađev	Хаднађев	noun		сербская фамилия
hadron	хадрон	noun		физ. адрон
Hadži	Хаџи	noun		сербская фамилия
Hadži-Jovančić	Хаџи-Јованчић	noun		сербская фамилия
Hadžić	Хаџић	noun		сербская фамилия
hafnijum	хафнијум	noun		хим. гафний
hafnijum	hafnijum	noun		хим. гафний
Hajder	Хајдер	noun		сербская фамилия
Hajdin	Хајдин	noun		сербская фамилия
Hajduković	Хајдуковић	noun		сербская фамилия
Hakasija	Хакасија	noun		Хакасия
halifat	халифат	noun		истор. халифат
Halmstad	Халмстад	noun		Хальмстад
halogen	халоген	noun		хим. галоген
halogenacija	халогенација	noun		хим. галогенирование
halucinacija	халуцинација	noun		мед. галлюцинация
halucinirati	халуцинирати	verb		галлюцинировать
halva	халва	noun		кулин. халва (аналогично русскому слову)
hamburger	хамбургер	noun		гамбургер
hamit	хамит	noun		хамит (аналогично русскому слову)
Hamović	Хамовић	noun		сербская фамилия
Hanover	Хановер	noun		Ганновер
hanzeatski	ханзеатски	adj		истор. ганзейский
haos	haos	noun		хаос
haos	хаос	noun		хаос
haotičan	хаотичан	adj		хаотический, хаотичный; беспорядочный
haplogrupa	хаплогрупа	noun		генет. гаплогруппа
haplotip	haplotip	noun		генет. гаплотип
harem	harem	noun		гарем
harfa	харфа	noun		арфа
haringa	харинга	noun		сельдь
Harkov	Харков	noun		Харьков
harmonija	хармонија	noun		гармония
harmonijum	хармонијум	noun		муз. фисгармония
harmonika	хармоника	noun		аккордеон
harmonikaš	хармоникаш	noun		аккордеонист
harmoničan	хармоничан	adj		гармоничный
harpun	harpun	noun		гарпун
harpun	харпун	noun		гарпун
harpunar	харпунар	noun		гарпунщик, гарпунёр
harpunar	harpunar	noun		гарпунщик, гарпунёр
hartija	hartija	noun		бумага
hartija	хартија	noun		бумага
hartija od vrednosti	хартија од вредности	phrase		фин. ценная бумага
hasidizam	хасидизам	noun		религ. хасидизм, хасидство
haubica	хаубица	noun		гаубица
hazarski	хазарски	adj		истор. хазарский
hegemonija	хегемонија	noun		гегемония
Hejlungđang	Хејлунгђанг	noun		геогр. Хэйлунцзян
hekatomba	хекатомба	noun		истор. гекатомба
heksaedar	хексаедар	noun		геометр. шестигранник, гексаэдр
heksagon	heksagon	noun		геометр. шестиугольник
heksagon	хексагон	noun		геометр. шестиугольник
heksametar	хексаметар	noun		филол. гекзаметр
heksametar	heksametar	noun		филол. гекзаметр
heksan	хексан	noun		хим. гексан
heksen	хексен	noun		хим. гексен
heksoda	хексода	noun		техн. гексод
hektar	хектар	noun		гектар
helebarda	хелебарда	noun		истор. алебарда
helenista	хелениста	noun		эллинист
Heleta	Хелета	noun		сербская фамилия
helij	хелиј	noun		хим. гелий
helijum	хелијум	noun		хим. гелий
helikopter	хеликоптер	noun		вертолёт, геликоптер
heliocentrizam	хелиоцентризам	noun		астрон. гелиоцентризм
heliocentričan	хелиоцентричан	adj		астрон. гелиоцентрический; гелиоцентричный
heliocentrična orbita	хелиоцентрична орбита	phrase		астрон. гелиоцентрическая орбита
heliofil	хелиофил	noun		биол. гелиофил
heliologija	хелиологија	noun		книжн. гелиология
heliopauza	heliopauza	noun		астрон. гелиопауза
heliopauza	хелиопауза	noun		астрон. гелиопауза
heliosfera	heliosfera	noun		астрон. гелиосфера
heliosfera	хелиосфера	noun		астрон. гелиосфера
heljda	хељда	noun		ботан. гречиха (Fagopyrum)
Helsingborg	Хелсингборг	noun		Хельсингборг
hematit	хематит	noun		минер. гематит
hematoidin	хематоидин	noun		биохим. гематоидин
hematologija	хематологија	noun		гематология
hemialgija	hemialgija	noun		мед. гемиалгия
hemihoreja	хемихореја	noun		мед. гемихорея
hemija	хемија	noun		химия
hemijska veza	хемијска веза	phrase		хим. химическая связь
hemijski element	хемијски елемент	phrase		хим. химический элемент
hemijsko jedinjenje	хемијско једињење	phrase		хим. химическое соединение
hemijsko oružje	хемијско оружје	phrase		химическое оружие
hemimorfit	хемиморфит	noun		минер. гемиморфит, каламин
hemipareza	хемипареза	noun		мед. гемипарез
hemičar	хемичар	noun		химик
hemofilija	хемофилија	noun		мед. гемофилия
hemofobija	hemofobija	noun		мед. психол. гемофобия, кровобоязнь
hemoglobin	хемоглобин	noun		биохим. гемоглобин
hemogram	хемограм	noun		мед. гемограмма, гематограмма
hemoliza	хемолиза	noun		мед. гематолиз, гемолиз, эритроцитолиз
hemoluminescencija	хемолуминесценција	noun		хим. хемолюминесценция
hemoragija	хеморагија	noun		мед. кровоизлияние, геморрагия
hemosiderin	хемосидерин	noun		биохим. гемосидерин
hemosorpcija	хемосорпција	noun		хим. хемосорбция
hendijadis	хендијадис	noun		лингв. гендиадис
heptan	хептан	noun		хим. гептан
heptan	heptan	noun		хим. гептан
Herak	Херак	noun		Херак (фамилия)
heraldika	хералдика	noun		геральдика
Hercegovac	Херцеговац	noun		сербская фамилия
hermetično	херметично	adv		герметически; герметично
heroin	heroin	noun		героин
heroin	хероин	noun		героин
heroizam	хероизам	noun		героизм
herojski	херојски	adj		героический, геройский
herojstvo	херојство	noun		героизм
hesenski	хесенски	adj		гессенский
hesijan	хесијан	noun		матем. гессиан
heterodoksija	хетеродоксија	noun		религ. инаковерие, иноверие
heterogamija	хетерогамија	noun		биол. гетерогамия
heterogen	хетероген	adj		книжн. гетерогенный
heteroseksualnost	хетеросексуалност	noun		гетеросексуальность
heterozigotan	хетерозиготан	adj		генет. гетерозиготный
Hetit	Хетит	noun		истор. хетт
heuristika	heuristika	noun		спец. эвристика
heuristika	хеуристика	noun		спец. эвристика
hibrid	хибрид	noun		биол. гибрид
hibridan	хибридан	adj		гибридный
hibridizacija	хибридизација	noun		биол. гибридизация
hibridni rat	хибридни рат	phrase		гибридная война
hibru	хибру	noun		иврит
hidraulika	хидраулика	noun		физ. гидравлика
hidraulički	хидраулички	adj		гидравлический
hidroelektrana	хидроелектрана	noun		гидроэлектростанция
hidroenergija	хидроенергија	noun		гидроэнергия
hidrofilan	хидрофилан	adj		гидрофильный
hidrofoban	хидрофобан	adj		гидрофобный
hidrogenkarbonat	хидрогенкарбонат	noun		хим. бикарбонат; гидрокарбонат
hidrografija	хидрографија	noun		гидрография
hidroliza	хидролиза	noun		хим. гидролиз
hidrologija	хидрологија	noun		гидрология
hidroreja	хидрореја	noun		мед. гидрорея
higrofilan	хигрофилан	adj		биол. гигрофильный
higrogram	хигрограм	noun		спец. гигрограмма
hijena	хијена	noun		зоол. гиена (hyaena)
hijerarhija	хијерархија	noun		иерархия
hijerarhijski	хијерархијски	adv		иерархически
hijeroglif	хијероглиф	noun		иероглиф
hilijazam	хилијазам	noun		религ. милленаризм; хилиазм
hiljada	хиљада	num		тысяча
hiljaditi	хиљадити	num		тысячный
Himalaji	Хималаји	noun		геогр. Гималаи
hindi	hindi	noun		хинди
hinduistički	хиндуистички	adj		религ. индуистский
hinduizam	хиндуизам	noun		религ. индуизм
Hinić	Хинић	noun		сербская фамилия
hiosciamin	hiosciamin	noun		хим. гиосциамин
hiperacidan	хиперацидан	adj		мед. гиперацидный
hiperaktivnost	хиперактивност	noun		гиперактивность
hiperboličan	хиперболичан	adj		гиперболический
hiperboloid	хиперболоид	noun		геометр. гиперболоид
hiperonim	хипероним	noun		лингв. гипероним
hipertekst	хипертекст	noun		информ. гипертекст
hipertenzija	хипертензија	noun		мед. гипертония, гипертензия
hiperveza	хипервеза	noun		комп. гиперссылка
hipervizor	хипервизор	noun		комп. гипервизор
hipnofobija	хипнофобија	noun		психиатр. гипнофобия, сомнифобия
hipnofobija	hipnofobija	noun		психиатр. гипнофобия, сомнифобия
hipnotizer	хипнотизер	noun		гипнотизёр
hipnoza	хипноза	noun		гипноз
hipnoza	hipnoza	noun		гипноз
hipoacidan	хипоацидан	adj		мед. гипоацидный
hipodrom	хиподром	noun		ипподром
hipofiza	хипофиза	noun		анат. гипофиз, питуитарная железа
hipoforija	хипофорија	noun		мед. гипофория
hipofosfat	хипофосфат	noun		хим. гипофосфат
hiponim	хипоним	noun		лингв. гипоним
hiponitrit	хипонитрит	noun		хим. гипонитрит
hiposekrecija	хипосекреција	noun		физиол. гипосекреция
hipostaza	хипостаза	noun		религ. ипостась
hipotalamus	хипоталамус	noun		анат. гипоталамус
hipotenuza	хипотенуза	noun		геометр. гипотенуза
hipoteza	хипотеза	noun		гипотеза
hipotireoza	хипотиреоза	noun		мед. гипотиреоз
hiralan	хиралан	adj		хиральный
hiralnost	хиралност	noun		спец. хиральность
hiromantija	хиромантија	noun		хиромантия
Hiron	Хирон	noun		мифол. Хирон (аналогично русскому слову); астрон. Хирон (аналогично русскому слову)
Hirošima	Хирошима	noun		Хиросима
Hirošima	Hirošima	noun		Хиросима
hirurg	хирург	noun		хирург
hirurgija	хирургија	noun		мед. хирургия
histerezis	хистерезис	noun		физ. гистерезис
histeričan	хистеричан	adj		истеричный; истерический
histologija	хистологија	noun		гистология
historija	хисторија	noun		история
historičar	хисторичар	noun		историк
hitin	хитин	noun		биохим. хитин
hitnja	хитња	noun		спешка, поспешность, торопливость
hitno	хитно	adv		быстро, проворно; срочно, неотложно
hiton	хитон	noun		истор. хитон
hlad	хлад	noun		тень
hladan	хладан	adj		холодный
hladni rat	хладни рат	phrase		истор. полит. холодная война
hladnjak	хладњак	noun		холодильник
hladno oružje	хладно оружје	phrase		холодное оружие
hladnokrvnost	хладнокрвност	noun		хладнокровие; хладнокровность
hlače	хлаче	noun		штаны
hleb	хлеб	noun		хлеб (аналогично русскому слову)
hljeb	хљеб	noun		(каравай) хлеб
hloazma	хлоазма	noun		мед. хлоазма
hlor	хлор	noun		хим. хлор
hlorofil	хлорофил	noun		биохим. хлорофилл
hlorovodonična kiselina	хлороводонична киселина	phrase		соляная кислота
hlortetraciklin	hlortetraciklin	noun		фарм. хлортетрациклин, ауреомицин
hmelj	хмељ	noun		ботан. хмель (Humulus)
hobi	хоби	noun		хобби, увлечение
hobotnica	хоботница	noun		осьминог
hod	ход	noun		ход (аналогично русскому слову)
hod	hod	noun		ход
hoditi	ходити	verb		ходить
hodnik	ходник	noun		коридор
Hokaido	Хокаидо	noun		Хоккайдо
hokej	hokej	noun		хоккей
hokej	хокеј	noun		хоккей
hokejski	хокејски	adj		спорт. хоккейный
hokuspokus	хокуспокус	noun		традиционное магическое заклинание; разг. фокус, мошенничество
hol	хол	noun		холл
Holanđanin	Холанђанин	noun		голландец; нидерландец
holmijum	холмијум	noun		хим. гольмий
holoenzim	холоензим	noun		биохим. голофермент, холофермент, голоэнзим
holografija	холографија	noun		физ. голография
hologram	холограм	noun		голограмма
holotip	холотип	noun		биол. голотип
homeopatija	хомеопатија	noun		мед. гомеопатия
homeostaza	хомеостаза	noun		книжн. гомеостаз
homofon	хомофон	noun		лингв. омофон
homogamija	хомогамија	noun		биол. гомогамия
homonim	хомоним	noun		лингв. омоним
homoseksualac	хомосексуалац	noun		гомосексуал, гомосексуалист
homoseksualan	хомосексуалан	adj		гомосексуальный
homoseksualnost	хомосексуалност	noun		гомосексуальность, гомосексуализм
homotopija	хомотопија	noun		матем. гомотопия
homozigot	хомозигот	noun		биол. гомозигота
homozigotan	хомозиготан	adj		генет. гомозиготный
Honduras	Хондурас	noun		Гондурас
hoplit	хоплит	noun		истор. гоплит
hor	хор	noun		муз. хор (аналогично русскому слову)
horda	хорда	noun		орда
horion	хорион	noun		биол. хорион (аналогично русскому слову)
horizont događaja	хоризонт догађаја	phrase		астрон. горизонт событий
horizontalan	хоризонталан	adj		горизонтальный
horizontalno	хоризонтално	adv		горизонтально
horizontalnost	хоризонталност	noun		горизонтальность
hormon	хормон	noun		биол. гормон
hormonogeneza	хормоногенеза	noun		физиол. гормоногенез, гормонообразование
horna	хорна	noun		валторна
Horvat	Хорват	noun		сербская фамилия
hotel	хотел	noun		отель, гостиница
hrabro	храбро	adv		храбро, смело
hram	храм	noun		религ. (также перен.) храм (аналогично русскому слову)
hrana	храна	noun		еда
Hrebeljanović	Хребељановић	noun		сербская фамилия
Hrelja	Хреља	noun		сербская фамилия
Hreljanović	Хрељановић	noun		сербская фамилия
hrestomatija	хрестоматија	noun		хрестоматия
hridina	хридина	noun		скала
Hristijan	Hristijan	noun		Христиан, Християн
Hristijan	Христијан	noun		Христиан, Християн
Hristić	Христић	noun		сербская фамилия
hrišćanin	хришћанин	noun		христианин
hrišćanka	хришћанка	noun		христианка
hrišćanski	хришћански	adj		христианский
Hrkalović	Хркаловић	noun		сербская фамилия
hrkati	хркати	verb		храпеть
Hrnjak	Хрњак	noun		сербская фамилия
Hrnjez	Хрњез	noun		сербская фамилия
hromatografija	хроматографија	noun		спец. хроматография
hromoplast	хромопласт	noun		ботан. хромопласт
hromosfera	хромосфера	noun		астрон. хромосфера
hromozom	хромозом	noun		биол. хромосома
hroničar	хроничар	noun		хронист, хроникёр, летописец
hronologija	хронологија	noun		хронология
hronološki	хронолошки	adj		книжн. хронологический
hronometar	хронометар	noun		хронометр
Hrvat	Хрват	noun		хорват
Hrvatinić	Хрватинић	noun		сербская фамилия
Hrvatinčić	Хрватинчић	noun		сербская фамилия
hrčak	хрчак	noun		хомяк
hrčak	hrčak	noun		хомяк
Hubej	Хубеј	noun		геогр. Хубэй
hugenot	хугенот	noun		истор. гугенот
hugenotski	хугенотски	adj		истор. гугенотский
humani kapital	хумани капитал	phrase		экон. человеческий капитал
humanizam	хуманизам	noun		гуманизм
humanoidan	хуманоидан	adj		человекообразный, гуманоидный
humoreska	хумореска	noun		искусств. юмореска
humus	хумус	noun		гумус
husar	husar	noun		воен., истор. гусар
Hvalimir	Hvalimir	noun		Хвалимир
Hvalimir	Хвалимир	noun		Хвалимир
i	и	conj		и (аналог. русск. и [1])
i	i	conj		и
iako	иако	conj		хотя и, несмотря на то, что
iako	iako	conj		хотя; хотя и; не смотря на то, что
Iberija	Иберија	noun		Иберия, Пиренейский полуостров
ibis	ибис	noun		орнитол. ибис (аналогично русскому слову)
Ibrić	Ибрић	noun		сербская фамилия
Ibrovac	Ибровац	noun		сербская фамилия
ideal	идеал	noun		идеал (аналогично русскому слову)
idealista	идеалиста	noun		филос. идеалист
idealizacija	идеализација	noun		идеализация
idealizam	идеализам	noun		филос. идеализм
idealizam	idealizam	noun		филос. идеализм
idealni gas	идеални гас	phrase		физ. идеальный газ
idealnost	idealnost	noun		идеальность
idealnost	идеалност	noun		идеальность
identitet	идентитет	noun		идентичность
ideologija	идеологија	noun		идеология
ideomotoran	идеомоторан	adj		физиол. идеомоторный
idila	idila	noun		идиллия
idila	идила	noun		идиллия
idiličan	идиличан	adj		идиллический
idiličan	idiličan	adj		идиллический
idiolekt	идиолект	noun		лингв. идиолект
idiomatika	идиоматика	noun		лингв. идиоматика
idiomatski	идиоматски	adj		лингв. идиоматический
idiotija	идиотија	noun		идиотия
Igić	Игић	noun		сербская фамилия
igla	игла	noun		игла, иголка
ignipunktura	игнипунктура	noun		игнипунктура
Ignjac	Игњац	noun		сербская фамилия
Ignjatijević	Игњатијевић	noun		сербская фамилия
Ignjatić	Игњатић	noun		сербская фамилия
Ignjatović	Игњатовић	noun		сербская фамилия
Ignjačević	Игњачевић	noun		сербская фамилия
Igor	Igor	noun		Игор, Игорь (мужское имя)
Igor	Игор	noun		Игор, Игорь
Igov	Игов	noun		сербская фамилия
igra	игра	noun		игра (аналогично русскому слову); танец, пляска
igralište	игралиште	noun		детская площадка, игровая площадка
igrati	играти	verb		играть; танцевать, плясать
igrač	играч	noun		игрок; танцор, плясун
igračica	играчица	noun		танцовщица
igračka	играчка	noun		игрушка
Igrutinović	Игрутиновић	noun		сербская фамилия
igteizam	игтеизам	noun		религ. игтеизм
iguman	игуман	noun		религ. игумен
iguman	iguman	noun		религ. игумен
ihtiolog	ихтиолог	noun		ихтиолог
ihtiologija	ихтиологија	noun		научн. ихтиология
ihtiosaur	ихтиосаур	noun		палеонт. ихтиозавр
Ijačić	Ијачић	noun		сербская фамилия
Ikanović	Икановић	noun		сербская фамилия
Ikač	Икач	noun		сербская фамилия
ikebana	икебана	noun		икебана
Ikić	Икић	noun		сербская фамилия
Ikodinović	Икодиновић	noun		сербская фамилия
ikona	ikona	noun		религ., церк. икона
ikona	икона	noun		религ., церк. икона (аналогично русскому слову)
Ikonić	Иконић	noun		сербская фамилия
ikonoborstvo	иконоборство	noun		истор. иконоборчество, иконоборство, иконоклазм
ikonografija	иконографија	noun		иконография
ikonopis	иконопис	noun		искусств. иконопись
ikonopisanje	иконописање	noun		искусств. иконопись
ikosaedar	икосаедар	noun		геометр. икосаэдр
ikositetraedar	икоситетраедар	noun		геометр. двадцатичетырёхгранник, икоситетраэдр
Ilibašić	Илибашић	noun		сербская фамилия
Ilija	Ilija	noun		Илия, Илья
Ilija	Илија	noun		Илия, Илья
Ilijašević	Илијашевић	noun		сербская фамилия
Ilijevski	Илијевски	noun		сербская фамилия
Ilijić	Илијић	noun		сербская фамилия
Ilinčić	Илинчић	noun		сербская фамилия
Ilirija	Илирија	noun		Иллирия
ilirski	илирски	adj		иллирийский
Ilić	Илић	noun		сербская фамилия
Iličić	Иличић	noun		сербская фамилия
Ilišković	Илишковић	noun		сербская фамилия
Ilkić	Илкић	noun		сербская фамилия
ilovača	иловача	noun		глина
ilustrovati	илустровати	verb		иллюстрировать
imam	imam	noun		религ. имам
imam	имам	noun		религ. имам (аналогично русскому слову)
imati	imati	verb		иметь
imati	имати	verb		иметь
ime	ime	noun		имя
ime	име	noun		имя
imenica	именица	noun		грам. имя существительное
imenjak	имењак	noun		тёзка
imigracija	имиграција	noun		иммиграция
imigrant	имигрант	noun		иммигрант
imin	имин	noun		хим. имин
imobilizacija	имобилизација	noun		иммобилизация
imovina	имовина	noun		имущество; собственность
imperator	император	noun		император (аналогично русскому слову)
imperatorica	императорица	noun		императрица
imperija	империја	noun		истор. империя
imperijalizam	империјализам	noun		империализм
import	импорт	noun		импорт, ввоз
impotencija	импотенција	noun		мед. импотенция
impresionizam	импресионизам	noun		искусств. импрессионизм
improvizacija	импровизациjа	noun		импровизация
improvizator	импровизатор	noun		импровизатор
improvizovati	импровизовати	verb		импровизировать
impulzivno	импулзивно	adv		импульсивно
imunitet	имунитет	noun		биол. иммунитет
imunodeficijencija	имунодефицијенција	noun		мед. иммунодефицит
imunologija	имунологија	noun		иммунология
imunski sistem	имунски систем	phrase		иммунная система
imućan	имућан	adj		зажиточный, состоятельный
inaktivacija	инактивација	noun		биол. инактивация
incest	инцест	noun		инцест (аналогично русскому слову), кровосмешение
indeksirati	индексирати	verb		индексировать
Indija	Индија	noun		Индия
indijski	индијски	adj		индийский
Indijski okean	Индијски океан	phrase		Индийский океан
indijum	индијум	noun		хим. индий
indikator	индикатор	noun		индикатор
indirektan	индиректан	adj		косвенный, опосредованный, непрямой
individualan	индивидуалан	adj		индивидуальный
individualizam	индивидуализам	noun		индивидуализм
indoeuropeistika	indoeuropeistika	noun		индоевропеистика
Indokina	Индокина	noun		Индокитай
indološki	индолошки	adj		книжн. индологический
indonežanski	индонежански	adj		индонезийский
indonežanski	indonežanski	adj		индонезийский
induktivitet	индуктивитет	noun		физ. индуктивность
induktivnost	индуктивност	noun		физ. индуктивность
industrija	индустрија	noun		промышленность, индустрия
industrijska revolucija	индустријска револуција	phrase		промышленная революция, индустриальная революция
industrijski	индустријски	adj		промышленный, индустриальный
inercija	инерција	noun		физ. инерция
inercijalan	инерцијалан	adj		физ. инерциальный
infekcija	инфекција	noun		мед. инфекция
infektologija	инфектологија	noun		мед. инфектология
inflacija	инфлација	noun		экон. инфляция
informacija	informacija	noun		информация
informacija	информација	noun		информация
informacioni rat	информациони рат	phrase		информационная война
informacioni sistem	информациони систем	phrase		информ. информационная система
informatika	информатика	noun		информатика
infrastruktura	инфраструктура	noun		инфраструктура
ingot	ингот	noun		слиток
inhibicija	инхибиција	noun		ингибиция; подавление
inhibitor	инхибитор	noun		хим. ингибитор
inicijacija	иницијација	noun		инициация; посвящение
inicijalizacija	иницијализација	noun		инициализация
Injac	Ињац	noun		сербская фамилия
inklinometar	инклинометар	noun		техн. инклинометр
inkubator	инкубатор	noun		инкубатор (аналогично русскому слову)
inovacija	иновација	noun		инновация
inozin	инозин	noun		биохим. инозин
insekt	инсект	noun		зоол. насекомое
insekticid	инсектицид	noun		инсектицид (аналогично русскому слову)
insolventnost	инсолвентност	noun		экон. банкротство; неплатёжеспособность
insomnija	инсомнија	noun		бессонница
instinkt	инстинкт	noun		инстинкт (аналогично русскому слову)
instinktivan	инстинктиван	adj		инстинктивный
institucija	institucija	noun		учреждение, институт
institucija	институција	noun		учреждение, институт
insulin	инсулин	noun		биохим. инсулин
intarzija	интарзија	noun		интарсия
integral	интеграл	noun		матем. интеграл
integrator	интегратор	noun		техн. интегратор
integraza	integraza	noun		биохим. интеграза
intelektualizam	интелектуализам	noun		интеллектуализм
interesantan	интересантан	adj		интересный; занимательный
interesovati	интересовати	verb		интересовать, занимать
interferencija	интерференција	noun		физ. интерференция
interferon	интерферон	noun		биохим. интерферон
internacionalizam	интернационализам	noun		интернационализм
interpelacija	интерпелација	noun		интерпелляция
interpolacija	интерполација	noun		матем. интерполяция
interpolirati	интерполирати	verb		матем. интерполировать
interpretatorski	интерпретаторски	adj		интерпретаторский
interpunkcija	интерпункција	noun		пунктуация
intersticijum	интерстицијум	noun		биол. интерстиций
intervju	интервју	noun		интервью
intrauterin	intrauterin	adj		внутриматочный
intriga	интрига	noun		интрига (аналогично русскому слову); филол. интрига, сюжетная линия
invertaza	invertaza	noun		биохим. инвертаза
invertirati	invertirati	verb		инвертировать
investicija	investicija	noun		инвестиция
investicija	инвестиција	noun		инвестиция
investiranje	investiranje	noun		инвестирование
investiranje	инвестирање	noun		инвестирование
investitor	инвеститор	noun		экон. инвестор
involucija	инволуција	noun		спец. инволюция
Inđić	Инђић	noun		сербская фамилия
ionizacija	ionizacija	noun		физ. ионизация
ipak	ipak	conj		всё же, всё-таки, однако
ipak	ипак	conj		всё же, всё-таки, однако
iperit	иперит	noun		хим. иприт; горчичный газ
ipostas	ипостас	noun		религ. ипостась
Irak	Ирак	noun		Ирак
Iran	Iran	noun		Иран
Iran	Иран	noun		Иран (аналогично русскому слову)
Iranska visoravan	Иранска висораван	phrase		геогр. Иранское нагорье
iranski	ирански	adj		иранский
irački	irački	adj		иракский
irački	ирачки	adj		иракский
iridij	иридиј	noun		хим. иридий
iridijum	иридијум	noun		хим. иридий
Irić	Ирић	noun		сербская фамилия
Irkutska oblast	Иркутска област	phrase		Иркутская область
Irska	Ирска	noun		Ирландия
Isailović	Исаиловић	noun		сербская фамилия
Isaković	Исаковић	noun		сербская фамилия
iscrpljenost	исцрпљеност	noun		истощённость, изнурённость
iseljenik	iseljenik	noun		эмигрант
ishemija	исхемија	noun		ишемия
Isidorović	Исидоровић	noun		сербская фамилия
isključivati	isključivati	verb		исключать
isključivati	искључивати	verb		исключать
iskra	iskra	noun		искра
iskra	искра	noun		искра (аналогично русскому слову)
Iskrenović	Искреновић	noun		сербская фамилия
islamofobija	исламофобија	noun		исламофобия
islamski	исламски	adj		религ. исламский
Island	Исланд	noun		Исландия
ispit	испит	noun		экзамен
ispitivanje	испитивање	noun		опрос, допрос
isplatiti	исплатити	verb		заплатить
ispravljač	исправљач	noun		техн. выпрямитель
ispunjavati	ispunjavati	verb		исполнять, выполнять
ispunjavati	испуњавати	verb		исполнять, выполнять
istaći	istaći	verb		подчеркнуть, выделить; выдвинуть, выставить
istaći	истаћи	verb		подчеркнуть, выделить; выдвинуть, выставить
isti	исти	adj		такой же, одинаковый
istinitost	истинитост	noun		истинность
istorija	историја	noun		история
istorijski	историјски	adj		исторический
istorijski materijalizam	историјски материјализам	phrase		исторический материализм
istoznačnica	истозначница	noun		лингв. синоним
Istočna Azija	Источна Азија	phrase		Восточная Азия
Istočna Nemačka	Источна Немачка	phrase		Восточная Германия
istočni	источни	adj		восточный
Istočni Timor	Источни Тимор	phrase		Восточный Тимор
istočnoslovenski	источнословенски	adj		восточнославянский
istrajno	истрајно	adv		постоянно; настойчиво, упорно
istrajno	istrajno	adv		постоянно; настойчиво, упорно
Isus	Исус	noun		Иисус
isusovac	исусовац	noun		религ. иезуит
Italija	Italija	noun		Италия
Italija	Италија	noun		геогр. Италия
italijanski	италијански	adj		итальянский
itrijum	итријум	noun		хим. иттрий
Ivan	Ivan	noun		Иван
Ivan	Иван	noun		Иван
Ivanac	Иванац	noun		сербская фамилия
Ivanić	Иванић	noun		сербская фамилия
Ivaniš	Иваниш	noun		сербская фамилия
Ivanišević	Иванишевић	noun		сербская фамилия
Ivanjac	Ивањац	noun		сербская фамилия
Ivanković	Иванковић	noun		сербская фамилия
Ivanović	Ивановић	noun		сербская фамилия
Ivantić	Ивантић	noun		сербская фамилия
Ivančević	Иванчевић	noun		сербская фамилия
Ivančić	Иванчић	noun		сербская фамилия
Ivatović	Иватовић	noun		сербская фамилия
Ivačković	Ивачковић	noun		сербская фамилия
Ivetić	Иветић	noun		сербская фамилия
Ivezić	Ивезић	noun		сербская фамилия
Ivić	Ивић	noun		сербская фамилия
Ivković	Ивковић	noun		сербская фамилия
Ivović	Ивовић	noun		сербская фамилия
Ivošev	Ивошев	noun		сербская фамилия
Ivošević	Ивошевић	noun		сербская фамилия
izabirati	изабирати	verb		выбирать
izatin	изатин	noun		хим. изатин
izbeglica	избеглица	noun		беженец
izdavač	издавач	noun		издатель
izgovor	изговор	noun		выговор, произношение; отговорка, предлог
izgradnja	изградња	noun		строительство
izgrađivati	изграђивати	verb		строить
izjaviti	izjaviti	verb		заявить
izjaviti	изјавити	verb		заявить
izjednačiti	izjednačiti	verb		приравнять, сравнить, уподобить
izjednačiti	изједначити	verb		приравнять, сравнить, уподобить
izlet	излет	noun		поход, экскурсия, прогулка
izlet	izlet	noun		поход, экскурсия, прогулка
izlečivost	излечивост	noun		излечимость, исцелимость
izliv	излив	noun		излияние; разлив (реки)
izlječivost	изљечивост	noun		излечимость, исцелимость
izmena	измена	noun		обмен, размен; смена, перемена
izmena	izmena	noun		обмен, размен; смена, перемена
između	između	prep		между
između	између	prep		между
iznad	iznad	prep		над
iznad	изнад	prep		над
izoamilaza	изоамилаза	noun		биохим. изоамилаза
izobara	изобара	noun		физ. изобара
izobilje	изобиље	noun		изобилие, обилие
izoglosa	изоглоса	noun		лингв. изоглосса
izomer	изомер	noun		хим. изомер
izomerija	изомерија	noun		хим. изомерия
izomerizacija	изомеризација	noun		хим. изомеризация
izomorfizam	изоморфизам	noun		хим. изоморфизм
izomorfizam	izomorfizam	noun		хим. изоморфизм
izopren	изопрен	noun		хим. изопрен
izoterma	изотерма	noun		физ. изотерма
izotermičan	изотермичан	adj		физ. изотермический
izotip	изотип	noun		ботан. изотип
izotropan	изотропан	adj		физ. изотропный, изотропический
izotropija	изотропија	noun		физ. изотропия
Izrael	Израел	noun		Израиль
izrasti	израсти	verb		вырасти
izumrli jezik	изумрли језик	phrase		мёртвый язык
izvod	извод	noun		матем. производная (функции)
izvor	извор	noun		источник, родник, ключ
Ičelić	Ичелић	noun		сербская фамилия
išijas	ишијас	noun		мед. ишиас
ižorski	ижорски	adj		ижорский; ингрский
ja	ja	intj		ах, как; эх, ну
ja	ја	intj		ах, как; эх, ну
ja	ja	particle		да
ja	ја	particle		да
ja	ja	pron		я
ja	ја	pron		я
jablan	јаблан	noun		ботан. тополь
Jablanov	Јабланов	noun		сербская фамилия
Jablanović	Јаблановић	noun		сербская фамилия
jabuka	јабука	noun		яблоко
jabuka	jabuka	noun		яблоко
Jacanović	Јацановић	noun		сербская фамилия
Jadransko more	Јадранско море	phrase		Адриатическое море
Jaglica	Јаглица	noun		сербская фамилия
Jagličić	Јагличић	noun		сербская фамилия
jagnje	јагње	noun		ягнёнок
Jagodina	Јагодина	noun		Ягодина
Jagodina	Jagodina	noun		Ягодина
Jagodić	Јагодић	noun		сербская фамилия
jahač	јахач	noun		всадник, наездник
jahta	јахта	noun		яхта
Jahura	Јахура	noun		сербская фамилия
jajašce	јајашце	noun		анат. яйцеклетка
Jajce	Јајце	noun		Яйце
Jajce	Jajce	noun		Яйце
jaje	јаје	noun		яйцо
jajovod	јајовод	noun		анат. яйцевод
jajovod	jajovod	noun		анат. яйцевод
jak	јак	adj		крепкий, сильный
Jakić	Јакић	noun		сербская фамилия
Jakonić	Јаконић	noun		сербская фамилия
Jakov	Jakov	noun		Яков
Jakov	Јаков	noun		Яков
Jakovljev	Јаковљев	noun		сербская фамилия
Jakovljević	Јаковљевић	noun		сербская фамилия
Jakšić	Јакшић	noun		сербская фамилия
Jalta	Јалта	noun		Ялта
Jamajka	Јамајка	noun		Ямайка
Jamandilović	Јамандиловић	noun		сербская фамилия
jamb	јамб	noun		филол. ямб
jamb	jamb	noun		филол. ямб
Jamina	Јамина	noun		сербская фамилия
Janaćković	Јанаћковић	noun		сербская фамилия
Jandrić	Јандрић	noun		сербская фамилия
Janić	Јанић	noun		сербская фамилия
Janićijević	Јанићијевић	noun		сербская фамилия
Janičić	Јаничић	noun		сербская фамилия
Janjatov	Јањатов	noun		сербская фамилия
Janjatović	Јањатовић	noun		сербская фамилия
Janjetov	Јањетов	noun		сербская фамилия
Janjetović	Јањетовић	noun		сербская фамилия
Janjić	Јањић	noun		сербская фамилия
janjičar	јањичар	noun		истор. янычар
Janjušević	Јањушевић	noun		сербская фамилия
Janjušić	Јањушић	noun		сербская фамилия
Janko	Janko	noun		Янко
Janko	Јанко	noun		Янко
Jankov	Јанков	noun		сербская фамилия
Janković	Јанковић	noun		сербская фамилия
Jankulov	Јанкулов	noun		сербская фамилия
Jankulović	Јанкуловић	noun		сербская фамилия
Janošev	Јаношев	noun		сербская фамилия
Janošević	Јаношевић	noun		сербская фамилия
jantar	јантар	noun		янтарь
januar	januar	noun		январь
januar	јануар	noun		январь
Jančetović	Јанчетовић	noun		сербская фамилия
Jančevski	Јанчевски	noun		сербская фамилия
Jančić	Јанчић	noun		сербская фамилия
Jančurić	Јанчурић	noun		сербская фамилия
jao	јао	intj		выражает удивление, соответствует русск. ой
Japan	Јапан	noun		Япония
Japanac	Japanac	noun		японец
Japanac	Јапанац	noun		японец
jarac	јарац	noun		зоол. козёл
Jaranović	Јарановић	noun		сербская фамилия
jarbol	јарбол	noun		мачта; флагшток
jarebica	јаребица	noun		куропатка
Jarić	Јарић	noun		сербская фамилия
Jarkovački	Јарковачки	noun		сербская фамилия
Jarminac	Јарминац	noun		сербская фамилия
Jaroslavska oblast	Јарославска област	phrase		Ярославская область
Jarčević	Јарчевић	noun		сербская фамилия
jasen	јасен	noun		ботан. ясень (fraxinus)
Jasenovo	Jasenovo	noun		Ясеново
Jasenovo	Јасеново	noun		Ясеново
Jasiković	Јасиковић	noun		сербская фамилия
jasmin	jasmin	noun		ботан. жасмин
jasmin	јасмин	noun		ботан. жасмин
Jasnić	Јаснић	noun		сербская фамилия
jaspis	јаспис	noun		минер. яшма
jastog	јастог	noun		зоол. омар; лобстер
jastreb	јастреб	noun		орнитол. ястреб
jastuk	јастук	noun		подушка
jatagan	јатаган	noun		ятаган
Jaunde	Jaunde	noun		Яунде
Jaunde	Јаунде	noun		Яунде
java	јава	noun		реальность, действительность
javan	javan	adj		общественный; явный
javan	јаван	adj		общественный; явный
javnost	javnost	noun		общественность
javnost	јавност	noun		общественность
javor	јавор	noun		ботан. клён (Acer)
Javorac	Јаворац	noun		сербская фамилия
Javorina	Јаворина	noun		сербская фамилия
jaz	jaz	noun		пропасть
jaz	јаз	noun		пропасть
jazavac	јазавац	noun		барсук
jazavac medojed	јазавац медојед	phrase		медоед
jazičestvo	јазичество	noun		религ. язычество
Jaćević	Јаћевић	noun		сербская фамилия
Jaćović	Јаћовић	noun		сербская фамилия
jačati	jačati	verb		укреплять
jačati	јачати	verb		укреплять
jačina	јачина	noun		сила, мощность; интенсивность
Jašarević	Јашаревић	noun		сербская фамилия
Jašović	Јашовић	noun		сербская фамилия
jebati	јебати	verb		обсц. ебать
jedan	jedan	num		один
jedan	један	num		один
jedanaest	једанаест	num		одиннадцать
jedanaestougao	једанаестоугао	noun		геометр. одиннадцатиугольник
jedarce	једарце	noun		микробиол. ядрышко
jedinica	jedinica	noun		единица
jedinični krug	јединични круг	phrase		матем. единичная окружность
jedinstvo	јединство	noun		единство
jednakokraki	једнакокраки	adj		геометр. равнобедренный
jednakokraki trougao	једнакокраки троугао	phrase		геометр. равнобедренный треугольник
jednakostraničan	једнакостраничан	adj		геометр. равносторонний
jednačina	једначина	noun		матем. уравнение
jednjak	једњак	noun		анат. пищевод
jednoboštvo	једнобоштво	noun		единобожие
jednokomponentni	jednokomponentni	adj		однокомпонентный, монокомпонентный
jednook	једноок	adj		одноглазый
jednorog	једнорог	noun		единорог
jednosmerna struja	једносмерна струја	phrase		физ. постоянный ток
jednostaničan	једностаничан	adj		биол. одноклеточный
jednostaničan	jednostaničan	adj		биол. одноклеточный
jednoženstvo	једноженство	noun		моногамия, единобрачие
jedrenjak	једрењак	noun		парусное судно, парусник
jedro	једро	noun		парус
jedro	jedro	noun		парус
Jefremović	Јефремовић	noun		сербская фамилия
Jeftanović	Јефтановић	noun		сербская фамилия
Jeftenić	Јефтенић	noun		сербская фамилия
jeftino	јефтино	adv		дёшево
Jeftić	Јефтић	noun		сербская фамилия
Jeftović	Јефтовић	noun		сербская фамилия
Jegarac	Јегарац	noun		сербская фамилия
Jegdić	Јегдић	noun		сербская фамилия
jegulja	јегуља	noun		ихтиол. угорь (anguilla)
jeka	јека	noun		эхо
Jelača	Јелача	noun		сербская фамилия
Jelačić	Јелачић	noun		сербская фамилия
Jelašić	Јелашић	noun		сербская фамилия
Jelen	Јелен	noun		сербская фамилия
jelen	јелен	noun		олень
Jelenić	Јеленић	noun		сербская фамилия
Jelenković	Јеленковић	noun		сербская фамилия
Jelesijević	Јелесијевић	noun		сербская фамилия
Jelikić	Јеликић	noun		сербская фамилия
Jelisavac	Јелисавац	noun		сербская фамилия
Jelisavčić	Јелисавчић	noun		сербская фамилия
Jelisijević	Јелисијевић	noun		сербская фамилия
Jelisić	Јелисић	noun		сербская фамилия
Jelić	Јелић	noun		сербская фамилия
Jeličić	Јеличић	noun		сербская фамилия
Jelovac	Јеловац	noun		сербская фамилия
Jemuović	Јемуовић	noun		сербская фамилия
Jenisej	Jenisej	noun		Енисей
Jenisej	Јенисеј	noun		Енисей
jenisejski	јенисејски	adj		енисейский
Jenćeping	Јенћепинг	noun		Йёнчёпинг
Jepuranović	Јепурановић	noun		сербская фамилия
jer	јер	conj		так как, поскольку, ведь
jerej	jerej	noun		церк. иерей
jerej	јереј	noun		церк. иерей
Jeremijević	Јеремијевић	noun		сербская фамилия
Jeremić	Јеремић	noun		сербская фамилия
jeres	јерес	noun		ересь
Jerevan	Јереван	noun		Ереван
Jerihon	Јерихон	noun		Иерихон
Jerinić	Јеринић	noun		сербская фамилия
Jerinkić	Јеринкић	noun		сербская фамилия
Jerkov	Јерков	noun		сербская фамилия
Jerković	Јерковић	noun		сербская фамилия
Jermen	Јермен	noun		армянин
Jermenija	Јерменија	noun		Армения
Jermenija	Jermenija	noun		Армения
jeroglifika	јероглифика	noun		лингв. иероглифика
Jerosimić	Јеросимић	noun		сербская фамилия
Jerotijević	Јеротијевић	noun		сербская фамилия
Jerotić	Јеротић	noun		сербская фамилия
Jerović	Јеровић	noun		сербская фамилия
jesen	јесен	noun		осень
jesetra	јесетра	noun		осётр
Jesretić	Јесретић	noun		сербская фамилия
jesti	јести	verb		есть, кушать
jesti	jesti	verb		есть, кушать
jestivo	јестиво	noun		еда
Jestratijević	Јестратијевић	noun		сербская фамилия
Jestrović	Јестровић	noun		сербская фамилия
Jevdoksić	Јевдоксић	noun		сербская фамилия
Jeveričić	Јеверичић	noun		сербская фамилия
Jević	Јевић	noun		сербская фамилия
Jevle	Јевле	noun		Евле
Jevpatorija	Јевпаторија	noun		Евпатория
Jevrej	Јевреј	noun		еврей
Jevrejin	Јеврејин	noun		еврей
Jevremov	Јевремов	noun		сербская фамилия
Jevremović	Јевремовић	noun		сербская фамилия
Jevrić	Јеврић	noun		сербская фамилия
Jevrosimov	Јевросимов	noun		сербская фамилия
Jevrosimović	Јевросимовић	noun		сербская фамилия
Jevtanović	Јевтановић	noun		сербская фамилия
Jevtić	Јевтић	noun		сербская фамилия
Jevtović	Јевтовић	noun		сербская фамилия
Jevđenović	Јевђеновић	noun		сербская фамилия
Jevđević	Јевђевић	noun		сербская фамилия
Jevđović	Јевђовић	noun		сербская фамилия
Jezdimir	Jezdimir	noun		Ездимир
Jezdimir	Јездимир	noun		Ездимир
Jezdimirović	Јездимировић	noun		сербская фамилия
Jezdić	Јездић	noun		сербская фамилия
Jezdović	Јездовић	noun		сербская фамилия
jezero	језеро	noun		озеро
jezik	језик	noun		язык (средство общения)
jezikoslovlje	језикословље	noun		лингвистика
jezička porodica	језичка породица	phrase		лингв. языковая семья
jezički	језички	adj		языковой
jezičko čistunstvo	језичко чистунство	phrase		лингв. языковой пуризм
jezuit	језуит	noun		религ. иезуит
ječam	јечам	noun		ботан. ячмень (Hordeum)
Ječinac	Јечинац	noun		сербская фамилия
Ječmenica	Јечменица	noun		сербская фамилия
Ješić	Јешић	noun		сербская фамилия
jež	jež	noun		зоол. ёж (Erinaceus)
jež	јеж	noun		зоол. ёж
Jež	Јеж	noun		сербская фамилия
jidiš	јидиш	noun		идиш
Jocić	Јоцић	noun		сербская фамилия
Jocković	Јоцковић	noun		сербская фамилия
jod	јод	noun		хим. иод (йод)
jodimetrija	jodimetrija	noun		хим. иодометрия; йодометрия
jodoform	јодоформ	noun		хим. иодоформ
jodoform	jodoform	noun		хим. иодоформ
Jokanović	Јокановић	noun		сербская фамилия
Jokić	Јокић	noun		сербская фамилия
Joković	Јоковић	noun		сербская фамилия
Joksimović	Јоксимовић	noun		сербская фамилия
Joksić	Јоксић	noun		сербская фамилия
Joksović	Јоксовић	noun		сербская фамилия
Jolović	Јоловић	noun		сербская фамилия
jon	јон	noun		хим. ион
jon	jon	noun		хим. ион
jonizacija	јонизација	noun		физ. ионизация
jonizacijski	јонизацијски	adj		физ. ионизационный
jonizacijski	jonizacijski	adj		физ. ионизационный
jonizirati	јонизирати	verb		физ. ионизировать, ионизовать
jonizujuće zračenje	јонизујуће зрачење	phrase		ионизирующее излучение
jonosfera	јоносфера	noun		ионосфера
Jonović	Јоновић	noun		сербская фамилия
jonski	јонски	adj		хим. ионный
Jonsko more	Јонско море	phrase		Ионическое море
Jončić	Јончић	noun		сербская фамилия
Jordan	Јордан	noun		Иордания; Иордан (река)
Jordanović	Јордановић	noun		сербская фамилия
Jordačević	Јордачевић	noun		сербская фамилия
Jordović	Јордовић	noun		сербская фамилия
jorgan	јорган	noun		одеяло
Jorgaćević	Јоргаћевић	noun		сербская фамилия
Jorgić	Јоргић	noun		сербская фамилия
Jorgonić	Јоргонић	noun		сербская фамилия
jorgovan	јоргован	noun		ботан. сирень (Syringa)
Jorović	Јоровић	noun		сербская фамилия
Josifović	Јосифовић	noun		сербская фамилия
Josimov	Јосимов	noun		сербская фамилия
Josipović	Јосиповић	noun		сербская фамилия
Jotanović	Јотановић	noun		сербская фамилия
jotovanje	јотовање	noun		лингв. йотация, йотирование
Jotović	Јотовић	noun		сербская фамилия
Jova	Јова	noun		Йова
Jova	Jova	noun		Йова
jova	јова	noun		ботан. ольха (Alnus)
jova	jova	noun		ботан. ольха (Alnus)
Jovakarić	Јовакарић	noun		сербская фамилия
Jovan	Jovan	noun		Йован
Jovan	Јован	noun		Йован
Jovandić	Јовандић	noun		сербская фамилия
Jovanetić	Јованетић	noun		сербская фамилия
Jovanić	Јованић	noun		сербская фамилия
Jovankić	Јованкић	noun		сербская фамилия
Jovanković	Јованковић	noun		сербская фамилия
Jovanov	Јованов	noun		сербская фамилия
Jovanović	Јовановић	noun		сербская фамилия
Jovančević	Јованчевић	noun		сербская фамилия
Jovančić	Јованчић	noun		сербская фамилия
Jovančićević	Јованчићевић	noun		сербская фамилия
Jovašević	Јовашевић	noun		сербская фамилия
Jovelić	Јовелић	noun		сербская фамилия
Jovetić	Јоветић	noun		сербская фамилия
Jovica	Јовица	noun		сербская фамилия
Jovikić	Јовикић	noun		сербская фамилия
Jović	Јовић	noun		сербская фамилия
Jovićević	Јовићевић	noun		сербская фамилия
Jovičinac	Јовичинац	noun		сербская фамилия
Jovičić	Јовичић	noun		сербская фамилия
Jovišević	Јовишевић	noun		сербская фамилия
Jovišić	Јовишић	noun		сербская фамилия
Jovković	Јовковић	noun		сербская фамилия
Jovović	Јововић	noun		сербская фамилия
Jovčić	Јовчић	noun		сербская фамилия
Jozić	Јозић	noun		сербская фамилия
Jočković	Јочковић	noun		сербская фамилия
Jočović	Јочовић	noun		сербская фамилия
Jošanović	Јошановић	noun		сербская фамилия
Jošilo	Јошило	noun		сербская фамилия
Jošilović	Јошиловић	noun		сербская фамилия
Jošović	Јошовић	noun		сербская фамилия
jubilej	јубилеј	noun		юбилей
jug	jug	noun		юг
jug	југ	noun		юг
jugoistok	југоисток	noun		юго-восток
Jugoslav	Југослав	noun		Югослав
Jugoslav	Jugoslav	noun		Югослав
Jugoslavija	Југославија	noun		Югославия
jugoslovenski	југословенски	adj		югославский
Jugović	Југовић	noun		сербская фамилия
jugozapad	југозапад	noun		юго-запад
jugozapadni	југозападни	adj		юго-западный
Jukić	Јукић	noun		сербская фамилия
Jukon	Јукон	noun		геогр. Юкон
jul	јул	noun		июль
jul	jul	noun		июль
julijanski	јулијански	adj		юлианский
julski	јулски	adj		июльский
jun	јун	noun		июнь
jun	jun	noun		июнь
junaštvo	јунаштво	noun		героизм
junica	јуница	noun		тёлка, нетель
juniorski	јуниорски	adj		юниорский
Jurišević	Јуришевић	noun		сербская фамилия
Jurišić	Јуришић	noun		сербская фамилия
Jurošević	Јурошевић	noun		сербская фамилия
jutarnji	јутарњи	adj		утренний
jutro	јутро	noun		утро
jutro	jutro	noun		утро
juvelir	јувелир	noun		ювелир
juče	јуче	adv		вчера
jučer	јучер	adv		вчера
Juškić	Јушкић	noun		сербская фамилия
južan	južan	adj		южный
južan	јужан	adj		южный
Južna Amerika	Јужна Америка	phrase		Южная Америка
Južna Koreja	Јужна Кореја	phrase		геогр. Южная Корея
južni	јужни	adj		южный
južnjak	јужњак	noun		южанин
Južno kinesko more	Јужно кинеско море	phrase		Южно-Китайское море
Južnoafrička Republika	Јужноафричка Република	phrase		Южно-Африканская Республика
južnoamerički	južnoamerički	adj		южноамериканский
južnoamerički	јужноамерички	adj		южноамериканский
južnokorejski	јужнокорејски	adj		южнокорейский
južnoslovenski	јужнословенски	adj		южнославянский
kabao	кабао	noun		ушат
kabao	kabao	noun		ушат
Kablar	Каблар	noun		сербская фамилия
Kablinović	Каблиновић	noun		сербская фамилия
kacik	кацик	noun		этногр. касик (индейский вождь)
kaciola	кациола	noun		половник, поварёшка
Kaclerović	Кацлеровић	noun		сербская фамилия
kad	кад	adv		когда
kadar	кадар	adj		готовый, годный, способный (сделать что-либо)
kadar	кадар	noun		кадры, персонал; личный состав; кинокадр
kadenca	каденца	noun		муз. каденция (гармонический оборот)
kadija	кадија	noun		кади, кадий
Kadijević	Кадијевић	noun		сербская фамилия
kadmij	kadmij	noun		хим. кадмий
kadmij	кадмиј	noun		хим. кадмий
kadmijum	кадмијум	noun		хим. кадмий
kadmijum	kadmijum	noun		хим. кадмий
kafana	кафана	noun		кафе, кофейня
Kainović	Каиновић	noun		сербская фамилия
kajak	кајак	noun		каяк, байдарка
Kajganić	Кајганић	noun		сербская фамилия
Kajgo	Кајго	noun		сербская фамилия
kajsijin	кајсијин	adj		абрикосовый
Kajtez	Кајтез	noun		сербская фамилия
kakav	какав	adj		какой
kako	како	adv		как
kakofonija	kakofonija	noun		какофония
kakofonija	какофонија	noun		какофония
kaktus	кактус	noun		ботан. кактус (аналогично русскому слову)
Kalaba	Калаба	noun		сербская фамилия
Kalabić	Калабић	noun		сербская фамилия
kalaj	калај	noun		хим. олово
Kalajanović	Калајановић	noun		сербская фамилия
Kalajdžić	Калајџић	noun		сербская фамилия
Kalajitović	Калајитовић	noun		сербская фамилия
Kalajić	Калајић	noun		сербская фамилия
kalambur	каламбур	noun		каламбур
Kalambura	Каламбура	noun		сербская фамилия
Kalanj	Калањ	noun		сербская фамилия
Kalanović	Калановић	noun		сербская фамилия
kalcedon	калцедон	noun		минер. халцедон
kalcinacija	калцинација	noun		кальцинация
kaldrma	калдрма	noun		мостовая
kaleidoskop	калеидоскоп	noun		калейдоскоп
kalem	калем	noun		ботан. привой
Kalember	Калембер	noun		сербская фамилия
kalendar	календар	noun		календарь
Kalendić	Календић	noun		сербская фамилия
Kalenić	Каленић	noun		сербская фамилия
kalifornijum	калифорнијум	noun		хим. калифорний
kaligrafija	калиграфија	noun		каллиграфия
kalijum	калијум	noun		хим. калий
kalijum	kalijum	noun		хим. калий
Kalinić	Калинић	noun		сербская фамилия
Kalinjingrad	Калињинград	noun		Калининград
Kalinović	Калиновић	noun		сербская фамилия
Kalinčević	Калинчевић	noun		сербская фамилия
Kaliopa	Калиопа	noun		мифол. Каллиопа (муза эпической поэзии)
kaliptra	kaliptra	noun		истор. калиптра (одежда); ботан. калиптра (орган растения)
Kalmar	Калмар	noun		Кальмар
Kalojević	Калојевић	noun		сербская фамилия
kalorija	калорија	noun		физ. калория
kalorimetrija	калориметрија	noun		физ. калориметрия
kaluđer	калуђер	noun		религ. монах
Kalušević	Калушевић	noun		сербская фамилия
kalvinist	калвинист	noun		религ. кальвинист
kalvinizam	калвинизам	noun		религ. кальвинизм
Kamaljević	Камаљевић	noun		сербская фамилия
kambijum	камбијум	noun		ботан. камбий
Kambodža	Kambodža	noun		Камбоджа
Kambodža	Камбоџа	noun		Камбоджа
kameleon	kameleon	noun		зоол. хамелеон
kameleon	камелеон	noun		зоол. хамелеон
kamenit	каменит	adj		каменистый
Kamenković	Каменковић	noun		сербская фамилия
Kamenović	Каменовић	noun		сербская фамилия
kamfor	камфор	noun		камфара, камфора
Kamidžorac	Камиџорац	noun		сербская фамилия
kamila	камила	noun		зоол. верблюд
kamilica	камилица	noun		ботан. ромашка
kamilica	kamilica	noun		ботан. ромашка
kamion	камион	noun		грузовой автомобиль, грузовик
kampanologija	кампанологија	noun		кампанология
kanabis	канабис	noun		ботан. конопля (Cannabis)
kanal	канал	noun		канал (аналогично русскому слову)
Kanazir	Каназир	noun		сербская фамилия
Kanački	Каначки	noun		сербская фамилия
Kanađanin	Канађанин	noun		канадец
kancerogen	канцероген	adj		канцерогенный
kanconeta	kanconeta	noun		муз. канцонетта
kandidat	кандидат	noun		кандидат
kandidat	kandidat	noun		кандидат
Kandić	Кандић	noun		сербская фамилия
kandža	канџа	noun		анат. коготь
Kangrga	Кангрга	noun		сербская фамилия
kanibalizam	kanibalizam	noun		каннибализм
kanibalizam	канибализам	noun		каннибализм
Kanjevac	Кањевац	noun		сербская фамилия
Kanlić	Канлић	noun		сербская фамилия
kanonizirati	канонизирати	verb		церк. канонизировать
kanonizovati	канонизовати	verb		церк. канонизировать
kanonizovati	kanonizovati	verb		церк. канонизировать
kanta	канта	noun		ведро
Kantar	Кантар	noun		сербская фамилия
kantata	кантата	noun		муз. кантата
kaolin	kaolin	noun		минер. каолин
kaolin	каолин	noun		минер. каолин
kapa	капа	noun		каппа (название десятой буквы греческого алфавита)
kapacitor	капацитор	noun		техн. конденсатор
Kapadokija	Кападокија	noun		Каппадокия
Kapetanović	Капетановић	noun		сербская фамилия
kapibara	капибара	noun		зоол. капибара, водосвинка (Hydrochoerus hydrochaeris)
kapitalist	капиталист	noun		капиталист (аналогично русскому слову)
kapitalistički	капиталистички	adj		капиталистический
kapitalizam	капитализам	noun		капитализм
kapitel	капител	noun		архит. капитель
kapitulacija	капитулација	noun		воен. капитуляция
Kaplarević	Капларевић	noun		сербская фамилия
kapljica	капљица	noun		капля
Kapor	Капор	noun		сербская фамилия
Kapuran	Капуран	noun		сербская фамилия
kaput	капут	noun		пиджак; пальто
Karadžić	Караџић	noun		сербская фамилия
Karagić	Карагић	noun		сербская фамилия
Karakašević	Каракашевић	noun		сербская фамилия
Karaklajić	Караклајић	noun		сербская фамилия
Karakušević	Каракушевић	noun		сербская фамилия
Karaleić	Каралеић	noun		сербская фамилия
Karalejić	Каралејић	noun		сербская фамилия
Karalić	Каралић	noun		сербская фамилия
Karamarković	Карамарковић	noun		сербская фамилия
Karamata	Карамата	noun		сербская фамилия
Karamatijević	Караматијевић	noun		сербская фамилия
karamel	карамел	noun		карамель
Karan	Каран	noun		сербская фамилия
Karanac	Каранац	noun		сербская фамилия
karanfil	каранфил	noun		ботан. гвоздика (Dianthus)
karanfilić	каранфилић	noun		кулин. гвоздика (пряность)
Karanović	Карановић	noun		сербская фамилия
karantin	карантин	noun		мед. карантин
Karapandža	Карапанџа	noun		сербская фамилия
Karapandžić	Карапанџић	noun		сербская фамилия
karate	карате	noun		каратэ
karati	карати	verb		бранить, ругать
Karaulac	Караулац	noun		сербская фамилия
Karaulić	Караулић	noun		сербская фамилия
karavana	каравана	noun		караван
Karađorđević	Карађорђевић	noun		сербская фамилия
karbid	карбид	noun		хим. карбид
karboksilan	карбоксилан	adj		хим. карбоксильный
karburacija	карбурација	noun		техн. карбюрация
karburacija	karburacija	noun		техн. карбюрация
karburator	карбуратор	noun		техн. карбюратор
kardioida	кардиоида	noun		матем. кардиоида
kardiolog	кардиолог	noun		мед. кардиолог
kardiologija	кардиологија	noun		мед. кардиология
kardiološki	кардиолошки	adj		кардиологический
kardiomiopatija	кардиомиопатија	noun		мед. кардиомиопатия
karfiol	карфиол	noun		ботан. цветная капуста
Karganović	Каргановић	noun		сербская фамилия
karijera	каријера	noun		карьера
karikatura	карикатура	noun		карикатура (аналогично русскому слову)
kariocit	кариоцит	noun		цитол. кариоцит
kariotip	кариотип	noun		биол. кариотип
Karipsko more	Карипско море	phrase		Карибское море
Karić	Карић	noun		сербская фамилия
Karišik	Каришик	noun		сербская фамилия
Karleuša	Карлеуша	noun		сербская фамилия
Karličić	Карличић	noun		сербская фамилия
Karlskruna	Карлскруна	noun		Карлскруна (аналогично русскому слову)
Karlstad	Карлстад	noun		Карлстад (аналогично русскому слову)
kartezijanizam	картезијанизам	noun		филос. картезианство
karting	karting	noun		картинг
kartografija	картографија	noun		картография
kartografski	картографски	adj		картографический
Karuović	Каруовић	noun		сербская фамилия
kasacija	касација	noun		юр. кассация
kasacioni	касациони	adj		юр. кассационный
Kasalica	Касалица	noun		сербская фамилия
Kasalović	Касаловић	noun		сербская фамилия
Kasapović	Касаповић	noun		сербская фамилия
Kasavica	Касавица	noun		сербская фамилия
Kaspijsko jezero	Каспијско језеро	phrase		Каспийское море
kastracija	кастрација	noun		кастрация, оскопление
Kastratović	Кастратовић	noun		сербская фамилия
kat	kat	noun		этаж
kat	кат	noun		этаж, слой
katabolizam	катаболизам	noun		биохим. катаболизм
katakana	катакана	noun		катакана (аналогично русскому слову) (слоговая японская азбука)
katalepsija	каталепсија	noun		мед. каталепсия
kataliza	катализа	noun		хим. катализ
Katalonija	Каталонија	noun		Каталония
Katana	Катана	noun		сербская фамилия
katana	катана	noun		катана
katana	katana	noun		катана
Katanić	Катанић	noun		сербская фамилия
Katančević	Катанчевић	noun		сербская фамилия
katapult	катапулт	noun		катапульта
katastar	катастар	noun		кадастр
katastrofa	катастрофа	noun		катастрофа
katastrofalan	катастрофалан	adj		катастрофический, катастрофичный
katatonija	katatonija	noun		мед. кататония
katatonija	кататонија	noun		мед. кататония
katedra	катедра	noun		кафедра
katekizam	катекизам	noun		религ. катехизис
Katić	Катић	noun		сербская фамилия
katjon	катјон	noun		физ. катион
katjon	katjon	noun		физ. катион
katoda	катода	noun		техн. катод
katolicizam	католицизам	noun		католицизм
katoličanstvo	католичанство	noun		католицизм
katran	катран	noun		хим. гудрон
Katunac	Катунац	noun		сербская фамилия
kauliflorija	каулифлорија	noun		ботан. каулифлория
kavana	кавана	noun		кафе, кофейня
kavitacija	кавитација	noun		физ. кавитация
Kavkaz	Кавказ	noun		Кавказ (аналогично русскому слову)
Kavkaz	Kavkaz	noun		Кавказ
Kazahstan	Казахстан	noun		Казахстан (аналогично русскому слову)
kazati	казати	verb		сказать
kazati	kazati	verb		сказать
kazein	казеин	noun		биохим. казеин
Kazimirović	Казимировић	noun		сербская фамилия
kazivati	казивати	verb		говорить, говорить (по многу раз, обычно); сообщать, извещать, давать знать
kazna	казна	noun		наказание
Kaćanski	Каћански	noun		сербская фамилия
Kačar	Качар	noun		сербская фамилия
Kačarević	Качаревић	noun		сербская фамилия
Kačavenda	Качавенда	noun		сербская фамилия
kaša	каша	noun		кулин., гастрон. каша (кушанье); перен. каша (месиво, полужидкая масса)
kaša	kaša	noun		каша
kašalj	кашаљ	noun		физиол. кашель
kašika	кашика	noun		ложка
Kašiković	Кашиковић	noun		сербская фамилия
kašljati	кашљати	verb		кашлять
kašmir	кашмир	noun		текст. кашемир
Kašterović	Каштеровић	noun		сербская фамилия
Kecman	Кецман	noun		сербская фамилия
Kecmanović	Кецмановић	noun		сербская фамилия
Kecović	Кецовић	noun		сербская фамилия
Kelečević	Келечевић	noun		сербская фамилия
kemija	кемија	noun		химия
Kendrišić	Кендришић	noun		сербская фамилия
kengur	кенгур	noun		зоол. кенгуру
Kenjalo	Кењало	noun		сербская фамилия
kenozoik	кенозоик	noun		геол. кайнозой
Kent	Кент	noun		Кент (графство в Англии)
Kepić	Кепић	noun		сербская фамилия
Kepčija	Кепчија	noun		сербская фамилия
Kerac	Керац	noun		сербская фамилия
keratometar	кератометар	noun		мед. кератометр, астигмоофтальмометр
keratoskopija	кератоскопија	noun		мед. кератоскопия
Keravica	Керавица	noun		сербская фамилия
Kerečki	Керечки	noun		сербская фамилия
Kerkez	Керкез	noun		сербская фамилия
Kerović	Керовић	noun		сербская фамилия
Kesar	Кесар	noun		сербская фамилия
Keserović	Кесеровић	noun		сербская фамилия
Kesić	Кесић	noun		сербская фамилия
Keskenović	Кескеновић	noun		сербская фамилия
keton	кетон	noun		хим. кетон
Kezunović	Кезуновић	noun		сербская фамилия
Keča	Кеча	noun		сербская фамилия
Kečkić	Кечкић	noun		сербская фамилия
Kešelj	Кешељ	noun		сербская фамилия
Kfor	Kfor	noun		СДК
Kfor	Кфор	noun		СДК
KFOR	KFOR	noun		СДК
KFOR	КФОР	noun		СДК
kiaroskuro	киароскуро	noun		светотень
kibernetika	кибернетика	noun		кибернетика
kihati	кихати	verb		чихать
Kijac	Кијац	noun		сербская фамилия
Kijanović	Кијановић	noun		сербская фамилия
Kijačić	Кијачић	noun		сербская фамилия
Kijev	Kijev	noun		Киев
Kijev	Кијев	noun		Киев
Kilibarda	Килибарда	noun		сербская фамилия
Kilikija	Киликија	noun		истор. Киликия
Kilimandžaro	Килиманџаро	noun		Килиманджаро
kilobajt	килобајт	noun		информ. килобайт
kilometar	километар	noun		километр
kilovat	киловат	noun		киловатт
kim	kim	noun		тмин
kimberlit	кимберлит	noun		геол. кимберлит
Kina	Кина	noun		Китай
kinaza	киназа	noun		биохим. киназа
kinetička energija	кинетичка енергија	phrase		физ. кинетическая энергия
kinin	кинин	noun		хим. хинин, хина
kinologija	кинологија	noun		кинология
kinološki	kinološki	adj		кинологический
kinološki	кинолошки	adj		кинологический
kinurenin	кинуренин	noun		биохим. кинуренин
kinuti	кинути	verb		физиол. чихнуть
Kipranin	Кипранин	noun		киприот
Kiprijanović	Кипријановић	noun		сербская фамилия
Kirćanski	Кирћански	noun		сербская фамилия
kisela kiša	кисела киша	phrase		кислотный дождь
kiselina	киселина	noun		хим. кислота
Kiselički	Киселички	noun		сербская фамилия
kiseljak	кисељак	noun		ботан. щавель
kiseo	кисео	adj		кислый
kiseonik	кисеоник	noun		хим. кислород
Kisjelica	Кисјелица	noun		сербская фамилия
Kiso	Кисо	noun		сербская фамилия
kit	кит	noun		зоол. кит (аналогично русскому слову)
Kit	Кит	noun		астрон. Кит (аналогично русскому слову)
kita	кита	noun		кита (аналогично русскому слову)
Kitanić	Китанић	noun		сербская фамилия
Kitanović	Китановић	noun		сербская фамилия
kitara	китара	noun		муз. кифара
Kito	Кито	noun		Кито (аналогично русскому слову)
Kićanović	Кићановић	noun		сербская фамилия
Kićevac	Кићевац	noun		сербская фамилия
Kičić	Кичић	noun		сербская фамилия
kičmena moždina	кичмена мождина	phrase		анат. спинной мозг
kičmenjak	кичмењак	noun		позвоночное животное
kičmenjak	kičmenjak	noun		позвоночное животное
kiša	киша	noun		дождь
kiša	kiša	noun		дождь
kišan	кишан	adj		дождливый
klaker	клакер	noun		клакёр
klan	клан	noun		клан (аналогично русскому слову)
klarinet	кларинет	noun		муз. кларнет
klas	клас	noun		колос
klasicizam	класицизам	noun		искусств. классицизм
klasifikacija	класификација	noun		классификация
klasičan	класичан	adj		классический
klatno	клатно	noun		маятник
klatrat	клатрат	noun		хим. клатрат
klaustrofobija	клаустрофобија	noun		психол. клаустрофобия
klavijatura	клавијатура	noun		клавиатура
klavir	клавир	noun		муз. фортепиано (фортепьяно)
klavirski	klavirski	adj		муз. фортепианный, фортепьянный
Klačar	Клачар	noun		сербская фамилия
Klašnja	Клашња	noun		сербская фамилия
klen	klen	noun		ботан. клён полевой, клён равнинный (Acer campestre)
Klepić	Клепић	noun		Клепич (фамилия)
klepsidra	клепсидра	noun		клепсидра (аналогично русскому слову)
kleptoman	клептоман	noun		психиатр. клептоман (аналогично русскому слову)
klerikalizam	клерикализам	noun		полит. клерикализм
Kleut	Клеут	noun		сербская фамилия
Klevernić	Клевернић	noun		сербская фамилия
kleveta	клевета	noun		клевета (аналогично русскому слову)
klevetati	клеветати	verb		клеветать
klica	клица	noun		ботан. проросток
klijent	клијент	noun		заказчик, клиент
klijentski	клијентски	adj		клиентский
klima	клима	noun		климат
klimatologija	климатологија	noun		климатология
Klimović	Климовић	noun		сербская фамилия
klin	клин	noun		гвоздь
klin	klin	noun		гвоздь
Klinac	Клинац	noun		сербская фамилия
klinac	клинац	noun		гвоздь
Klincov	Клинцов	noun		сербская фамилия
klinika	клиника	noun		мед. клиника
Klinić	Клинић	noun		сербская фамилия
klinička psihologija	клиничка психологија	phrase		психол. клиническая психология
Klio	Клио	noun		мифол. Клио (муза истории)
Klipa	Клипа	noun		сербская фамилия
Klipić	Клипић	noun		сербская фамилия
Klisara	Клисара	noun		сербская фамилия
Klisarić	Клисарић	noun		сербская фамилия
klistron	клистрон	noun		эл.-техн. клистрон
Klisurić	Клисурић	noun		сербская фамилия
klitoris	клиторис	noun		анат. клитор
klivaž	кливаж	noun		геол. кливаж
klizav	клизав	adj		скользкий, склизкий
klizač	клизач	noun		спорт. конькобежец
klizač	klizač	noun		спорт. конькобежец
klizište	клизиште	noun		оползень
Kličković	Кличковић	noun		сербская фамилия
Kljajević	Кљајевић	noun		сербская фамилия
Kljajić	Кљајић	noun		сербская фамилия
Kljakić	Кљакић	noun		сербская фамилия
kljun	кљун	noun		анат. клюв
kljunar	кљунар	noun		зоол. утконос (лат. Ornisrorhynchus anatinus)
kljunasti	кљунасти	adj		клювастый
ključ	ključ	noun		ключ для открывания замка
ključ	кључ	noun		ключ
ključaonica	кључаоница	noun		замочная скважина
ključnica	ključnica	noun		анат. ключица
klokan	клокан	noun		зоол. кенгуру
Klopanović	Клопановић	noun		сербская фамилия
klostridija	клостридија	noun		биол. клостридия
Knežev	Кнежев	noun		сербская фамилия
kneževina	кнежевина	noun		княжество
Knežević	Кнежевић	noun		сербская фамилия
Knežić	Кнежић	noun		Кнежич (сербская фамилия)
knjiga	књига	noun		книга
knjigovodstvo	књиговодство	noun		фин. бухгалтерия
knjižar	књижар	noun		книготорговец
knjižara	књижара	noun		книжный магазин
književni	књижевни	adj		литературный (о языке, произведении); писательский, литераторский
književni jezik	књижевни језик	phrase		литературный язык
književnost	књижевност	noun		литература
knjižnica	knjižnica	noun		библиотека
knjižnica	књижница	noun		библиотека
knjižničar	књижничар	noun		библиотекарь
knjižničar	knjižničar	noun		библиотекарь
ko	ко	pron		кто
koalicija	коалиција	noun		коалиция
Kobac	Кобац	noun		сербская фамилия
kobac	кобац	noun		перепелятник
kobalt	кобалт	noun		хим. кобальт
kobalt	kobalt	noun		хим. кобальт
kobasica	кобасица	noun		колбаса
kobila	кобила	noun		зоол. кобыла
kobila	kobila	noun		зоол. кобыла
Kobiljski	Кобиљски	noun		сербская фамилия
kobra	кобра	noun		кобра (аналогично русскому слову)
kobra	kobra	noun		кобра
kocka	коцка	noun		геометр. куб
kockanje	коцкање	noun		азартная игра
kod	код	prep		у, возле, около
kodek	кодек	noun		комп. кодек (аналогично русскому слову)
kodimenzija	кодимензија	noun		матем. коразмерность
koegzistencija	коегзистенција	noun		сосуществование
kofa	кофа	noun		ведро
kofaktor	кофактор	noun		биохим. кофактор
kognitivna disonanca	когнитивна дисонанца	phrase		психол. когнитивный диссонанс
kognitivna pristrasnost	когнитивна пристрасност	phrase		психол. когнитивное искажение
kognitivni	когнитивни	adj		когнитивный, познавательный
koincidencija	коинциденција	noun		совпадение
Kojadinović	Којадиновић	noun		сербская фамилия
Kojanić	Којанић	noun		сербская фамилия
koji	koji	pron		который
koji	који	pron		который
Kojić	Којић	noun		сербская фамилия
Kojičić	Којичић	noun		сербская фамилия
Kojović	Којовић	noun		сербская фамилия
Kojundžija	Којунџија	noun		сербская фамилия
Kojundžić	Којунџић	noun		сербская фамилия
Kojčinović	Којчиновић	noun		сербская фамилия
Kojčić	Којчић	noun		сербская фамилия
kokain	кокаин	noun		биохим. кокаин
Kokanović	Кокановић	noun		сербская фамилия
Kokir	Кокир	noun		сербская фамилия
kokodakanje	кокодакање	noun		кудахтанье
kokodakati	кокодакати	verb		кудахтать
Kokoruš	Кокоруш	noun		сербская фамилия
kokosova palma	кокосова палма	phrase		кокосовая пальма
kokotac	кокотац	noun		ботан. донник (Melilotus)
Kokotović	Кокотовић	noun		сербская фамилия
Koković	Коковић	noun		сербская фамилия
kokošarnik	кокошарник	noun		курятник
kokošinjac	кокошињац	noun		курятник
Kokoškov	Кокошков	noun		Кокошков [Кокошков] (фамилия)
kolagen	колаген	noun		биохим. коллаген
Kolaković	Колаковић	noun		сербская фамилия
kolaps	колапс	noun		коллапс
Kolar	Колар	noun		сербская фамилия
Kolarević	Коларевић	noun		сербская фамилия
Kolarić	Коларић	noun		сербская фамилия
Kolarov	Коларов	noun		сербская фамилия
Kolarski	Коларски	noun		сербская фамилия
Kolačarić	Колачарић	noun		сербская фамилия
Kolašinac	Колашинац	noun		сербская фамилия
kolaž	колаж	noun		коллаж
kolega	колега	noun		коллега
kolekcija	колекција	noun		коллекция
kolekcionar	колекционар	noun		коллекционер
kolekcionarstvo	колекционарство	noun		коллекционирование
kolektiv	колектив	noun		коллектив
kolektivizacija	колективизација	noun		коллективизация
Kolesar	Колесар	noun		сербская фамилия
kolibri	колибри	noun		зоол., орнитол. колибри
kolika	колика	noun		мед. колика
kolinearan	колинеаран	adj		матем. коллинеарный
količina	количина	noun		количество
Količić	Количић	noun		сербская фамилия
Koljančić	Кољанчић	noun		сербская фамилия
Koljević	Кољевић	noun		сербская фамилия
Koljković	Кољковић	noun		сербская фамилия
koloid	колоид	noun		хим. коллоид
kolonada	колонада	noun		архит. колоннада
kolonijalizam	колонијализам	noun		колониализм
kolonoskopija	колоноскопија	noun		мед. колоноскопия
kolonoskopija	kolonoskopija	noun		мед. колоноскопия
Koloseum	Колосеум	noun		Колизей
Kolović	Коловић	noun		сербская фамилия
Kolumbija	Колумбија	noun		Колумбия
kolumbijski	колумбијски	adj		колумбийский
Kolundžija	Колунџија	noun		сербская фамилия
Kolundžić	Колунџић	noun		сербская фамилия
koluvijum	колувијум	noun		геол. коллювий
koma	koma	noun		мед. кома
koma	кома	noun		мед. кома [1]
Komad	Комад	noun		сербская фамилия
Komadinić	Комадинић	noun		сербская фамилия
komanda	команда	noun		команда; командование
komanda	komanda	noun		команда; командование
komandant	komandant	noun		командир; комендант
komandant	командант	noun		командир; комендант
komandna ekonomija	командна економија	phrase		экон. плановая экономика, командная экономика
Komar	Комар	noun		сербская фамилия
komarac	комарац	noun		зоол. комар
Komarica	Комарица	noun		сербская фамилия
komarica	комарица	noun		зоол. комар (самка)
Komarnički	Комарнички	noun		сербская фамилия
Komarčević	Комарчевић	noun		сербская фамилия
Komarčić	Комарчић	noun		сербская фамилия
Komatović	Коматовић	noun		сербская фамилия
Komazec	Комазец	noun		сербская фамилия
kombinatorika	комбинаторика	noun		матем. комбинаторика
komedija	комедија	noun		комедия
komensalizam	коменсализам	noun		биол. комменсализм
komentarisati	komentarisati	verb		комментировать
komentarisati	коментарисати	verb		комментировать
komercijalan	комерцијалан	adj		коммерческий
Kominac	Коминац	noun		сербская фамилия
komisija	komisija	noun		комиссия
komisija	комисија	noun		комиссия
komitet	комитет	noun		комитет
Komlenac	Комленац	noun		сербская фамилия
Komlenović	Комленовић	noun		сербская фамилия
Komlenski	Комленски	noun		сербская фамилия
Komljen	Комљен	noun		сербская фамилия
Komljenović	Комљеновић	noun		сербская фамилия
Komnenić	Комненић	noun		сербская фамилия
Komnenović	Комненовић	noun		сербская фамилия
komoda	комода	noun		комод
kompas	компас	noun		компас (аналогично русскому слову)
kompjuterizovana tomografija	компјутеризована томографија	phrase		мед. компьютерная томография
kompleksna ravan	комплексна раван	phrase		матем. комплексная плоскость
kompleksnost	комплексност	noun		комплексность, сложность
kompozicija	композиција	noun		композиция
kompozitor	композитор	noun		композитор
kompromis	компромис	noun		компромисс
komunista	комуниста	noun		коммунист
komunizam	комунизам	noun		полит. коммунизм
Konatarević	Конатаревић	noun		сербская фамилия
koncentracija	концентрација	noun		концентрация, сосредоточение
koncentracioni logor	концентрациони логор	phrase		концентрационный лагерь
koncentrisati	концентрисати	verb		сосредотачивать, сосредоточивать, концентрировать
koncentrično	концентрично	adv		геометр. концентрически, концентрично
koncepcijski	концепцијски	adj		книжн. концептуальный
koncepcijski	koncepcijski	adj		книжн. концептуальный
koncert	концерт	noun		концерт аналог. русск. слову)
kondenzator	кондензатор	noun		техн. конденсатор
Kondić	Кондић	noun		сербская фамилия
kondukter	кондуктер	noun		кондуктор, проводник
konfederacija	конфедерација	noun		конфедерация
konferencija	konferencija	noun		конференция
konferencija	конференција	noun		конференция
konfesija	конфесија	noun		религ. вероисповедание, конфессия
konfiguracija	конфигурација	noun		конфигурация
konflikt	конфликт	noun		конфликт
konfrontacija	конфронтација	noun		конфронтация, столкновение; противостояние
konfucijanizam	конфуцијанизам	noun		конфуцианство
konfucijanstvo	конфуцијанство	noun		истор. конфуцианство
konfučijanizam	конфучијанизам	noun		истор. конфуцианство
konfučijanski	конфучијански	adj		религ. конфуцианский
konfučijanstvo	конфучијанство	noun		истор. конфуцианство
kongregacija	конгрегација	noun		церк. конгрегация
koničan	коничан	adj		конический
konj	коњ	noun		конь; шахм. конь
Konjaković	Коњаковић	noun		сербская фамилия
konjanik	коњаник	noun		всадник, наездник
Konjević	Коњевић	noun		сербская фамилия
konjica	konjica	noun		воен. кавалерия, конница
Konjović	Коњовић	noun		сербская фамилия
konjska snaga	коњска снага	phrase		лошадиная сила
konjugacija	коњугација	noun		лингв. спряжение
konjugirati	конјугирати	verb		лингв. спрягать
konjugirati	konjugirati	verb		лингв. спрягать
konjugovati	конјуговати	verb		лингв. спрягать
konjugovati	konjugovati	verb		лингв. спрягать
konkordat	конкордат	noun		полит. конкордат
konkurencija	конкуренција	noun		конкуренция
konkurentnost	конкурентност	noun		конкурентоспособность
konkurisati	конкурисати	verb		конкурировать
konkurisati	konkurisati	verb		конкурировать
konkurs	конкурс	noun		конкурс (аналогично русскому слову)
konopac	конопац	noun		верёвка
konoplja	конопља	noun		ботан. конопля (Cannabis)
konotacija	конотација	noun		лингв. коннотация
konsekvencijalizam	консеквенцијализам	noun		филос. консеквенциализм
konsenzus	консензус	noun		консенсус, согласие
konsijerž	konsijerž	noun		консьерж
Konstantin	Константин	noun		Константин
Konstantin	Konstantin	noun		Константин
Konstantinopolj	Константинопољ	noun		Константинополь
Konstantinović	Константиновић	noun		сербская фамилия
kontekst	контекст	noun		контекст
kontingencija	контингенција	noun		филос. контингенция, контингентность, случайность; стат. контингенция, сопряжённость
kontingent	контингент	noun		контингент (аналогично русскому слову)
kontingent	kontingent	noun		контингент
Kontić	Контић	noun		сербская фамилия
kontraadmiral	контраадмирал	noun		морск. контр-адмирал
kontrabas	контрабас	noun		муз. контрабас [1]
kontrakultura	контракултура	noun		контркультура
kontrarevolucija	контрареволуција	noun		полит. контрреволюция
kontrarevolucija	kontrarevolucija	noun		полит. контрреволюция
kontrast	контраст	noun		контраст
kontrast	kontrast	noun		контраст
kontrola	контрола	noun		контроль
kontrolisati	контролисати	verb		контролировать
kontuzija	контузија	noun		мед. контузия
konvergencija	конвергенција	noun		конвергенция
konzervativizam	конзервативизам	noun		консерватизм
konzervatorijum	конзерваторијум	noun		консерватория
konzistencija	конзистенција	noun		консистенция
konzorcium	конзорциум	noun		консорциум
konzul	конзул	noun		консул
Končar	Кончар	noun		сербская фамилия
Končarević	Кончаревић	noun		сербская фамилия
koordinata	координата	noun		матем. координата (аналогично русскому слову)
koordinirati	координирати	verb		координировать
Kopanja	Копања	noun		сербская фамилия
Kopanlija	Копанлија	noun		сербская фамилия
kopati	копати	verb		копать
kopejka	копејка	noun		копейка
Kopenhagen	Копенхаген	noun		Копенгаген
kopija	копија	noun		копия
kopirati	копирати	verb		копировать
kopitnjak	копитњак	noun		копытень
kopno	копно	noun		суша
Koprivica	Копривица	noun		сербская фамилия
kopt	копт	noun		копт
koptski	коптски	adj		коптский
koptski	koptski	adj		коптский
Kopunović	Копуновић	noun		сербская фамилия
kor	кор	noun		корпус (дипломатический и т. п.)
korak	корак	noun		шаг
korak	korak	noun		шаг
Koraksić	Кораксић	noun		сербская фамилия
Korać	Кораћ	noun		сербская фамилия
Korda	Корда	noun		сербская фамилия
Kordić	Кордић	noun		сербская фамилия
Koreja	Кореја	noun		геогр. Корея
korelacija	корелација	noun		матем. корреляция
koren	корен	noun		ботан. корень
korespodent	коресподент	noun		корреспондент, репортёр
Korica	Корица	noun		сербская фамилия
koridor	коридор	noun		коридор (аналогично русскому слову)
korifej	корифеј	noun		корифей
korijander	коријандер	noun		ботан. кориандр (Coriandrum)
korisnik	корисник	noun		пользователь
korisnički interfejs	кориснички интерфејс	phrase		информ. интерфейс пользователя
koristiti	користити	verb		использовать, пользоваться, применять; быть полезным, приносить пользу, идти на пользу
korito	корито	noun		корыто; русло реки
Korićanac	Корићанац	noun		сербская фамилия
Korkodelović	Коркоделовић	noun		сербская фамилия
Korlat	Корлат	noun		сербская фамилия
kornjača	корњача	noun		черепаха
Kornjača	Корњача	noun		сербская фамилия
Kornvol	Корнвол	noun		Корнуолл; Корнуэлл (нерекомендуемый вариант)
Korolija	Королија	noun		сербская фамилия
Koroman	Короман	noun		сербская фамилия
koronografija	коронографија	noun		мед. коронарография
Koronsovac	Коронсовац	noun		сербская фамилия
korozija	корозија	noun		хим. коррозия
korpus	корпус	noun		корпус (аналог. русск. корпус [4])
kortizol	кортизол	noun		мед. кортизол (аналогично русскому слову)
Koruga	Коруга	noun		сербская фамилия
Korunović	Коруновић	noun		сербская фамилия
korupcija	корупција	noun		коррупция
Korzika	Корзика	noun		Корсика
kos	кос	adj		косой
kos	кос	noun		зоол. чёрный дрозд
kosa	коса	noun		коса I; с.-х. коса II
Kosanić	Косанић	noun		сербская фамилия
Kosanović	Косановић	noun		сербская фамилия
Kosijer	Косијер	noun		сербская фамилия
kosinus	косинус	noun		матем. косинус
Kosić	Косић	noun		сербская фамилия
Kosjerina	Косјерина	noun		сербская фамилия
Kosmajac	Космајац	noun		сербская фамилия
kosmičko pozadinsko zračenje	космичко позадинско зрачење	phrase		астрон. физ. реликтовое излучение
kosmos	космос	noun		космос (аналогично русскому слову)
kosmos	kosmos	noun		космос
Kosnić	Коснић	noun		сербская фамилия
Kosorić	Косорић	noun		сербская фамилия
Kosovac	Косовац	noun		сербская фамилия
Kosović	Косовић	noun		сербская фамилия
kost	кост	noun		кость
Kosta	Kosta	noun		Коста
Kosta	Коста	noun		Коста
Kostadin	Kostadin	noun		Костадин
Kostadin	Костадин	noun		Костадин
Kostadinović	Костадиновић	noun		сербская фамилия
Kostić	Костић	noun		сербская фамилия
kostobolja	костобоља	noun		подагра
Kostović	Костовић	noun		сербская фамилия
Kostreš	Костреш	noun		сербская фамилия
Kostrešević	Кострешевић	noun		сербская фамилия
Kostur	Костур	noun		сербская фамилия
kotangens	котангенс	noun		матем. котангенс
kotao	котао	noun		котёл
Kotarac	Котарац	noun		сербская фамилия
Kotević	Котевић	noun		сербская фамилия
Kotorčević	Которчевић	noun		сербская фамилия
Kotur	Котур	noun		сербская фамилия
Koturanović	Котурановић	noun		сербская фамилия
Koturović	Котуровић	noun		сербская фамилия
kotva	котва	noun		морск. якорь
kotva	kotva	noun		морск. якорь
kovalentna veza	ковалентна веза	phrase		хим. ковалентная связь
kovanica	кованица	noun		монета
Kovanov	Кованов	noun		сербская фамилия
Kovanović	Ковановић	noun		сербская фамилия
Kovač	Ковач	noun		славянская фамилия
Kovačev	Ковачев	noun		сербская фамилия
Kovačević	Ковачевић	noun		сербская фамилия
Kovačina	Ковачина	noun		сербская фамилия
Kovačić	Ковачић	noun		сербская фамилия
Kovački	Ковачки	noun		сербская фамилия
Koviljac	Ковиљац	noun		сербская фамилия
kovilje	ковиље	noun		ботан. ковыль (Stipa)
Kovinić	Ковинић	noun		сербская фамилия
Kovinjalo	Ковињало	noun		сербская фамилия
Kovinčić	Ковинчић	noun		сербская фамилия
Kovjanić	Ковјанић	noun		сербская фамилия
Kovljenić	Ковљенић	noun		сербская фамилия
kovnica novca	ковница новца	phrase		монетный двор
kovrdžast	коврџаст	adj		кудрявый, курчавый
kovrdžav	коврџав	adj		кудрявый, курчавый
Kovrlija	Коврлија	noun		сербская фамилия
kovrčast	коврчаст	adj		кудрявый, курчавый
kovrčav	коврчав	adj		кудрявый, курчавый
Kozarac	Козарац	noun		сербская фамилия
Kozarev	Козарев	noun		сербская фамилия
Kozarević	Козаревић	noun		сербская фамилия
Kozarski	Козарски	noun		сербская фамилия
Kozić	Козић	noun		сербская фамилия
Kozlica	Козлица	noun		сербская фамилия
Kozlina	Козлина	noun		сербская фамилия
Kozlovački	Козловачки	noun		сербская фамилия
kozmologija	козмологија	noun		космология
Kozomara	Козомара	noun		сербская фамилия
Kočanović	Кочановић	noun		сербская фамилия
Kočević	Кочевић	noun		сербская фамилия
kočija	kočija	noun		коляска, повозка, дилижанс, фаэтон
kočija	кочија	noun		коляска, повозка, дилижанс, фаэтон
Kočijašević	Кочијашевић	noun		сербская фамилия
Kočinac	Кочинац	noun		сербская фамилия
Kočić	Кочић	noun		сербская фамилия
Kočišević	Кочишевић	noun		сербская фамилия
Kočović	Кочовић	noun		сербская фамилия
koš	кош	noun		корзина
Košarac	Кошарац	noun		сербская фамилия
košarka	кошарка	noun		спорт. баскетбол
košarkaš	кошаркаш	noun		спорт. баскетболист
Košević	Кошевић	noun		сербская фамилия
košmar	кошмар	noun		кошмар (аналогично русскому слову)
košnica	кошница	noun		улей
Košničar	Кошничар	noun		сербская фамилия
Košničarević	Кошничаревић	noun		сербская фамилия
Košpić	Кошпић	noun		сербская фамилия
koštana srž	коштана срж	phrase		анат. костный мозг
Koštunica	Коштуница	noun		сербская фамилия
košulja	кошуља	noun		рубаха, рубашка
Košutić	Кошутић	noun		сербская фамилия
koža	кожа	noun		кожа (аналогично русскому слову)
koža	koža	noun		анат. кожа
kožarski	кожарски	adj		кожевенный
Kožović	Кожовић	noun		сербская фамилия
krafna	крафна	noun		пончик, пышка, пампушка
Kragić	Крагић	noun		сербская фамилия
Kragović	Краговић	noun		сербская фамилия
kraguj	крагуј	noun		перепелятник
Kragujevac	Крагујевац	noun		Крагуевац
Kragujevac	Kragujevac	noun		Крагуевац
Kragujević	Крагујевић	noun		сербская фамилия
Kragulj	Крагуљ	noun		сербская фамилия
Kraguljac	Крагуљац	noun		сербская фамилия
Krainčanić	Краинчанић	noun		сербская фамилия
kraj	крај	noun		конец, прекращение; край, конец, предел
Krajišnik	Крајишник	noun		сербская фамилия
Krajnović	Крајновић	noun		сербская фамилия
Krajčinović	Крајчиновић	noun		сербская фамилия
kralj	краљ	noun		король; шахм. король
kraljević	краљевић	noun		королевич
Kraljevo	Краљево	noun		Кралево
Kraljevo	Kraljevo	noun		Кралево
kralježak	краљежак	noun		анат. позвонок
kraljica	краљица	noun		королева; шахм. ферзь, королева
kraljoubica	kraljoubica	noun		цареубийца
kraniosinostoza	краниосиностоза	noun		мед. краниостеноз, краниосиностоз
Kranjac	Крањац	noun		сербская фамилия
krasan	красан	adj		красивый
Krasavac	Красавац	noun		сербская фамилия
Krasavčić	Красавчић	noun		сербская фамилия
Krasić	Красић	noun		сербская фамилия
Krasnojarsk	Краснојарск	noun		Красноярск
Krasnojarska Pokrajina	Краснојарска Покрајина	phrase		Красноярский край
Krasojević	Красојевић	noun		сербская фамилия
krasopis	красопис	noun		каллиграфия
krasopisno	krasopisno	adv		каллиграфически
krasopisno	красописно	adv		каллиграфически
krastavac	краставац	noun		ботан. огурец (Cucumis sativus)
krastača	крастача	noun		зоол. жаба
Krasulja	Красуља	noun		сербская фамилия
kratak	кратак	adj		краткий, короткий
kratkodnevica	краткодневица	noun		зимнее солнцестояние
kratkovidnost	кратковидност	noun		мед. близорукость, миопия
kratkovidnost	kratkovidnost	noun		мед. близорукость, миопия
krava	крава	noun		корова
Kravarušić	Краварушић	noun		сербская фамилия
Kravić	Кравић	noun		сербская фамилия
Kravljača	Крављача	noun		сербская фамилия
krađa	крађа	noun		кража
Krbavac	Крбавац	noun		сербская фамилия
Kreclović	Крецловић	noun		сербская фамилия
kreda	креда	noun		мел (минерал)
Krejović	Крејовић	noun		сербская фамилия
kreket	крекет	noun		кваканье
krekovanje	крековање	noun		хим. крекинг
kremen	кремен	noun		минер. кремень
Kremenović	Кременовић	noun		сербская фамилия
Kremić	Кремић	noun		сербская фамилия
kreol	креол	noun		креол
kreolski	креолски	adj		креольский
kreolski jezik	креолски језик	phrase		лингв. креольский язык
kresnica	кресница	noun		светлячок
Kresoja	Кресоја	noun		сербская фамилия
Kresojević	Кресојевић	noun		сербская фамилия
Kresović	Кресовић	noun		сербская фамилия
Krestić	Крестић	noun		сербская фамилия
kretanje	кретање	noun		движение
kretenizam	кретенизам	noun		мед. кретинизм
krevet	кревет	noun		кровать
kreč	креч	noun		известь
Krečković	Кречковић	noun		сербская фамилия
krečnjak	кречњак	noun		геол. известняк
Krga	Крга	noun		сербская фамилия
krhak	крхак	adj		хрупкий (также перен.)
krhkost	крхкост	noun		хрупкость, ломкость
krigla	кригла	noun		пивная кружка
krijumčar	кријумчар	noun		контрабандист
krijumčarenje	кријумчарење	noun		юр. контрабанда
Krilović	Криловић	noun		сербская фамилия
kriminalac	криминалац	noun		преступник, уголовник
kriminalist	криминалист	noun		криминалист
Krinulović	Кринуловић	noun		сербская фамилия
kriohidrat	kriohidrat	noun		физ. криогидрат
kriptografija	криптографија	noun		криптография
kripton	криптон	noun		хим. криптон
kristal	кристал	noun		хим. кристалл
kristalan	кристалан	adj		кристаллический; кристальный, прозрачный
kristalni	кристални	adj		кристаллический
Kristijan	Kristijan	noun		Кристиан, Кристиян
Kristijan	Кристијан	noun		Кристиан, Кристиян
Kristijanstad	Кристијанстад	noun		Кристианстад
kriterijum	критеријум	noun		критерий
kritičko razmišljanje	критичко размишљање	phrase		критическое мышление
kriva	крива	noun		геометр. кривая
krivda	кривда	noun		несправедливость; устар. вина
krivina	кривина	noun		кривизна
krivično pravo	кривично право	phrase		юр. уголовное право
Krivokuća	Кривокућа	noun		сербская фамилия
Krivošija	Кривошија	noun		сербская фамилия
Krivošić	Кривошић	noun		сербская фамилия
kriza	криза	noun		кризис
Krička	Кричка	noun		сербская фамилия
Kričković	Кричковић	noun		сербская фамилия
Krišan	Кришан	noun		сербская фамилия
Krišanov	Кришанов	noun		сербская фамилия
Krišanović	Кришановић	noun		сербская фамилия
krišom	кришом	adv		тайно, тайком, скрытно, секретно
križanje	крижање	noun		перекрёсток
Krkeljić	Кркељић	noun		сербская фамилия
Krkobabić	Кркобабић	noun		сербская фамилия
Krneta	Крнета	noun		сербская фамилия
Krnjajić	Крњајић	noun		сербская фамилия
Krnjeušić	Крњеушић	noun		сербская фамилия
Krnjinac	Крњинац	noun		сербская фамилия
Krnojelac	Крнојелац	noun		сербская фамилия
krojač	кројач	noun		портной
krojač	krojač	noun		портной
krokodil	крокодил	noun		зоол. крокодил (Crocodylus; аналог. русск. крокодил [1])
krom	кром	noun		хим. хром
kromanjonac	кромањонац	noun		антроп. кроманьонец
krompir	кромпир	noun		картофель
krotko	кротко	adv		кротко (аналогично русскому слову)
krov	кров	noun		кров (аналогично русскому слову); крыша
kroz	kroz	prep		через, сквозь
kroz	кроз	prep		через, сквозь; через; за, в течение
krpa	крпа	noun		тряпка; лоскут
krpelj	крпељ	noun		зоол. клещ
krpelj	krpelj	noun		зоол. клещ
Krpić	Крпић	noun		сербская фамилия
Krsmanić	Крсманић	noun		сербская фамилия
Krsmanović	Крсмановић	noun		сербская фамилия
Krstajić	Крстајић	noun		сербская фамилия
Krstanović	Крстановић	noun		сербская фамилия
Krstinić	Крстинић	noun		сербская фамилия
Krstivojević	Крстивојевић	noun		сербская фамилия
Krstić	Крстић	noun		сербская фамилия
Krstičić	Крстичић	noun		сербская фамилия
krstokljun	крстокљун	noun		орнитол. клёст
Krstonošić	Крстоношић	noun		сербская фамилия
Krstović	Крстовић	noun		сербская фамилия
krtica	кртица	noun		крот
Krtinić	Кртинић	noun		сербская фамилия
krug	круг	noun		круг (аналогично русскому слову)
Kruljević	Круљевић	noun		сербская фамилия
kruna	круна	noun		корона, венец; крона (денежная единица)
krunidba	крунидба	noun		коронация, коронование
krunisanje	крунисање	noun		коронация, коронование
Krunić	Крунић	noun		сербская фамилия
Krupežević	Крупежевић	noun		сербская фамилия
Krupniković	Крупниковић	noun		сербская фамилия
krut	крут	adj		крутой, резкий
kruška	kruška	noun		груша (плод); груша (растение)
Kruškonja	Крушкоња	noun		сербская фамилия
Kruškonjić	Крушкоњић	noun		сербская фамилия
Kružević	Кружевић	noun		сербская фамилия
kružnica	кружница	noun		астрон. орбита
krv	крв	noun		кровь
krvav	крвав	adj		кровавый
Krvavac	Крвавац	noun		сербская фамилия
krvavica	крвавица	noun		кровяная колбаса
krvna grupa	крвна група	phrase		группа крови
krvna plazma	крвна плазма	phrase		плазма крови
krvni pritisak	крвни притисак	phrase		кровяное давление
krvni sud	крвни суд	phrase		анат. кровеносный сосуд
krvoločan	крволочан	adj		кровожадный
krvoproliće	крвопролиће	noun		кровопролитие
krvožedan	крвожедан	adj		кровожадный
krznar	krznar	noun		скорняк
Krčevinac	Крчевинац	noun		сербская фамилия
krčma	крчма	noun		корчма
Krčmar	Крчмар	noun		сербская фамилия
Krčmarević	Крчмаревић	noun		сербская фамилия
Kršić	Кршић	noun		сербская фамилия
ksantofil	ksantofil	noun		биохим. ксантофилл
ksantoma	ксантома	noun		мед. ксантома
ksenoglosija	ксеноглосија	noun		ксеноглоссия
ksenon	ксенон	noun		хим. ксенон
kserografija	ксерографија	noun		ксерография
ksilen	ксилен	noun		хим. ксилол, диметилбензол
Kuba	Куба	noun		Куба
Kubanac	Кубанац	noun		кубинец
kubanski	кубански	adj		кубинский
Kubat	Кубат	noun		сербская фамилия
kube	кубе	noun		архит. купол
kubizam	кубизам	noun		искусств. кубизм
Kubura	Кубура	noun		сербская фамилия
kuda	куда	adv		куда (аналогично русскому слову)
Kudrić	Кудрић	noun		сербская фамилия
kugličasta munja	кугличаста муња	phrase		шаровая молния
kuhača	кухача	noun		половник, поварёшка
kuhinja	кухиња	noun		кухня
Kujavić	Кујавић	noun		сербская фамилия
Kujundžić	Кујунџић	noun		сербская фамилия
Kukanjac	Кукањац	noun		сербская фамилия
kukavica	кукавица	noun		зоол. кукушка; перен., разг. трус; трусиха
Kukavica	Кукавица	noun		сербская фамилия
kukavičluk	кукавичлук	noun		трусость, трусливость, малодушие
Kukolj	Кукољ	noun		сербская фамилия
kukolj	кукољ	noun		ботан. куколь посевной (Agrostemma githago)
Kukrić	Кукрић	noun		сербская фамилия
kukurikati	кукурикати	verb		кукарекать
kula	кула	noun		башня; шахм. ладья
Kulaš	Кулаш	noun		сербская фамилия
Kulašević	Кулашевић	noun		сербская фамилия
kulevrina	кулеврина	noun		истор. кулеврина
Kulezić	Кулезић	noun		сербская фамилия
Kuljača	Куљача	noun		сербская фамилия
Kuljić	Куљић	noun		сербская фамилия
kulminacija	кулминација	noun		астрон. кульминация
Kulpinac	Кулпинац	noun		сербская фамилия
kult ličnosti	култ личности	phrase		культ личности
kultura	култура	noun		культура
kulturan	културан	adj		культурный, относящийся к культуре
kulturna antropologija	културна антропологија	phrase		культурная антропология
kulturna baština	културна баштина	phrase		культурное наследие
kulturni šok	културни шок	phrase		культурный шок
Kulundžija	Кулунџија	noun		сербская фамилия
Kulundžić	Кулунџић	noun		сербская фамилия
kum	кум	noun		кум (аналог русскому слову в знач. I)
kum	кум	noun		песок
kumkvat	кумкват	noun		[[]]
Kumrić	Кумрић	noun		сербская фамилия
kuna	куна	noun		зоол. куница (лат. martes)
Kunarac	Кунарац	noun		сербская фамилия
Kundačina	Кундачина	noun		сербская фамилия
Kundović	Кундовић	noun		сербская фамилия
kunilingus	кунилингус	noun		сексол. куннилингус
kunilinktus	кунилинктус	noun		сексол. куннилингус
kunić	кунић	noun		зоол. кролик
Kunovac	Куновац	noun		сербская фамилия
kupati	купати	verb		купать
kupina	купина	noun		ежевика
kupiti	купити	verb		купить
kupiti	kupiti	verb		купить
kupnja	купња	noun		покупка, купля
kupola	купола	noun		архит. купол
kupon	купон	noun		купон
kupovati	куповати	verb		покупать
kupovina	куповина	noun		покупка
kupus	купус	noun		капуста
kurac	kurac	noun		обсц. хуй
kurac	курац	noun		вульг. член, хрен, хуй
Kuraica	Кураица	noun		сербская фамилия
Kurbalija	Курбалија	noun		сербская фамилия
Kurepa	Курепа	noun		сербская фамилия
Kuridža	Куриџа	noun		сербская фамилия
kurjak	курјак	noun		зоол. волк (Canis lupus)
Kurjački	Курјачки	noun		сербская фамилия
kursor	курсор	noun		комп. курсор
Kursulić	Курсулић	noun		сербская фамилия
Kuručev	Куручев	noun		сербская фамилия
kurva	курва	noun		вульг., бран. курва (аналогично русскому слову); сука, стерва
kurvimetar	курвиметар	noun		курвиметр
Kusmuk	Кусмук	noun		сербская фамилия
Kusovac	Кусовац	noun		сербская фамилия
kut	кут	noun		угол
kutinaza	kutinaza	noun		биохим. кутиназа
Kutlača	Кутлача	noun		сербская фамилия
kutlača	кутлача	noun		половник, поварёшка
Kutlačić	Кутлачић	noun		сербская фамилия
Kutlešić	Кутлешић	noun		сербская фамилия
kutnjak	кутњак	noun		коренной зуб, моляр
kuvar	кувар	noun		повар
kuvati	кувати	verb		варить, готовить (пищу)
Kuvekalović	Кувекаловић	noun		сербская фамилия
Kuveljić	Кувељић	noun		сербская фамилия
Kuzeljević	Кузељевић	noun		сербская фамилия
Kuzmanov	Кузманов	noun		сербская фамилия
Kuzmanović	Кузмановић	noun		сербская фамилия
Kuzminac	Кузминац	noun		сербская фамилия
Kuzmić	Кузмић	noun		сербская фамилия
Kučinar	Кучинар	noun		сербская фамилия
Kužet	Кужет	noun		сербская фамилия
kvadrat	квадрат	noun		геометр. квадрат (аналогично русскому слову); матем. квадрат (аналогично русскому слову)
kvadratura	квадратура	noun		матем. квадратура
kvaka	квака	noun		дверная ручка
kvant	квант	noun		физ. квант
kvantitet	квантитет	noun		количество
kvantna elektrodinamika	квантна електродинамика	phrase		физ. квантовая электродинамика
kvantna mehanika	квантна механика	phrase		квантовая механика
kvantna teorija polja	квантна теорија поља	phrase		физ. квантовая теория поля
kvantno stanje	квантно стање	phrase		физ. квантовое состояние
kvar	квар	noun		сбой, неисправность
kvarcit	кварцит	noun		минер. кварцит
kvas	квас	noun		дрожжи, закваска; квас (аналогично русскому слову)
kvasac	квасац	noun		дрожжи
Kvebek	Квебек	noun		Квебек
Kvibek	Квибек	noun		Квебек
kvintet	квинтет	noun		муз. квинтет
kvota	квота	noun		квота
Kvrgić	Квргић	noun		сербская фамилия
kćerka	кћерка	noun		дочь
kći	кћи	noun		дочь
Labalo	Лабало	noun		сербская фамилия
Laban	Лабан	noun		сербская фамилия
labijalizovati	labijalizovati	verb		лингв. лабиализовать
labiodentalan	лабиоденталан	adj		лингв. лабиодентальный, губно-зубной
laboratorija	лабораторија	noun		лаборатория
Labović	Лабовић	noun		сербская фамилия
Labrador	Лабрадор	noun		геогр. Лабрадор
labradorit	лабрадорит	noun		геол. лабрадорит
labradorski	лабрадорски	adj		геогр. лабрадорский
labud	лабуд	noun		зоол. лебедь
laburista	лабуриста	noun		полит. лейборист
laburistički	лабуристички	adj		полит. лейбористский
Labus	Лабус	noun		сербская фамилия
Lacković	Лацковић	noun		сербская фамилия
Lacmanović	Лацмановић	noun		сербская фамилия
Lagarija	Лагарија	noun		сербская фамилия
lagati	лагати	verb		лгать
laguna	лагуна	noun		геогр. лагуна
Lajden	Лајден	noun		Лейден
lak	лак	adj		лёгкий (по весу); лёгкий, нетрудный
Lakanović	Лакановић	noun		сербская фамилия
lakat	лакат	noun		анат. локоть
Laketa	Лакета	noun		сербская фамилия
Laketić	Лакетић	noun		сербская фамилия
lakirati	лакирати	verb		лакировать
Lakić	Лакић	noun		сербская фамилия
Lakićević	Лакићевић	noun		сербская фамилия
lakmus	лакмус	noun		хим. лакмус
lakmus	lakmus	noun		хим. лакмус
Lakobrija	Лакобрија	noun		сербская фамилия
Laković	Лаковић	noun		сербская фамилия
lakovjernost	лаковјерност	noun		легковерие, легковерность
laksativ	лаксатив	noun		мед. слабительное, пургатив
laktogen	laktogen	noun		биохим. лактоген
laktoza	лактоза	noun		биохим. лактоза
lala	lala	noun		ботан. тюльпан (Tulipa)
lala	лала	noun		ботан. тюльпан (Tulipa)
Lale	Лале	noun		сербская фамилия
Lalić	Лалић	noun		сербская фамилия
Lalović	Лаловић	noun		сербская фамилия
Lalošević	Лалошевић	noun		сербская фамилия
lamaizam	ламаизам	noun		религ. ламаизм
lambda	ламбда	noun		лямбда
Lambeta	Ламбета	noun		сербская фамилия
lampa	лампа	noun		лампа (аналогично русскому слову)
lan	лан	noun		лён
lanac	ланац	noun		цепь
lantan	лантан	noun		хим. лантан
lančana reakcija	ланчана реакција	phrase		хим. физ. цепная реакция
lančara	ланчара	noun		истор. кольчуга
Lančuški	Ланчушки	noun		сербская фамилия
Laptošević	Лаптошевић	noun		сербская фамилия
Lapčević	Лапчевић	noun		сербская фамилия
Lasković	Ласковић	noun		сербская фамилия
lastavica	ластавица	noun		зоол. ласточка
Lastavica	Ластавица	noun		сербская фамилия
lastavica	lastavica	noun		орнитол. ласточка (Hirundo)
lastavičar	lastavičar	noun		орнитол. чеглок (Falco subbuteo)
lastavičar	ластавичар	noun		орнитол. чеглок (Falco subbuteo)
Latas	Латас	noun		сербская фамилия
lateralnost	латералност	noun		латеральность
latinoamerički	латиноамерички	adj		латиноамериканский
Latinović	Латиновић	noun		сербская фамилия
Latinska Amerika	Латинска Америка	phrase		Латинская Америка
Latinčić	Латинчић	noun		сербская фамилия
Latković	Латковић	noun		сербская фамилия
Laudanović	Лаудановић	noun		сербская фамилия
lauta	лаута	noun		лютня
Laušev	Лаушев	noun		сербская фамилия
lav	лав	noun		зоол. лев (Panthera leo)
lava	лава	noun		лава
lavanda	лаванда	noun		лаванда (аналог. русск. слову; лат. Lavandula)
lavica	лавица	noun		львица
lavirint	лавиринт	noun		лабиринт
Lavov	Лавов	noun		Львов (город)
Lavrnić	Лаврнић	noun		сербская фамилия
Lavrnja	Лаврња	noun		сербская фамилия
Lazar	Lazar	noun		Лазар
Lazarević	Лазаревић	noun		сербская фамилия
Lazarov	Лазаров	noun		сербская фамилия
Lazendić	Лазендић	noun		сербская фамилия
Lazetić	Лазетић	noun		сербская фамилия
Lazinica	Лазиница	noun		сербская фамилия
Lazić	Лазић	noun		сербская фамилия
Lazičić	Лазичић	noun		сербская фамилия
Lazović	Лазовић	noun		сербская фамилия
Lazukić	Лазукић	noun		сербская фамилия
lađa	лађа	noun		лодка
Lađevac	Лађевац	noun		сербская фамилия
Lađević	Лађевић	noun		сербская фамилия
laž	лаж	noun		ложь
Lažetić	Лажетић	noun		сербская фамилия
lažica	лажица	noun		ложка
lažno	лажно	adv		ложно
lažnost	лажност	noun		ложность, неистинность, неверность (свойство быть ложным)
Lecić	Лецић	noun		сербская фамилия
ledac	ледац	noun		хим. кристалл
ledeburit	ледебурит	noun		металл. ледебурит
ledenica	ledenica	noun		сосулька
ledenica	леденица	noun		сосулька
ledeno doba	ледено доба	phrase		ледниковый период
ledolomac	ледоломац	noun		ледокол
legen	леген	noun		таз; лоханка
legenda	легенда	noun		легенда (аналогично русскому слову)
legija	легија	noun		истор. легион
Leginović	Легиновић	noun		сербская фамилия
legitimizam	легитимизам	noun		полит. легитимизм
leglo	легло	noun		выводок; логово, логовище, лёжка
lek	lek	noun		лека́рство, медикамент
lek	лек	noun		лека́рство, медикамент
Lekanić	Леканић	noun		сербская фамилия
lekar	лекар	noun		врач, лекарь
Lekić	Лекић	noun		сербская фамилия
Leko	Леко	noun		сербская фамилия
Leković	Лековић	noun		сербская фамилия
leksema	лексема	noun		лингв. лексема (аналогично русскому слову)
leksikografija	лексикографија	noun		лексикография
lektotip	лектотип	noun		биол. лектотип
lelek	лелек	noun		плач, рыдания
Lelović	Леловић	noun		сербская фамилия
lem	лем	noun		техн. припой
Lemaić	Лемаић	noun		сербская фамилия
Lemajić	Лемајић	noun		сербская фамилия
lemilica	лемилица	noun		паяльник
lemiti	лемити	verb		паять
Lemić	Лемић	noun		сербская фамилия
lemniskata	лемниската	noun		геометр. лемниската
lenjinizam	лењинизам	noun		ленинизм
Leontijević	Леонтијевић	noun		сербская фамилия
lep	леп	adj	ekav	красивый, милый, хорошенький
lepeza	лепеза	noun	ekav	веер
lepidolit	лепидолит	noun	ekav	минер. лепидолит
Lepir	Лепир	noun	ekav	сербская фамилия
Lepojević	Лепојевић	noun	ekav	сербская фамилия
Leposavić	Лепосавић	noun	ekav	сербская фамилия
lepota	лепота	noun	ekav	красота
Lepović	Леповић	noun	ekav	сербская фамилия
leprozarijum	лепрозаријум	noun	ekav	лепрозорий
lepta	лепта	noun	ekav	истор. лепта (аналогично русскому слову)
leptir	leptir	noun	ekav	зоол. бабочка, мотылёк
leptir	лептир	noun	ekav	зоол. бабочка, мотылёк
leptoten	лептотен	noun	ekav	биол. лептотена, лептонема
Lepšanović	Лепшановић	noun	ekav	сербская фамилия
Lero	Леро	noun		сербская фамилия
Lesendrić	Лесендрић	noun		сербская фамилия
Leskovac	Лесковац	noun		Лесковац
Leskovac	Leskovac	noun		Лесковац
letargija	летаргија	noun		мед. летаргия
letargičan	летаргичан	adj		мед. летаргический
letati	летати	verb		летать
letelica	летелица	noun		летательный аппарат, воздушное судно, самолёт
letelište	летелиште	noun		аэропорт
leto	лето	noun		лето (аналогично русскому слову)
Letonija	Летонија	noun		геогр. Латвия
Letonija	Letonija	noun		геогр. Латвия
Letunica	Летуница	noun		сербская фамилия
leukemija	леукемија	noun		мед. лейкемия, лейкоз
leukocit	леукоцит	noun		физиол. лейкоцит
Levajac	Левајац	noun		сербская фамилия
levi	леви	adj		левый
Levijatan	Левијатан	noun		мифол. левиафан; Левиафан
levitacija	левитација	noun		фант. левитация
lezbejka	лезбејка	noun		лесбиянка
lezbejski	лезбејски	adj		лесбийский
lezbiйka	лезбийка	noun		лесбиянка
leća	лећа	noun		ботан. чечевица (Lens)
Lečić	Лечић	noun		сербская фамилия
leđa	леђа	noun		анат. спина
leš	леш	noun		труп; падаль
leš	leš	noun		труп; падаль
Lešević	Лешевић	noun		сербская фамилия
lešinar	лешинар	noun		гриф, стервятник
Leštarić	Лештарић	noun		сербская фамилия
Ležaić	Лежаић	noun		сербская фамилия
Ležajić	Лежајић	noun		сербская фамилия
ležeći policajac	лежећи полицајац	phrase		лежачий полицейский
libanski	либански	adj		ливанский
liberalizam	либерализам	noun		либерализм
libertarijanizam	либертаријанизам	noun		филос. полит. экон. либертарианство
libido	libido	noun		либидо; половое влечение
libido	либидо	noun		физиол., сексол. либидо (аналогично русскому слову)
Libija	Либија	noun		Ливия
libijski	либијски	adj		ливийский
libreto	либрето	noun		либретто
lice	лице	noun		анат. лицо; особа, человек, персона
licenca	лиценца	noun		лицензия
lider	лидер	noun		лидер
lift	лифт	noun		лифт
lignifikacija	лигнификација	noun		ботан. лигнификация, одревеснение
lignin	лигнин	noun		биохим. лигнин
lignja	лигња	noun		зоол. кальмар
Ligurija	Лигурија	noun		Лигурия
lihenologija	лихенологија	noun		биол. лихенология
Lihtenštajn	Лихтенштајн	noun		Лихтенштейн
Lihtenštajnac	Лихтенштајнац	noun		лихтенштейнец
lihvar	lihvar	noun		ростовщик
lijana	лијана	noun		ботан. лиана
lije kao iz kabla	лије као из кабла	phrase		льёт как из ведра (букв. как из ушата)
lijek	lijek	noun		лека́рство, медикамент
lijek	лијек	noun		лекарство, медикамент
lijes	лијес	noun		гроб
Lijeskić	Лијескић	noun		сербская фамилия
liker	ликер	noun		ликёр
Likodrić	Ликодрић	noun		сербская фамилия
liktor	ликтор	noun		истор. ликтор
likvidirati	likvidirati	verb		ликвидировать
likvidirati	ликвидирати	verb		ликвидировать
liman	лиман	noun		геогр. лиман
limen	лимен	adj		жестяной
limen	limen	adj		жестяной
limfa	лимфа	noun		физиол. лимфа
limfocit	лимфоцит	noun		биол. лимфоцит (аналогично русскому слову)
limonen	лимонен	noun		хим. лимонен
limonen	limonen	noun		хим. лимонен
lincura	линцура	noun		ботан. горечавка
linearni	линеарни	adj		линейный
lingvist	лингвист	noun		лингвист
lingvista	лингвиста	noun		лингвист
lingvistika	лингвистика	noun		лингвистика
lingvistički	лингвистички	adj		лингвистический
linoleum	линолеум	noun		линолеум
Linta	Линта	noun		сербская фамилия
Linćeping	Линћепинг	noun		Линчёпинг
linčovati	линчовати	verb		линчевать
linčovati	linčovati	verb		линчевать
Lion	Лион	noun		Лион
lipa	липа	noun		липа [1]
lipid	липид	noun		хим. липид (аналогично русскому слову)
lipom	липом	noun		мед. липома, жировик
Lipovac	Липовац	noun		сербская фамилия
Lipovčić	Липовчић	noun		сербская фамилия
lirizam	лиризам	noun		лиризм
Lisica	Лисица	noun		сербская фамилия
Lisinac	Лисинац	noun		сербская фамилия
Lisičić	Лисичић	noun		сербская фамилия
liska	лиска	noun		орнитол. лысуха (Fulica)
list	лист	noun		ботан. лист (дерева); лист (бумаги, железа и т. п.)
lista	lista	noun		перечень, список
lista	листа	noun		перечень, список
listonoša	листоноша	noun		почтальон
listopadni	листопадни	adj		лиственный, листопадный
litar	литар	noun		литр
literatura	литература	noun		литература
liti	лити	verb		лить
liti	liti	verb		лить
litifikacija	литификација	noun		геол. литификация
litijum	литијум	noun		хим. литий
litografija	литографија	noun		литография
litosfera	литосфера	noun		геол. литосфера (аналогично русскому слову)
litota	литота	noun		лингв. литота (аналогично русскому слову)
Litvanac	Литванац	noun		литовец
Livada	Ливада	noun		сербская фамилия
Livadar	Ливадар	noun		сербская фамилия
liveno gvožđe	ливено гвожђе	phrase		чугун
Livopoljac	Ливопољац	noun		сербская фамилия
livreja	ливреја	noun		ливрея
lizati	lizati	verb		лизать
Lizdek	Лиздек	noun		сербская фамилия
lizimetar	лизиметар	noun		спец. лизиметр
lizozom	лизозом	noun		биол. лизосома
Ličina	Личина	noun		сербская фамилия
ličnost	личност	noun		личность
lišaj	лишај	noun		биол. лишайник
Lišančić	Лишанчић	noun		сербская фамилия
lišće	лишће	noun		листва
ližka	лижка	noun		ложка
ljaga	љага	noun		позор, позорное пятно
ljaga	ljaga	noun		позор, позорное пятно
Ljaoning	Љаонинг	noun		геогр. Ляонин
Ljepava	Љепава	noun		сербская фамилия
Ljepojević	Љепојевић	noun		сербская фамилия
ljeskav	љескав	adj		блестящий
Ljeskovac	Љесковац	noun		сербская фамилия
Ljeto	Љето	noun		сербская фамилия
ljigav	љигав	adj		скользкий, покрытый слизью
ljigav	ljigav	adj		скользкий, покрытый слизью
ljigavac	љигавац	noun		ихтиол. угорь; перен. скользкий тип, ловкач, изворотливый человек
ljigavac	ljigavac	noun		ихтиол. угорь; перен. скользкий тип, ловкач
Ljiljak	Љиљак	noun		сербская фамилия
ljiljka	љиљка	noun		зоол. летучая мышь
Ljotić	Љотић	noun		сербская фамилия
Ljuba	Ljuba	noun		Люба
Ljuba	Љуба	noun		Люба
Ljubanić	Љубанић	noun		сербская фамилия
Ljubanović	Љубановић	noun		сербская фамилия
ljubav na prvi pogled	љубав на први поглед	phrase		любовь с первого взгляда
ljubazan	љубазан	adj		любезный, обходительный; приветливый
ljubaznost	љубазност	noun		доброта
Ljubenković	Љубенковић	noun		сербская фамилия
Ljubenović	Љубеновић	noun		сербская фамилия
Ljubinac	Љубинац	noun		сербская фамилия
Ljubinković	Љубинковић	noun		сербская фамилия
Ljubisavljević	Љубисављевић	noun		сербская фамилия
Ljubivoje	Ljubivoje	noun		Любивой
Ljubivoje	Љубивоје	noun		Любивой
Ljubić	Љубић	noun		сербская фамилия
ljubičica	љубичица	noun		ботан. фиалка
Ljubičić	Љубичић	noun		сербская фамилия
Ljubiša	Ljubiša	noun		Любиша
Ljubiša	Љубиша	noun		Любиша
Ljubišić	Љубишић	noun		сербская фамилия
Ljuboja	Љубоја	noun		сербская фамилия
Ljubojev	Љубојев	noun		сербская фамилия
Ljubojević	Љубојевић	noun		сербская фамилия
Ljubomir	Ljubomir	noun		Любомир
Ljubomir	Љубомир	noun		Любомир
Ljubomirac	Љубомирац	noun		сербская фамилия
Ljubomirović	Љубомировић	noun		сербская фамилия
ljubomoran	ljubomoran	adj		ревнивый
ljubomoran	љубоморан	adj		ревнивый
Ljubotina	Љуботина	noun		сербская фамилия
Ljubović	Љубовић	noun		сербская фамилия
ljudina	људина	noun		большой человек
ljudožder	људождер	noun		людоед
ljudožderstvo	људождерство	noun		каннибализм, людоедство
ljudožderstvo	ljudožderstvo	noun		каннибализм, людоедство
ljudski	људски	adj		человеческий
ljudstvo	ljudstvo	noun		человечество
Ljukovčan	Љуковчан	noun		сербская фамилия
ljuljkati	љуљкати	verb		покачивать, раскачивать, качать
ljuljnuti	љуљнути	verb		качнуть
Ljumović	Љумовић	noun		сербская фамилия
Ljupković	Љупковић	noun		сербская фамилия
Ljušić	Љушић	noun		сербская фамилия
Ljuštanović	Љуштановић	noun		сербская фамилия
Ljuština	Љуштина	noun		сербская фамилия
ljuščica	љушчица	noun		ботан. стручочек
lobanja	лобања	noun		череп
lobotomija	лоботомија	noun		мед. лоботомия
lobotomija	lobotomija	noun		мед. лоботомия
lofofor	лофофор	noun		биол. лофофор
logaritam	логаритам	noun		матем. логарифм
logika	логика	noun		логика
logistika	логистика	noun		экон. логистика
logičan	логичан	adj		логический
logoklonija	logoklonija	noun		мед. логоклония
logoklonija	логоклонија	noun		мед. логоклония
logoped	логопед	noun		логопед
logotet	логотет	noun		истор. логофет
Lojanica	Лојаница	noun		сербская фамилия
Lojaničić	Лојаничић	noun		сербская фамилия
Lojović	Лојовић	noun		сербская фамилия
Lojpur	Лојпур	noun		сербская фамилия
lokacija	локација	noun		локация, местоположение, местонахождение
lokalni	lokalni	adj		локальный, местный
lokalni	локални	adj		локальный, местный
Lolović	Лоловић	noun		сербская фамилия
Lomas	Ломас	noun		сербская фамилия
lomljivost	ломљивост	noun		хрупкость, ломкость
Lomović	Ломовић	noun		сербская фамилия
Lompar	Ломпар	noun		сербская фамилия
Lončar	Лончар	noun		сербская фамилия
lončar	лончар	noun		гончар
Lončarević	Лончаревић	noun		сербская фамилия
Lončarski	Лончарски	noun		сербская фамилия
Lopandić	Лопандић	noun		сербская фамилия
lopta	лопта	noun		геометр. шар
Lopušina	Лопушина	noun		сербская фамилия
lorencijum	лоренцијум	noun		хим. лоуренсий
los	лос	noun		лось
Los Andželes	Лос Анџелес	noun		Лос Анджелес
losos	лосос	noun		зоол. лосось (salmo)
Lotina	Лотина	noun		сербская фамилия
lotos	лотос	noun		ботан. лотос
lov	лов	noun		охота
lovac	ловац	noun		охотник; шахм. слон
lovdžija	ловџија	noun		устар. охотник
Lovčević	Ловчевић	noun		сербская фамилия
loza	лоза	noun		лоза (аналогично русскому слову)
Lozana	Лозана	noun		Лозанна
Lozanić	Лозанић	noun		сербская фамилия
Lozanović	Лозановић	noun		сербская фамилия
Loznica	Лозница	noun		Лозница
Loznica	Loznica	noun		Лозница
Lozo	Лозо	noun		сербская фамилия
ložač	ложач	noun		кочегар; истопник
lubanja	лубања	noun		череп
Lubarda	Лубарда	noun		сербская фамилия
Lubardić	Лубардић	noun		сербская фамилия
lubenica	лубеница	noun		ботан. арбуз
Lubinić	Лубинић	noun		сербская фамилия
Lubura	Лубура	noun		сербская фамилия
Luburić	Лубурић	noun		сербская фамилия
ludost	лудост	noun		безумие, сумасшествие
Luganska Narodna Republika	Луганска Народна Република	phrase		Луганская Народная Республика
Lugomerski	Лугомерски	noun		сербская фамилия
Lugonja	Лугоња	noun		сербская фамилия
Lugonjić	Лугоњић	noun		сербская фамилия
Lugumerski	Лугумерски	noun		сербская фамилия
luk	лук	noun		лук [I]
luk	лук	noun		лук [II]
Luka	Лука	noun		Лука
Luka	Luka	noun		Лука
Lukanović	Лукановић	noun		сербская фамилия
Lukač	Лукач	noun		сербская фамилия
Lukačević	Лукачевић	noun		сербская фамилия
Lukešević	Лукешевић	noun		сербская фамилия
Lukić	Лукић	noun		сербская фамилия
Lukičić	Лукичић	noun		сербская фамилия
lukostrelac	лукострелац	noun		лучник, стрелок из лука
Lukovac	Луковац	noun		сербская фамилия
Luković	Луковић	noun		сербская фамилия
luks	лукс	noun		физ. люкс (единица освещённости)
Luksemburg	Луксембург	noun		Люксембург
Luksemburžanin	Луксембуржанин	noun		люксембуржец
luksuz	луксуз	noun		великолепие
Luleo	Лулео	noun		Лулео (аналогично русскому слову)
luminescencija	луминесценција	noun		физ. люминесценция
lunarni kalendar	лунарни календар	phrase		лунный календарь
Lund	Лунд	noun		Лунд (аналогично русскому слову)
Lungulov	Лунгулов	noun		сербская фамилия
Lungulović	Лунгуловић	noun		сербская фамилия
Lunić	Лунић	noun		сербская фамилия
lunja	луња	noun		коршун
Lupulović	Лупуловић	noun		сербская фамилия
luster	лустер	noun		люстра
lutecij	лутециј	noun		хим. лютеций
lutecijum	лутецијум	noun		хим. лютеций
luteranski	лутерански	adj		религ. лютеранский
lutkar	луткар	noun		кукловод, кукольник
lutnja	лутња	noun		лютня
Lutovac	Лутовац	noun		сербская фамилия
lutrija	лутрија	noun		лотерея
Lužaić	Лужаић	noun		сербская фамилия
Lužajić	Лужајић	noun		сербская фамилия
maca	маца	noun		этногр., религ. маца (аналогично русскому слову)
Macakanja	Мацакања	noun		сербская фамилия
Macanković	Мацанковић	noun		сербская фамилия
Macanović	Мацановић	noun		сербская фамилия
Macura	Мацура	noun		сербская фамилия
Macut	Мацут	noun		сербская фамилия
Madagaskar	Мадагаскар	noun		Мадагаскар (аналогично русскому слову)
Madžar	Маџар	noun		сербская фамилия
Madžarac	Маџарац	noun		сербская фамилия
mafija	мафија	noun		мафия
mafija	mafija	noun		мафия
magarac	магарац	noun		зоол. осёл, ишак (Equus asinus asinus)
Magarašević	Магарашевић	noun		сербская фамилия
magija	магија	noun		магия
magla	магла	noun		метеорол. туман
Maglov	Маглов	noun		сербская фамилия
magma	магма	noun		геол. магма [1]
magnet	магнет	noun		физ. магнит
magnetizacija	магнетизација	noun		магнетизация
magnetizam	магнетизам	noun		физ. магнетизм
magnetni moment	магнетни момент	phrase		физ. магнитный момент
magnetno polje	магнетно поље	phrase		физ. магнитное поле
magnetofon	магнетофон	noun		магнитофон
magnetometar	магнетометар	noun		физ. магнитометр
magneton	магнетон	noun		физ. магнетон
magnetosfera	магнетосфера	noun		астрон. магнитосфера
magnetostrikcija	магнетострикција	noun		физ. магнитострикция
magnetron	магнетрон	noun		техн. магнетрон
magnetronski	магнетронски	adj		техн. магнетронный
magnetski	магнетски	adj		магнетический
magnezij	магнезиј	noun		хим. магний
magnezijum	магнезијум	noun		хим. магний
magnezijum sulfat	магнезијум сулфат	phrase		хим. сульфат магния
magnezit	магнезит	noun		минер. магнезит
magnezium	magnezium	noun		хим. магний
magnolija	magnolija	noun		ботан. магнолия (лат. magnolia)
magnolija	магнолија	noun		ботан. магнолия (лат. magnolia)
Magud	Магуд	noun		сербская фамилия
mahati	махати	verb		махать
mahinacija	махинација	noun		махинация
maithili	маитхили	noun		лингв. майтхили
maj	maj	noun		май
maj	мај	noun		май
majica	мајица	noun		майка, футболка
majka	мајка	noun		мать
Majkić	Мајкић	noun		сербская фамилия
majmun	majmun	noun		зоол. обезьяна; интернет. собачка
majolika	мајолика	noun		майолика
major	major	noun		воен. майор
majoran	мајоран	noun		ботан. майоран (majorana)
Majović	Мајовић	noun		сербская фамилия
Majstorović	Мајсторовић	noun		сербская фамилия
mak	мак	noun		ботан. мак (аналогично русскому слову)
Makarić	Макарић	noun		сербская фамилия
makaze	маказе	noun		ножницы
Makedonija	Македонија	noun		Македония
Makević	Макевић	noun		сербская фамилия
makinacija	макинација	noun		махинация
Makitan	Макитан	noun		сербская фамилия
Makivić	Макивић	noun		сербская фамилия
Makojević	Макојевић	noun		сербская фамилия
makroekonomija	макроекономија	noun		макроэкономика
makroekonomski	makroekonomski	adj		макроэкономический
makroekonomski	макроекономски	adj		макроэкономический
makroorganizam	макроорганизам	noun		биол. макроорганизм
maksimalan	максималан	adj		максимальный, наибольший
maksimalizam	максимализам	noun		максимализм
Maksimović	Максимовић	noun		сербская фамилия
Maksić	Максић	noun		сербская фамилия
Maksović	Максовић	noun		сербская фамилия
Makuljević	Макуљевић	noun		сербская фамилия
Makulović	Макуловић	noun		сербская фамилия
Mala Azija	Мала Азија	phrase		Малая Азия
Malagurski	Малагурски	noun		сербская фамилия
malajski	малајски	adj		малайский
malarija	маларија	noun		мед. малярия
Malavrazić	Малавразић	noun		сербская фамилия
Malbaša	Малбаша	noun		сербская фамилия
Malbašić	Малбашић	noun		сербская фамилия
Malbaški	Малбашки	noun		сербская фамилия
Malenković	Маленковић	noun		сербская фамилия
Malenović	Маленовић	noun		сербская фамилия
Malenčić	Маленчић	noun		сербская фамилия
Maletić	Малетић	noun		сербская фамилия
Maletković	Малетковић	noun		сербская фамилия
Malešev	Малешев	noun		сербская фамилия
Malešević	Малешевић	noun		сербская фамилия
Malešić	Малешић	noun		сербская фамилия
malformacija	малформација	noun		мед. мальформация; порок развития; врождённый дефект; деформация; аномалия строения
mali	мали	adj		малый, маленький
malina	малина	noun		малина (аналогично русскому слову) в знач. растение
Malinić	Малинић	noun		сербская фамилия
Malinović	Малиновић	noun		сербская фамилия
Malivuk	Маливук	noun		сербская фамилия
malić	малић	noun		анат. мизинец
Maličević	Маличевић	noun		сербская фамилия
Mališanović	Малишановић	noun		сербская фамилия
Mališević	Малишевић	noun		сербская фамилия
Mališić	Малишић	noun		сербская фамилия
malj	маљ	noun		молот
Maljević	Маљевић	noun		сербская фамилия
Maljković	Маљковић	noun		сербская фамилия
Maljoković	Маљоковић	noun		сербская фамилия
Maljukanović	Маљукановић	noun		сербская фамилия
Maljčić	Маљчић	noun		сербская фамилия
Malme	Малме	noun		Мальмё
malokrvnost	малокрвност	noun		мед. анемия, малокровие
maloljetan	малољетан	adj		несовершеннолетний, малолетний
Malović	Маловић	noun		сербская фамилия
maltoza	малтоза	noun		хим. мальтоза
Maluckov	Малуцков	noun		сербская фамилия
Malušević	Малушевић	noun		сербская фамилия
Malušić	Малушић	noun		сербская фамилия
mama	мама	noun		мама (аналогично русскому слову)
mameluk	мамелук	noun		истор. мамлюк, мамелюк
Mamula	Мамула	noun		сербская фамилия
mamut	мамут	noun		мамут
Manasijević	Манасијевић	noun		сербская фамилия
manastir	манастир	noun		религ. монастырь
Manastirac	Манастирац	noun		сербская фамилия
mandarina	мандарина	noun		мандарин (растение и плод)
Mandarić	Мандарић	noun		сербская фамилия
mandat	mandat	noun		мандат
mandat	мандат	noun		мандат
Mandić	Мандић	noun		сербская фамилия
mandragora	мандрагора	noun		ботан. мандрагора (аналогично русскому слову)
Mandrapa	Мандрапа	noun		сербская фамилия
Mandušić	Мандушић	noun		сербская фамилия
Mandžurija	Манџурија	noun		Маньчжурия
Manetović	Манетовић	noun		сербская фамилия
manevar	маневар	noun		манёвр
Manević	Маневић	noun		сербская фамилия
mangan	манган	noun		хим. марганец
mangan	mangan	noun		хим. марганец
mango	манго	noun		ботан. манго (аналогично русскому слову)
manifest	манифест	noun		манифест
Manigoda	Манигода	noun		сербская фамилия
manijak	манијак	noun		мед. маньяк
manikir	маникир	noun		маникюр
manikir	manikir	noun		маникюр
Manila	Манила	noun		Манила
manipulacija	манипулација	noun		манипуляция
manipulisati	манипулисати	verb		манипулировать
maniristički	маниристички	adj		маньеристский
manirizam	маниризам	noun		искусств. маньеризм
Manić	Манић	noun		сербская фамилия
manić	манић	noun		ихтиол. налим
manično-depresivan	манично-депресиван	adj		психиатр. маниакально-депрессивный
Manjenčić	Мањенчић	noun		сербская фамилия
manji	manji	adj		меньший
manji	мањи	adj		меньший
manjina	мањина	noun		меньшинство
manjina	manjina	noun		меньшинство
Manjulov	Мањулов	noun		сербская фамилия
Manojlov	Манојлов	noun		сербская фамилия
Manojlović	Манојловић	noun		сербская фамилия
Manović	Мановић	noun		сербская фамилия
mansarda	мансарда	noun		мансарда (аналогично русскому слову)
Mančić	Манчић	noun		сербская фамилия
Maoduš	Маодуш	noun		сербская фамилия
mapa	мапа	noun		карта (географическая)
maramica	марамица	noun		носовой платок
Maranović	Марановић	noun		сербская фамилия
Maravić	Маравић	noun		сербская фамилия
Marašević	Марашевић	noun		сербская фамилия
marcipan	марципан	noun		марципан
mareličin	мареличин	adj		абрикосовый
margarin	маргарин	noun		кулин. маргарин
Marijupolj	Маријупољ	noun		Мариуполь
Marilović	Мариловић	noun		сербская фамилия
marimba	маримба	noun		маримба (аналогично русскому слову)
Marinkov	Маринков	noun		сербская фамилия
Marinković	Маринковић	noun		сербская фамилия
Marinović	Мариновић	noun		сербская фамилия
Marinčić	Маринчић	noun		сербская фамилия
Marisavljević	Марисављевић	noun		сербская фамилия
Mariupolj	Мариупољ	noun		Мариуполь
Marić	Марић	noun		сербская фамилия
Marićević	Марићевић	noun		сербская фамилия
Maričić	Маричић	noun		сербская фамилия
Marjanac	Марјанац	noun		сербская фамилия
Marjanov	Марјанов	noun		сербская фамилия
Marjanović	Марјановић	noun		сербская фамилия
marka	марка	noun		марка (аналог. русск. марка I.1)
Markelić	Маркелић	noun		сербская фамилия
Markeljić	Маркељић	noun		сербская фамилия
Markešević	Маркешевић	noun		сербская фамилия
markgrof	маркгроф	noun		истор. маркграф
markgrof	markgrof	noun		истор. маркграф
markiz	маркиз	noun		истор. маркиз
Markićević	Маркићевић	noun		сербская фамилия
Markov	Марков	noun		Марков (аналогично русскому слову)
Marković	Марковић	noun		сербская фамилия
Markočević	Маркочевић	noun		сербская фамилия
Markulić	Маркулић	noun		сербская фамилия
Markuš	Маркуш	noun		сербская фамилия
marljiv	марљив	adj		трудолюбивый, работящий
marmelada	мармелада	noun		мармелад
Marojević	Маројевић	noun		сербская фамилия
Marović	Маровић	noun		сербская фамилия
Mars	Марс	noun		астрон. Марс (аналогично русскому слову); мифол. Марс (аналогично русскому слову)
mart	март	noun		март (аналогично русскому слову)
mart	mart	noun		март
Martinović	Мартиновић	noun		сербская фамилия
Martić	Мартић	noun		сербская фамилия
Marunić	Марунић	noun		сербская фамилия
Marunkić	Марункић	noun		сербская фамилия
Marušić	Марушић	noun		сербская фамилия
Marčeta	Марчета	noun		сербская фамилия
Marčetić	Марчетић	noun		сербская фамилия
Marčić	Марчић	noun		сербская фамилия
Marčićev	Марчићев	noun		сербская фамилия
Maršićević	Маршићевић	noun		Маршичевич (сербская фамилия)
masakr	масакр	noun		резня, бойня
Masalović	Масаловић	noun		сербская фамилия
masaža	масажа	noun		массаж
masaža	masaža	noun		массаж
masiv	масив	noun		массив
maska	маска	noun		маска (аналог. русск. слову в разн. знач.)
maskarada	маскарада	noun		маскарад
maskenbal	маскенбал	noun		маскарад
maslac	маслац	noun		сливочное масло
Maslak	Маслак	noun		сербская фамилия
Maslaković	Маслаковић	noun		сербская фамилия
Maslar	Маслар	noun		сербская фамилия
Maslarević	Масларевић	noun		сербская фамилия
maslačak	маслачак	noun		ботан. одуванчик
Masleša	Маслеша	noun		сербская фамилия
maslinovina	маслиновина	noun		ботан. олива (Olea europaea)
Maslić	Маслић	noun		сербская фамилия
Masljuk	Масљук	noun		сербская фамилия
Maslovara	Масловара	noun		сербская фамилия
masna kiselina	масна киселина	phrase		хим. жирная кислота
Masnikosa	Масникоса	noun		сербская фамилия
Masniković	Масниковић	noun		сербская фамилия
mastektomija	мастектомија	noun		мед. мастэктомия
mastektomija	mastektomija	noun		мед. мастэктомия
Mastelica	Мастелица	noun		сербская фамилия
mastilo	мастило	noun		чернила
mastilo	mastilo	noun		чернила
Mastilo	Мастило	noun		сербская фамилия
Mastilović	Мастиловић	noun		сербская фамилия
masturbacija	мастурбација	noun		мастурбация
Matanović	Матановић	noun		сербская фамилия
Mataruga	Матаруга	noun		сербская фамилия
Matavulj	Матавуљ	noun		сербская фамилия
Matejević	Матејевић	noun		сербская фамилия
Matejić	Матејић	noun		сербская фамилия
Mateljević	Матељевић	noun		сербская фамилия
matematika	математика	noun		математика (аналогично русскому слову)
matematizacija	математизација	noun		математизация
matematičar	математичар	noun		математик
matematičko klatno	математичко клатно	phrase		физ. матем. математический маятник
materijalist	материјалист	noun		филос. материалист
materijalno	материјално	adv		материально
maternji jezik	матерњи језик	phrase		родной язык
mati	мати	noun		мать
matica	матица	noun		матка; книга ЗАГС, метрическая книга
Maticki	Матицки	noun		сербская фамилия
Matijašević	Матијашевић	noun		сербская фамилия
Matijević	Матијевић	noun		сербская фамилия
Matić	Матић	noun		сербская фамилия
matična ploča	матична плоча	phrase		комп. материнская плата
Matković	Матковић	noun		сербская фамилия
Matović	Матовић	noun		Матович (фамилия)
matrijarhat	матријархат	noun		матриархат
matrjoška	matrjoška	noun		матрёшка
Maunaga	Маунага	noun		сербская фамилия
Mauricijus	Маурицијус	noun		Маврикий
Mauritanija	Мауританија	noun		Мавритания
mauzolej	маузолеј	noun		архит. мавзолей
Mavrak	Маврак	noun		сербская фамилия
Mavrenović	Мавреновић	noun		сербская фамилия
Mazalica	Мазалица	noun		сербская фамилия
mazga	мазга	noun		зоол. лошак (Equus hinnus)
mazohizam	мазохизам	noun		психиатр. мазохизм
mazut	мазут	noun		мазут
maćeha	маћеха	noun		мачеха, приёмная мать
Maćešić	Маћешић	noun		сербская фамилия
Maćić	Маћић	noun		сербская фамилия
mač	мач	noun		меч
mačak	мачак	noun		кот
mačevalac	мачевалац	noun		фехтовальщик
mačevanje	мачевање	noun		фехтование
Mačić	Мачић	noun		сербская фамилия
mačka	мачка	noun		кошка
mačka	mačka	noun		кошка
Mačković	Мачковић	noun		сербская фамилия
Mačvanski	Мачвански	noun		сербская фамилия
Mađar	Мађар	noun		венгр
Mađarska	Мађарска	noun		Венгрия
mađarski	мађарски	adj		венгерский
mađioničar	мађионичар	noun		фокусник
Mašanović	Машановић	noun		сербская фамилия
mašinogradnja	машиноградња	noun		машиностроение
Mašić	Машић	noun		сербская фамилия
mašna	машна	noun		бант
Mašović	Машовић	noun		сербская фамилия
Maštrapović	Маштраповић	noun		сербская фамилия
Mažibrada	Мажибрада	noun		сербская фамилия
Meandžija	Меанџија	noun		сербская фамилия
mecosopran	мецосопран	noun		меццо-сопрано
med	мед	noun		мёд
Medaković	Медаковић	noun		сербская фамилия
medalja	медаља	noun		медаль
Medan	Медан	noun		сербская фамилия
Medarević	Медаревић	noun		сербская фамилия
Medenica	Меденица	noun		сербская фамилия
mediavelistika	медиавелистика	noun		медиевистика
medicina	medicina	noun		медицина
medicina	медицина	noun		медицина (аналогично русскому слову)
medijana	медијана	noun		матем. медиана
medijastinum	медијастинум	noun		анат. средостение
mediji	mediji	noun		СМИ
mediji	медији	noun		то же, что мас медији: СМИ
meditacija	медитација	noun		медитация
Medić	Медић	noun		сербская фамилия
Mednogorsk	Медногорск	noun		Медногорск (аналогично русскому слову)
Medojević	Медојевић	noun		сербская фамилия
Medurić	Медурић	noun		сербская фамилия
meduza	медуза	noun		медуза (аналогично русскому слову)
medved	медвед	noun		зоол. медведь
medved	medved	noun		зоол. медведь
Medved	Медвед	noun		сербская фамилия
mefedron	мефедрон	noun		фарм. мефедрон
megaherc	мегахерц	noun		физ. мегагерц
megalomanija	megalomanija	noun		психиатр. мегаломания
megalomanija	мегаломанија	noun		психиатр. мегаломания
mehanika	механика	noun		физ. механика
mehanizacija	механизација	noun		механизация
mehanizam	механизам	noun		механизм
mehanička energija	механичка енергија	phrase		физ. механическая энергия
mehur	мехур	noun		пузырь; мочевой пузырь
Meksički zaliv	Мексички залив	phrase		Мексиканский залив
mekušac	мекушац	noun		зоол. моллюск
Melanezija	Меланезија	noun		Меланезия
melanholija	меланхолија	noun		меланхолия
melanizam	меланизам	noun		биол. меланизм
melankolija	меланколија	noun		меланхолия
melankoličan	меланколичан	adj		меланхолический
melasa	меласа	noun		патока
melioracija	мелиорација	noun		мелиорация
melodija	мелодија	noun		муз. мелодия
melodrama	мелодрама	noun		мелодрама
melodramatičan	мелодраматичан	adj		мелодраматический, мелодраматичный
Melpomena	Мелпомена	noun		мифол. Мельпомена (муза трагедии)
membrana	мембрана	noun		мембрана (аналогично русскому слову)
menhir	менхир	noun		археол. менгир
meningitis	менингитис	noun		мед. менингит
menjati	мењати	verb		менять; обменивать; разменивать
Menković	Менковић	noun		сербская фамилия
menstruacija	менструација	noun		физиол. менструация
mentalan	менталан	adj		ментальный, умственный
mentalan	mentalan	adj		ментальный, умственный
mentalni poremećaj	ментални поремећај	phrase		психическое расстройство
menuet	менует	noun		хореогр. менуэт
mepakrin	mepakrin	noun		фарм. акрихин; мепакрин
meridijan	меридијан	noun		геогр. меридиан
meritokratija	меритократија	noun		меритократия
meritokratski	меритократски	adj		меритократический
merkantilizam	меркантилизам	noun		экон. меркантилизм
mermer	мермер	noun		геол. мрамор
meromiktički	меромиктички	adj		гидрол. меромиктический
mesar	месар	noun		мясник
Mesarović	Месаровић	noun		сербская фамилия
mesec	месец	noun	ekav	месяц (промежуток времени); месяц, луна
mesecoslov	месецослов	noun		религ. месяцеслов
mesečarenje	месечарење	noun		мед. лунатизм, сомнамбулизм, снохождение
mesečnica	месечница	noun		физиол. менструация
mesmerizam	месмеризам	noun		месмеризм
meso	месо	noun		мясо
Mesopotamija	Месопотамија	noun		Месопотамия
mesti	мести	verb		мести
mesto	место	noun	ekav	место (аналогично русскому слову)
mesto	mesto	noun	ekav	место
metabolit	метаболит	noun		физиол. метаболит
metabolizam	метаболизам	noun		биол. метаболизм
metadon	метадон	noun		метадон
metafizika	метафизика	noun		филос. метафизика (аналогично русскому слову)
metafora	метафора	noun		лингв. метафора
metaforizirati	метафоризирати	verb		книжн. метафоризировать, метафоризовать
metajezik	метајезик	noun		спец. метаязык
metalografija	металографија	noun		металлография
metaloid	металоид	noun		хим. металлоид, полуметалл
metalurgija	металургија	noun		металлургия
metamfetamin	метамфетамин	noun		хим. метамфетамин
metan	метан	noun		хим. метан
metastabilan	метастабилан	adj		спец. метастабильный
metastaza	метастаза	noun		мед. метастаз
meteor	метеор	noun		астрон. метеор (аналогично русскому слову)
meteorit	метеорит	noun		астрон. метеорит (аналогично русскому слову)
meteorit	meteorit	noun		астрон. метеорит
meteorologija	метеорологија	noun		метеорология
meteorološka stanica	метеоролошка станица	phrase		метеостанция
meteorski roj	метеорски рој	phrase		астрон. метеорный поток, звездопад
metil	метил	noun		хим. метил
metla	метла	noun		метла (аналогично русскому слову)
metodizam	методизам	noun		религ. методизм
metodologija	методологија	noun		методология
metodološki	методолошки	adj		методологический
metodološki	metodološki	adj		методологический
metol	metol	noun		хим. метол
metonimija	метонимија	noun		метонимия
metrički prostor	метрички простор	phrase		матем. метрическое пространство
metro	метро	noun		метро (аналогично русскому слову)
metvica	метвица	noun		ботан. мята (Mentha)
metvica	metvica	noun		ботан. мята (Mentha)
meze	мезе	noun		кулин., рег. мезе (аналогично русскому слову)
mezoderm	мезодерм	noun		биол. мезодерма
mezolit	мезолит	noun		геол. мезолит
mezon	мезон	noun		физ. мезон (аналогично русскому слову)
Mećava	Мећава	noun		сербская фамилия
mećava	мећава	noun		метель, пурга, вьюга
Međed	Међед	noun		сербская фамилия
Međedović	Међедовић	noun		сербская фамилия
među	među	prep		между
među	међу	prep		между
međunarodna organizacija	међународна организација	phrase		международная организация
međunarodni	međunarodni	adj		международный
međunarodni	међународни	adj		международный
međunarodno pravo	међународно право	phrase		международное право
međuvladin	међувладин	adj		межправительственный
međuzvezdani medijum	међузвездани медијум	phrase		астрон. межзвёздная среда
mešalica	мешалица	noun		миксер
Meštrović	Мештровић	noun		сербская фамилия Мештрович
Meštrović	Meštrović	noun		сербская фамилия Мештрович
mi	ми	pron		мы
micelija	мицелија	noun		микол. мицелий, грибница
Micković	Мицковић	noun		сербская фамилия
Mickovski	Мицковски	noun		сербская фамилия
migracija	миграција	noun		миграция
migrena	мигрена	noun		мед. мигрень, гемикрания
Mihailović	Михаиловић	noun		сербская фамилия
Mihajlica	Михајлица	noun		сербская фамилия
Mihajlov	Михајлов	noun		сербская фамилия
Mihajlović	Михајловић	noun		сербская фамилия
Mihaljica	Михаљица	noun		сербская фамилия
Mihaljčić	Михаљчић	noun		сербская фамилия
Miholjčić	Михољчић	noun		сербская фамилия
Mijailović	Мијаиловић	noun		сербская фамилия
Mijajlović	Мијајловић	noun		сербская фамилия
Mijakovac	Мијаковац	noun		сербская фамилия
Mijaković	Мијаковић	noun		сербская фамилия
Mijaljević	Мијаљевић	noun		сербская фамилия
Mijalković	Мијалковић	noun		сербская фамилия
Mijanac	Мијанац	noun		сербская фамилия
Mijanić	Мијанић	noun		сербская фамилия
Mijanović	Мијановић	noun		сербская фамилия
Mijatov	Мијатов	noun		сербская фамилия
Mijatović	Мијатовић	noun		сербская фамилия
Mijačević	Мијачевић	noun		сербская фамилия
Mijačić	Мијачић	noun		сербская фамилия
mijelom	мијелом	noun		мед. миелома
Mijić	Мијић	noun		сербская фамилия
Mijović	Мијовић	noun		сербская фамилия
Mijucić	Мијуцић	noun		сербская фамилия
Mijušković	Мијушковић	noun		сербская фамилия
Mikalački	Микалачки	noun		сербская фамилия
Mikanović	Микановић	noun		сербская фамилия
Mikarić	Микарић	noun		сербская фамилия
Mikavica	Микавица	noun		сербская фамилия
Mikača	Микача	noun		сербская фамилия
Mikašević	Микашевић	noun		сербская фамилия
Mikašinović	Микашиновић	noun		сербская фамилия
Mikelić	Микелић	noun		сербская фамилия
Mikerević	Микеревић	noun		сербская фамилия
Miketić	Микетић	noun		сербская фамилия
Miklja	Микља	noun		сербская фамилия
Mikolinac	Миколинац	noun		сербская фамилия
Miković	Миковић	noun		сербская фамилия
mikroamper	микроампер	noun		физ. микроампер
mikrob	микроб	noun		микроб (аналогично русскому слову)
mikrobiologija	микробиологија	noun		микробиология
mikrocefalija	микроцефалија	noun		мед. микроцефалия
mikroekonomija	микроекономија	noun		микроэкономика
mikrofilm	микрофилм	noun		микрофильм
mikrofon	микрофон	noun		микрофон (аналогично русскому слову)
mikroklima	микроклима	noun		метеорол. микроклимат
mikrometar	микрометар	noun		микрометр
mikroorganizam	микроорганизам	noun		биол. микроорганизм
mikroskop	микроскоп	noun		микроскоп
mikrotalasna peć	микроталасна пећ	phrase		микроволновая печь, микроволновка
mikser	миксер	noun		миксер
Mikuljanac	Микуљанац	noun		сербская фамилия
Mikulović	Микуловић	noun		сербская фамилия
Miladinov	Миладинов	noun		сербская фамилия
Miladinović	Миладиновић	noun		сербская фамилия
Milakara	Милакара	noun		сербская фамилия
Milakić	Милакић	noun		сербская фамилия
Milaković	Милаковић	noun		сербская фамилия
Milankov	Миланков	noun		сербская фамилия
Milanković	Миланковић	noun		сербская фамилия
Milanov	Миланов	noun		сербская фамилия
Milanović	Милановић	noun		сербская фамилия
Milatović	Милатовић	noun		сербская фамилия
Milačević	Милачевић	noun		сербская фамилия
Milačić	Милачић	noun		сербская фамилия
Milaš	Милаш	noun		сербская фамилия
Milašinović	Милашиновић	noun		сербская фамилия
Milekić	Милекић	noun		сербская фамилия
milenarizam	миленаризам	noun		религ. милленаризм; хилиазм
Milenić	Миленић	noun		сербская фамилия
Milenković	Миленковић	noun		сербская фамилия
Milenov	Миленов	noun		сербская фамилия
Milenović	Миленовић	noun		сербская фамилия
Milentijević	Милентијевић	noun		сербская фамилия
Miletić	Милетић	noun		сербская фамилия
Mileusnić	Милеуснић	noun		сербская фамилия
Milević	Милевић	noun		сербская фамилия
Milešević	Милешевић	noun		сербская фамилия
Milešić	Милешић	noun		сербская фамилия
Milidrag	Милидраг	noun		сербская фамилия
Milijanović	Милијановић	noun		сербская фамилия
Milijančević	Милијанчевић	noun		сербская фамилия
milijarda	милијарда	num		миллиард
milijarder	милијардер	noun		миллиардер (обладатель миллиардного состояния)
Milijaš	Милијаш	noun		сербская фамилия
Milijašević	Милијашевић	noun		сербская фамилия
Milijić	Милијић	noun		сербская фамилия
Milikić	Миликић	noun		сербская фамилия
milimetar	milimetar	noun		миллиметр
milimetar	милиметар	noun		миллиметр
Milinić	Милинић	noun		сербская фамилия
Milinkov	Милинков	noun		сербская фамилия
Milinković	Милинковић	noun		сербская фамилия
Milinov	Милинов	noun		сербская фамилия
Milinović	Милиновић	noun		сербская фамилия
Milinčević	Милинчевић	noun		сербская фамилия
Milinčić	Милинчић	noun		сербская фамилия
milion	милион	num		миллион
Milisavac	Милисавац	noun		сербская фамилия
Milisavljević	Милисављевић	noun		сербская фамилия
militarizacija	милитаризација	noun		милитаризация
militarizovati	милитаризовати	verb		милитаризовать; милитаризировать, военизировать
Milivojev	Миливојев	noun		сербская фамилия
Milivojević	Миливојевић	noun		сербская фамилия
Milivojčević	Миливојчевић	noun		сербская фамилия
Milić	Милић	noun		сербская фамилия
Milićev	Милићев	noun		сербская фамилия
Milićević	Милићевић	noun		сербская фамилия
Miličić	Миличић	noun		сербская фамилия
Milišić	Милишић	noun		сербская фамилия
Miljaković	Миљаковић	noun		сербская фамилия
Miljanić	Миљанић	noun		сербская фамилия
Miljanović	Миљановић	noun		сербская фамилия
Miljenović	Миљеновић	noun		сербская фамилия
Miljević	Миљевић	noun		сербская фамилия
Miljković	Миљковић	noun		сербская фамилия
Miljuš	Миљуш	noun		сербская фамилия
Milkanović	Милкановић	noun		сербская фамилия
Milkić	Милкић	noun		сербская фамилия
Milkov	Милков	noun		сербская фамилия
Milković	Милковић	noun		сербская фамилия
Milkovski	Милковски	noun		сербская фамилия
Milojević	Милојевић	noun		сербская фамилия
Milojić	Милојић	noun		сербская фамилия
Milojičić	Милојичић	noun		сербская фамилия
Milojkić	Милојкић	noun		сербская фамилия
Milojković	Милојковић	noun		сербская фамилия
Milojčević	Милојчевић	noun		сербская фамилия
Milojčić	Милојчић	noun		сербская фамилия
Miloradović	Милорадовић	noun		сербская фамилия
Milosavljev	Милосављев	noun		сербская фамилия
Milosavljević	Милосављевић	noun		сербская фамилия
milosrđe	милосрђе	noun		милосердие
Milovac	Миловац	noun		сербская фамилия
Milovanović	Миловановић	noun		сербская фамилия
Milovančev	Милованчев	noun		сербская фамилия
Milovančević	Милованчевић	noun		сербская фамилия
milovati	миловати	verb		ласкать
milovati	milovati	verb		ласкать
Milović	Миловић	noun		сербская фамилия
Milovčević	Миловчевић	noun		сербская фамилия
Milošev	Милошев	noun		сербская фамилия
Milošević	Милошевић	noun		сербская фамилия
Miltenović	Милтеновић	noun		сербская фамилия
Milunić	Милунић	noun		сербская фамилия
Milunov	Милунов	noun		сербская фамилия
Milunović	Милуновић	noun		сербская фамилия
Milurović	Милуровић	noun		сербская фамилия
Milutinov	Милутинов	noun		сербская фамилия
Milutinović	Милутиновић	noun		сербская фамилия
Milušić	Милушић	noun		сербская фамилия
Milčanović	Милчановић	noun		сербская фамилия
Milčević	Милчевић	noun		сербская фамилия
mimika	мимика	noun		мимика
Mimović	Мимовић	noun		сербская фамилия
mimoza	мимоза	noun		ботан. мимоза (аналогично русскому слову)
Minaković	Минаковић	noun		сербская фамилия
minarhizam	минархизам	noun		полит. минархизм
Minderović	Миндеровић	noun		сербская фамилия
mineral	минерал	noun		минерал
mineral	mineral	noun		минерал
mineralna voda	минерална вода	phrase		минеральная вода
mineralogija	минералогија	noun		минералогия
minijatura	минијатура	noun		искусств. миниатюра
minimalan	минималан	adj		минимальный; наименьший
minimalan	minimalan	adj		минимальный; наименьший
minimalnost	минималност	noun		минимальность
ministarstvo	министарство	noun		министерство
Minjović	Мињовић	noun		сербская фамилия
minobacač	минобацач	noun		воен. миномёт
Minović	Миновић	noun		сербская фамилия
minut	минут	noun		минута
minuta	минута	noun		минута (аналогично русскому слову)
Minčić	Минчић	noun		сербская фамилия
minđuša	минђуша	noun		серьга, серёжка
miocen	миоцен	noun		геол. миоцен (аналогично русскому слову)
Miodragović	Миодраговић	noun		сербская фамилия
mioglobin	миоглобин	noun		биохим. миоглобин
Mioković	Миоковић	noun		сербская фамилия
miologija	миологија	noun		научн. миология
miotonija	миотонија	noun		мед. миотония
miotoničan	миотоничан	adj		мед. миотонический
Miočinović	Миочиновић	noun		сербская фамилия
mir	мир	noun		мир (отсутствие войны)
mir	mir	noun		мир I
miraz	мираз	noun		приданое
miraž	мираж	noun		физ. мираж (аналогично русскому слову)
Miražić	Миражић	noun		сербская фамилия
Mirilo	Мирило	noun		сербская фамилия
Mirilov	Мирилов	noun		сербская фамилия
Mirilović	Мириловић	noun		сербская фамилия
mirisati	мирисати	verb		нюхать
Mirić	Мирић	noun		сербская фамилия
Mirjanić	Мирјанић	noun		сербская фамилия
Mirko	Мирко	noun		Мирко
Mirko	Mirko	noun		Мирко (мужское имя)
Mirkov	Мирков	noun		сербская фамилия
Mirković	Мирковић	noun		сербская фамилия
Mirosavić	Миросавић	noun		сербская фамилия
Mirosavljev	Миросављев	noun		сербская фамилия
Mirosavljević	Миросављевић	noun		сербская фамилия
Mirović	Мировић	noun		сербская фамилия
mirovni	mirovni	adj		миротворческий (о силах); мирный (о переговорах)
mirovni	мировни	adj		миротворческий (о силах); мирный (о переговорах)
mirođija	мирођија	noun		ботан. укроп (Anethum)
mirta	мирта	noun		ботан. мирт (Myrtus)
Mirčetić	Мирчетић	noun		сербская фамилия
Mirčetović	Мирчетовић	noun		сербская фамилия
Mirčić	Мирчић	noun		сербская фамилия
misija	misija	noun		миссия
misija	мисија	noun		миссия
misionar	мисионар	noun		миссионер
Misita	Мисита	noun		сербская фамилия
misticizam	мистицизам	noun		филос. мистицизм
mistik	мистик	noun		книжн. мистик
mistika	мистика	noun		мистика
mistično	мистично	adv		мистически
mistral	мистрал	noun		мистраль
Mitanović	Митановић	noun		сербская фамилия
Mitić	Митић	noun		сербская фамилия
Mitkov	Митков	noun		сербская фамилия
Mitković	Митковић	noun		сербская фамилия
mito	мито	noun		взятка
mitohondrija	митохондрија	noun		цитол. митохондрия
mitološki	митолошки	adj		мифологический
Mitović	Митовић	noun		сербская фамилия
Mitošević	Митошевић	noun		сербская фамилия
mitraizam	митраизам	noun		религ. митраизм
Mitraković	Митраковић	noun		сербская фамилия
mitraljez	митраљез	noun		воен. пулемёт
Mitranić	Митранић	noun		сербская фамилия
Mitrašević	Митрашевић	noun		сербская фамилия
Mitrašinović	Митрашиновић	noun		сербская фамилия
Mitrinović	Митриновић	noun		сербская фамилия
Mitrić	Митрић	noun		сербская фамилия
Mitričević	Митричевић	noun		сербская фамилия
Mitrović	Митровић	noun		сербская фамилия
Mitrušić	Митрушић	noun		сербская фамилия
mitski	митски	adj		мифический
mizandrija	мизандрија	noun		мизандрия, мужененавистничество
mizantrop	мизантроп	noun		мизантроп
mizantropski	мизантропски	adj		мизантропический
Mizdrak	Миздрак	noun		сербская фамилия
Mićalović	Мићаловић	noun		сербская фамилия
Mićanović	Мићановић	noun		сербская фамилия
Mićević	Мићевић	noun		сербская фамилия
Mićić	Мићић	noun		сербская фамилия
Mićković	Мићковић	noun		сербская фамилия
Mićović	Мићовић	noun		сербская фамилия
Mićunović	Мићуновић	noun		сербская фамилия
Mičeta	Мичета	noun		сербская фамилия
Mičigen	Мичиген	noun		Мичиган
miš	miš	noun		мышь
miš	миш	noun		мышь
Mišanović	Мишановић	noun		сербская фамилия
Mišeljić	Мишељић	noun		сербская фамилия
Mišević	Мишевић	noun		сербская фамилия
Mišić	Мишић	noun		сербская фамилия
mišić	мишић	noun		анат. мускул; мышца
mišićni	мишићни	adj		анат. мышечный; мускульный
Miškić	Мишкић	noun		сербская фамилия
Miškov	Мишков	noun		сербская фамилия
Mišković	Мишковић	noun		сербская фамилия
Mišljenović	Мишљеновић	noun		сербская фамилия
Mišljenčević	Мишљенчевић	noun		сербская фамилия
Mišović	Мишовић	noun		сербская фамилия
Miščević	Мишчевић	noun		сербская фамилия
mjaukanje	мјаукање	noun		мяукание
mjaukati	мјаукати	verb		мяукать
mjesto	мјесто	noun		место
mjesto	mjesto	noun		место
mlad	млад	adj		молодой
Mladenović	Младеновић	noun		сербская фамилия
Mladić	Младић	noun		сербская фамилия
mladić	младић	noun		юноша, парень
mladićstvo	младићство	noun		подросток, тинейджер
mladost	младост	noun		юность, молодость
mladoženja	младожења	noun		жених
Mlađenović	Млађеновић	noun		сербская фамилия
mlekarica	млекарица	noun		доярка
mleko	mleko	noun	ekav	молоко
mlezivo	млезиво	noun		молозиво
mlečan	млечан	adj		молочный
mlečika	млечика	noun		ботан. молочай (Euphorbia)
mlečna kiselina	млечна киселина	phrase		хим. молочная кислота
mliječna žlijezda	млијечна жлијезда	phrase		анат. молочная железа
Mlinarević	Млинаревић	noun		сербская фамилия
mljackati	мљацкати	verb		чавкать
mnogoboštvo	многобоштво	noun		многобожие
mnogomuštvo	многомуштво	noun		полиандрия, многомужество
mnogougao	многоугао	noun		геометр. многоугольник
mnogoženstvo	многоженство	noun		многожёнство, полигиния
mobilni uređaj	мобилни уређај	phrase		мобильное устройство
Moconja	Моцоња	noun		сербская фамилия
moda	мода	noun		мода [1]
modalnost	модалност	noun		лингв. модальность
modar	модар	adj		синий
model	модел	noun		модель
modelarstvo	моделарство	noun		моделизм; моделирование
moderan	модеран	adj		модный
modernizacija	модернизација	noun		модернизация
modul	модул	noun		модуль
modularan	модуларан	adj		модульный
Mogadiš	Могадиш	noun		геогр. Могадишо
moguć	moguć	adj		возможный; мощный, могучий
moguć	могућ	adj		возможный; мощный, могучий
mogućnost	mogućnost	noun		возможность
mogućnost	могућност	noun		возможность
moher	мохер	noun		мохер
Mohikanac	Мохиканац	noun		могиканин
moj	мој	pron		мой
Mojević	Мојевић	noun		сербская фамилия
Mojićević	Мојићевић	noun		сербская фамилия
Mojović	Мојовић	noun		сербская фамилия
Mojsilović	Мојсиловић	noun		сербская фамилия
Mojsić	Мојсић	noun		сербская фамилия
Mokrić	Мокрић	noun		сербская фамилия
mol	мол	noun		муз. минор
Moldavac	Молдавац	noun		молдаванин
Moldavka	Молдавка	noun		молдаванка
moldavski	молдавски	adj		молдавский, молдовский
Moldovan	Молдован	noun		сербская фамилия
Moldovanović	Молдовановић	noun		сербская фамилия
molekul	молекул	noun		хим. молекула
molekularna genetika	молекуларна генетика	phrase		молекулярная генетика
Molerović	Молеровић	noun		сербская фамилия
molibden	молибден	noun		хим. молибден
moliti	молити	verb		просить, умолять
molitva	молитва	noun		молитва (аналогично русскому слову)
Moljac	Мољац	noun		сербская фамилия
moljac	мољац	noun		моль
Moljević	Мољевић	noun		сербская фамилия
Moljković	Мољковић	noun		сербская фамилия
moloh	молох	noun		зоол. молох (Moloch horridus)
Molović	Моловић	noun		сербская фамилия
Momirov	Момиров	noun		сербская фамилия
Momirović	Момировић	noun		сербская фамилия
Momčilov	Момчилов	noun		сербская фамилия
Momčilović	Момчиловић	noun		сербская фамилия
monah	монах	noun		монах (аналогично русскому слову)
Monako	Монако	noun		Монако
monarh	монарх	noun		монарх (единовластный правитель)
monarhija	монархија	noun		полит. монархия
monarhizam	монархизам	noun		полит. монархизм
monaški	monaški	adj		религ. монашеский
moneta	монета	noun		монета (аналог русск. слову)
monetarizam	монетаризам	noun		экон. монетаризм
Mongolija	Монголија	noun		Монголия
mongolski	монголски	adj		монгольский
monitor	монитор	noun		монитор (аналогично русскому слову)
monizam	монизам	noun		филос. монизм
monogram	монограм	noun		монограмма
monohromatski	монохроматски	adj		физ. монохроматический
monoid	моноид	noun		матем. моноид, полугруппа
monolit	монолит	noun		монолит
monosaharid	моносахарид	noun		хим. моносахарид
monoteizam	монотеизам	noun		монотеизм
monsun	монсун	noun		метеорол. муссон
Moravac	Моравац	noun		сербская фамилия
Moravčević	Моравчевић	noun		сербская фамилия
Morača	Морача	noun		сербская фамилия
Moračić	Морачић	noun		сербская фамилия
morbili	морбили	noun		мед. корь
more	море	noun		море (аналогично русскому слову)
more	more	noun		геогр. море
morena	морена	noun		геол. морена
moreuz	мореуз	noun		геогр. пролив
morfema	морфема	noun		лингв. морфема
morfinizam	морфинизам	noun		мед. морфинизм
morganatski	морганатски	adj		морганатический
morska zvezda	морска звезда	phrase		морская звезда
morski	морски	adj		морской
morski jež	морски јеж	phrase		биол. морской ёж
morski slon	морски слон	phrase		морской слон
mortalitet	mortalitet	noun		смертность (количество случаев смерти)
mortalitet	морталитет	noun		смертность (количество случаев смерти)
moruna	моруна	noun		зоол. белуга (Huso huso)
morž	морж	noun		зоол. морж (Odobenus rosmarus)
moskovijum	московијум	noun		хим. московий
Moskovljević	Московљевић	noun		сербская фамилия
moskovski	московски	adj		московский
Moskva	Москва	noun		Москва (город); Москва (река)
Moskva	Moskva	noun		Москва (столица России)
most	мост	noun		мост (аналогично русскому слову) (сооружение для перехода или переезда через препятствие)
mostić	мостић	noun		мостки
Mosurović	Мосуровић	noun		сербская фамилия
motati	мотати	verb		мотать
motet	мотет	noun		муз. мотет
motika	motika	noun		с.-х. мотыга
motika	мотика	noun		с.-х. мотыга
motivacija	мотивација	noun		мотивация
motivisanje	мотивисање	noun		мотивация
motor	мотор	noun		двигатель; мотор (аналогично русскому слову)
motorizovati	motorizovati	verb		моторизовать, моторизировать
mozaik	mozaik	noun		мозаика
mozaik	мозаик	noun		мозаика
mozak	mozak	noun		анат. мозг
mozak	мозак	noun		анат. мозг
Mozambik	Мозамбик	noun		Мозамбик (аналогично русскому слову)
Močević	Мочевић	noun		сербская фамилия
močvara	мочвара	noun		болото
močvara	močvara	noun		болото
močvaran	мочваран	adj		болотистый
Mošorinac	Мошоринац	noun		сербская фамилия
Mošorinski	Мошорински	noun		сербская фамилия
Možajsk	Можајск	noun		Можайск
možda	možda	adv		возможно
možda	можда	adv		возможно
Mraković	Мраковић	noun		сербская фамилия
Mramorno more	Мраморно море	phrase		геогр. Мраморное море
Mratinković	Мратинковић	noun		сербская фамилия
mrav	мрав	noun		муравей
mravinjak	мравињак	noun		биол. муравейник
mravojed	mravojed	noun		зоол. муравьед
mravojed	мравојед	noun		зоол. муравьед
mraz	мраз	noun		мороз, холодная погода
Mračajac	Мрачајац	noun		сербская фамилия
Mračić	Мрачић	noun		сербская фамилия
Mrdaković	Мрдаковић	noun		сербская фамилия
Mrkalj	Мркаљ	noun		сербская фамилия
Mrkaljević	Мркаљевић	noun		сербская фамилия
Mrkela	Мркела	noun		сербская фамилия
Mrkić	Мркић	noun		сербская фамилия
Mrkonjić	Мркоњић	noun		сербская фамилия
Mrković	Мрковић	noun		сербская фамилия
Mrkušić	Мркушић	noun		сербская фамилия
Mrkšić	Мркшић	noun		сербская фамилия
Mrmak	Мрмак	noun		сербская фамилия
mrmot	мрмот	noun		зоол. сурок
mrmot	mrmot	noun		сурок
Mrnjevica	Мрњевица	noun		сербская фамилия
mrtav	мртав	adj		мёртвый
mrtvac	мртвац	noun		мертвец, покойник, труп
mrtvac	mrtvac	noun		мертвец, покойник, труп
mrtvačnica	мртвачница	noun		морг, мертвецкая, покойницкая
mrtvačnica	mrtvačnica	noun		морг, мертвецкая, покойницкая
Mrvoš	Мрвош	noun		сербская фамилия
mrzeti	мрзети	verb		ненавидеть
Mrđa	Мрђа	noun		сербская фамилия
Mrđanov	Мрђанов	noun		сербская фамилия
Mrđenović	Мрђеновић	noun		сербская фамилия
mršaviti	мршавити	verb		худеть
Mršević	Мршевић	noun		сербская фамилия
mržnja	мржња	noun		ненависть
mudar	мудар	adj		мудрый
mudo	мудо	noun		мудо (аналогично русскому слову) (с разницей в ударном слоге); мошонка
Mudrenović	Мудреновић	noun		сербская фамилия
Mudrinić	Мудринић	noun		сербская фамилия
mudrost	мудрост	noun		мудрость
muka	мука	noun		мука [1], страдание
Mulj	Муљ	noun		сербская фамилия
multietnički	мултиетнички	adj		мультиэтнический
multietnički	multietnički	adj		мультиэтнический
multivibrator	multivibrator	noun		эл.-техн. мультивибратор
mumija	мумија	noun		мумия
munar	мунар	noun		минарет
munara	мунара	noun		минарет
Munitlak	Мунитлак	noun		сербская фамилия
Munižaba	Мунижаба	noun		сербская фамилия
Munjas	Муњас	noun		сербская фамилия
Munćan	Мунћан	noun		сербская фамилия
Murganić	Мурганић	noun		сербская фамилия
murva	мурва	noun		шелковица, тутовое дерево
musketar	мускетар	noun		истор. мушкетёр
muskovit	мусковит	noun		минер. мусковит
musliman	муслиман	noun		мусульманин, магометанин
muson	мусон	noun		муссон
Mustur	Мустур	noun		сербская фамилия
mutacija	мутација	noun		генет. мутация
mutagen	мутаген	noun		биол. мутаген
mutant	мутант	noun		мутант (аналогично русскому слову)
muva	мува	noun		зоол. муха
muza	муза	noun		мифол. муза (аналогично русскому слову)
muzej	музеј	noun		музей
muzej	muzej	noun		музей
muzeologija	muzeologija	noun		музеология, музееведение
muzeologija	музеологија	noun		музеология, музееведение
muzika	музика	noun		музыка
muzilja	музиља	noun		доярка
muzičar	музичар	noun		музыкант
muzički	музички	adj		музыкальный
muzički instrument	музички инструмент	phrase		музыкальный инструмент
Mučalov	Мучалов	noun		сербская фамилия
mučeništvo	мучеништво	noun		мученичество
Mučibabić	Мучибабић	noun		сербская фамилия
mučnina	мучнина	noun		тошнота
Mušicki	Мушицки	noun		сербская фамилия
Mušikić	Мушикић	noun		сербская фамилия
muškarac	мушкарац	noun		мужчина, муж
Muškatirović	Мушкатировић	noun		сербская фамилия
mušketa	mušketa	noun		истор. мушкет
mušketir	mušketir	noun		истор. воен. мушкетёр
Muškinja	Мушкиња	noun		сербская фамилия
mušterija	муштерија	noun		заказчик, клиент
Mušurinski	Мушурински	noun		сербская фамилия
muž	муж	noun		муж (аналогично русскому слову)
Muždalo	Муждало	noun		сербская фамилия
Mužijević	Мужијевић	noun		сербская фамилия
na	на	intj		да ну!; на! возьми!
na	na	prep		на
na	на	prep		на; в, во
nacionalizacija	национализација	noun		национализация
nacionalizam	национализам	noun		национализм
nacionalna bezbednost	национална безбедност	phrase		национальная безопасность
nacionalna država	национална држава	phrase		полит. национальное государство
nacionalsocijalizam	nacionalsocijalizam	noun		национал-социализм
nacizam	нацизам	noun		нацизм
nada	нада	noun		надежда
nadbiskup	nadbiskup	noun		архиепископ
nadbiskup	надбискуп	noun		архиепископ
nadbubrežna žlezda	надбубрежна жлезда	phrase		анат. надпочечник
nadležnost	nadležnost	noun		компетенция, ведение
nadležnost	надлежност	noun		компетенция, ведение
nadnica	надница	noun		подённая плата
nadoknađivati	надокнађивати	verb		возмещать
nadole	надоле	adv		вниз
nadomak	надомак	prep		вблизи, около, поблизости от
nadomak	nadomak	prep		вблизи, около, поблизости от
nadvojvoda	надвојвода	noun		эрцгерцог
nadvojvotkinja	надвојвоткиња	noun		истор. эрцгерцогиня
nadzornik	надзорник	noun		надзиратель
naelektrisanje	наелектрисање	noun		физ. электрический заряд
Naerlović	Наерловић	noun		сербская фамилия
nafta	нафта	noun		нефть
naftna platforma	нафтна платформа	phrase		нефтяная платформа
naftohinon	нафтохинон	noun		хим. нафтохинон
nag	наг	adj		голый, нагой
naglasiti	naglasiti	verb		подчеркнуть, выделить
naglasiti	нагласити	verb		подчеркнуть, выделить
Nagradić	Наградић	noun		сербская фамилия
Nagraisalović	Награисаловић	noun		сербская фамилия
Nagulić	Нагулић	noun		сербская фамилия
nahod	наход	noun		найдёныш
nahodnik	находник	noun		найдёныш
nahotkinja	нахоткиња	noun		найдёныш
nahoče	нахоче	noun		найдёныш
naizust	наизуст	adv		наизусть
najamnik	најамник	noun		наёмник, наймит
najaviti	najaviti	verb		объявить, сообщить
najaviti	најавити	verb		объявить, сообщить
Najdanović	Најдановић	noun		сербская фамилия
najezda	најезда	noun		нашествие, вторжение, набег
najlon	најлон	noun		нейлон
najskoriji	najskoriji	adj		(о времени) скорейший, ближайший, превосходная форма от skori
najskoriji	најскорији	adj		(о времени) скорейший, ближайший, превосходная форма от скори
najzad	најзад	adv		наконец, в конце концов, напоследок
Najčević	Најчевић	noun		сербская фамилия
Nakarada	Накарада	noun		сербская фамилия
nakovanj	наковањ	noun		наковальня
nalog	налог	noun		инструкция, руководство, приказ
namera	namera	noun		намерение
namera	намера	noun		намерение
nameštaj	намештај	noun		мебель
Namibija	Намибија	noun		Намибия
Namibijac	Намибијац	noun		намибиец
namibijski	намибијски	adj		намибийский
namignuti	намигнути	verb		подмигивать
nana	нана	noun		ботан. мята
nandu	нанду	noun		орнитол. нанду (аналогично русскому слову) (Rhea)
naniže	наниже	adv		вниз
nanosekund	наносекунд	noun		наносекунда
nanotehnologija	нанотехнологија	noun		нанотехнология
Nanović	Нановић	noun		сербская фамилия
naočale	наочале	noun		очки
naočare	наочаре	noun		очки
napadati	нападати	verb		атаковать, нападать
napis	напис	noun		надпись
napisati	написати	verb		написать
napitak	напитак	noun		напиток
napomenuti	napomenuti	verb		указать; напомнить
napomenuti	напоменути	verb		указать; напомнить
napominjati	napominjati	verb		указывать, напоминать
napominjati	напомињати	verb		указывать, напоминать
napred	напред	adv		вперёд
naprednjak	напредњак	noun		книжн. прогрессист
napregnutost	напрегнутост	noun		напряжение, напряжённость; натяжение
naprslina	напрслина	noun		трещина
naprstak	напрстак	noun		напёрсток
Naprta	Напрта	noun		сербская фамилия
naprtnjača	напртњача	noun		рюкзак
napršnjak	напршњак	noun		напёрсток
Napulj	Напуљ	noun		Неаполь
Napulj	Napulj	noun		Неаполь
narandža	наранџа	noun		ботан. апельсин
Narandžić	Наранџић	noun		сербская фамилия
Narančić	Наранчић	noun		сербская фамилия
naravno	naravno	adv		конечно, разумеется
naravno	наравно	adv		конечно, разумеется
narcisizam	нарцисизам	noun		психол. нарциссизм
narcizam	нарцизам	noun		психол. нарциссизм
naređivati	наређивати	verb		приказывать; распоряжаться
narkolepsija	нарколепсија	noun		мед. нарколепсия
narkolepsija	narkolepsija	noun		мед. нарколепсия
narkomanija	наркоманија	noun		наркомания
narudžba	наруџба	noun		заказ
narukvica	наруквица	noun		браслет
naručilac	наручилац	noun		заказчик, клиент
narušavati	narušavati	verb		нарушать
narušavati	нарушавати	verb		нарушать
narval	нарвал	noun		зоол. нарвал (аналогично русскому слову) (Monodon monoceros)
naselje	насеље	noun		населённый пункт, поселение
nasilje	nasilje	noun		насилие
nasilje	насиље	noun		насилие
Nasković	Насковић	noun		сербская фамилия
naslediti	наследити	verb		наследовать
nasljedan	насљедан	adj		наследственный
nasljeđe	насљеђе	noun		наследие
nasoliti	насолити	verb		посолить
Nastasijević	Настасијевић	noun		сербская фамилия
Nastasić	Настасић	noun		сербская фамилия
Nastasović	Настасовић	noun		сербская фамилия
Nastić	Настић	noun		сербская фамилия
Natanailo	Натанаило	noun		Нафанаил
naterati	naterati	verb		заставить
naterati	натерати	verb		заставить
nativizam	нативизам	noun		филос. нативизм
natrijum	натријум	noun		хим. натрий
naturalist	натуралист	noun		естествоиспытатель, натуралист, природовед
naturalista	натуралиста	noun		естествоиспытатель, натуралист, природовед
naturizam	натуризам	noun		натуризм
nauka	наука	noun		наука (аналогично русскому слову)
Naumović	Наумовић	noun		сербская фамилия
Nauparac	Наупарац	noun		сербская фамилия
Nauru	Науру	noun		Науру (аналогично русскому слову)
nautilus	наутилус	noun		зоол. наутилус
nautička milja	наутичка миља	phrase		морская миля
nauzea	наузеа	noun		тошнота
naučan	научан	adj		научный
naučna fantastika	научна фантастика	phrase		филол. научная фантастика
naučnik	научник	noun		учёный
naušnica	наушница	noun		серьга
navesti	навести	verb		привести; перечислить
navesti	navesti	verb		привести; перечислить
navoj	навој	noun		резьба
navrtka	навртка	noun		техн. гайка
nazad	назад	adv		назад (аналогично русскому слову)
nazalizacija	назализација	noun		назализация
naziv	naziv	noun		название
naziv	назив	noun		название
naći	наћи	verb		найти, отыскать; обнаружить
način	начин	noun		способ, приём; образ действия
naš	наш	pron		наш
naš	naš	pron		наш
naše	naše	pron		форма местоимения naš
ne	не	particle		не
nebeska mehanika	небеска механика	phrase		небесная механика
nebo	небо	noun		небо (аналогично русскому слову)
neboder	небодер	noun		небоскрёб
nedelja	недеља	noun	ekav	воскресенье; неделя
nedelja	nedelja	noun	ekav	воскресенье — седьмой день недели
Nedeljkov	Недељков	noun		сербская фамилия
Nedeljković	Недељковић	noun		сербская фамилия
nedeljni	недељни	adj		еженедельный
Nedimović	Недимовић	noun		сербская фамилия
Nedinić	Нединић	noun		сербская фамилия
Nedić	Недић	noun		сербская фамилия
Nedomački	Недомачки	noun		сербская фамилия
nedosežan	недосежан	adj		недосягаемый, недостижимый
nedostižan	недостижан	adj		недосягаемый, недостижимый; непревзойдённый
nedostupan	недоступан	adj		недоступный, недосягаемый
Nedović	Недовић	noun		сербская фамилия
negde	негде	adv		где-то, где-либо
negiranje	негирање	noun		отрицание, опровержение; грам. отрицание, отрицательная форма
nego	него	conj		чем
Negojević	Негојевић	noun		сербская фамилия
Negovanović	Неговановић	noun		сербская фамилия
neistina	неистина	noun		неправда
neizbežan	неизбежан	adj		неизбежный, неминуемый
nejasan	нејасан	adj		неясный
nejednakost	неједнакост	noun		неравенство
nejestiv	нејестив	adj		несъедобный
nekanoničan	неканоничан	adj		неканоничный, неканонический
nekoliko	неколико	num		несколько
nekrofil	некрофил	noun		психиатр., сексол. некрофил (аналогично русскому слову)
nekrofilija	nekrofilija	noun		психиатр., сексол. некрофилия
nekrofilija	некрофилија	noun		сексол. некрофилия
nekroza	некроза	noun		мед. некроз
Nektarijević	Нектаријевић	noun		сербская фамилия
nekton	нектон	noun		биол. нектон
nekulturan	некултуран	adj		некультурный, невоспитанный
nelogičan	нелогичан	adj		нелогичный
nema	nema	particle		нет, не имеется
nema	нема	particle		нет, не имеется
Nemanjić	Немањић	noun		сербская фамилия
Nemačka	Немачка	noun		Германия
Nemačka	Nemačka	noun		Германия
Nemačko carstvo	Немачко царство	phrase		истор. Германская империя
nemilosrdan	немилосрдан	adj		безжалостный, беспощадный, немилосердный
neminovan	неминован	adj		неизбежный, неминуемый
Nenadić	Ненадић	noun		сербская фамилия
nenadmašan	ненадмашан	adj		непревзойдённый, несравненный
Nenadov	Ненадов	noun		сербская фамилия
Nenadović	Ненадовић	noun		сербская фамилия
neodložno	неодложно	adv		безотлагательно, неотложно, срочно
neodređeni član	неодређени члан	phrase		грам. неопределённый артикль
neograničen	неограничен	adj		неограниченный; безграничный
neoklasicizam	неокласицизам	noun		искусств. неоклассицизм
neologizam	неологизам	noun		неологизм
neoludizam	неолудизам	noun		книжн. неолуддизм
neon	неон	noun		хим. неон (аналогично русскому слову)
neonacist	неонацист	noun		неонацист
neoprostiv	неопростив	adj		непростительный
neosetljiv	неосетљив	adj		нечувствительный, невосприимчивый; бесчувственный, равнодушный, безразличный
neosnovana osuda	неоснована осуда	phrase		судебная ошибка
neovisnost	неовисност	noun		независимость
neočekivan	неочекиван	adj		неожиданный
nepismenost	nepismenost	noun		безграмотность; неграмотность
nepismenost	неписменост	noun		безграмотность; неграмотность
neplodan	неплодан	adj		бесплодный; неплодородный (о земле); бесплодный; яловый (о животных)
nepobedivost	непобедивост	noun		непобедимость
nepodnošljiv	неподношљив	adj		невыносимый, непереносимый, нестерпимый
nepojmljiv	непојмљив	adj		непостижимый, непонятный, немыслимый
nepokoran	непокоран	adj		непокорный
nepokretnost	непокретност	noun		неподвижность
neposlušan	непослушан	adj		непослушный
neposlušnost	neposlušnost	noun		непослушание, неповиновение
nepouzdanost	непоузданост	noun		ненадёжность; недостоверность
nepoznatost	непознатост	noun		неизвестность
nepravilno	неправилно	adv		неправильно
neprevaziđen	непревазиђен	adj		непревзойдённый
neprijatelj	непријатељ	noun		враг
neprijateljstvo	непријатељство	noun		враждебность, вражда, неприязнь
nepristupačan	неприступачан	adj		неприступный, недоступный
nepun	непун	adj		неполный
nepčana kost	непчана кост	phrase		анат. нёбная кость
Nerac	Нерац	noun		сербская фамилия
neravnomeran	неравномеран	adj		неравномерный
nerc	нерц	noun		зоол. норка
nerv	нерв	noun		нерв (аналогично русскому слову)
nerđajući	нерђајући	adj		нержавеющий
nesanica	несаница	noun		бессонница
neshvatljiv	несхватљив	adj		непонятный, непостижимый, недоступный пониманию
nesretan	несретан	adj		несчастный, несчастливый
nestajati	нестајати	verb		исчезать, пропадать
nestati	нестати	verb		исчезнуть, пропасть
nestašica	несташица	noun		недостаток, нехватка, отсутствие
nestašica	nestašica	noun		недостаток, нехватка, отсутствие
Nestorović	Несторовић	noun		сербская фамилия
nestrpljiv	нестрпљив	adj		нетерпеливый
neudoban	неудобан	adj		неудобный
neurastenija	неурастенија	noun		мед. неврастения
neuromedijator	неуромедијатор	noun		биохим. нейромедиатор, нейротрансмиттер
neuropatija	неуропатија	noun		мед. невропатия
neuropsihologija	неуропсихологија	noun		психол. нейропсихология
neurotransmiter	неуротрансмитер	noun		биохим. нейромедиатор, нейротрансмиттер
neustrašivost	неустрашивост	noun		бесстрашие, неустрашимость
neutralnost	neutralnost	noun		нейтральность
neutralnost	неутралност	noun		нейтральность
neutrino	неутрино	noun		физ. нейтрино
neutron	неутрон	noun		физ. нейтрон
Nevajdić	Невајдић	noun		сербская фамилия
neven	невен	noun		ботан. календула (Calendula)
Nevenić	Невенић	noun		сербская фамилия
neverodostojnost	неверодостојност	noun		недостоверность, неавторитетность; ненадёжность
nevidljiv	невидљив	adj		невидимый; незримый
nevidljivost	невидљивост	noun		невидимость
nezaboravak	nezaboravak	noun		ботан. незабудка (Myosotis)
nezaboravak	незаборавак	noun		ботан. незабудка (Myosotis)
nezahvalnost	незахвалност	noun		неблагодарность
nezapamćen	незапамћен	adj		неслыханный, невиданный; незапамятный
nezapamćen	nezapamćen	adj		неслыханный, невиданный; незапамятный
nezaposlen	незапослен	adj		безработный, незанятый
nezaposlenost	незапосленост	noun		безработица
nezavisan	независан	adj		независимый
nezavisnost	nezavisnost	noun		независимость
nezavisnost	независност	noun		независимость
neznanje	незнање	noun		незнание
Nećakov	Нећаков	noun		сербская фамилия
nećelijski	нећелијски	adj		биол. неклеточный
nečovečan	нечовечан	adj		бесчеловечный
nečovječan	нечовјечан	adj		бесчеловечный
Nešić	Нешић	noun		сербская фамилия
Neškov	Нешков	noun		сербская фамилия
Nešković	Нешковић	noun		сербская фамилия
Nešovanović	Нешовановић	noun		сербская фамилия
Nešović	Нешовић	noun		сербская фамилия
nešto	nešto	pron		что-то; нечто
nešto	нешто	pron		что-то; нечто
Nicović	Ницовић	noun		сербская фамилия
Niculović	Ницуловић	noun		сербская фамилия
Nidžović	Ниџовић	noun		сербская фамилия
Nigerijac	Nigerijac	noun		нигериец
Nijemčević	Нијемчевић	noun		сербская фамилия
nikad	никад	adv		никогда
nikada	никада	adv		никогда
nikal	никал	noun		хим. никель
nikal	nikal	noun		хим. никель
Nikaragva	Никарагва	noun		Никарагуа
Nikačević	Никачевић	noun		сербская фамилия
Nikašinović	Никашиновић	noun		сербская фамилия
Nikeja	Никеја	noun		истор. Никея
Niketić	Никетић	noun		сербская фамилия
Nikezić	Никезић	noun		сербская фамилия
Nikitović	Никитовић	noun		сербская фамилия
nikl	никл	noun		никель
niko	niko	pron		никто
niko	нико	pron		никто
Nikodijević	Никодијевић	noun		сербская фамилия
Nikodinović	Никодиновић	noun		сербская фамилия
Nikola	Никола	noun		Никола
Nikola	Nikola	noun		Никола
Nikolajević	Николајевић	noun		сербская фамилия
Nikolašević	Николашевић	noun		сербская фамилия
Nikolešić	Николешић	noun		сербская фамилия
Nikolić	Николић	noun		сербская фамилия
Nikoliš	Николиш	noun		сербская фамилия
Nikolovski	Николовски	noun		сербская фамилия
nikotin	никотин	noun		никотин (аналогично русскому слову)
Niković	Никовић	noun		сербская фамилия
Nikčević	Никчевић	noun		сербская фамилия
Nikšić	Никшић	noun		сербская фамилия
Ninić	Нинић	noun		сербская фамилия
Ninkov	Нинков	noun		сербская фамилия
Ninković	Нинковић	noun		сербская фамилия
Ninović	Ниновић	noun		сербская фамилия
Ninčić	Нинчић	noun		сербская фамилия
niobij	ниобиј	noun		хим. ниобий
niobijum	ниобијум	noun		хим. ниобий
niri	niri	noun		анат. почка
nirvana	нирвана	noun		нирвана (аналогично русскому слову)
nitko	нитко	pron		никто
nitrat	нитрат	noun		хим. нитрат
nitril	нитрил	noun		хим. нитрил
niz	низ	prep		вниз по
Nizozemac	Низоземац	noun		нидерландец
Nićeping	Нићепинг	noun		Нючёпинг
Nićiforov	Нићифоров	noun		сербская фамилия
Nićiforović	Нићифоровић	noun		сербская фамилия
ničeanski	ничеански	adj		филос. ницшеанский, ницшевский
Ničić	Ничић	noun		сербская фамилия
Niš	Ниш	noun		Ниш
Niš	Niš	noun		Ниш
Nišavić	Нишавић	noun		сербская фамилия
Nišević	Нишевић	noun		сербская фамилия
Niškanović	Нишкановић	noun		сербская фамилия
njakati	њакати	verb		реветь
Njego	Њего	noun		сербская фамилия
Njegomir	Његомир	noun		сербская фамилия
njegov	njegov	pron		(притяжательное местоимение) его
njegov	његов	pron		(притяжательное местоимение) его
Njegovan	Његован	noun		сербская фамилия
Njegovanović	Његовановић	noun		сербская фамилия
Njegoš	Његош	noun		сербская фамилия
Njegošević	Његошевић	noun		сербская фамилия
Njeguš	Његуш	noun		сербская фамилия
njen	njen	pron		(притяжательное местоимение) её
njen	њен	pron		(притяжательное местоимение) её
njihati	њихати	verb		качать, колебать, колыхать
njihov	njihov	pron		(притяжательное местоимение) их
njihov	њихов	pron		(притяжательное местоимение) их
njiskati	њискати	verb		ржать
njiva	њива	noun		поле, нива
njokalica	њокалица	noun		нос
njuh	њух	noun		нюх, обоняние
njušiti	њушити	verb		нюхать, обонять; вынюхивать, разнюхивать
njuška	њушка	noun		морда, рыло
njuškalo	њушкало	noun		разг. проныра, пролаза; шпион, шпик
NLO	НЛО	abbrev		сокр. от неидентификовани летећи објекат; НЛО (аналогично русскому слову)
noga	нога	noun		анат. нога
noga	noga	noun		анат. нога
Nogo	Ного	noun		сербская фамилия
nogometaš	ногометаш	noun		футболист
noj	ној	noun		зоол. страус (Struthio camelus)
Nojkić	Нојкић	noun		сербская фамилия
Nojković	Нојковић	noun		сербская фамилия
nokat	нокат	noun		анат. ноготь
nominalizam	номинализам	noun		филос. номинализм
nonakord	нонакорд	noun		муз. нонаккорд
nonan	нонан	noun		хим. нонан
nonijus	нонијус	noun		техн. нониус
Nonković	Нонковић	noun		сербская фамилия
norma	норма	noun		норма (аналогично русскому слову)
normalna raspodela	нормална расподела	phrase		матем. нормальное распределение
normalnost	нормалност	noun		нормальность
Nortelje	Нортеље	noun		Норртелье
Norveška	Норвешка	noun		Норвегия
Norvežanin	Norvežanin	noun		норвежец
Norvežanin	Норвежанин	noun		норвежец
Norćeping	Норћепинг	noun		Норчёпинг
nos	нос	noun		нос (аналогично русскому слову)
nos	nos	noun		анат. нос
nositi	носити	verb		носить
nosorog	носорог	noun		носорог (аналогично русскому слову)
nosorog	nosorog	noun		зоол. носорог
Nosović	Носовић	noun		сербская фамилия
nostalgija	носталгија	noun		ностальгия
nostalgičan	носталгичан	adj		ностальгический, ностальгичный
nota	нота	noun		нота (аналогично русскому слову)
notar	notar	noun		нотариус
notar	нотар	noun		нотариус
nov	nov	adj		новый
nov	нов	adj		новый
Nova Engleska	Нова Енглеска	phrase		Новая Англия
Nova godina	Нова година	phrase		Новый год
nova institucionalna ekonomija	нова институционална економија	phrase		экон. новая институциональная экономика
novac	novac	noun		деньги
novac	новац	noun		деньги
Novakov	Новаков	noun		сербская фамилия
Novaković	Новаковић	noun		сербская фамилия
novembar	новембар	noun		ноябрь
novembar	novembar	noun		ноябрь
novembarski	новембарски	adj		ноябрьский
Novi Pazar	Нови Пазар	noun		Нови-Пазар
Novi Pazar	Novi Pazar	noun		Нови-Пазар
Novi Sad	Нови Сад	noun		Нови-Сад
Novi Sad	Novi Sad	noun		Нови-Сад
Novi Zeland	Нови Зеланд	phrase		геогр. Новая Зеландия
Novica	Новица	noun		Новица
Novica	Novica	noun		Новица
novinar	новинар	noun		журналист
novinarka	новинарка	noun		журналистка
novinarstvo	новинарство	noun		журналистика
novine	новине	noun		газета
novinski	novinski	adj		относящийся к прессе или новостям
novinski	новински	adj		относящийся к прессе или новостям
Novitović	Новитовић	noun		сербская фамилия
Novićević	Новићевић	noun		сербская фамилия
Novičić	Новичић	noun		сербская фамилия
Novković	Новковић	noun		сербская фамилия
Novokuznjeck	Новокузњецк	noun		Новокузнецк
Novorosijsk	Новоросијск	noun		Новороссийск
novorođenče	новорођенче	noun		новорождённый
Novoselac	Новоселац	noun		сербская фамилия
novost	новост	noun		новость
novotvorenica	новотвореница	noun		неологизм
Novović	Нововић	noun		сербская фамилия
novčanica	новчаница	noun		банкнота
novčanica	novčanica	noun		банкнота
noć	ноћ	noun		ночь
nož	нож	noun		нож (аналогично русскому слову)
nož	nož	noun		нож
Nožica	Ножица	noun		сербская фамилия
Nožinić	Ножинић	noun		сербская фамилия
Nubija	Нубија	noun		Нубия
nudist	нудист	noun		нудист
nudizam	нудизам	noun		нудизм
nuklearna energija	нуклеарна енергија	phrase		ядерная энергия
nuklearna fuzija	нуклеарна фузија	phrase		термоядерная реакция
nuklearna zima	нуклеарна зима	phrase		ядерная зима
nuklearni	nuklearni	adj		ядерный
nuklearni	нуклеарни	adj		ядерный
nuklearni reaktor	нуклеарни реактор	phrase		физ. ядерный реактор
nukleofil	нуклеофил	noun		хим. нуклеофил
nukleofilan	нуклеофилан	adj		хим. нуклеофильный
nukleosinteza	нуклеосинтеза	noun		физ. нуклеосинтез
nula	нула	num		ноль
numerički	нумерички	adj		числовой, численный
nutacija	нутација	noun		астрон. нутация
nužnik	нужник	noun		туалет, уборная
obad	обад	noun		овод (Oestrus)
obala	обала	noun		берег
obavljati	obavljati	verb		выполнять, осуществлять; производить, делать
obavljati	обављати	verb		выполнять, осуществлять; производить, делать
obdanište	obdanište	noun		ясли-сад
obdanište	обданиште	noun		ясли-сад
obdukcija	обдукција	noun		вскрытие, аутопсия
obdukcija	obdukcija	noun		вскрытие, аутопсия
obelisk	обелиск	noun		обелиск
obezbediti	obezbediti	verb		обеспечить; обезопасить
obezbediti	обезбедити	verb		обеспечить; обезопасить
obezglavaljenje	обезглаваљење	noun		обезглавливание
obeštećenje	obeštećenje	noun		возмещение убытков, компенсация
obeštećenje	обештећење	noun		возмещение убытков, компенсация
obeščašćivati	обешчашћивати	verb		бесчестить, позорить
obilan	обилан	adj		обильный
obilje	обиље	noun		изобилие, обилие
obim	обим	noun		матем. объём; размах, объём, диапазон, охват
obitelj	обитељ	noun		семья
običaj	običaj	noun		обычай
običaj	обичај	noun		обычай
običan	обичан	adj		обычный, обыкновенный
objasniti	објаснити	verb		объяснять
objavljenje	објављење	noun		объявление
objektiv	објектив	noun		объектив
oblak	облак	noun		облако
Oblaković	Облаковић	noun		сербская фамилия
oblast	oblast	noun		область
oblast	област	noun		область
oblačan	облачан	adj		облачный, пасмурный
Oblučar	Облучар	noun		сербская фамилия
oboa	обоа	noun		муз. гобой
Oborina	Оборина	noun		сербская фамилия
Obradinović	Обрадиновић	noun		сербская фамилия
Obradov	Обрадов	noun		сербская фамилия
Obradović	Обрадовић	noun		сербская фамилия
obraz	образ	noun		анат. щека
obraćanje	obraćanje	noun		обращение
obraćanje	обраћање	noun		обращение
Obračević	Обрачевић	noun		сербская фамилия
obred	обред	noun		обряд
Obrenić	Обренић	noun		сербская фамилия
Obrenov	Обренов	noun		сербская фамилия
Obrenović	Обреновић	noun		сербская фамилия
Obrenčević	Обренчевић	noun		сербская фамилия
Obretković	Обретковић	noun		сербская фамилия
obrezivanje	обрезивање	noun		обрезание, циркумцизия
Obreški	Обрешки	noun		сербская фамилия
Obrović	Обровић	noun		сербская фамилия
obrtaljka	обртаљка	noun		карусель
obrva	обрва	noun		бровь
obrva	obrva	noun		бровь
obuća	обућа	noun		обувь
obuća	obuća	noun		обувь
obućar	обућар	noun		башмачник, сапожник
Obućina	Обућина	noun		сербская фамилия
obveznica	обвезница	noun		фин. облигация
Ocokoljić	Оцокољић	noun		сербская фамилия
ocrnjivanje	оцрњивање	noun		очернение, клевета
od	od	prep		из, от, с
od	од	prep		из, от, с
odabirati	одабирати	verb		выбирать, отбирать
odabrati	одабрати	verb		выбрать, отобрать
odaja	одаја	noun		помещение, комната
Odalović	Одаловић	noun		сербская фамилия
Odanović	Одановић	noun		сербская фамилия
Odavić	Одавић	noun		сербская фамилия
odbijanje	одбијање	noun		отражение, отбитие (удара, нападения)
odbojka	одбојка	noun		спорт. волейбол
odbojkaš	одбојкаш	noun		спорт. волейболист
odbor	одбор	noun		комитет
odgovarati	одговарати	verb		отвечать
odgovarati	odgovarati	verb		отвечать
odgovor	одговор	noun		ответ
odgovornost	odgovornost	noun		ответственность
odgovornost	одговорност	noun		ответственность
odjek	одјек	noun		эхо
odliv	одлив	noun		отлив, малая вода
odlično	odlično	adv		отлично
odlučiti	odlučiti	verb		решить, принять решение
odlučiti	одлучити	verb		решить, принять решение
odmah	одмах	adv		сразу, немедленно, тотчас
odnositi	односити	verb		относить, уносить (что-л. куда-л.); уносить, сносить (о ветре, воде)
odnosno	odnosno	adv		то есть, а именно; вернее, точнее
odnosno	односно	adv		то есть, а именно; вернее, точнее
odoljen	одољен	noun		ботан. валериана (валерьяна)
Odorović	Одоровић	noun		сербская фамилия
odreći	одрећи	verb		отречься, отказаться (от своих слов, веры, престола); отвергнуть, отклонить (предложение, помощь)
određeni član	одређени члан	phrase		грам. определённый артикль
održavanje	održavanje	noun		поддержание
održavanje	одржавање	noun		поддержание
odsto	odsto	noun		процент
odsto	одсто	noun		процент
odsustvo	одсуство	noun		отсутствие
oduvek	одувек	adv		издавна, испокон веков (испокон века)
oduvek	oduvek	adv		издавна, испокон веков (испокон века)
oduzimanje	одузимање	noun		матем. вычитание
oduševljenje	одушевљење	noun		воодушевление
odvažnost	одважност	noun		мужество; отвага
odvijač	одвијач	noun		техн. отвёртка
odvrtač	одвртач	noun		техн. отвёртка
odžačar	оџачар	noun		трубочист
Odžić	Оџић	noun		сербская фамилия
OEBS	OEBS	abbrev		ОБСЕ; Oracle E-Business Suite
OEBS	ОЕБС	abbrev		ОБСЕ
oftalmografija	oftalmografija	noun		мед. офтальмография
oftalmografija	офталмографија	noun		мед. офтальмография
oftalmologija	офталмологија	noun		мед. офтальмология
oganj	огањ	noun		огонь
Ogarević	Огаревић	noun		сербская фамилия
ogledalo	огледало	noun		зеркало
oglobiti	оглобити	verb		оштрафовать
Ognjanov	Огњанов	noun		сербская фамилия
Ognjanović	Огњановић	noun		сербская фамилия
Ognjenović	Огњеновић	noun		сербская фамилия
Ognjević	Огњевић	noun		сербская фамилия
ograda	ограда	noun		забор, ограда
Ogrizović	Огризовић	noun		сербская фамилия
ogrlica	огрлица	noun		бусы; ожерелье
ohlokratija	охлократија	noun		полит. охлократия
Ohotsko more	Охотско море	phrase		геогр. Охотское море
Ojdanić	Ојданић	noun		сербская фамилия
okan	окан	noun		ихтиол. окунь
okazionalista	okazionalista	noun		филос. окказионалист
okean	океан	noun		океан (аналогично русскому слову)
okeanografija	океанографија	noun		океанология, океанография
okeanologija	океанологија	noun		океанология, океанография
Oketić	Окетић	noun		сербская фамилия
Okilj	Окиљ	noun		сербская фамилия
Okiljević	Окиљевић	noun		сербская фамилия
Oklješa	Окљеша	noun		сербская фамилия
Oklobdžija	Оклобџија	noun		сербская фамилия
okno	окно	noun		архит. окно; горн. шахта
okno	okno	noun		окно
oko	oko	noun		анат. глаз, око
oko	око	noun		анат. глаз, око
oko	oko	unknown		около
okolina	околина	noun		окрестность, округа, окружающая местность; окружение, среда
Okolić	Околић	noun		сербская фамилия
okolišan	околишан	adj		косвенный, опосредованный, непрямой
okolnost	околност	noun		обстоятельство
Okrajac	Окрајац	noun		сербская фамилия
Okrajnov	Окрајнов	noun		сербская фамилия
okrenuti	окренути	verb		повернуть, поворотить, развернуть; изменить (направление, тему разговора)
okret	окрет	noun		вращение
okretati	окретати	verb		поворачивать, вращать; обращать (внимание, взгляд)
okrutnost	окрутност	noun		жестокость
Oksford	Оксфорд	noun		Оксфорд
oksid	оксид	noun		хим. окись, оксид (аналогично русскому слову)
oksimoron	оксиморон	noun		филол. оксиморон, оксюморон
oksitocin	окситоцин	noun		биохим. окситоцин
oktaedar	октаедар	noun		геометр. октаэдр
oktan	октан	noun		хим. октан (аналогично русскому слову)
oktobar	октобар	noun		октябрь
oktobar	oktobar	noun		октябрь
oktobarski	октобарски	adj		октябрьский
oktopod	oktopod	noun		зоол. осьминог
Okuka	Окука	noun		сербская фамилия
okupljati	окупљати	verb		сосредотачивать, сосредоточивать, концентрировать
okvir	okvir	noun		рамка; рамки
okvir	оквир	noun		рамка; рамки
oligarh	олигарх	noun		олигарх (аналогично русскому слову)
oligarh	oligarh	noun		олигарх
oligarhija	олигархија	noun		олигархия
oligomer	олигомер	noun		хим. олигомер
Olimpijske igre	Олимпијске игре	phrase		спорт. Олимпийские игры
olivin	оливин	noun		минер. оливин
Olić	Олић	noun		сербская фамилия
Oljača	Ољача	noun		сербская фамилия
Oljačić	Ољачић	noun		сербская фамилия
olovka	olovka	noun		карандаш
olovka	оловка	noun		карандаш
olovo	олово	noun		хим. свинец
Olujić	Олујић	noun		сербская фамилия
Oluški	Олушки	noun		сербская фамилия
Oman	Оман	noun		Оман (аналогично русскому слову)
omladina	омладина	noun		подросток, тинейджер
Omorac	Оморац	noun		сербская фамилия
Omčikus	Омчикус	noun		сербская фамилия
on	он	pron		он (аналогично русскому слову)
ona	она	pron		она (аналогично русскому слову)
ona	она	pron		они
onda	онда	adv		тогда; потом
one	one	pron		они, оне
one	оне	pron		они
oni	они	pron		они [1]
onkologija	онкологија	noun		онкология
ono	оно	pron		оно (аналогично русскому слову)
onomatopeja	ономатопеја	noun		ономатопея; звукоподражание
ontologija	онтологија	noun		филос. онтология
ontološki	онтолошки	adj		онтологический
oologija	оологија	noun		зоол. оология
opal	опал	noun		минер. опал (аналогично русскому слову)
Opančina	Опанчина	noun		сербская фамилия
Oparnica	Опарница	noun		сербская фамилия
Oparušić	Опарушић	noun		сербская фамилия
opasan	опасан	adj		опасный
opasnost	опасност	noun		опасность
opatica	opatica	noun		церк. аббатиса; настоятельница
opatica	опатица	noun		церк. аббатиса; настоятельница
opatija	опатија	noun		аббатство
Opačina	Опачина	noun		сербская фамилия
Opačić	Опачић	noun		сербская фамилия
opereta	оперета	noun		оперетта
opetovanje	опетовање	noun		повторение
oponent	опонент	noun		оппонент
oponirati	опонирати	verb		оппонировать
oportunista	опортуниста	noun		оппортунист
oportunizam	опортунизам	noun		полит. оппортунизм
oporuka	опорука	noun		юр. завещание
opozvati	опозвати	verb		отозваться (на зов); отозвать, отменить (приказ, решение)
opredeljenje	opredeljenje	noun		определение; устремление
opredeljenje	опредељење	noun		определение; устремление
Opricović	Оприцовић	noun		сербская фамилия
opruga	opruga	noun		пружина
opruga	опруга	noun		пружина
Opsenica	Опсеница	noun		сербская фамилия
opservatorija	опсерваторија	noun		обсерватория
opsidijan	опсидијан	noun		обсидиан
optika	оптика	noun		физ. оптика
optimističan	оптимистичан	adj		оптимистичный, оптимистический
optimizam	optimizam	noun		оптимизм
optimizam	оптимизам	noun		оптимизм
optički	оптички	adj		оптический
opština	општина	noun		община
Orajnerović	Орајнеровић	noun		сербская фамилия
oralni seks	орални секс	phrase		сексол. оральный секс
oranžerija	оранжерија	noun		оранжерея, теплица
orao	орао	noun		зоол. орёл (Aquila)
Oraovčić	Ораовчић	noun		сербская фамилия
orbita	орбита	noun		астрон. орбита (аналогично русскому слову)
Orbović	Орбовић	noun		сербская фамилия
orden	орден	noun		орден (знак отличия)
ordovicijum	ордовицијум	noun		геол. ордовик
Orelj	Орељ	noun		сербская фамилия
oreljef	орељеф	noun		искусств. горельеф
Orestijević	Орестијевић	noun		сербская фамилия
organ	орган	noun		орган (аналог. русск. о́рган)
organizacija	организација	noun		организация
organizam	организам	noun		организм
orhideja	орхидеја	noun		ботан. орхидея
orkestar	оркестар	noun		муз. оркестр
Orlandić	Орландић	noun		сербская фамилия
Orlić	Орлић	noun		сербская фамилия
Orlović	Орловић	noun		сербская фамилия
Ormianin	Ormianin	noun		армянин
Ormuski moreuz	Ормуски мореуз	phrase		геогр. Ормузский пролив
ornitolog	орнитолог	noun		книжн. орнитолог (аналогично русскому слову)
ornitologija	орнитологија	noun		орнитология
orofarinks	орофаринкс	noun		анат. ротоглотка; мезофаринкс
oromo	оромо	noun		оромо (аналог. русск. оромо [1]); оромо (аналог. русск. оромо [2])
oronim	ороним	noun		лингв. ороним (аналогично русскому слову)
Oroz	Ороз	noun		сербская фамилия
Orozović	Орозовић	noun		сербская фамилия
ortak	ortak	noun		компаньон; пайщик, партнёр
ortoepija	ортоепија	noun		лингв. орфоэпия
ortografija	ortografija	noun		орфография, правописание
ortografija	ортографија	noun		орфография, правописание
ortoperjodat	ортоперјодат	noun		хим. ортопериодат
oružje	оружје	noun		оружие
oružje za masovno uništenje	оружје за масовно уништење	phrase		оружие массового уничтожения
os	os	noun		ось
os	ос	noun		ось
osa	osa	noun		оса
osa	osa	noun		ось
osam	осам	num		восемь
osamdeset	осамдесет	num		восемьдесят
osamdeseti	осамдесети	num		восьмидесятый
osamljenost	осамљеност	noun		одиночество
osamnaest	осамнаест	num		восемнадцать
osamnaesti	осамнаести	num		восемнадцатый
osamnaestougao	осамнаестоугао	noun		геометр. восемнадцатиугольник
osamnaestougao	osamnaestougao	noun		геометр. восемнадцатиугольник
osamsto	осамсто	num		восемьсот
oseka	осека	noun		отлив, малая вода
osetinski	осетински	adj		осетинский
osećaj	осећај	noun		чувство, эмоция
osigurač	осигурач	noun		техн. предохранитель
Osija	Осија	noun		Осия
osip	осип	noun		сыпь
oslobođenje	ослобођење	noun		освобождение
Osmajlić	Осмајлић	noun		сербская фамилия
osmanlijski	османлијски	adj		истор. османский, оттоманский
osmanski	османски	adj		истор. османский, оттоманский
osmeh	осмех	noun		улыбка
osmi	осми	num		восьмой
osmi	osmi	num		восьмой
osmij	осмиј	noun		хим. осмий
osmijum	осмијум	noun		хим. осмий
Osmokrović	Осмокровић	noun		сербская фамилия
osmougao	осмоугао	noun		геометр. восьмиугольник
osmoza	осмоза	noun		физ. осмос
osnivač	оснивач	noun		основатель
osnivač	osnivač	noun		основатель
osnovna škola	основна школа	phrase		начальная школа
osovina	осовина	noun		ось
ospice	оспице	noun		мед. корь
ostatak	ostatak	noun		остаток; сдача
ostatak	остатак	noun		остаток; сдача
osteologija	остеологија	noun		мед. остеология
osteoporoza	остеопороза	noun		мед. остеопороз
Ostermanović	Остермановић	noun		сербская фамилия
Ostojić	Остојић	noun		сербская фамилия
Ostrogonac	Острогонац	noun		сербская фамилия
ostruga	оструга	noun		шпора
ostrvo	острво	noun		остров
osveta	освета	noun		месть
osvetnik	осветник	noun		мститель
osvetnik	osvetnik	noun		мститель
osvetoljubiv	osvetoljubiv	adj		мстительный
osvetoljubiv	осветољубив	adj		мстительный
otac	otac	noun		отец
otac	отац	noun		отец
Otanjac	Отањац	noun		сербская фамилия
Otašević	Оташевић	noun		сербская фамилия
otkloniti	otkloniti	verb		устранить; отклонить
otkloniti	отклонити	verb		устранить; отклонить
otkuda	откуда	adv		откуда (аналогично русскому слову)
otomanski	отомански	adj		истор. османский, оттоманский
Otoranov	Оторанов	noun		сербская фамилия
Otović	Отовић	noun		сербская фамилия
otpasti	отпасти	verb		отпасть
otplata	отплата	noun		выплата (частями, в рассрочку)
otpornik	отпорник	noun		техн. резистор, сопротивление
otpuštati	отпуштати	verb		увольнять
otrov	отров	noun		яд, отрава
otrovan	отрован	adj		ядовитый
Otržan	Отржан	noun		сербская фамилия
otvaranje	otvaranje	noun		открытие; раскрытие
otvaranje	отварање	noun		открытие; раскрытие
otvor	отвор	noun		отверстие
otvoren skup	отворен скуп	phrase		матем. открытое множество
ovaj	ovaj	pron		этот
ovaj	овај	pron		этот
ovamo	овамо	adv		сюда
ovca	овца	noun		овца (аналогично русскому слову)
ovde	овде	adv	ekav	здесь, тут
ovratnik	овратник	noun		хомут
Ovuka	Овука	noun		сербская фамилия
ozbiljnost	озбиљност	noun		серьёзность; важность, значительность
ozon	озон	noun		озон (аналогично русскому слову)
ozonski omotač	озонски омотач	phrase		озоновый слой
očekivana vrednost	очекивана вредност	phrase		матем. математическое ожидание
očekivanje	очекивање	noun		ожидание (действие)
očekivati	očekivati	verb		ожидать
očekivati	очекивати	verb		ожидать
očevidac	очевидац	noun		очевидец
očna jabučica	очна јабучица	phrase		анат. глазное яблоко
očnjak	очњак	noun		клык
očuh	очух	noun		отчим
Ošap	Ошап	noun		сербская фамилия
oštrougli	оштроугли	adj		геометр. остроугольный
Ožegović	Ожеговић	noun		сербская фамилия
ožiljak	ожиљак	noun		шрам, рубец
pacifizam	пацифизам	noun		пацифизм
pacijent	пацијент	noun		мед. пациент
pacov	пацов	noun		крыса
padavine	падавине	noun		метеорол. осадки
Padejski	Падејски	noun		сербская фамилия
padež	падеж	noun		лингв. падеж (аналогично русскому слову)
padobran	падобран	noun		парашют
padobranski	падобрански	adj		парашютный
paganin	паганин	noun		религ. язычник
paganizam	паганизам	noun		религ. язычество
paganstvo	паганство	noun		религ. язычество
Pajagić	Пајагић	noun		сербская фамилия
Pajević	Пајевић	noun		сербская фамилия
Pajić	Пајић	noun		сербская фамилия
Pajkanović	Пајкановић	noun		сербская фамилия
Pajkić	Пајкић	noun		сербская фамилия
Pajković	Пајковић	noun		сербская фамилия
Pajović	Пајовић	noun		сербская фамилия
pajser	пајсер	noun		гвоздодёр
Pajtić	Пајтић	noun		сербская фамилия
pakao	пакао	noun		ад, преисподняя
Pakaški	Пакашки	noun		сербская фамилия
pakistanski	пакистански	adj		пакистанский
Paković	Паковић	noun		сербская фамилия
palac	палац	noun		анат. большой палец (руки)
paladijum	паладијум	noun		хим. палладий
palatalizacija	палатализација	noun		лингв. палатализация
Palavestra	Палавестра	noun		сербская фамилия
Palačković	Палачковић	noun		сербская фамилия
paleoantropologija	палеоантропологија	noun		палеоантропология
paleoantropološki	палеоантрополошки	adj		палеоантропологический
paleobotanika	палеоботаника	noun		палеоботаника
paleoklimatologija	палеоклиматологија	noun		палеоклиматология
paleolit	палеолит	noun		палеолит (аналогично русскому слову)
paleontolog	палеонтолог	noun		палеонтолог
paleontologija	палеонтологија	noun		палеонтология
paleozoik	палеозоик	noun		геол. палеозой
Palestinac	Палестинац	noun		палестинец
palestinski	палестински	adj		палестинский
paleta	палета	noun		искусств. палитра
pali	пали	noun		лингв. пали (язык)
Palikuća	Паликућа	noun		сербская фамилия
palimpsest	палимпсест	noun		палимпсест
palindrom	палиндром	noun		палиндром (аналогично русскому слову)
palinodija	палинодија	noun		филол. палинодия
palinologija	палинологија	noun		палинология
Palić	Палић	noun		сербская фамилия
paljak	паљак	noun		половник, поварёшка
Palkovljević	Палковљевић	noun		сербская фамилия
Palmira	Палмира	noun		Пальмира
Palurović	Палуровић	noun		сербская фамилия
pamet	памет	noun		ум, разум
Pamir	Памир	noun		Памир
pamuk	pamuk	noun		ботан. хлопок, хлопчатник
pamuk	памук	noun		ботан. хлопок, хлопчатник
Pamučar	Памучар	noun		сербская фамилия
Pamučina	Памучина	noun		сербская фамилия
pamćenje	памћење	noun		память (способность сохранять информацию)
pamćenje	pamćenje	noun		память
Panajotović	Панајотовић	noun		сербская фамилия
Panama	Панама	noun		Панама
panamski	панамски	adj		панамский
panarabizam	панарабизам	noun		полит. панарабизм
panađur	панађур	noun		устар. ярмарка
pandemija	pandemija	noun		мед. пандемия
pandemija	пандемиjа	noun		пандемия
Pandilović	Пандиловић	noun		сербская фамилия
Pandora	Пандора	noun		мифол. Пандора (аналогично русскому слову)
Pandrc	Пандрц	noun		сербская фамилия
Pandžab	Панџаб	noun		Пенджаб
panegirik	панегирик	noun		панегирик (аналогично русскому слову)
Pangea	Пангеа	noun		геол. Пангея
panislamizam	панисламизам	noun		полит. панисламизм
Panić	Панић	noun		сербская фамилия
paničarka	паничарка	noun		паникёрша
Panišić	Панишић	noun		сербская фамилия
Panjević	Пањевић	noun		сербская фамилия
Panjković	Пањковић	noun		сербская фамилия
Panonija	Панонија	noun		Паннония
panorama	панорама	noun		панорама
Panović	Пановић	noun		сербская фамилия
panslavizam	панславизам	noun		панславизм
pantalone	панталоне	noun		штаны
Pantelinac	Пантелинац	noun		сербская фамилия
Pantelić	Пантелић	noun		сербская фамилия
panteon	пантеон	noun		пантеон (аналогично русскому слову)
Pantić	Пантић	noun		сербская фамилия
pantljika	пантљика	noun		бант
pantomima	пантомима	noun		пантомима
Pantović	Пантовић	noun		сербская фамилия
Panzalović	Панзаловић	noun		сербская фамилия
Pančetović	Панчетовић	noun		сербская фамилия
Pančevo	Панчево	noun		Панчево
Pančevo	Pančevo	noun		Панчево
Pančić	Панчић	noun		сербская фамилия
papagaj	папагај	noun		зоол. орнитол. попугай
papak	папак	noun		копыто
papir	папир	noun		папирус
papirologija	папирологија	noun		папирология
papirus	папирус	noun		папирус (аналогично русскому слову)
Papić	Папић	noun		сербская фамилия
Papović	Паповић	noun		сербская фамилия
paprat	папрат	noun		ботан. папоротник
papriti	паприти	verb		перчить
papski	папски	adj		религ. папский
para	пара	noun		физ. пар (газ в равновесии с жидкостью)
parada	парада	noun		парад
paradajz	парадајз	noun		помидор
paradajz	paradajz	noun		помидор
paradigma	парадигма	noun		парадигма
paradoks	парадокс	noun		парадокс
paradoksalan	paradoksalan	adj		парадоксальный
paradoksalan	парадоксалан	adj		парадоксальный
parafazija	парафазија	noun		мед. парафазия
parafin	парафин	noun		парафин
paragraf	параграф	noun		параграф (аналогично русскому слову)
Paragvaj	Парагвај	noun		Парагвай
Paragvajac	Парагвајац	noun		парагваец
Paragvajac	Paragvajac	noun		парагваец
paragvajski	парагвајски	adj		парагвайский
paralaksa	паралакса	noun		астрон. параллакс
paralelan	паралелан	adj		геометр. параллельный
paralelepiped	паралелепипед	noun		геометр. параллелепипед
paralelogram	паралелограм	noun		геометр. параллелограмм
Paramentić	Параментић	noun		сербская фамилия
parametar	параметар	noun		параметр
paranoja	параноја	noun		психиатр. паранойя
Paranos	Паранос	noun		сербская фамилия
paraplegija	параплегија	noun		мед. параплегия
parapsihologija	парапсихологија	noun		парапсихология
Paraušić	Параушић	noun		сербская фамилия
Paravac	Паравац	noun		сербская фамилия
Paravinja	Паравиња	noun		сербская фамилия
parazit	паразит	noun		биол. паразит
parazit	parazit	noun		биол. паразит
parazitizam	паразитизам	noun		паразитизм
parazitoid	паразитоид	noun		биол., экол. паразитоид (аналогично русскому слову)
Parađina	Парађина	noun		сербская фамилия
pare	паре	noun		деньги
pareidolija	пареидолија	noun		психиатр. парейдолия
pareza	пареза	noun		мед. парез
Parezanović	Парезановић	noun		сербская фамилия
parfem	парфем	noun		духи
Paripović	Париповић	noun		сербская фамилия
Parivodić	Париводић	noun		сербская фамилия
Pariz	Париз	noun		Париж
Pariz	Pariz	noun		Париж (столица Франции)
parižanka	парижанка	noun		парижанка
parket	паркет	noun		паркет
parkiralište	паркиралиште	noun		автостоянка, парковка
Parmaković	Пармаковић	noun		сербская фамилия
parobrod	пароброд	noun		пароход
parodija	пародија	noun		пародия
Parojčić	Паројчић	noun		сербская фамилия
parola	парола	noun		пароль
paronim	пароним	noun		лингв. пароним
Parović	Паровић	noun		сербская фамилия
Paroški	Парошки	noun		сербская фамилия
parsek	парсек	noun		астрон. парсек (аналогично русскому слову)
partenogenetičan	партеногенетичан	adj		биол. партеногенетический
partenogeneza	партеногенеза	noun		биол. партеногенез
partitura	партитура	noun		муз. партитура
partizan	партизан	noun		партизан (аналогично русскому слову)
pas	пас	noun		зоол. собака
pasakalja	пасакаља	noun		пассакалия; пассакалья
pasivno pušenje	пасивно пушење	phrase		пассивное курение
pasjak	пасјак	noun		клык
paskal	паскал	noun		физ. паскаль
Paskaljević	Паскаљевић	noun		сербская фамилия
Paskaš	Паскаш	noun		сербская фамилия
pasoš	pasoš	noun		паспорт
pasoš	пасош	noun		паспорт
Paspalj	Паспаљ	noun		сербская фамилия
pasta	паста	noun		паста (аналог. русск. паста 1)
pasterizacija	пастеризација	noun		пастеризация
pasterizovati	пастеризовати	verb		пастеризировать, пастеризовать
pastir	пастир	noun		пастух
pastorak	пасторак	noun		пасынок, приёмный сын
pastrmka	пастрмка	noun		форель
pastrva	пастрва	noun		форель
Patafta	Патафта	noun		сербская фамилия
patak	патак	noun		селезень
paternalizam	патернализам	noun		патернализм
patka	патка	noun		зоол. утка
Patković	Патковић	noun		сербская фамилия
patlidžan	патлиџан	noun		ботан. баклажан
patnja	патња	noun		страдание, мучение
patogenost	патогеност	noun		мед. патогенность, болезнетворность
patogenost	patogenost	noun		мед. патогенность, болезнетворность
patricij	патрициј	noun		истор. патриций
patrijarh	патријарх	noun		религ. патриарх
patrijarhalan	патријархалан	adj		патриархальный
patriot	патриот	noun		патриот
patriotizam	патриотизам	noun		патриотизм
Patrnogić	Патрногић	noun		сербская фамилия
patroliranje	патролирање	noun		патрулирование
patuljasta planeta	патуљаста планета	phrase		астрон. карликовая планета
Pauljević	Пауљевић	noun		сербская фамилия
paun	паун	noun		павлин
Paunić	Паунић	noun		сербская фамилия
Paunković	Паунковић	noun		сербская фамилия
Paunov	Паунов	noun		сербская фамилия
Paunović	Пауновић	noun		сербская фамилия
pauza	пауза	noun		пауза
paučina	паучина	noun		паутина
Pavasović	Павасовић	noun		сербская фамилия
Pavitović	Павитовић	noun		сербская фамилия
Pavić	Павић	noun		сербская фамилия
Pavićević	Павићевић	noun		сербская фамилия
Pavičić	Павичић	noun		сербская фамилия
Pavkov	Павков	noun		сербская фамилия
Pavković	Павковић	noun		сербская фамилия
Pavlašević	Павлашевић	noun		сербская фамилия
Pavlekić	Павлекић	noun		сербская фамилия
Pavlica	Павлица	noun		сербская фамилия
Pavlićević	Павлићевић	noun		сербская фамилия
Pavličić	Павличић	noun		сербская фамилия
Pavlović	Павловић	noun		сербская фамилия
pazuho	пазухо	noun		анат. подмышка
paškanat	пашканат	noun		ботан. пастернак
Paštar	Паштар	noun		сербская фамилия
pašteta	паштета	noun		кулин. паштет
Paštrmac	Паштрмац	noun		сербская фамилия
pažnja	пажња	noun		внимание
pažnja	pažnja	noun		внимание
Pecarski	Пецарски	noun		сербская фамилия
Pecelj	Пецељ	noun		сербская фамилия
Pecikoza	Пецикоза	noun		сербская фамилия
Pecić	Пецић	noun		сербская фамилия
pedagogija	педагогија	noun		педагогика
pedagoški	педагошки	adj		педагогический
pedantičan	педантичан	adj		педантичный
peder	педер	noun		разг. педераст
pedeset	педесет	num		пятьдесят
pedeset	pedeset	num		пятьдесят
pedeseti	pedeseti	num		пятидесятый
pedijatar	педијатар	noun		педиатр
pedijatrija	педијатрија	noun		педиатрия
pedofilija	педофилија	noun		педофилия
pedometar	педометар	noun		шагомер
pega	пега	noun		веснушка
pegava hijena	пегава хијена	phrase		пятнистая гиена (Crocuta crocuta)
pegla	пегла	noun		утюг
pegunica	пегуница	noun		ихтиол. шемая (Alburnus chalcoides)
Pejakov	Пејаков	noun		сербская фамилия
Pejaković	Пејаковић	noun		сербская фамилия
Pejanović	Пејановић	noun		сербская фамилия
Pejatović	Пејатовић	noun		сербская фамилия
Pejinović	Пејиновић	noun		сербская фамилия
Pejić	Пејић	noun		сербская фамилия
Pejičić	Пејичић	noun		сербская фамилия
Pejković	Пејковић	noun		сербская фамилия
Pejnović	Пејновић	noun		сербская фамилия
pejorativ	пејоратив	noun		лингв. пейоратив
Pejovac	Пејовац	noun		сербская фамилия
Pejović	Пејовић	noun		сербская фамилия
Pejušić	Пејушић	noun		сербская фамилия
Pejčinović	Пејчиновић	noun		сербская фамилия
Pejčić	Пејчић	noun		сербская фамилия
pekara	пекара	noun		пекарня
pekari	пекари	noun		зоол. пекари
pekmez	пекмез	noun		мармелад
Peković	Пековић	noun		сербская фамилия
Pelagić	Пелагић	noun		сербская фамилия
Pelemiš	Пелемиш	noun		сербская фамилия
Pelević	Пелевић	noun		сербская фамилия
pelikan	пеликан	noun		орнитол. пеликан
Pelinović	Пелиновић	noun		сербская фамилия
pena	пена	noun		пена (аналогично русскому слову)
Pena	Пена	noun		сербская фамилия
pendžer	пенџер	noun		окно
pendžer	pendžer	noun		окно
Penezić	Пенезић	noun		сербская фамилия
penis	пенис	noun		анат. пенис (аналогично русскому слову)
penologija	пенологија	noun		пенология
Penović	Пеновић	noun		сербская фамилия
Pensilvanija	Пенсилванија	noun		Пенсильвания
pentan	пентан	noun		хим. пентан
penzija	пензија	noun		пенсия
penzioner	пензионер	noun		пенсионер
penzioner	penzioner	noun		пенсионер
Penčić	Пенчић	noun		сербская фамилия
pepeljara	пепељара	noun		пепельница
Pepeljuga	Пепељуга	noun		Золушка
Pepeljuga	Pepeljuga	noun		Золушка
Pepelčević	Пепелчевић	noun		сербская фамилия
pepeo	пепео	noun		пепел, зола
Pepić	Пепић	noun		сербская фамилия
peptid	пептид	noun		биохим. пептид
Peralović	Пераловић	noun		сербская фамилия
Peranović	Перановић	noun		сербская фамилия
Perać	Пераћ	noun		сербская фамилия
Perašević	Перашевић	noun		сербская фамилия
perceptron	перцептрон	noun		комп. перцептрон (аналогично русскому слову)
Perenčević	Перенчевић	noun		сербская фамилия
perestrojka	perestrojka	noun		полит. перестройка
perfekcionizam	перфекционизам	noun		перфекционизм
pergament	пергамент	noun		пергамент
pergament	pergament	noun		пергамент
perigej	перигеј	noun		астрон. перигей
perika	перика	noun		парик
Perinović	Периновић	noun		сербская фамилия
periodicitet	периодицитет	noun		книжн. периодичность
periodičan	периодичан	adj		периодический
periodičnost	периодичност	noun		периодичность
periodni sistem	периодни систем	phrase		периодическая система химических элементов, таблица Менделеева
peristil	перистил	noun		архит. перистиль
Periz	Периз	noun		сербская фамилия
Perić	Перић	noun		сербская фамилия
Perišić	Перишић	noun		сербская фамилия
Perković	Перковић	noun		сербская фамилия
perle	перле	noun		бусы; ожерелье
permanganat	перманганат	noun		хим. перманганат
pero	перо	noun		перо (аналогично русскому слову); ручка (для письма)
Perotić	Перотић	noun		сербская фамилия
Perovanović	Перовановић	noun		сербская фамилия
Perović	Перовић	noun		сербская фамилия
Perošević	Перошевић	noun		сербская фамилия
Persijski zaliv	Персијски залив	phrase		геогр. Персидский залив
personal	personal	noun		персонал
personal	персонал	noun		собир. персонал (аналогично русскому слову)
perspektiva	перспектива	noun		перспектива
perspektiva	perspektiva	noun		перспектива
Peru	Peru	noun		Перу
Peru	Перу	noun		геогр. Перу (аналогично русскому слову)
Peruničić	Перуничић	noun		сербская фамилия
Perunović	Перуновић	noun		сербская фамилия
perut	перут	noun		перхоть
Perušinović	Перушиновић	noun		сербская фамилия
Perčević	Перчевић	noun		сербская фамилия
pesak	песак	noun		песок
pesimističan	песимистичан	adj		пессимистичный
pesimizam	песимизам	noun		пессимизм
pesma	песма	noun		песня
pesnica	песница	noun		кулак
pesnik	pesnik	noun		поэт
pesnik	песник	noun		поэт
pesnikinja	песникиња	noun		поэтесса
pesnikinja	pesnikinja	noun		поэтесса
pesnički	песнички	adj		поэтический
pesništvo	pesništvo	noun		поэзия
pesništvo	песништво	noun		поэзия
pet	пет	num		пять
peta	пета	noun		:Шаблон:Приставка в системе СИ, означающая 10 в 15 степени; Квадриллион
petak	petak	noun		пятница — пятый день недели
petak	петак	noun		пятница — пятый день недели
Petaković	Петаковић	noun		сербская фамилия
peti	пети	num		пятый
Petkov	Петков	noun		сербская фамилия
Petković	Петковић	noun		сербская фамилия
petlja	петља	noun		петля
Petljanski	Петљански	noun		сербская фамилия
petnaest	петнаест	num		пятнадцать
petnaesti	петнаести	num		пятнадцатый
petnaestougao	петнаестоугао	noun		геометр. пятнадцатиугольник
Petojević	Петојевић	noun		сербская фамилия
petokraki	петокраки	adj		пятиконечный
petougao	петоугао	noun		геометр. пятиугольник
petougao	petougao	noun		геометр. пятиугольник
petočasovni	петочасовни	adj		пятичасовой
petočasovni	petočasovni	adj		пятичасовой
Petošević	Петошевић	noun		сербская фамилия
Petraković	Петраковић	noun		сербская фамилия
Petranjesković	Петрањесковић	noun		сербская фамилия
Petranović	Петрановић	noun		сербская фамилия
Petrašević	Петрашевић	noun		сербская фамилия
Petrašinović	Петрашиновић	noun		сербская фамилия
Petrašković	Петрашковић	noun		сербская фамилия
Petrikić	Петрикић	noun		сербская фамилия
Petrić	Петрић	noun		сербская фамилия
Petrićević	Петрићевић	noun		сербская фамилия
Petričević	Петричевић	noun		сербская фамилия
Petričić	Петричић	noun		сербская фамилия
Petrograd	Петроград	noun		Петроград
Petronijević	Петронијевић	noun		сербская фамилия
Petropavlovsk Kamčatski	Петропавловск Камчатски	noun		Петропавловск-Камчатский
Petrović	Петровић	noun		сербская фамилия
Petruljević	Петруљевић	noun		сербская фамилия
Petrunović	Петруновић	noun		сербская фамилия
Petrušević	Петрушевић	noun		сербская фамилия
Petrušić	Петрушић	noun		сербская фамилия
petsto	петсто	num		пятьсот
Peulić	Пеулић	noun		сербская фамилия
Peurača	Пеурача	noun		сербская фамилия
Pevac	Певац	noun		сербская фамилия
pevati	певати	verb		петь
Pećanac	Пећанац	noun		сербская фамилия
peći	пећи	verb		жарить
pećina	пећина	noun		спелеол. пещера
Pećinar	Пећинар	noun		сербская фамилия
pečalbar	печалбар	noun		гастарбайтер
pečat	печат	noun		печать
Pečeničić	Печеничић	noun		сербская фамилия
pečenje	печење	noun		кулин. жаркое
Pešaković	Пешаковић	noun		сербская фамилия
Pešaljević	Пешаљевић	noun		сербская фамилия
Pešanović	Пешановић	noun		сербская фамилия
pešačenje	пешачење	noun		ходьба
pešice	пешице	adv		пешком
Pešić	Пешић	noun		сербская фамилия
peške	пешке	adv		пешком
peške	peške	adv		пешком
peškir	пешкир	noun		полотенце
Pešterac	Пештерац	noun		сербская фамилия
Pešteranović	Пештерановић	noun		сербская фамилия
Pešut	Пешут	noun		сербская фамилия
peščanik	пешчаник	noun		минер. песчаник
peščar	пешчар	noun		минер. песчаник
peščenjak	пешчењак	noun		минер. песчаник
pežorativ	пежоратив	noun		лингв. пейоратив
pidžin	пиџин	noun		лингв. пиджин
pigmalionizam	пигмалионизам	noun		сексол. пигмалионизм
pigment	пигмент	noun		пигмент
pigmentacija	пигментација	noun		пигментация
pijaca	пијаца	noun		рынок
Pijetlović	Пијетловић	noun		сербская фамилия
Pijevac	Пијевац	noun		сербская фамилия
Pikić	Пикић	noun		сербская фамилия
piklbol	пиклбол	noun		спорт. пиклбол
pikometar	пикометар	noun		физ. пикометр
pikosekunda	пикосекунда	noun		физ. пикосекунда
Pikula	Пикула	noun		сербская фамилия
pilav	пилав	noun		кулин. плов
pilav	pilav	noun		кулин. плов
pile	pile	noun		птенец
pile	пиле	noun		цыплёнок
pilence	пиленце	noun		цыплёнок
Pilipović	Пилиповић	noun		сербская фамилия
pilić	пилић	noun		цыплёнок
pilić	pilić	noun		цыплёнок
Piljević	Пиљевић	noun		сербская фамилия
Pilčević	Пилчевић	noun		сербская фамилия
pingvin	пингвин	noun		орнитол. пингвин (Spheniscidae)
Piper	Пипер	noun		сербская фамилия
Piperac	Пиперац	noun		сербская фамилия
Piperski	Пиперски	noun		сербская фамилия
Pipović	Пиповић	noun		сербская фамилия
piramida	пирамида	noun		пирамида (аналогично русскому слову)
piramidalan	пирамидалан	adj		пирамидальный
piranja	пирања	noun		зоол. пиранья (Serrasalminae)
pirat	пират	noun		пират (аналогично русскому слову)
pirat	pirat	noun		пират
pirenoid	пиреноид	noun		биол. пиреноид
pirinač	пиринач	noun		рег. (sr) рис
pirit	пирит	noun		минер. пирит
Pirivatrić	Пириватрић	noun		сербская фамилия
Pirković	Пирковић	noun		сербская фамилия
piroliza	пиролиза	noun		хим. пиролиз
piromanija	пироманија	noun		пиромания
Piroćanac	Пироћанац	noun		сербская фамилия
pisac	писац	noun		писатель
Pisar	Писар	noun		сербская фамилия
Pisarević	Писаревић	noun		сербская фамилия
Pisarić	Писарић	noun		сербская фамилия
Pisarov	Писаров	noun		сербская фамилия
pisatelj	pisatelj	noun		устар. то же, что pisac, писатель
pisatelj	писатељ	noun		устар. то же, что писац, писатель
pisateljica	писатељица	noun		устар. то же, что списатељица, писательница
pismenost	писменост	noun		грамотность
pismo	писмо	noun		письмо; алфавит
pismonoša	писмоноша	noun		почтальон
pitanje	питање	noun		вопрос
pitanje	pitanje	noun		вопрос
pitati	питати	verb		спрашивать
Pitija	Питија	noun		религ. Пифия; пифия
piton	питон	noun		зоол. питон
Pitulić	Питулић	noun		сербская фамилия
Pivaljević	Пиваљевић	noun		сербская фамилия
pivara	пивара	noun		пивоварня
Pivarski	Пиварски	noun		сербская фамилия
Pivašević	Пивашевић	noun		сербская фамилия
Pivnički	Пивнички	noun		сербская фамилия
pivo	пиво	noun		пиво (аналогично русскому слову)
pivo	pivo	noun		пиво
pizda	pizda	noun		обсц. пизда; женский половой орган
piće	пиће	noun		напиток
Pičeta	Пичета	noun		сербская фамилия
Pištalo	Пиштало	noun		сербская фамилия
Pištignjat	Пиштигњат	noun		сербская фамилия
pištolj	пиштољ	noun		пистолет
pištolj	pištolj	noun		пистолет
Piščević	Пишчевић	noun		сербская фамилия
Pižurica	Пижурица	noun		сербская фамилия
Pjanović	Пјановић	noun		сербская фамилия
pjesnik	пјесник	noun		поэт
pjesnikinja	пјесникиња	noun		поэтесса
pjesnikinja	pjesnikinja	noun		поэтесса
Pjevac	Пјевац	noun		сербская фамилия
Pjevalica	Пјевалица	noun		сербская фамилия
Pjevač	Пјевач	noun		сербская фамилия
Pjević	Пјевић	noun		сербская фамилия
Pjevović	Пјевовић	noun		сербская фамилия
Pjevčević	Пјевчевић	noun		сербская фамилия
pješke	pješke	adv		пешком
placenta	плацента	noun		анат. плацента
plagijat	плагијат	noun		плагиат
plahta	плахта	noun		простыня
Plakalović	Плакаловић	noun		сербская фамилия
plakati	plakati	verb		плакать
Plamenac	Пламенац	noun		сербская фамилия
plamenac	пламенац	noun		фламинго
plamenobacač	пламенобацач	noun		огнемёт
planetarijum	планетаријум	noun		планетарий
planina	planina	noun		гора
planina	планина	noun		гора
planinski	планински	adj		горный
Planinčević	Планинчевић	noun		сербская фамилия
Planinčić	Планинчић	noun		сербская фамилия
Planić	Планић	noun		сербская фамилия
plankton	планктон	noun		биол. планктон (аналогично русскому слову)
Planojević	Планојевић	noun		сербская фамилия
planska privreda	планска привреда	phrase		экон. плановая экономика, командная экономика
Plaović	Плаовић	noun		сербская фамилия
Plasković	Пласковић	noun		сербская фамилия
plastičnost	пластичност	noun		пластичность
plata	plata	noun		плата
platan	платан	noun		платан (аналогично русскому слову)
platan	platan	noun		ботан. платан (лат. platanus)
platina	платина	noun		хим. платина (аналогично русскому слову)
Platiša	Платиша	noun		сербская фамилия
platno	платно	noun		полотно (ткань)
plav	плав	adj		синий, голубой
Plavkić	Плавкић	noun		сербская фамилия
Plavšić	Плавшић	noun		сербская фамилия
Plazinić	Плазинић	noun		сербская фамилия
plazma	плазма	noun		физ. плазма
plazmid	плазмид	noun		генет. плазмида
plazmogamija	плазмогамија	noun		цитол. плазмогамия
plaćati	плаћати	verb		платить
plaćenik	плаћеник	noun		наёмник, наймит
Plačić	Плачић	noun		сербская фамилия
plašilo	плашило	noun		пугало
plašiti	plašiti	verb		пугать
plašiti	плашити	verb		пугать
plašljivost	плашљивост	noun		робость, застенчивость; боязливость
plaža	плажа	noun		пляж
plaža	plaža	noun		пляж
plebejac	плебејац	noun		истор. плебей
plebejski	плебејски	adj		плебейский
pleistocen	плеистоцен	noun		геол. плейстоцен
pleme	племе	noun		племя
Plemić	Племић	noun		сербская фамилия
plemić	племић	noun		дворянин
pleonazam	плеоназам	noun		филол. плеоназм
ples	плес	noun		танец, пляс
plesan	плесан	noun		биол. плесень
plesati	плесати	verb		танцевать, плясать
plesač	плесач	noun		танцор
plesač	plesač	noun		танцор
Pleskonjić	Плескоњић	noun		сербская фамилия
Plećaš	Плећаш	noun		сербская фамилия
Plećević	Плећевић	noun		сербская фамилия
Plećić	Плећић	noun		сербская фамилия
Plešinac	Плешинац	noun		сербская фамилия
plijesan	плијесан	noun		биол. плесень
plima	плима	noun		прилив
Plintić	Плинтић	noun		сербская фамилия
pliocen	плиоцен	noun		геол. плиоцен (аналогично русскому слову)
pliskavica	плискавица	noun		зоол. морская свинья
plivalište	пливалиште	noun		бассейн, плавательный бассейн
plivač	пливач	noun		пловец
pliđak	плиђак	noun		мель
Pljakić	Пљакић	noun		сербская фамилия
Pljevaljčić	Пљеваљчић	noun		сербская фамилия
pljusak	пљусак	noun		ливень, проливной дождь
pljusak	pljusak	noun		ливень, проливной дождь
plod	плод	noun		ботан. плод (репродуктивный о́рган растения); плод (съедобная часть растения)
plodored	плодоред	noun		с.-х. севооборот, многополье
plodored	plodored	noun		с.-х. севооборот, многополье
plodouživanje	plodouživanje	noun		юр. узуфрукт
plomba	пломба	noun		пломба (аналогично русскому слову)
plot	плот	noun		забор
ploviti	пловити	verb		плавать
Pločić	Плочић	noun		сербская фамилия
plug	плуг	noun		плуг (аналогично русскому слову)
plutokratija	плутократија	noun		полит. плутократия
Pluton	Плутон	noun		мифол. Плутон [1]; астрон. Плутон [2]
plutonijum	плутонијум	noun		хим. плутоний
Plužarev	Плужарев	noun		сербская фамилия
pneumatski	пнеуматски	adj		пневматический
pobačaj	побачај	noun		выкидыш
pobeda	победа	noun		победа
pobeda	pobeda	noun		победа
pobednik	победник	noun		победитель
pobednik	pobednik	noun		победитель
poboljšavati	побољшавати	verb		улучшать
Pobulić	Побулић	noun		сербская фамилия
pobunjenik	побуњеник	noun		бунтарь, бунтовщик
pod	под	noun		пол
pod	под	prep		под (направленность движения, место внизу)
podbrada	подбрада	noun		анат. подбородок
poddirektorijum	поддиректоријум	noun		комп. подкаталог; субдиректория
podela rada	подела рада	phrase		разделение труда
Podgorac	Подгорац	noun		сербская фамилия
Podinić	Подинић	noun		сербская фамилия
podjednak	подједнак	adj		одинаковый
podmornica	подморница	noun		морск. подводная лодка, подлодка
podmornica	podmornica	noun		морск. подводная лодка, подлодка
podne	подне	noun		полдень
podne	podne	noun		полдень
podroban	подробан	adj		детальный, подробный
podrška	podrška	noun		поддержка
podrška	подршка	noun		поддержка
podstanar	подстанар	noun		юр. субарендатор, поднаниматель
podsuknja	подсукња	noun		нижняя юбка
Podunavac	Подунавац	noun		сербская фамилия
podvig	подвиг	noun		подвиг (аналог русск. слову)
poentilizam	поентилизам	noun		искусств. пуантилизм
poetski	поетски	adj		поэтический
poezija	поезија	noun		поэзия
poezija	poezija	noun		поэзия
pogoršanje	погоршање	noun		ухудшение
pogoršavanje	погоршавање	noun		ухудшение
pogreb	погреб	noun		похороны, погребение; устар. могила
pogrešan	погрешан	adj		ошибочный; неправильный
pogrešno	погрешно	adv		ошибочно, неправильно
pogrešnost	погрешност	noun		погрешность, ошибка, неточность; матем., физ. погрешность
pohvala	похвала	noun		похвала (аналогично русскому слову)
Pojas Gaze	Појас Газе	phrase		сектор Газа, Газа
pojava	појава	noun		феномен, явление
pojiti	појити	verb		поить
Pojužina	Појужина	noun		сербская фамилия
poker	покер	noun		карт. покер (аналогично русскому слову)
Pokimica	Покимица	noun		сербская фамилия
pokojnik	покојник	noun		покойник; мертвец
pokoran	покоран	adj		покорный, смиренный, послушный
pokoravati	покоравати	verb		подчинять, покорять; подчиняться, покоряться
Pokrajac	Покрајац	noun		сербская фамилия
pokrajina	pokrajina	noun		край
pokrajina	покрајина	noun		край
pokrajinski	pokrajinski	adj		краевой, областной
pokrajinski	покрајински	adj		краевой, областной
pokrivač	покривач	noun		одеяло
polaznik	полазник	noun		полазник (аналогично русскому слову)
Poledica	Поледица	noun		сербская фамилия
polet	полет	noun		взлёт, подъём; вдохновение, восторг, воодушевление
Poletan	Полетан	noun		сербская фамилия
poliamid	полиамид	noun		хим. полиамид
poliandrija	полиандрија	noun		полиандрия, многомужество
policajac	полицајац	noun		полицейский
policija	полиција	noun		полиция
polidaktilija	полидактилија	noun		анат. полидактилия
poliedar	полиедар	noun		геометр. многогранник
polifonija	полифонија	noun		муз. полифония
poliglot	полиглот	noun		полиглот
Polihimnija	Полихимнија	noun		мифол. Полигимния (муза торжественных гимнов, сельского хозяйства и пантомимы)
poliklinika	поликлиника	noun		поликлиника
Polimac	Полимац	noun		сербская фамилия
polimer	полимер	noun		хим. полимер (аналогично русскому слову)
polimerizacija	полимеризација	noun		хим. полимеризация
polimorfizam	полиморфизам	noun		биол. полиморфизм
Polinezija	Полинезија	noun		Полинезия
polinezijski	полинезијски	adj		полинезийский
politeista	politeista	noun		религ. политеист
politeista	политеиста	noun		религ. политеист
politeizam	политеизам	noun		политеизм
politika	политика	noun		политика (аналогично русскому слову)
politika	politika	noun		политика
politizirati	политизирати	verb		политизировать
političar	политичар	noun		политик
politička filozofija	политичка филозофија	phrase		филос. полит. политическая философия
politička stranka	политичка странка	phrase		политическая партия
politički	politički	adj		политический
politički	политички	adj		политический
polivinil	поливинил	noun		хим. поливинил
Polić	Полић	noun		сербская фамилия
Poljak	Пољак	noun		сербская фамилия
Poljaković	Пољаковић	noun		сербская фамилия
poljana	пољана	noun		поляна, луг
Poljanac	Пољанац	noun		сербская фамилия
Poljašević	Пољашевић	noun		сербская фамилия
polje	поље	noun		поле
poljoprivreda	пољопривреда	noun		сельское хозяйство
Poljska	Пољска	noun		Польша
poljski	пољски	adj		полевой
poljski	пољски	adj		польский
poljubac	пољубац	noun		поцелуй
poljubiti	пољубити	verb		поцеловать
Polojac	Полојац	noun		сербская фамилия
Polomčić	Поломчић	noun		сербская фамилия
polonijum	polonijum	noun		хим. полоний
Polovina	Половина	noun		сербская фамилия
poluga	полуга	noun		рычаг; слиток
poluga	poluga	noun		рычаг; слиток
Polumirac	Полумирац	noun		сербская фамилия
poluostrvo	полуострво	noun		геогр. полуостров
polupravac	полуправац	noun		геометр. луч
poluprečnik	полупречник	noun		геометр. радиус
polustepen	полустепен	noun		муз. полутон
Pomeranija	Померанија	noun		Померания
pomorandža	поморанџа	noun		ботан. апельсин
Pomorišac	Поморишац	noun		сербская фамилия
Pomoriški	Поморишки	noun		сербская фамилия
pomoć	помоћ	noun		помощь
pomračenje	помрачење	noun		астрон. затмение
pomrčina	помрчина	noun		астрон. затмение
ponaosob	понаособ	adv		отдельно, по отдельности
ponaosob	ponaosob	adv		отдельно, по отдельности
ponavljanje	понављање	noun		повторение
ponašanje	понашање	noun		поведение
ponedeljak	понедељак	noun		понедельник — первый день недели
ponedeljak	ponedeljak	noun		понедельник — первый день недели
ponižavanje	понижавање	noun		снижение, понижение (уровня, цены)
Ponjavić	Поњавић	noun		сербская фамилия
Ponorac	Понорац	noun		сербская фамилия
ponos	понос	noun		гордость
ponos	ponos	noun		гордость
ponosan	поносан	adj		гордый
ponovno	ponovno	adv		повторно
ponovno	поновно	adv		повторно
Ponoš	Понош	noun		сербская фамилия
ponuda	понуда	noun		предложение; ставка
Pop Lazić	Поп Лазић	noun		сербская фамилия
Popac	Попац	noun		сербская фамилия
Popadić	Попадић	noun		сербская фамилия
Popara	Попара	noun		сербская фамилия
popis	попис	noun		перечень, список
popis stanovništva	попис становништва	phrase		перепись населения
Popivoda	Попивода	noun		сербская фамилия
Poplašen	Поплашен	noun		сербская фамилия
popločati	поплочати	verb		мостить, замащивать
popločati	popločati	verb		мостить, замащивать
Popmihajlov	Попмихајлов	noun		сербская фамилия
Popnovakov	Попноваков	noun		сербская фамилия
Popovac	Поповац	noun		сербская фамилия
Popović	Поповић	noun		сербская фамилия
popravljati	поправљати	verb		улучшать
populaciona genetika	популациона генетика	phrase		популяционная генетика
popularna kultura	популарна култура	phrase		массовая культура, популярная культура
popularnost	популарност	noun		популярность
populizam	популизам	noun		популизм
popust	попуст	noun		скидка
popustljivost	попустљивост	noun		уступчивость, снисходительность
poraz	пораз	noun		поражение
porcelan	порцелан	noun		фарфор
pored	поред	prep		возле, рядом, у; наряду с
pored	pored	prep		возле, рядом, у; наряду с
poredak	поредак	noun		порядок
poremećaj	поремећај	noun		расстройство
poremećaj ličnosti	поремећај личности	phrase		психол. расстройство личности
porez	порез	noun		налог
porez	porez	noun		фин. налог
poređenje	poređenje	noun		сравнение
poređenje	поређење	noun		сравнение
pornografija	порнографија	noun		порнография
pornografski	порнографски	adj		порнографический
porod	пород	noun		роды, рождение
porodica	породица	noun		семья
porota	porota	noun		суд присяжных
porota	порота	noun		суд присяжных
porotnik	porotnik	noun		присяжный заседатель
porotnik	поротник	noun		присяжный заседатель
porođaj	порођај	noun		роды, рождение
portret	портрет	noun		портрет (аналогично русскому слову)
Portugalija	Португалија	noun		Португалия
porudžbina	поруџбина	noun		заказ
poručilac	поручилац	noun		заказчик, клиент
posebno	посебно	adv		отдельно, раздельно, порознь
posed	посед	noun		собственность (земельная), имение; недвижимость
posednik	поседник	noun		владелец, обладатель
posedovati	posedovati	verb		обладать, владеть, иметь в собственности
posedovati	поседовати	verb		обладать, владеть, иметь в собственности
posetiti	посетити	verb		посетить, навести
posetiti	posetiti	verb		посетить, навести
posetnica	посетница	noun		визитная карточка, визитка
posećivati	посећивати	verb		посещать, навещать
posjećivati	посјећивати	verb		посещать, навещать
Poskurica	Поскурица	noun		сербская фамилия
poslastičarnica	посластичарница	noun		кондитерская
posledica	posledica	noun		последствие
posledica	последица	noun		последствие
poslednji	последњи	adj		последний
poslednji	poslednji	adj		последний
poslodavac	послодавац	noun		работодатель, наниматель
poslovan	poslovan	adj		деловой
poslovan	послован	adj		деловой
poslovica	пословица	noun		пословица (аналогично русскому слову)
poslušati	послушати	verb		послушать
posmatrač	посматрач	noun		наблюдатель
posmatrač	posmatrač	noun		наблюдатель
postanak	постанак	noun		возникновение
postati	постати	verb		стать, возникнуть
postelja	постеља	noun		постель, кровать
posteljica	постељица	noun		плацента
postimpresionizam	постимпресионизам	noun		искусств. постимпрессионизм
postmodernizam	постмодернизам	noun		постмодернизм
postojanje	постојање	noun		существование, бытие
postojati	постојати	verb		быть, существовать
postojeći	postojeći	adj		существующий
postojeći	постојећи	adj		существующий
postupak	поступак	noun		процедура; действие, поступок
posvećivati	посвећивати	verb		посвящать
Potajac	Потајац	noun		сербская фамилия
potajno	потајно	adv		тайно, скрыто, втайне
potamologija	потамологија	noun		потамология
potcenjivati	потцењивати	verb		недооценивать
potencijal	potencijal	noun		потенциал
potencijal	потенцијал	noun		потенциал
potencijalna energija	потенцијална енергија	phrase		физ. потенциальная энергия
Potežica	Потежица	noun		сербская фамилия
potkatalog	поткаталог	noun		комп. подкаталог; субдиректория
Potkonjak	Поткоњак	noun		сербская фамилия
potkovica	потковица	noun		подкова
Potkrajac	Поткрајац	noun		сербская фамилия
potkultura	поткултура	noun		субкультура
potkultura	potkultura	noun		субкультура
potok	поток	noun		поток (аналогично русскому слову); ручей
potomak	потомак	noun		потомок
potpis	потпис	noun		подпись
potpredsednik	потпредседник	noun		вице-президент
Potrebić	Потребић	noun		сербская фамилия
potrebno	potrebno	adv		надо, нужно
potrebno	потребно	adv		надо, нужно
potres	потрес	noun		землетрясение
potčinjavati	потчињавати	verb		подчинять
potčinjenost	потчињеност	noun		подчинение, подчинённость
pouzdanje	поуздање	noun		доверие
pouzdanost	поузданост	noun		надёжность; достоверность, верность (информации)
Pova	Пова	noun		сербская фамилия
povereništvo	повереништво	noun		экон. траст
poverenje	поверење	noun		доверие
poverenje	poverenje	noun		доверие
poverilac	поверилац	noun		кредитор
poverljiv	poverljiv	adj		доверчивый; секретный
poverljiv	поверљив	adj		доверчивый; секретный
poveznica	poveznica	noun		лингв. синоним
povijesni	повијесни	adj		исторический
povratnik	повратник	noun		геогр. тропик
povraćanje	повраћање	noun		физиол. рвота
povreda	повреда	noun		травма, повреждение, ранение; нарушение
Povrenović	Повреновић	noun		сербская фамилия
povrtnjak	повртњак	noun		огород
površ	површ	noun		поверхность
površina	површина	noun		поверхность
površinski	површински	adj		поверхностный
površinski napon	површински напон	phrase		физ. поверхностное натяжение
pozdrav	pozdrav	noun		привет
pozitivan	позитиван	adj		позитивный
pozitivizam	позитивизам	noun		филос. позитивизм
Poznanj	Познањ	noun		Познань
Poznanović	Познановић	noun		сербская фамилия
Poznić	Познић	noun		сербская фамилия
pozorište	позориште	noun		театр
pozorište senki	позориште сенки	phrase		театр теней
Počekovac	Почековац	noun		сербская фамилия
Počeković	Почековић	noun		сербская фамилия
početak	почетак	noun		начало
početnik	почетник	noun		новичок
Počuča	Почуча	noun		сербская фамилия
Pošarac	Пошарац	noun		сербская фамилия
pošta	пошта	noun		почта
poštanska marka	поштанска марка	phrase		почтовая марка
poštanski	поштански	adj		почтовый
poštar	поштар	noun		почтальон
pošten	поштен	adj		разг. порядочный, честный; достойный уважения
poštovanje	поштовање	noun		уважение, почтение; почёт
poštovati	поштовати	verb		уважать
požar	пожар	noun		пожар [1] (аналог русск. слову)
požar	požar	noun		пожар
Požarac	Пожарац	noun		сербская фамилия
Požarevac	Пожаревац	noun		Пожаревац
Požarevac	Požarevac	noun		Пожаревац
prag	prag	noun		порог
prag	праг	noun		порог
pragermanski	прагермански	adj		прагерманский
pragmatičan	прагматичан	adj		прагматичный, прагматический
pragmatički	прагматички	adj		прагматичный, прагматический
Prahovljanović	Праховљановић	noun		сербская фамилия
Praizović	Праизовић	noun		сербская фамилия
prajezik	прајезик	noun		лингв. праязык
Pralica	Пралица	noun		сербская фамилия
pramdeda	прамдеда	noun		прадед
prase	прасе	noun		поросёнок
praskozorje	праскозорје	noun		рассвет, заря
Pravdić	Правдић	noun		сербская фамилия
Pravica	Правица	noun		сербская фамилия
pravna odgovornost	правна одговорност	phrase		юр. юридическая ответственность
pravni	правни	adj		юридический
pravnički	правнички	adj		юридический
pravno lice	правно лице	phrase		юр. юридическое лицо
pravopis	pravopis	noun		лингв. орфография, правописание
pravoslavlje	православље	noun		православие
prazan	празан	adj		пустой, порожний
praznik	празник	noun		праздник
praznovjeran	празновјеран	adj		суеверный
praćka	праћка	noun		рогатка, праща
prašina	прашина	noun		пыль
prašnik	прашник	noun		ботан. тычинка
Praštalo	Праштало	noun		сербская фамилия
Praščević	Прашчевић	noun		сербская фамилия
Pražić	Пражић	noun		сербская фамилия
pre	пре	prep		перед; тому назад
preambula	преамбула	noun		преамбула (аналогично русскому слову)
precedent	прецедент	noun		прецедент
precizirati	прецизирати	verb		уточнять
precizirati	precizirati	verb		уточнять
precrtavati	прецртавати	verb		вычёркивать
pred	пред	prep		перед
predak	предак	noun		предок
predator	предатор	noun		биол. хищник
predavanje	предавање	noun		лекция
predavati	предавати	verb		вручать
Predić	Предић	noun		сербская фамилия
predodređenje	предодређење	noun		предопределение, предназначение
Predojev	Предојев	noun		сербская фамилия
Predojević	Предојевић	noun		сербская фамилия
Predolac	Предолац	noun		сербская фамилия
predominacija	предоминација	noun		преобладание
predosećanje	предосећање	noun		предчувствие
predoziranje	предозирање	noun		мед. передозировка
Predragović	Предраговић	noun		сербская фамилия
predrasuda	предрасуда	noun		предрассудок
predsednik	predsednik	noun		председатель; президент
predsednik	председник	noun		председатель; президент
predsjednik	предсједник	noun		президент
predstava	представа	noun		спектакль
predstava	predstava	noun		спектакль
predstavnik	представник	noun		представитель
predstojatelj	предстојатељ	noun		церк. предстоятель
preduzetnik	предузетник	noun		предприниматель
predškola	предшкола	noun		детский сад
prefinjen	префињен	adj		изящный
pregovori	преговори	noun		переговоры
prehlada	прехлада	noun		мед. простуда
Prekajski	Прекајски	noun		сербская фамилия
prekidač	прекидач	noun		выключатель
Prelević	Прелевић	noun		сербская фамилия
prelid	прелид	noun		муз. прелюд, прелюдия
Prelić	Прелић	noun		сербская фамилия
Prelovac	Преловац	noun		сербская фамилия
premijer	premijer	noun		премьер, премьер-министр
premijer	премијер	noun		премьер
Premović	Премовић	noun		сербская фамилия
Premčević	Премчевић	noun		сербская фамилия
Prendić	Прендић	noun		сербская фамилия
preneti	preneti	verb		передать; перенести
preneti	пренети	verb		передать; перенести
preobražaj	преображај	noun		превращение, преображение (часто внешнее, в лучшую сторону); перемена, изменение (к лучшему)
prepelica	препелица	noun		перепел
preporađanje	препорађање	noun		религ. реинкарнация, перевоплощение
preporuka	препорука	noun		рекомендация
prepucijum	препуцијум	noun		анат. крайняя плоть
Preradović	Прерадовић	noun		сербская фамилия
prerija	прерија	noun		геогр. прерия
prerijski pas	преријски пас	phrase		зоол. луговая собачка (Cynomys)
presađivanje	пресађивање	noun		пересадка (посадка на другое место)
presedan	преседан	noun		прецедент
presedanje	преседање	noun		пересадка (на транспорте)
presing	пресинг	noun		прессинг
preslica	преслица	noun		ботан. хвощ (Equisetum)
presto	presto	noun		престол
presto	престо	noun		престол
prestolica	prestolica	noun		столица
prestolonaslednik	престолонаследник	noun		престолонаследник (аналогично русскому слову)
prestolonaslednikovnica	престолонаследниковница	noun		престолонаследница
prestonica	престоница	noun		столица
prestupna godina	преступна година	phrase		високосный год
prethodan	prethodan	adj		предыдущий; предварительный
prethodan	претходан	adj		предыдущий; предварительный
pretplatiti	pretplatiti	verb		абонировать
pretplatnik	претплатник	noun		абонент
pretplatnik	pretplatnik	noun		абонент
preuzeti	preuzeti	verb		перенять, воспринять; взять на себя
preuzeti	преузети	verb		перенять, воспринять; взять на себя
prevodilac	преводилац	noun		переводчик
prezime	prezime	noun		фамилия
prezime	презиме	noun		фамилия
prezir	презир	noun		презрение
prezviter	презвитер	noun		церк. пресвитер
prezviterski	презвитерски	adj		церк. пресвитерский
Prečanica	Пречаница	noun		сербская фамилия
prečnik	пречник	noun		поперечник; матем. диаметр
prečnik	prečnik	noun		поперечник; матем. диаметр
Pribak	Прибак	noun		сербская фамилия
Pribaković	Прибаковић	noun		сербская фамилия
Pribanović	Прибановић	noun		сербская фамилия
Pribić	Прибић	noun		сербская фамилия
Pribićević	Прибићевић	noun		сербская фамилия
Pribišević	Прибишевић	noun		сербская фамилия
Pribišić	Прибишић	noun		сербская фамилия
približan	приближан	adj		приблизительный, примерный
Pribojac	Прибојац	noun		сербская фамилия
Prica	Прица	noun		сербская фамилия
Pridnjestrovlje	Придњестровље	noun		геогр. Приднестровская Молдавская Республика, Приднестровье
prijatan	пријатан	adj		приятный
prijatelj	пријатељ	noun		друг
prijateljski	prijateljski	adj		дружественный
prijateljski	пријатељски	adj		дружественный
prijateljstvo	пријатељство	noun		дружба
Prijević	Пријевић	noun		сербская фамилия
Prijić	Пријић	noun		сербская фамилия
Prijović	Пријовић	noun		сербская фамилия
Prikić	Прикић	noun		сербская фамилия
prilepuša	прилепуша	noun		ихтиол. прилипала, рыба-прилипала
primadona	примадона	noun		театр. примадонна
primadona	primadona	noun		театр. примадонна
primena	примена	noun		применение, использование
primenjena matematika	примењена математика	phrase		прикладная математика
primer	пример	noun		пример
primirje	примирје	noun		перемирие
princeps	принцепс	noun		истор. принцепс
princeza	принцеза	noun		принцесса
princip	принцип	noun		принцип (аналогично русскому слову)
Princip	Принцип	noun		сербская фамилия
principat	принципат	noun		истор. принципат
pripadnik	pripadnik	noun		член (организации); участник (группы)
pripadnik	припадник	noun		член (организации); участник (группы)
pripitomljavanje	припитомљавање	noun		одомашнение, одомашнивание, доместикация
prirodna istorija	природна историја	phrase		природоведение, естествознание
prirodni jezik	природни језик	phrase		лингв. естественный язык
prirodni logaritam	природни логаритам	phrase		матем. натуральный логарифм
prirodnjak	природњак	noun		естествоиспытатель, натуралист, природовед
prisustvo	присуство	noun		присутствие
prisutnost	присутност	noun		присутствие
pritvor	притвор	noun		предварительное заключение, арест
pritvor	pritvor	noun		предварительное заключение, арест
privatizacija	приватизација	noun		приватизация
privreda	privreda	noun		экономика
privreda	привреда	noun		экономика
privredni rast	привредни раст	phrase		экон. экономический рост
prizma	призма	noun		геометр. призма (аналогично русскому слову)
prizmatoid	призматоид	noun		геометр. призматоид
prići	прићи	verb		подойти, приблизиться; присоединиться, примкнуть
prići	prići	verb		подойти, приблизиться; присоединиться, примкнуть
Priča	Прича	noun		сербская фамилия
pričati	причати	verb		говорить, разговаривать, беседовать; рассказывать, повествовать
Priština	Приштина	noun		Приштина
Priština	Priština	noun		Приштина
Prkosavac	Пркосавац	noun		сербская фамилия
Prlina	Прлина	noun		сербская фамилия
Prlinčević	Прлинчевић	noun		сербская фамилия
Prlja	Прља	noun		сербская фамилия
prljav	прљав	adj		грязный
proamerički	проамерички	adj		проамериканский
proamerički	proamerički	adj		проамериканский
problem	problem	noun		проблема
problem	проблем	noun		проблема
procenjivati	procenjivati	verb		оценивать
procenjivati	процењивати	verb		оценивать
procesor	процесор	noun		комп. процессор
procesor	procesor	noun		комп. процессор
prodaja	продаја	noun		продажа
Prodanić	Проданић	noun		сербская фамилия
Prodanov	Проданов	noun		сербская фамилия
Prodanović	Продановић	noun		сербская фамилия
prodavati	prodavati	verb		продавать
prodavač	продавач	noun		продавец
prodavačica	продавачица	noun		продавщица
profesija	професија	noun		профессия
profesionalizam	profesionalizam	noun		профессионализм
profesionalizam	професионализам	noun		профессионализм
Profirović	Профировић	noun		сербская фамилия
progerija	прогерија	noun		мед. прогерия
progesteron	прогестерон	noun		биохим. прогестерон
prognoza	прогноза	noun		прогноз
program	program	noun		программа
program	програм	noun		программа
programski jezik	програмски језик	phrase		комп. язык программирования
projekt	projekt	noun		проект
projekt	пројект	noun		проект
Projović	Пројовић	noun		сербская фамилия
prokambij	прокамбиј	noun		ботан. прокамбий
prokambijum	прокамбијум	noun		ботан. прокамбий
Prokić	Прокић	noun		сербская фамилия
Prokopijević	Прокопијевић	noun		сербская фамилия
Prokopić	Прокопић	noun		сербская фамилия
Prokopljević	Прокопљевић	noun		сербская фамилия
Prokopović	Прокоповић	noun		сербская фамилия
Proković	Проковић	noun		сербская фамилия
prokrastinacija	прокрастинација	noun		прокрастинация
Prole	Проле	noun		сербская фамилия
proletarijat	пролетаријат	noun		пролетариат
proleter	proleter	noun		пролетарий
proleteri svih zemalja, ujedinite se	пролетери свих земаља, уједините се	phrase		пролетарии всех стран, соединяйтесь!
proleće	пролеће	noun		весна
prolin	пролин	noun		биохим. пролин (C₅H₉NO₂)
proliv	пролив	noun		мед. диарея, понос
Prolović	Проловић	noun		сербская фамилия
promaja	промаја	noun		сквозняк
promena	promena	noun		изменение
promena	промена	noun		изменение
promenljiv	променљив	adj		изменчивый, непостоянный, переменчивый
promenljivost	променљивост	noun		изменчивость, переменчивость
Prometej	Прометеј	noun		Прометей
prometijum	прометијум	noun		хим. прометий
promjena	промјена	noun		изменение
pronalazač	проналазач	noun		изобретатель
pronaći	пронаћи	verb		найти, отыскать (после поисков); изобрести, открыть
propan	пропан	noun		хим. пропан (аналогично русскому слову)
propedeutika	пропедеутика	noun		книжн. пропедевтика
propedevtika	пропедевтика	noun		книжн. пропедевтика
propoved	проповед	noun		проповедь
proprioceptor	проприоцептор	noun		физиол. проприорецептор, проприоцептор
prorok	пророк	noun		религ. (также перен.) пророк (аналогично русскому слову)
Proroković	Пророковић	noun		сербская фамилия
Prosenica	Просеница	noun		сербская фамилия
prosopografija	просопографија	noun		книжн. просопография
prostata	простата	noun		анат. предстательная железа, простата
prostitucija	проституција	noun		проституция
prostor-vreme	простор-време	noun	ekav	физ. пространство-время
prostorija	просторија	noun		помещение, комната
Prostran	Простран	noun		сербская фамилия
protekcionizam	протекционизам	noun		экон. протекционизм
proteoliza	proteoliza	noun		биохим. протеолиз
protest	протест	noun		протест (аналогично русскому слову)
protestant	protestant	noun		религ. протестант
protestant	протестант	noun		религ. протестант (аналогично русскому слову)
protestantizam	протестантизам	noun		протестантизм, протестантство
protivdejstvo	противдејство	noun		противодействие
protivdejstvo	protivdejstvo	noun		противодействие
protivnapad	противнапад	noun		контратака
protivrečenje	противречење	noun		противоречие
protivrečje	противречје	noun		противоречие
protivrečnost	противречност	noun		противоречие
protivtelo	противтело	noun		биохим. антитело
Protić	Протић	noun		сербская фамилия
protojezik	протојезик	noun		лингв. праязык
proton	протон	noun		физ. протон (аналогично русскому слову)
protoplazma	протоплазма	noun		биол. протоплазма
protoplazma	protoplazma	noun		биол. протоплазма
provalija	провалија	noun		пропасть
provincija	провинција	noun		провинция
provodnik	проводник	noun		физ. проводник
provokativan	провокативан	adj		провокационный
provokator	провокатор	noun		провокатор [2]
proza	проза	noun		проза
prozelitizam	прозелитизам	noun		религ. прозелитизм
prozor	прозор	noun		окно
Prošić	Прошић	noun		сербская фамилия
prst	прст	noun		анат. палец
prstenjak	прстењак	noun		безымянный палец
Prstojević	Прстојевић	noun		сербская фамилия
prstomet	прстомет	noun		муз. аппликатура
prstored	прсторед	noun		муз. аппликатура
Prtenjak	Пртењак	noun		сербская фамилия
Pruderović	Прудеровић	noun		сербская фамилия
prugasta hijena	пругаста хијена	phrase		зоол. полосатая гиена (Hyaena hyaena)
Pruginić	Пругинић	noun		сербская фамилия
pružiti	пружити	verb		растягиваться; протягивать
Prvanov	Прванов	noun		сербская фамилия
Prvanović	Првановић	noun		сербская фамилия
prvi	први	num		первый
prvi padež	први падеж	phrase		лингв. именительный падеж, номинатив
prvi put	prvi put	phrase		в первый раз; первый раз
Prvulović	Првуловић	noun		сербская фамилия
prćija	прћија	noun		приданое
pršljen	пршљен	noun		анат. позвонок
Pršo	Пршо	noun		сербская фамилия
Pržica	Пржица	noun		сербская фамилия
pržiti	пржити	verb		жарить
pseudoznanost	псеудознаност	noun		псевдонаука, лженаука
psihijatar	психијатар	noun		психиатр
psihijatrija	психијатрија	noun		психиатрия
psiholog	психолог	noun		психолог
psihologija	психологија	noun		психология
psihologija ličnosti	психологија личности	phrase		психол. психология личности
psihološki	психолошки	adj		психологический
psihopat	психопат	noun		психопат
psihopatija	психопатија	noun		мед. психопатия
ptica	птица	noun		птица (аналогично русск. слову в знач. [1.])
Pualić	Пуалић	noun		сербская фамилия
Puača	Пуача	noun		сербская фамилия
publicistika	публицистика	noun		публицистика
Pucanović	Пуцановић	noun		сербская фамилия
Pucar	Пуцар	noun		сербская фамилия
Pucarević	Пуцаревић	noun		сербская фамилия
Pudar	Пудар	noun		сербская фамилия
puh	пух	noun		зоол. соня
Puhalac	Пухалац	noun		сербская фамилия
Puhalo	Пухало	noun		сербская фамилия
Puhača	Пухача	noun		сербская фамилия
Pujević	Пујевић	noun		сербская фамилия
puklo kud puklo	пукло куд пукло	phrase		а, была не была!
puklo kud puklo	puklo kud puklo	phrase		а, была не была!
pukotina	пукотина	noun		трещина
Pulejković	Пулејковић	noun		сербская фамилия
Puljanović	Пуљановић	noun		сербская фамилия
puma	пума	noun		зоол. пума (аналогично русскому слову)
Pumpalović	Пумпаловић	noun		сербская фамилия
pun	пун	adj		полный, наполненный; полный, целый
punac	пунац	noun		тесть
puniti	пунити	verb		наполнять
Punišić	Пунишић	noun		сербская фамилия
punoglavac	пуноглавац	noun		головастик
punopravan	punopravan	adj		полноправный
punopravan	пуноправан	adj		полноправный
punopravno	punopravno	adv		полноправно
punopravno	пуноправно	adv		полноправно
Punoš	Пунош	noun		сербская фамилия
Punoševac	Пуношевац	noun		сербская фамилия
pupak	пупак	noun		анат. пуп, пупок
Pupavac	Пупавац	noun		сербская фамилия
Pupovac	Пуповац	noun		сербская фамилия
pupčana vrpca	пупчана врпца	phrase		пуповина
Purešević	Пурешевић	noun		сербская фамилия
Purić	Пурић	noun		сербская фамилия
Purišić	Пуришић	noun		сербская фамилия
Purković	Пурковић	noun		сербская фамилия
pustinja	пустиња	noun		пустыня
Pustivuk	Пустивук	noun		сербская фамилия
put	пут	noun		дорога, путь
putanja	путања	noun		тропинка, дорожка
Putica	Путица	noun		сербская фамилия
Putin	Путин	noun		Путин
Putinci	Путинци	noun		Путинци (населённый пункт в Сербии)
putir	путир	noun		церк. потир
Putnik	Путник	noun		сербская фамилия
Putniković	Путниковић	noun		сербская фамилия
putovanje	путовање	noun		поездка; путешествие
Puvalić	Пувалић	noun		сербская фамилия
Puvačić	Пувачић	noun		сербская фамилия
Puzavac	Пузавац	noun		сербская фамилия
Puzigaća	Пузигаћа	noun		сербская фамилия
Puzović	Пузовић	noun		сербская фамилия
pučina	пучина	noun		открытое море
pučist	пучист	noun		полит. путчист
Pušara	Пушара	noun		сербская фамилия
pušačica	пушачица	noun		курильщица
Pušeljić	Пушељић	noun		сербская фамилия
Puševac	Пушевац	noun		сербская фамилия
Pušica	Пушица	noun		сербская фамилия
puška	пушка	noun		воен. винтовка
Puška	Пушка	noun		сербская фамилия
puž	пуж	noun		зоол. улитка
pčela	пчела	noun		энтомол. пчела (аналогично русскому слову)
pčela	pčela	noun		энтомол. пчела
pčelar	пчелар	noun		пасечник, пчеловод
pčelarstvo	пчеларство	noun		пчеловодство
pčelinjak	пчелињак	noun		пасека, пчельник
pšenica	пшеница	noun		ботан. пшеница (аналогично русскому слову)
Rabasović	Рабасовић	noun		сербская фамилия
Raca	Раца	noun		сербская фамилия
Racanović	Рацановић	noun		сербская фамилия
Racić	Рацић	noun		сербская фамилия
Rackov	Рацков	noun		сербская фамилия
Racković	Рацковић	noun		сербская фамилия
Raco	Рацо	noun		сербская фамилия
rad	рад	noun		работа
Radaković	Радаковић	noun		сербская фамилия
Radaljac	Радаљац	noun		сербская фамилия
Radaljević	Радаљевић	noun		сербская фамилия
Radan	Радан	noun		сербская фамилия
Radanov	Раданов	noun		сербская фамилия
Radanović	Радановић	noun		сербская фамилия
Radančević	Раданчевић	noun		сербская фамилия
Radančić	Раданчић	noun		сербская фамилия
radar	радар	noun		радар
Radača	Радача	noun		сербская фамилия
Radašinović	Радашиновић	noun		сербская фамилия
Radeka	Радека	noun		сербская фамилия
Radeljević	Радељевић	noun		сербская фамилия
Radeljić	Радељић	noun		сербская фамилия
Radenković	Раденковић	noun		сербская фамилия
Radenkoviđ	Раденковиђ	noun		сербская фамилия
Radenović	Раденовић	noun		сербская фамилия
Radetić	Радетић	noun		сербская фамилия
Radević	Радевић	noun		сербская фамилия
Radibratović	Радибратовић	noun		сербская фамилия
Radicović	Радицовић	noun		сербская фамилия
Radijeljac	Радијељац	noun		сербская фамилия
Radijevac	Радијевац	noun		сербская фамилия
radijum	радијум	noun		хим. радий
radikalan	радикалан	adj		радикальный
radikalnost	радикалност	noun		радикальность
Radinarević	Радинаревић	noun		сербская фамилия
Radinković	Радинковић	noun		сербская фамилия
Radinović	Радиновић	noun		сербская фамилия
radio	радио	noun		радио, радиостанция
radio	radio	noun		радио
radioaktivan	радиоактиван	adj		физ. радиоактивный
radioaktivan	radioaktivan	adj		физ. радиоактивный
radioaktivni	радиоактивни	adj		радиоактивный
radioaktivnost	радиоактивност	noun		физ. радиоактивность
radioaktivnost	radioaktivnost	noun		радиоактивность
radiohemija	радиохемија	noun		радиохимия
radiologija	радиологија	noun		радиология
radionica	радионица	noun		мастерская
radiosvetionik	радиосветионик	noun		техн. радиомаяк
radiotalas	радиоталас	noun		физ. радиоволна
radioval	радиовал	noun		физ. радиоволна
Radisavljević	Радисављевић	noun		сербская фамилия
Radisavčević	Радисавчевић	noun		сербская фамилия
raditi	радити	verb		делать; работать
Radivojac	Радивојац	noun		сербская фамилия
Radivojev	Радивојев	noun		сербская фамилия
Radivojević	Радивојевић	noun		сербская фамилия
Radivojčević	Радивојчевић	noun		сербская фамилия
Radivojša	Радивојша	noun		сербская фамилия
Radivojšić	Радивојшић	noun		сербская фамилия
Radić	Радић	noun		сербская фамилия
Radičević	Радичевић	noun		сербская фамилия
Radičić	Радичић	noun		сербская фамилия
Radičković	Радичковић	noun		сербская фамилия
Radišević	Радишевић	noun		сербская фамилия
Radišić	Радишић	noun		сербская фамилия
Radišković	Радишковић	noun		сербская фамилия
Radlovački	Радловачки	noun		сербская фамилия
Radlović	Радловић	noun		сербская фамилия
Radmanovac	Радмановац	noun		сербская фамилия
Radmanović	Радмановић	noun		сербская фамилия
Radmilac	Радмилац	noun		сербская фамилия
Radmilović	Радмиловић	noun		сербская фамилия
radni jezik	радни језик	phrase		рабочий язык
radnica	радница	noun		работница
radnik	радник	noun		работник, рабочий, трудящийся
Radnović	Радновић	noun		сербская фамилия
Radoičić	Радоичић	noun		сербская фамилия
Radoja	Радоја	noun		сербская фамилия
Radojev	Радојев	noun		сербская фамилия
Radojević	Радојевић	noun		сербская фамилия
Radojičić	Радојичић	noun		сербская фамилия
Radojković	Радојковић	noun		сербская фамилия
Radojlović	Радојловић	noun		сербская фамилия
Radojčević	Радојчевић	noun		сербская фамилия
Radojčić	Радојчић	noun		сербская фамилия
Radokanović	Радокановић	noun		сербская фамилия
Radomilović	Радомиловић	noun		сербская фамилия
Radomirović	Радомировић	noun		сербская фамилия
radon	радон	noun		хим. радон
Radonić	Радонић	noun		сербская фамилия
Radonja	Радоња	noun		сербская фамилия
Radonjić	Радоњић	noun		сербская фамилия
Radosavac	Радосавац	noun		сербская фамилия
Radosavkić	Радосавкић	noun		сербская фамилия
Radosavljev	Радосављев	noun		сербская фамилия
Radosavljević	Радосављевић	noun		сербская фамилия
Radosavčev	Радосавчев	noun		сербская фамилия
Radosavčević	Радосавчевић	noun		сербская фамилия
Radotić	Радотић	noun		сербская фамилия
Radovac	Радовац	noun		сербская фамилия
Radovanac	Радованац	noun		сербская фамилия
Radovanković	Радованковић	noun		сербская фамилия
Radovanov	Радованов	noun		сербская фамилия
Radovanović	Радовановић	noun		сербская фамилия
Radovančev	Радованчев	noun		сербская фамилия
Radovančević	Радованчевић	noun		сербская фамилия
Radović	Радовић	noun		сербская фамилия
Radošević	Радошевић	noun		сербская фамилия
Radujević	Радујевић	noun		сербская фамилия
Radujevčanović	Радујевчановић	noun		сербская фамилия
Radujko	Радујко	noun		сербская фамилия
Radujkov	Радујков	noun		сербская фамилия
Radujković	Радујковић	noun		сербская фамилия
Radukanović	Радукановић	noun		Радуканович (сербская фамилия)
Radukić	Радукић	noun		сербская фамилия
Radulac	Радулац	noun		сербская фамилия
Radulaški	Радулашки	noun		сербская фамилия
Radulić	Радулић	noun		сербская фамилия
Radulj	Радуљ	noun		сербская фамилия
Raduljesković	Радуљесковић	noun		сербская фамилия
Raduljević	Радуљевић	noun		сербская фамилия
Raduljica	Радуљица	noun		сербская фамилия
Raduljčić	Радуљчић	noun		сербская фамилия
Radulov	Радулов	noun		сербская фамилия
Radulović	Радуловић	noun		сербская фамилия
Radumilo	Радумило	noun		сербская фамилия
Radun	Радун	noun		сербская фамилия
Radunković	Радунковић	noun		сербская фамилия
Radunović	Радуновић	noun		сербская фамилия
Radusilović	Радусиловић	noun		сербская фамилия
Radusinović	Радусиновић	noun		сербская фамилия
Radušić	Радушић	noun		сербская фамилия
Raduški	Радушки	noun		сербская фамилия
Rafailović	Рафаиловић	noun		сербская фамилия
Rafajlović	Рафајловић	noun		сербская фамилия
ragbi	рагби	noun		спорт. регби
ragbista	рагбиста	noun		регбист
ragtajm	рагтајм	noun		муз. регтайм
rahitis	рахитис	noun		мед. рахит
Railić	Раилић	noun		сербская фамилия
Raičević	Раичевић	noun		сербская фамилия
Raičković	Раичковић	noun		сербская фамилия
Rajak	Рајак	noun		сербская фамилия
Rajaković	Рајаковић	noun		сербская фамилия
Rajačić	Рајачић	noun		сербская фамилия
Rajevac	Рајевац	noun		сербская фамилия
Rajević	Рајевић	noun		сербская фамилия
Rajinac	Рајинац	noun		сербская фамилия
Rajić	Рајић	noun		сербская фамилия
Rajičić	Рајичић	noun		сербская фамилия
Rajkov	Рајков	noun		сербская фамилия
Rajković	Рајковић	noun		сербская фамилия
Rajlić	Рајлић	noun		сербская фамилия
Rajnović	Рајновић	noun		сербская фамилия
rajter	рајтер	noun		истор. рейтар
Rajčević	Рајчевић	noun		сербская фамилия
Rajčić	Рајчић	noun		сербская фамилия
Rajšić	Рајшић	noun		сербская фамилия
rak	рак	noun		зоол. рак (аналогично русскому слову) I
rak	рак	noun		мед. рак (аналогично русскому слову) II [1]
Rakas	Ракас	noun		сербская фамилия
raketa	ракета	noun		ракета (аналогично русскому слову)
raketni motor	ракетни мотор	phrase		ракетный двигатель
Rakezić	Ракезић	noun		сербская фамилия
Rakinić	Ракинић	noun		сербская фамилия
Rakita	Ракита	noun		сербская фамилия
Rakitić	Ракитић	noun		сербская фамилия
Rakitovac	Ракитовац	noun		сербская фамилия
Rakić	Ракић	noun		сербская фамилия
Rakićević	Ракићевић	noun		сербская фамилия
Rakonić	Раконић	noun		сербская фамилия
Rakonjac	Ракоњац	noun		сербская фамилия
Rakovac	Раковац	noun		сербская фамилия
Raković	Раковић	noun		сербская фамилия
Rakočević	Ракочевић	noun		сербская фамилия
Rakulj	Ракуљ	noun		сербская фамилия
rakun	ракун	noun		зоол. енот, енот-полоскун (Procyon Lotor)
rakurs	ракурс	noun		ракурс
Ralenac	Раленац	noun		сербская фамилия
Raletić	Ралетић	noun		сербская фамилия
Ralić	Ралић	noun		сербская фамилия
Raljić	Раљић	noun		сербская фамилия
Ralović	Раловић	noun		сербская фамилия
rame	раме	noun		анат. плечо
Ramić	Рамић	noun		сербская фамилия
Ramjanac	Рамјанац	noun		сербская фамилия
rana	рана	noun		рана (аналогично русскому слову)
Ranisavljev	Ранисављев	noun		сербская фамилия
Ranisavljević	Ранисављевић	noun		сербская фамилия
Ranitović	Ранитовић	noun		сербская фамилия
Rankić	Ранкић	noun		сербская фамилия
Rankov	Ранков	noun		сербская фамилия
Ranković	Ранковић	noun		сербская фамилия
Rančić	Ранчић	noun		сербская фамилия
Ranđelović	Ранђеловић	noun		сербская фамилия
Rapaić	Рапаић	noun		сербская фамилия
Rapajić	Рапајић	noun		сербская фамилия
rapsod	рапсод	noun		рапсод (аналогично русскому слову)
rasist	расист	noun		расист
raskoš	раскош	noun		великолепие, роскошь
raskršće	раскршће	noun		перекрёсток
raspeće	распеће	noun		распятие
raspikuća	распикућа	noun		расточитель, транжир
Raspopović	Распоповић	noun		сербская фамилия
rasprava	расправа	noun		обсуждение, дискуссия, прения
rasprodaja	распродаја	noun		распродажа
Rastovac	Растовац	noun		сербская фамилия
Rastović	Растовић	noun		сербская фамилия
rastvarač	растварач	noun		хим. растворитель
rastvor	раствор	noun		раствор
Rasulić	Расулић	noun		сербская фамилия
ratar	ратар	noun		земледелец
Ratarac	Ратарац	noun		сербская фамилия
raterfordijum	ратерфордијум	noun		хим. резерфордий
ratifikacija	ратификација	noun		юр. ратификация
Ratinac	Ратинац	noun		сербская фамилия
Ratkov	Ратков	noun		сербская фамилия
Ratkovac	Ратковац	noun		сербская фамилия
Ratković	Ратковић	noun		сербская фамилия
ratni brod	ратни брод	phrase		военный корабль
ratnik	ратник	noun		воин, боец, солдат
ravan	раван	adj		плоский, ровный
Ravilić	Равилић	noun		сербская фамилия
ravnalo	равнало	noun		линейка
ravnodušan	равнодушан	adj		равнодушный, безразличный, безучастный
ravnozemljaš	равноземљаш	noun		ирон. плосковер
razboj	разбој	noun		ткацкий станок
razbojnik	разбојник	noun		разбойник, грабитель
razlika	разлика	noun		различие, разница
razlomak	разломак	noun		матем. дробь, дробное число
razlomak	razlomak	noun		матем. дробь, дробное число
razmenjivati	размењивати	verb		менять; разменивать
razmimoilaženje	razmimoilaženje	noun		разногласие
razmimoilaženje	размимоилажење	noun		разногласие
razmišljanje	размишљање	noun		критическое мышление
razonoda	разонода	noun		развлечение, забава
razonoda	razonoda	noun		развлечение, забава
razoružavati	разоружавати	verb		разоружать
razočarati	разочарати	verb		разочаровать
razočarenje	разочарење	noun		разочарование
razrokost	разрокост	noun		косоглазие
razrušavati	разрушавати	verb		разрушать
razumevanje	разумевање	noun	ekav	понимание, осмысление, разумение
razvesti	развести	verb		развести (доставить в разные стороны); развести (расторгнуть брак)
Račanović	Рачановић	noun		сербская фамилия
računar	рачунар	noun		компьютер
računarska animacija	рачунарска анимација	phrase		компьютерная анимация
računarska bezbednost	рачунарска безбедност	phrase		комп. компьютерная безопасность
Računica	Рачуница	noun		сербская фамилия
računovodstvo	рачуноводство	noun		бухгалтерский учёт
računovođa	рачуновођа	noun		бухгалтер, счетовод
rađati	рађати	verb		рожать, рождать
Rađeljac	Рађељац	noun		сербская фамилия
Rađen	Рађен	noun		сербская фамилия
Rađenović	Рађеновић	noun		сербская фамилия
Rađević	Рађевић	noun		сербская фамилия
Rašeta	Рашета	noun		сербская фамилия
Rašetić	Рашетић	noun		сербская фамилия
Rašević	Рашевић	noun		сербская фамилия
Rašinac	Рашинац	noun		сербская фамилия
Rašić	Рашић	noun		сербская фамилия
Raškov	Рашков	noun		сербская фамилия
Rašković	Рашковић	noun		сербская фамилия
Rašović	Рашовић	noun		сербская фамилия
Rašula	Рашула	noun		сербская фамилия
Rašuo	Рашуо	noun		сербская фамилия
raža	raža	noun		скат
raža	ража	noun		скат (Batoidea)
ražanj	ражањ	noun		вертел
ražanj	ražanj	noun		вертел
Ražnatović	Ражнатовић	noun		сербская фамилия
reakcija	reakcija	noun		реакция
reakcija	реакција	noun		реакция
reaktor	реактор	noun		реактор
realan	realan	adj		реальный
realan	реалан	adj		реальный
realizam	реализам	noun		реализм
realnost	реалност	noun		реальность, действительность
Rebrača	Ребрача	noun		сербская фамилия
rebro	ребро	noun		ребро (аналогично русскому слову)
receptor	рецептор	noun		биол. рецептор
recesija	рецесија	noun		экон. рецессия
recesivan	рецесиван	adj		генет. рецессивный
reciklirati	reciklirati	verb		рециркулировать; рециклировать
recitativ	рецитатив	noun		речитатив
redigovati	редиговати	verb		редактировать
redovnik	редовник	noun		религ. монах
reforma	реформа	noun		реформа (аналогично русскому слову)
reformator	reformator	noun		реформатор
reformirati	реформирати	verb		реформировать
reformist	реформист	noun		полит. реформист
refrakcija	рефракција	noun		физ. рефракция, преломление
Regeljac	Регељац	noun		сербская фамилия
Regodić	Регодић	noun		сербская фамилия
Regoje	Регоје	noun		сербская фамилия
regresivan	регресиван	adj		регрессивный
regrutacija	регрутација	noun		военный призыв; воинская повинность
rehabilitacija	рехабилитација	noun		реабилитация
reinkarnacija	реинкарнација	noun		религ. реинкарнация, перевоплощение
reka	река	noun	ekav	река (аналогично русскому слову)
reklama	реклама	noun		реклама (аналогично русскому слову)
rekombinacija	рекомбинација	noun		спец. рекомбинация
rekreacija	rekreacija	noun		отдых
rekreacija	рекреација	noun		отдых
rektor	ректор	noun		ректор
rekurzija	рекурзија	noun		спец. рекурсия
rekurzivan	рекурзиван	adj		матем. рекурсивный
relativan	релативан	adj		относительный
relativitet	релативитет	noun		книжн. относительность
relativizam	релативизам	noun		филос. релятивизм
relativnost	релативност	noun		книжн. относительность
relevantnost	релевантност	noun		книжн. релевантность
religija	религија	noun		религия; вероисповедание
religijski	религијски	adj		религиозный
Reljić	Рељић	noun		сербская фамилия
Remetić	Реметић	noun		сербская фамилия
remi	реми	noun		спорт. ничья
Rendulić	Рендулић	noun		сербская фамилия
renegatski	ренегатски	adj		ренегатский, отступнический
renijum	ренијум	noun		хим. рений
renin	ренин	noun		биохим. ренин
Renovica	Реновица	noun		сербская фамилия
reologija	реологија	noun		реология
reostat	реостат	noun		техн. реостат
repa	репа	noun		ботан. репа (аналогично русскому слову); ботан. свёкла
Repac	Репац	noun		сербская фамилия
Repanović	Репановић	noun		сербская фамилия
repatrijacija	репатријација	noun		репатриация
Repija	Репија	noun		сербская фамилия
replikacija	репликација	noun		биол. репликация
replikon	репликон	noun		генет. репликон
reportoar	репортоар	noun		репертуар
republika	republika	noun		республика
republika	република	noun		республика
republikanizam	републиканизам	noun		республиканизм
republikanstvo	републиканство	noun		республиканизм
republički	republički	adj		республиканский
republički	републички	adj		республиканский
reputacija	reputacija	noun		репутация
reputacija	репутација	noun		репутация
Resanović	Ресановић	noun		сербская фамилия
Resavica	Ресавица	noun		Ресавица, городской населённый пункт в Сербии
Resavica	Resavica	noun		Ресавица, город в Сербии
Resimić	Ресимић	noun		сербская фамилия
Resković	Ресковић	noun		сербская фамилия
restoran	ресторан	noun		ресторан
resurs	ресурс	noun		ресурс (аналогично русскому слову), средство
resurs	resurs	noun		ресурс, средство
retko	ретко	adv		редко
retorika	реторика	noun		риторика
retoričen	retoričen	adj		риторический
retorički	реторички	adj		риторический
retrofuturizam	ретрофутуризам	noun		ретрофутуризм
retrospektivan	retrospektivan	adj		ретроспективный
retrospektivan	ретроспективан	adj		ретроспективный
retuš	ретуш	noun		ретушь
retuširati	ретуширати	verb		ретушировать
retuširati	retuširati	verb		ретушировать
reumatologija	реуматологија	noun		ревматология
revakcinacija	ревакцинација	noun		мед. ревакцинация
revizionistički	ревизионистички	adj		ревизионистский
revolucija	револуција	noun		революция
revolucionar	револуционар	noun		революционер
revolucionaran	револуционаран	adj		революционный
revolver	револвер	noun		револьвер
rezerva	резерва	noun		резерв
rezolucija	rezolucija	noun		резолюция
rezolucija	резолуција	noun		резолюция
reći	reći	verb		сказать
reći	рећи	verb		сказать
reč	реч	noun		слово
rečenica	реченица	noun		предложение (грамматическое); фраза, выражение, высказывание
rečnik	речник	noun		словарь
rečnik	rečnik	noun		словарь (собрание языковых единиц с описаниями)
rešenje	rešenje	noun		решение
rešenje	решење	noun		решение
režim	режим	noun		режим (аналогично русскому слову)
režim	režim	noun		режим
režiser	режисер	noun		режиссёр
riba	риба	noun		рыба
ribar	рибар	noun		рыбак
ribar	ribar	noun		рыбак, рыболов
Ribarac	Рибарац	noun		сербская фамилия
Ribać	Рибаћ	noun		сербская фамилия
ribiz	рибиз	noun		смородина (ягода)
riblji mehur	рибљи мехур	phrase		плавательный пузырь
ribnjak	рибњак	noun		пруд
ribolov	риболов	noun		рыбалка
ribolovac	риболовац	noun		рыбак, рыболов
ribonukleaza	рибонуклеаза	noun		биохим. рибонуклеаза
ribonukleaza	ribonukleaza	noun		биохим. рибонуклеаза
ribonukleinski	рибонуклеински	adj		биохим. рибонуклеиновый
ribozom	рибозом	noun		цитол. рибосома
Riga	Рига	noun		геогр. Рига (аналогично русскому слову)
rijal	ријал	noun		риал (национальная валюта ряда стран Ближнего и Среднего Востока)
Rikalo	Рикало	noun		сербская фамилия
Rilak	Рилак	noun		сербская фамилия
Rilaković	Рилаковић	noun		сербская фамилия
Rim	Рим	noun		истор. Рим
rima	рима	noun		филол. рифма
rinitis	ринитис	noun		ринит, насморк
ris	рис	noun		зоол. рысь (Lynx (lynx) L.)
Risimović	Рисимовић	noun		сербская фамилия
Risojević	Рисојевић	noun		сербская фамилия
Risović	Рисовић	noun		сербская фамилия
Ristanić	Ристанић	noun		сербская фамилия
Ristanović	Ристановић	noun		сербская фамилия
Ristivojević	Ристивојевић	noun		сербская фамилия
Ristivojčević	Ристивојчевић	noun		сербская фамилия
Ristić	Ристић	noun		сербская фамилия
Rističević	Ристичевић	noun		сербская фамилия
Ristović	Ристовић	noun		сербская фамилия
Ristovski	Ристовски	noun		сербская фамилия
ritam	ритам	noun		ритм
ritam	ritam	noun		ритм
ritmičan	ритмичан	adj		ритмичный; ритмический
ritmička gimnastika	ритмичка гимнастика	phrase		спорт. художественная гимнастика
Riznić	Ризнић	noun		сербская фамилия
Riđošić	Риђошић	noun		сербская фамилия
riža	рижа	noun		рис
Rkman	Ркман	noun		сербская фамилия
Rmandić	Рмандић	noun		сербская фамилия
Rnić	Рнић	noun		сербская фамилия
robot	робот	noun		робот (аналогично русскому слову)
robovlasništvo	робовласништво	noun		рабовладельчество
roda	рода	noun		орнитол. аист
Rodaljević	Родаљевић	noun		сербская фамилия
Rodezija	Родезија	noun		Родезия
rodezijski	родезијски	adj		родезийский
rodij	родиј	noun		хим. родий
rodijum	родијум	noun		хим. родий
Rodić	Родић	noun		сербская фамилия
rodni identitet	родни идентитет	phrase		гендерная идентичность
rodoljub	родољуб	noun		патриот
rodoljublje	родољубље	noun		патриотизм
rog	рог	noun		рог (аналогично русскому слову)
rog	rog	noun		рог
rog izobilja	рог изобиља	phrase		рог изобилия
Rogović	Роговић	noun		сербская фамилия
Rogulja	Рогуља	noun		сербская фамилия
rojalista	rojalista	noun		полит. роялист
Rojević	Ројевић	noun		сербская фамилия
Roknić	Рокнић	noun		сербская фамилия
Roksandić	Роксандић	noun		сербская фамилия
Roksić	Роксић	noun		сербская фамилия
Rokvić	Роквић	noun		сербская фамилия
Roljić	Рољић	noun		сербская фамилия
roman	роман	noun		филол. роман (литературное произведение)
Romanić	Романић	noun		сербская фамилия
Romanović	Романовић	noun		сербская фамилия
romantizam	романтизам	noun		искусств. романтизм
romb	ромб	noun		ромб (аналогично русскому слову)
Romić	Ромић	noun		сербская фамилия
romobil	ромобил	noun		самокат
Romčević	Ромчевић	noun		сербская фамилия
ronilac	ронилац	noun		аквалангист
Rončević	Рончевић	noun		сербская фамилия
ropski	ропски	adj		рабский
ropstvo	ропство	noun		рабство
rosa	роса	noun		роса (аналог. русск. роса [1]
Rosić	Росић	noun		сербская фамилия
Roskić	Роскић	noun		сербская фамилия
Rosuljaš	Росуљаш	noun		сербская фамилия
rotonda	ротонда	noun		архит. ротонда [1]
Rozgić	Розгић	noun		сербская фамилия
ročište	рочиште	noun		судебное разбирательство, процесс
ročište	ročište	noun		судебное разбирательство, процесс
Ročkomanović	Рочкомановић	noun		сербская фамилия
rođendan	рођендан	noun		день рождения
rođenje	рођење	noun		рождение
Roškov	Рошков	noun		сербская фамилия
Rsovac	Рсовац	noun		сербская фамилия
Rubaković	Рубаковић	noun		сербская фамилия
rubača	рубача	noun		рубаха, рубашка
rubidijum	рубидијум	noun		хим. рубидий
rubin	рубин	noun		рубин
rublje	рубље	noun		белье
ruda	руда	noun		руда (аналогично русскому слову) (с иным ударением)
Rudaković	Рудаковић	noun		сербская фамилия
Rudan	Рудан	noun		сербская фамилия
Rudinac	Рудинац	noun		сербская фамилия
Rudić	Рудић	noun		сербская фамилия
rudnik	рудник	noun		рудник, копь
Rudović	Рудовић	noun		сербская фамилия
Rujević	Рујевић	noun		сербская фамилия
ruka	рука	noun		рука (аналогично русскому слову)
ruka	ruka	noun		рука
rukav	рукав	noun		рукав [1]
rukav	rukav	noun		рукав (деталь одежды)
rukomet	рукомет	noun		гандбол
rukometaš	рукометаш	noun		спорт. гандболист
rukovati	руковати	verb		(~ се) здороваться за руку, пожимать руку (кому-л.); (~ се с) здороваться за руку (с кем-л.)
Ruljević	Руљевић	noun		сербская фамилия
Rumunija	Румунија	noun		Румыния
Runjajić	Руњајић	noun		сербская фамилия
Runjevac	Руњевац	noun		сербская фамилия
rupa	рупа	noun		дыра, нора
Rupar	Рупар	noun		сербская фамилия
rupica	рупица	noun		петля (прорез в одежде для застёгивания)
rupija	рупија	noun		рупия
Rusalić	Русалић	noun		сербская фамилия
rusifikacija	русификација	noun		русификация
Rusija	Rusija	noun		Россия
Rusija	Русија	noun		Россия
Ruska Federacija	Руска Федерација	phrase		Российская Федерация
Ruska Imperija	Руска Империја	phrase		истор. Российская империя
Ruska pravoslavna crkva	Руска православна црква	phrase		Русская Православная Церковь
ruski	ruski	adj		русский
ruski	руски	adj		русский
rusofobija	русофобија	noun		русофобия
Rusov	Русов	noun		сербская фамилия
Rusovac	Русовац	noun		сербская фамилия
rutenij	рутениј	noun		хим. рутений
rutenijum	рутенијум	noun		хим. рутений
rutenocen	рутеноцен	noun		хим. рутеноцен
rutherfordij	рутхерфордиј	noun		хим. резерфордий
Rutonić	Рутонић	noun		сербская фамилия
Ruvarac	Руварац	noun		сербская фамилия
Ruvidić	Рувидић	noun		сербская фамилия
ruzmarin	рузмарин	noun		ботан. розмарин (Rosmarinus)
Ručnov	Ручнов	noun		сербская фамилия
ruža	ружа	noun		ботан. роза
Ružanović	Ружановић	noun		сербская фамилия
Ružević	Ружевић	noun		сербская фамилия
Ružičić	Ружичић	noun		сербская фамилия
ružmarin	ружмарин	noun		ботан. розмарин (Rosmarinus)
ružnoća	ружноћа	noun		уродство, безобразие
Ružojčić	Ружојчић	noun		сербская фамилия
rđa	рђа	noun		ржавчина
Ršumović	Ршумовић	noun		сербская фамилия
s tačke gledišta	s tačke gledišta	phrase		с точки зрения
s tačke gledišta	с тачке гледишта	phrase		с точки зрения
sa	sa	prep		с
sa	са	prep		с
sabeizam	сабеизам	noun		истор. сабеизм
sabirač	сабирач	noun		техн. сумматор
sablja	сабља	noun		сабля
sablja	sablja	noun		сабля
sabljarka	сабљарка	noun		меч-рыба, меченос
Sabljić	Сабљић	noun		сербская фамилия
sabolj	сабољ	noun		зоол. соболь (Martes zibellina)
sabotaža	саботажа	noun		саботаж
sabotirati	саботирати	verb		саботировать
Sabovljević	Сабовљевић	noun		сербская фамилия
sad	сад	adv		сейчас, теперь
sada	сада	adv		сейчас, теперь
sadizam	садизам	noun		садизм
sadomazohizam	садомазохизам	noun		сексол. садомазохизм
safir	сафир	noun		сапфир
sag	саг	noun		ковёр
sagibljivost	сагибљивост	noun		изгибаемость
Sagrak	Саграк	noun		сербская фамилия
sajam	сајам	noun		ярмарка
Sakan	Сакан	noun		сербская фамилия
sakatiti	сакатити	verb		калечить, увечить
Saković	Саковић	noun		сербская фамилия
sakralizirati	сакрализирати	verb		книжн. сакрализовать
sakralnost	сакралност	noun		сакральность
sakramentalnost	сакраменталност	noun		религ. сакраментальность
saksofon	саксофон	noun		муз. саксофон (аналогично русскому слову)
saksofon	saksofon	noun		муз. саксофон
saksofonista	саксофониста	noun		саксофонист
Saksonija	Саксонија	noun		Саксония
sakupljanje	сакупљање	noun		сбор, собирание; коллекционирование
sakupljač	сакупљач	noun		собиратель, коллекционер; накопитель
sala	сала	noun		форма родительного падежа единственного числа существительного сало
sala	сала	noun		форма именительного, родительного, винительного или звательного падежа множественного числа существительного сало
salama	salama	noun		салями
Salapura	Салапура	noun		сербская фамилия
Salatić	Салатић	noun		сербская фамилия
Salaški	Салашки	noun		сербская фамилия
saldo	салдо	noun		бухг. сальдо
salezijanski	салезијански	adj		религ. салезианский
salicin	салицин	noun		хим. салицин
salo	сало	noun		сало (аналогично русскому слову)
salpingografija	салпингографија	noun		мед. сальпингография
Samara	Самара	noun		Самара (аналогично русскому слову)
Samardžija	Самарџија	noun		сербская фамилия
Samardžiski	Самарџиски	noun		сербская фамилия
Samardžić	Самарџић	noun		сербская фамилия
Samardžović	Самарџовић	noun		сербская фамилия
samba	самба	noun		муз. самба (аналогично русскому слову)
samo	samo	adv		только
samo	само	particle		только, лишь, всего
samo preko mene mrtvog	само преко мене мртвог	phrase		только через мой труп
samo preko mene mrtvog	samo preko mene mrtvog	phrase		только через мой труп
samoironija	самоиронија	noun		самоирония
samoljubiv	самољубив	adj		себялюбивый
samoobmana	самообмана	noun		самообман
samoodricanje	самоодрицање	noun		самоотречение
samoostvarenje	самоостварење	noun		самореализация
samopožrtvovanje	самопожртвовање	noun		самопожертвование
samoregulacija	саморегулација	noun		книжн. авторегуляция, саморегуляция
samostalan	самосталан	adj		независимый, самостоятельный
samostan	самостан	noun		религ. монастырь
samoubistvo	самоубиство	noun		самоубийство, суицид
Samouković	Самоуковић	noun		сербская фамилия
samouveren	самоуверен	adj		самоуверенный
samouvereno	самоуверено	adv		самоуверенно
samouvereno	samouvereno	adv		самоуверенно
samouvjereno	самоувјерено	adv		самоуверенно
samozadovoljavanje	самозадовољавање	noun		самоудовлетворение
samoća	самоћа	noun		одиночество
Samuilović	Самуиловић	noun		сербская фамилия
samur	самур	noun		зоол. соболь (Martes zibellina)
samuraj	самурај	noun		самурай
Samurović	Самуровић	noun		сербская фамилия
Samčović	Самчовић	noun		сербская фамилия
san	сан	noun		сон, сновидение
Sanader	Санадер	noun		сербская фамилия
Sandić	Сандић	noun		сербская фамилия
Sando	Сандо	noun		сербская фамилия
Sandulović	Сандуловић	noun		сербская фамилия
sandžak	санџак	noun		истор. санджак
sanjke	сањке	noun		сани
sankcija	санкција	noun		санкция
sankilot	санкилот	noun		истор. санкюлот
Sanković	Санковић	noun		сербская фамилия
Santovac	Сантовац	noun		сербская фамилия
Santrač	Сантрач	noun		сербская фамилия
santrač	сантрач	noun		шахматы
saobraćajna nezgoda	саобраћајна незгода	phrase		дорожно-транспортное происшествие
saonice	саонице	noun		сани
saosećaj	саосећај	noun		сострадание
saosećanje	саосећање	noun		сострадание, сочувствие, сопереживание
Sapardić	Сапардић	noun		сербская фамилия
saponifikacija	сапонификација	noun		хим. омыление, омыливание, сапонификация
sapun	сапун	noun		мыло
sapun	sapun	noun		мыло
sapunjača	сапуњача	noun		ботан. мыльнянка
saradnja	saradnja	noun		сотрудничество
saradnja	сарадња	noun		сотрудничество
Saramandić	Сарамандић	noun		сербская фамилия
Saranovac	Сарановац	noun		сербская фамилия
Sarapa	Сарапа	noun		сербская фамилия
Saratovska oblast	Саратовска област	phrase		Саратовская область
Saračević	Сарачевић	noun		сербская фамилия
Sarević	Саревић	noun		сербская фамилия
Sargaško more	Саргашко море	phrase		Саргассово море
Sarić	Сарић	noun		сербская фамилия
Sarkanjac	Саркањац	noun		сербская фамилия
sarkastičan	саркастичан	adj		саркастический, саркастичный
sarkastičan	sarkastičan	adj		саркастический, саркастичный
sarkazam	сарказам	noun		сарказм
sarkopterigija	саркоптеригија	noun		ихтиол. саркоптеригия
sastanak	састанак	noun		встреча, собрание, заседание, совещание; свидание
sastav	sastav	noun		состав; соединение, стык
sastav	састав	noun		состав; соединение, стык
sat	сат	noun		час
sat	сат	noun		часы
satanizam	сатанизам	noun		сатанизм
Satarić	Сатарић	noun		сербская фамилия
saten	сатен	noun		сатин
satira	сатира	noun		сатира (аналогично русскому слову)
satirički	сатирички	adj		сатирический
satrap	сатрап	noun		истор. сатрап [1]; перен. сатрап [2]
satrapija	satrapija	noun		сатрапия
satrapija	сатрапија	noun		истор. сатрапия (военно-административный округ в Древней Персии)
Saturn	Сатурн	noun		мифол. Сатурн (аналогично русскому слову); астрон. Сатурн (аналогично русскому слову)
Saudijska Arabija	Саудијска Арабија	phrase		Саудовская Аравия
sauna	сауна	noun		сауна
saučešće	саучешће	noun		соболезнование
sav	sav	pron		весь
sav	сав	pron		весь
Savadinović	Савадиновић	noun		сербская фамилия
savana	савана	noun		геогр. саванна
Savanović	Савановић	noun		сербская фамилия
Savatić	Саватић	noun		сербская фамилия
Savatović	Саватовић	noun		сербская фамилия
Saveljić	Савељић	noun		сербская фамилия
savetovanje	саветовање	noun		советование, консультирование, дача советов; совещание, обсуждение, консультация, симпозиум
Savez Sovjetskih Socijalističkih Republika	Савез Совјетских Социјалистичких Република	phrase		истор. Союз Советских Социалистических Республик
Savinović	Савиновић	noun		сербская фамилия
Savić	Савић	noun		сербская фамилия
Savićević	Савићевић	noun		сербская фамилия
Savičić	Савичић	noun		сербская фамилия
Savkić	Савкић	noun		сербская фамилия
Savković	Савковић	noun		сербская фамилия
Savović	Савовић	noun		сербская фамилия
savršen	савршен	adj		совершенный
savršenstvo	савршенство	noun		совершенство
Savuljesković	Савуљесковић	noun		сербская фамилия
Savčić	Савчић	noun		сербская фамилия
Sazdović	Саздовић	noun		сербская фамилия
saće	саће	noun		(медовые) соты
sažaljenje	сажаљење	noun		сочувствие, жалость
scenario	сценарио	noun		сценарий
scijentologija	сцијентологија	noun		саентология
sedacija	седација	noun		мед. седация
sedalo	седало	noun		седло
sedalo	sedalo	noun		седло
sedam	седам	num		семь
sedamdeset	sedamdeset	num		семьдесят
sedamdeset	седамдесет	num		семьдесят
sedamnaest	седамнаест	num		семнадцать
sedamnaestougao	седамнаестоугао	noun		геометр. семнадцатиугольник
sedamnaestougao	sedamnaestougao	noun		геометр. семнадцатиугольник
sedamsto	седамсто	num		семьсот
sedef	седеф	noun		перламутр
Sedertelje	Седертеље	noun		Сёдертелье
sedeti	седети	verb		сидеть
Sedlar	Седлар	noun		сербская фамилия
sedlo	седло	noun		седло
sedlo	sedlo	noun		седло
sedmi	седми	num		седьмой
sedmica	седмица	noun		неделя; семёрка
sedmični	седмични	adj		еженедельный
sedmokut	sedmokut	noun		геометр. семиугольник, гептагон
sedmougao	sedmougao	noun		геометр. семиугольник, гептагон
sedmougao	седмоугао	noun		геометр. семиугольник, гептагон
Segedinac	Сегединац	noun		сербская фамилия
segment	сегмент	noun		геометр. сегмент
segregacija	сегрегација	noun		книжн. сегрегация
seizmologija	seizmologija	noun		сейсмология
seizmologija	сеизмологија	noun		сейсмология
Sejšeli	Сејшели	noun		Сейшелы
sejšelski	сејшелски	adj		сейшельский
sekans	секанс	noun		матем. секанс (аналогично русскому слову)
sekretarijat	секретаријат	noun		секретариат
seks	секс	noun		секс (аналогично русскому слову)
seks	seks	noun		секс
seksi	seksi	adj		сексуальный
seksizam	сексизам	noun		сексизм
seksta	секста	noun		муз. секста
seksualna orijentacija	сексуална оријентација	phrase		сексуальная ориентация
seksualna revolucija	сексуална револуција	phrase		сексуальная революция
sekta	секта	noun		секта (аналогично русскому слову)
sektor	сектор	noun		сектор (аналогично русскому слову)
sektor	sektor	noun		сектор
sekularizam	sekularizam	noun		полит. секуляризм
sekularizam	секуларизам	noun		полит. секуляризм
Sekulić	Секулић	noun		сербская фамилия
Sekulović	Секуловић	noun		сербская фамилия
sekund	секунд	noun		секунда
sekunda	секунда	noun		секунда (аналогично русскому слову) [1]; секунда (аналогично русскому слову) [2]
sekundant	секундант	noun		секундант (аналогично русскому слову)
Selakov	Селаков	noun		сербская фамилия
Selaković	Селаковић	noun		сербская фамилия
selenat	селенат	noun		хим. селенат
Selenić	Селенић	noun		сербская фамилия
Selimović	Селимовић	noun		сербская фамилия
selo	село	noun		село (аналогично русскому слову)
selo	selo	noun		село
semantički	семантички	adj		семантический
seme	семе	noun		семя
semis	семис	noun		истор. семис
senat	сенат	noun		сенат
sendvič	сендвич	noun		сэндвич, бутерброд
Senegal	Сенегал	noun		Сенегал
senf	сенф	noun		горчица
Senić	Сенић	noun		сербская фамилия
Seničić	Сеничић	noun		сербская фамилия
sentenciozan	сентенциозан	adj		сентенциозный
sentimentalizam	сентиментализам	noun		филол. сентиментализм
Sentivanac	Сентиванац	noun		сербская фамилия
senzor	сензор	noun		техн. сенсор
senzualizam	сензуализам	noun		филос. сенсуализм
seoba	seoba	noun		переселение
seoba	сеоба	noun		переселение
Seočanac	Сеочанац	noun		сербская фамилия
separatizam	сепаратизам	noun		сепаратизм
sepet	сепет	noun		короб
septembar	septembar	noun		сентябрь
septembar	септембар	noun		сентябрь
septembarski	септембарски	adj		сентябрьский
serologija	серологија	noun		мед. серология
serotonin	серотонин	noun		биохим. серотонин (аналогично русскому слову)
server	сервер	noun		техн. сервер (аналогично русскому слову)
serviz	сервиз	noun		сервиз
sestra	сестра	noun		сестра (аналогично русскому слову)
setva	сетва	noun		с.-х. посев (действие); сеяние
Sevastopolj	Севастопољ	noun		Севастополь
sever	север	noun	ekav	север (аналогично русскому слову)
Severna Afrika	Северна Африка	phrase		геогр. Северная Африка
Severna Amerika	Северна Америка	phrase		Северная Америка
Severna Koreja	Северна Кореја	phrase		геогр. Северная Корея
Severni ledeni okean	Северни ледени океан	phrase		Северный Ледовитый океан
Sevr	Севр	noun		Севр
Sečivanović	Сечивановић	noun		сербская фамилия
sferoid	сфероид	noun		геометр. сфероид
sfragistika	сфрагистика	noun		сфрагистика; сигиллография
shema	схема	noun		схема
shematski	схематски	adj		схематический, схематичный
shizofrenija	схизофренија	noun		психиатр. шизофрения
sholastika	схоластика	noun		филос. схоластика
Sibinović	Сибиновић	noun		сербская фамилия
Sibinčić	Сибинчић	noun		сербская фамилия
Sicilija	Сицилија	noun		Сицилия
sifilis	сифилис	noun		мед. сифилис
signal	сигнал	noun		сигнал
Sijam	Сијам	noun		истор., геогр. Сиам
Sikimić	Сикимић	noun		сербская фамилия
Sikirica	Сикирица	noun		сербская фамилия
Silaški	Силашки	noun		сербская фамилия
silicijum	силицијум	noun		хим. кремний
siliciѿum	силициѿум	noun		хим.кремний
silikon	силикон	noun		силикон (аналогично русскому слову)
silikoza	силикоза	noun		мед. силикоз
Siljanović	Сиљановић	noun		сербская фамилия
silogizam	силогизам	noun		филос. силлогизм
silovanje	силовање	noun		изнасилование
Simaković	Симаковић	noun		сербская фамилия
Simanić	Симанић	noun		сербская фамилия
Simanović	Симановић	noun		сербская фамилия
simbioza	симбиоза	noun		биол. симбиоз
simbioza	simbioza	noun		биол. симбиоз
simbolizam	симболизам	noun		искусств. символизм
Simendić	Симендић	noun		Симендич (фамилия)
simens	сименс	noun		физ. сименс (аналогично русскому слову)
Simetić	Симетић	noun		сербская фамилия
simetrija	симетрија	noun		симметрия
simetričan	симетричан	adj		симметричный
simetričan	simetričan	adj		симметричный
simetrično	симетрично	adv		симметрично
Simeunović	Симеуновић	noun		сербская фамилия
Simferopolj	Симферопољ	noun		Симферополь
Simidžija	Симиџија	noun		сербская фамилия
Simijonović	Симијоновић	noun		сербская фамилия
Simići	Симићи	noun		сербская фамилия
Simjanović	Симјановић	noun		сербская фамилия
Simonović	Симоновић	noun		сербская фамилия
Simović	Симовић	noun		сербская фамилия
simptom	симптом	noun		мед. симптом
Simunović	Симуновић	noun		сербская фамилия
Simurdić	Симурдић	noun		сербская фамилия
Simčetović	Симчетовић	noun		сербская фамилия
Simčević	Симчевић	noun		сербская фамилия
sin	sin	noun		сын
sin	син	noun		сын
Sinadinović	Синадиновић	noun		сербская фамилия
sindikalizam	синдикализам	noun		истор. синдикализм
sindikat	синдикат	noun		синдикат
sinegdoha	синегдоха	noun		филол. синекдоха
sinegdoha	sinegdoha	noun		филол. синекдоха
sinergija	синергија	noun		филос. синергия
Singapur	Сингапур	noun		Сингапур
singapurski	сингапурски	adj		сингапурский
sinkopa	синкопа	noun		муз. синкопа
sinkronizacija	синкронизација	noun		синхронизация
Sinobad	Синобад	noun		сербская фамилия
sinologija	sinologija	noun		синология
sinonim	синоним	noun		лингв. синоним
sinopsis	синопсис	noun		книжн. синопсис
sintaksa	синтакса	noun		лингв. синтаксис
sintetičan	синтетичан	adj		синтетический
sinteza	синтеза	noun		синтез
Sinđelić	Синђелић	noun		сербская фамилия
sipa	сипа	noun		зоол. каракатица (лат. sepia)
sipača	сипача	noun		половник, поварёшка
sir	sir	noun		гастрон. сыр
sir	сир	noun		гастрон. сыр
sirak	sirak	noun		сирота
Sireta	Сирета	noun		сербская фамилия
Sirija	Сирија	noun		Сирия
Sirković	Сирковић	noun		сербская фамилия
siromašan	сиромашан	adj		бедный, неимущий
siromaštvo	сиромаштво	noun		бедность
sirota	сирота	noun		сирота (аналогично русскому слову)
sirota	sirota	noun		сирота
sirotan	сиротан	noun		сирота
sirotanče	сиротанче	noun		сирота
sirotica	сиротица	noun		сирота
sirotište	sirotište	noun		приют, детский дом
sirotište	сиротиште	noun		приют, детский дом
Sirovljević	Сировљевић	noun		сербская фамилия
siroče	сироче	noun		сирота
siroče	siroče	noun		сирота
sirće	сирће	noun		уксус
sisar	sisar	noun		млекопитающее
sisar	сисар	noun		млекопитающее
sistem	систем	noun		система
sistematika	систематика	noun		систематика
sistemski	sistemski	adj		системный
sistemski	системски	adj		системный
sitan	ситан	adj		маленький, малый
Sitarica	Ситарица	noun		сербская фамилия
sito	сито	noun		сито (аналогично русскому слову)
situacija	ситуација	noun		ситуация
siv	сив	adj		серый, сивый; бесцветный, бледный
Sivački	Сивачки	noun		сербская фамилия
Sivčev	Сивчев	noun		сербская фамилия
Sivčević	Сивчевић	noun		сербская фамилия
Sićević	Сићевић	noun		сербская фамилия
sići	сићи	verb		сойти, съехать; спуститься, слезть
sići	sići	verb		сойти, съехать; спуститься, слезть
Sičuan	Сичуан	noun		геогр. Сычуань
sjekira	sjekira	noun		топор
Sjeničić	Сјеничић	noun		сербская фамилия
Sjeran	Сјеран	noun		сербская фамилия
sjeverni	сјеверни	adj		северный
skafander	скафандер	noun		скафандр
Skakavac	Скакавац	noun		сербская фамилия
skakavac	скакавац	noun		зоол. кузнечик; саранча
skakač	скакач	noun		прыгун; шахм. конь
Skakić	Скакић	noun		сербская фамилия
Skakun	Скакун	noun		сербская фамилия
Skalušević	Скалушевић	noun		сербская фамилия
skandinavka	скандинавка	noun		сканворд
skandinavka	skandinavka	noun		сканворд
skandinavski	скандинавски	adj		скандинавский
skarn	скарн	noun		геол. скарн
skelet	скелет	noun		скелет (аналогично русскому слову)
Skendžić	Скенџић	noun		сербская фамилия
skepticizam	скептицизам	noun		скептицизм
skeč	скеч	noun		театр. скетч
skica	скица	noun		искусств. набросок, скетч, эскиз
sklad	склад	noun		соответствие
sklad	sklad	noun		соответствие
skladatelj	складатељ	noun		композитор
skleroza	склероза	noun		мед. склероз
Skoko	Скоко	noun		Скоко (фамилия)
skolioza	сколиоза	noun		мед. сколиоз
Skopljak	Скопљак	noun		сербская фамилия
skori	скори	adj		недавний, новый; предстоящий вскоре
skori	skori	adj		недавний, новый; предстоящий вскоре
skoro	скоро	adv		скоро; почти
skorup	скоруп	noun		сливки; скоруп (сливочный сыр)
Skorup	Скоруп	noun		сербская фамилия
Skočajić	Скочајић	noun		сербская фамилия
Skočo	Скочо	noun		сербская фамилия
Skrobić	Скробић	noun		сербская фамилия
Skrobonja	Скробоња	noun		сербская фамилия
Skulić	Скулић	noun		сербская фамилия
skulptor	скулптор	noun		скульптор
skulptura	скулптура	noun		скульптура (вид искусства)
skup	скуп	adj		дорогой, дорогостоящий
skupljati	скупљати	verb		копить, собирать
skupocen	скупоцен	adj		дорогой, дорогостоящий
skupština	skupština	noun		собрание; ассамблея
skupština	скупштина	noun		собрание; ассамблея
skuta	скута	noun		творог
skuša	скуша	noun		ихтиол. скумбрия
skuša	skuša	noun		ихтиол. скумбрия, макрель (Scomber)
slabiti	слабити	verb		худеть
sladak	сладак	adj		сладкий
Sladaković	Сладаковић	noun		сербская фамилия
Sladić	Сладић	noun		сербская фамилия
Sladoje	Сладоје	noun		сербская фамилия
Sladojević	Сладојевић	noun		сербская фамилия
sladoled	сладолед	noun		кулин. мороженое
slama	слама	noun		солома
Slamarski	Сламарски	noun		сербская фамилия
slan	слан	adj		солёный
slana	слана	noun		иней, изморозь
slanik	сланик	noun		солонка
slanina	slanina	noun		солонина; бекон
Slankamenac	Сланкаменац	noun		сербская фамилия
slastičarna	сластичарна	noun		кондитерская
slastičarnica	сластичарница	noun		кондитерская
slati	слати	verb		посылать, отправлять, направлять
slati	slati	verb		посылать, отправлять, направлять
Slatinac	Слатинац	noun		сербская фамилия
slatko	слатко	noun		варенье; конфитюр
slatkoća	слаткоћа	noun		сладость
slavan	славан	adj		знаменитый; известный
slavenski	славенски	adj		славянский
Slavković	Славковић	noun		сербская фамилия
Slavnić	Славнић	noun		сербская фамилия
slepoočnica	слепоочница	noun		анат. висок
slepoočnica	slepoočnica	noun		анат. висок
slezina	слезина	noun		анат. селезёнка
sleđ	слеђ	noun		сельдь
Slijepčević	Слијепчевић	noun		сербская фамилия
slikar	сликар	noun		живописец
slikarstvo	сликарство	noun		искусств. живопись
slina	слина	noun		физиол. слюна
sličnost	сличност	noun		сходство
sloboda	слобода	noun		свобода
slobodan	слободан	adj		свободный
slog	слог	noun		лингв. слог (аналог. русск. слог [1]); полигр. набор
slogan	слоган	noun		слоган, лозунг, девиз
slon	слон	noun		слон (аналог. русск. слон [1])
slonovača	слоновача	noun		слоновая кость
slovački	словачки	adj		словацкий
Slovenija	Словенија	noun		Словения
Slovenija	Slovenija	noun		Словения
slovenski	slovenski	adj		словенский; славянский
slovenski	словенски	adj		словенский; славянский
Slović	Словић	noun		сербская фамилия
slovo	слово	noun		буква
složenica	сложеница	noun		лингв. сложное слово
složenost	сложеност	noun		сложность
sluga	слуга	noun		слуга (аналогично русскому слову)
sluga	sluga	noun		слуга
sluh	слух	noun		слух (способность слышать)
slutnja	слутња	noun		предчувствие
sluzokoža	слузокожа	noun		анат. слизистая оболочка
slučajnost	случајност	noun		случайность
slušati	слушати	verb		слушать
služba	служба	noun		служба; религ. служба то же, что богослужение; совершение церковного обряда
služba	služba	noun		служба
službeni jezik	службени језик	phrase		официальный язык
služiti	служити	verb		служить
smanjenje	smanjenje	noun		уменьшение
smanjenje	смањење	noun		уменьшение
smartfon	смартфон	noun		техн. смартфон (аналогично русскому слову)
smatrati	smatrati	verb		полагать, считать
smatrati	сматрати	verb		полагать, считать
Smederevac	Смедеревац	noun	ekav	сербская фамилия
Smederevo	Смедерево	noun	ekav	Смедерево
Smederevo	Smederevo	noun	ekav	Смедерево
smegma	смегма	noun	ekav	физиол. смегма
smeh	смех	noun	ekav	смех
smesta	сместа	adv	ekav	с места, сразу, немедленно
smeće	смеће	noun	ekav	мусор, сор
smeće	smeće	noun	ekav	мусор, сор
smešan	смешан	adj	ekav	смешной
Smilić	Смилић	noun		сербская фамилия
Smiljaković	Смиљаковић	noun		сербская фамилия
Smiljanić	Смиљанић	noun		сербская фамилия
Smiljanović	Смиљановић	noun		сербская фамилия
Smiljević	Смиљевић	noun		сербская фамилия
Smiljić	Смиљић	noun		сербская фамилия
Smiljkić	Смиљкић	noun		сербская фамилия
Smiljković	Смиљковић	noun		сербская фамилия
smisao	смисао	noun		смысл
smog	смог	noun		смог (аналогично русскому слову)
smokva	смоква	noun		инжир, смоква, фига
smola	смола	noun		смола
Smolenski	Смоленски	noun		сербская фамилия
Smoljanović	Смољановић	noun		сербская фамилия
Smoljenović	Смољеновић	noun		сербская фамилия
Smolović	Смоловић	noun		Смолович (сербская фамилия)
smrad	смрад	noun		смрад
smrt	смрт	noun		смерть
smrtna kazna	смртна казна	phrase		смертная казнь
smrtni grijeh	смртни гријех	phrase		смертный грех
smrtnost	смртност	noun		смертность (количество случаев смерти)
smuđ	смуђ	noun		ихтиол. судак
Smuđa	Смуђа	noun		сербская фамилия
snajperska puška	снајперска пушка	phrase		снайперская винтовка
snažan	снажан	adj		сильный
sneg	снег	noun		метеорол. снег [1]
sneg	sneg	noun		метеорол. снег
sneško	снешко	noun		снеговик
sneško Belić	снешко Белић	phrase		снеговик, снежная баба
snežni leopard	снежни леопард	phrase		зоол. ирбис, снежный барс, снежный леопард (Panthera uncia)
snijeg	снијег	noun		снег
sniti	снити	verb		видеть сон
so	so	noun		соль
soba	соба	noun		комната
socijalista	социјалиста	noun		полит. социалист
socijalistički	социјалистички	adj		полит. социалистический
socijalizacija	социјализација	noun		социализация
socijalizam	socijalizam	noun		полит. социализм
socijalizam	социјализам	noun		полит. социализм
socijalna distanca	социјална дистанца	phrase		социальная дистанция
socijalna filozofija	социјална филозофија	phrase		филос. социальная философия
socijalna politika	социјална политика	phrase		социальная политика
socijalna psihologija	социјална психологија	phrase		социальная психология
sociolingvistika	социолингвистика	noun		социолингвистика
sociolingvistički	sociolingvistički	adj		социолингвистический
sociolingvistički	социолингвистички	adj		социолингвистический
sociolog	социолог	noun		социолог
sociologija	социологија	noun		социология
sociološki	социолошки	adj		социологический
soda	сода	noun		хим. сода (аналогично русскому слову)
Sofinkić	Софинкић	noun		сербская фамилия
Sofranić	Софранић	noun		сербская фамилия
Sofrenić	Софренић	noun		сербская фамилия
Sofrenović	Софреновић	noun		сербская фамилия
sok	сок	noun		биол. сок (биологическая жидкость); сок (напиток, пищевой продукт)
Sokanović	Сокановић	noun		сербская фамилия
Sokić	Сокић	noun		сербская фамилия
Soknić	Сокнић	noun		сербская фамилия
soko	соко	noun		орнитол. сокол
sokolarstvo	соколарство	noun		сокольничество; соколиная охота
Sokolović	Соколовић	noun		сербская фамилия
Soković	Соковић	noun		сербская фамилия
Solar	Солар	noun		сербская фамилия
Solarević	Соларевић	noun		сербская фамилия
solarna ćelija	соларна ћелија	phrase		фотоэлемент
Solarov	Соларов	noun		сербская фамилия
Soldatović	Солдатовић	noun		сербская фамилия
Soldo	Солдо	noun		сербская фамилия
solenoid	соленоид	noun		физ. соленоид
Soleša	Солеша	noun		сербская фамилия
solidarnost	солидарност	noun		солидарность
solipsizam	солипсизам	noun		филос. солипсизм
solist	солист	noun		солист
solista	солиста	noun		солист
solsticij	solsticij	noun		астрон. солнцестояние
solsticij	солстициј	noun		астрон. солнцестояние
Solunac	Солунац	noun		сербская фамилия
som	сом	noun		ихтиол. сом; дурак, болван
Somalija	Somalija	noun		Сомали
Somalija	Сомалија	noun		Сомали
Sombor	Сомбор	noun		Сомбор
Sombor	Sombor	noun		Сомбор
Somborac	Сомборац	noun		сербская фамилия
sonatina	сонатина	noun		муз. сонатина
sonet	сонет	noun		сонет (аналогично русскому слову)
Sopjanac	Сопјанац	noun		сербская фамилия
sopstvenik	сопственик	noun		владелец, обладатель, хозяин
Sorajić	Сорајић	noun		сербская фамилия
Sorak	Сорак	noun		сербская фамилия
Soro	Соро	noun		сербская фамилия
sorpcija	сорпција	noun		физ. сорбция
Soskić	Соскић	noun		сербская фамилия
Sotirović	Сотировић	noun		сербская фамилия
sovhoz	совхоз	noun		истор. совхоз (аналогично русскому слову)
Sovilj	Совиљ	noun		сербская фамилия
sovjetizacija	совјетизација	noun		советизация
Sovjetski Savez	Совјетски Савез	phrase		истор. Советский Союз
Sovjetski Savez	Sovjetski Savez	phrase		истор. Советский Союз
Sovrlić	Соврлић	noun		сербская фамилия
Sovrović	Совровић	noun		сербская фамилия
Sovtić	Совтић	noun		сербская фамилия
Sočanac	Сочанац	noun		сербская фамилия
sočivo	сочиво	noun		чечевица
Spakić	Спакић	noun		сербская фамилия
spaljivanje	спаљивање	noun		сжигание, сожжение
Spalović	Спаловић	noun		сербская фамилия
spanać	спанаћ	noun		ботан. шпинат; кулин. шпинат
Sparavalo	Спаравало	noun		сербская фамилия
Sparta	Спарта	noun		Спарта
Spasenić	Спасенић	noun		сербская фамилия
Spasenović	Спасеновић	noun		сербская фамилия
Spasić	Спасић	noun		сербская фамилия
Spasojev	Спасојев	noun		сербская фамилия
Spasojević	Спасојевић	noun		сербская фамилия
Spasović	Спасовић	noun		сербская фамилия
spavaonica	спаваоница	noun		спальная комната, спальня
spavati	спавати	verb		спать
specijalna vojna operacija	specijalna vojna operacija	phrase		специальная военная операция (об участии России в боевых действиях 2022 года на Украине)
specijalna vojna operacija	специјална војна операција	phrase		специальная военная операция (об участии России в боевых действиях 2022 года на Украине)
spektralna analiza	спектрална анализа	phrase		спектральный анализ
spektrogram	спектрограм	noun		физ. спектрограмма
spektrometar	спектрометар	noun		спектрометр
spektroskopija	спектроскопија	noun		спектроскопия
speleolog	спелеолог	noun		спелеолог
speleologija	спелеологија	noun		спелеология
sperma	сперма	noun		физиол. сперма
spin	спин	noun		физ. спин
Spiridonović	Спиридоновић	noun		сербская фамилия, аналогичная русской фамилии Спиридонов
Spirić	Спирић	noun		сербская фамилия
spirogira	спирогира	noun		биол. спирогира
spiroheta	спирохета	noun		микробиол. спирохета
spisak	списак	noun		перечень, список
spisatelj	списатељ	noun		устар. то же, что писац, писатель
spisatelj	spisatelj	noun		устар. то же, что pisac, писатель
spisateljica	списатељица	noun		писательница
spisateljica	spisateljica	noun		писательница
spomenik	споменик	noun		памятник
spontanost	спонтаност	noun		спонтанность
sponzor	спонзор	noun		фин. спонсор
spora	спора	noun		биол. спора
sporan	споран	adj		спорный
sporan	sporan	adj		спорный
sporangija	спорангија	noun		биол. спорангий
sport	sport	noun		спорт
sport	спорт	noun		спорт (аналогично русскому слову)
sportist	спортист	noun		спортсмен
sportista	спортиста	noun		спортсмен
sposobnost	способност	noun		способность, возможность
spoznajni	спознајни	adj		познавательный
sprat	sprat	noun		этаж
sprat	спрат	noun		этаж
spremati	спремати	verb		приготовить
spremati	spremati	verb		приготовить
spremati ražanj, a zec u šumi	спремати ражањ, а зец у шуми	phrase		делить шкуру неубитого медведя
Spremić	Спремић	noun		сербская фамилия
Spremo	Спремо	noun		сербская фамилия
sprečavati	спречавати	verb		препятствовать
sprovodnik	спроводник	noun		физ. проводник
sprud	спруд	noun		мель
Spužić	Спужић	noun		сербская фамилия
Srbija	Србија	noun		Сербия
Srbija	Srbija	noun		Сербия
Srbijanac	Србијанац	noun		сербская фамилия
Srbijanka	Србијанка	noun		сербиянка
Srbin	Србин	noun		серб
srce	срце	noun		сердце
Srdanov	Срданов	noun		сербская фамилия
Srdanović	Срдановић	noun		сербская фамилия
srebren	сребрен	adj		серебряный
srebrn	сребрн	adj		серебряный
srebro	сребро	noun		хим. серебро
sreda	среда	noun	ekav	среда (день недели); середина
sreda	sreda	noun	ekav	среда — третий день недели
Sredić	Средић	noun		сербская фамилия
srednjak	средњак	noun		средний палец
srednjovekovni	средњовековни	adj		средневековый
srednjovekovni	srednjovekovni	adj		средневековый
Sredojev	Средојев	noun		сербская фамилия
Sredojević	Средојевић	noun		сербская фамилия
Sredović	Средовић	noun		сербская фамилия
Sredozemno more	Средоземно море	phrase		Средиземное море
Srejović	Срејовић	noun		сербская фамилия
Sremac	Сремац	noun		сербская фамилия
Sremska Mitrovica	Сремска Митровица	noun		Сремска-Митровица
Sremska Mitrovica	Sremska Mitrovica	noun		Сремска-Митровица
Sremčev	Сремчев	noun		сербская фамилия
Sremčević	Сремчевић	noun		сербская фамилия
Sretenović	Сретеновић	noun		сербская фамилия
Sretić	Сретић	noun		сербская фамилия
Sretković	Сретковић	noun		сербская фамилия
Sretović	Сретовић	noun		сербская фамилия
sreća	срећа	noun		счастье
Srećković	Срећковић	noun		сербская фамилия
srp	срп	noun		серп
Srpkinja	Српкиња	noun		сербка
srpski	srpski	adj		сербский
srpski	српски	adj		сербский
srča	срча	noun		стекло
Srđanov	Срђанов	noun		сербская фамилия
stabilizirati	стабилизирати	verb		стабилизировать
stabilnost	stabilnost	noun		стабильность
stabilnost	стабилност	noun		стабильность
stabljika	стабљика	noun		ботан. стебель
Stablović	Стабловић	noun		сербская фамилия
Stajević	Стајевић	noun		сербская фамилия
Stajić	Стајић	noun		сербская фамилия
Stajkić	Стајкић	noun		сербская фамилия
Stajkovac	Стајковац	noun		сербская фамилия
Stajković	Стајковић	noun		сербская фамилия
Stajčić	Стајчић	noun		сербская фамилия
Stakić	Стакић	noun		сербская фамилия
staklen	стаклен	adj		стеклянный
staklo	стакло	noun		стекло
stalagmit	сталагмит	noun		геол. сталагмит (аналогично русскому слову)
stalaktit	сталактит	noun		спелеол. сталактит
Staletović	Сталетовић	noun		сербская фамилия
staljinizam	стаљинизам	noun		сталинизм
Stamatović	Стаматовић	noun		сербская фамилия
Stambolić	Стамболић	noun		сербская фамилия
Stamenić	Стаменић	noun		сербская фамилия
Stamenković	Стаменковић	noun		сербская фамилия
Stamenović	Стаменовић	noun		сербская фамилия
Stamenčić	Стаменчић	noun		сербская фамилия
stanar	станар	noun		житель, жилец
Stanarević	Станаревић	noun		сербская фамилия
Stanarčić	Станарчић	noun		сербская фамилия
Stanaćev	Станаћев	noun		сербская фамилия
stanca	станца	noun		филол. строфа
standardizacija	стандардизација	noun		книжн. стандартизация
standardizovati	стандардизовати	verb		стандартизировать, стандартизовать
standardni	стандардни	adj		стандартный, нормативный; типовой, образцовый
standardni jezik	стандардни језик	phrase		литературный язык
Stanetić	Станетић	noun		сербская фамилия
Stanikić	Станикић	noun		сербская фамилия
Stanimirov	Станимиров	noun		сербская фамилия
Stanimirović	Станимировић	noun		сербская фамилия
Stanisavić	Станисавић	noun		сербская фамилия
Stanisavljev	Станисављев	noun		сербская фамилия
Stanisavljević	Станисављевић	noun		сербская фамилия
Stanislav	Станислав	noun		Станислав
Stanislav	Stanislav	noun		Станислав
Stanivuković	Станивуковић	noun		сербская фамилия
Stanić	Станић	noun		сербская фамилия
Stanićević	Станићевић	noun		сербская фамилия
Staničić	Станичић	noun		сербская фамилия
Staničkov	Станичков	noun		сербская фамилия
stanični	станични	adj		клеточный
Stanišević	Станишевић	noun		сербская фамилия
Stanišić	Станишић	noun		сербская фамилия
Stanišljević	Станишљевић	noun		сербская фамилия
Stanjević	Стањевић	noun		сербская фамилия
Stankić	Станкић	noun		сербская фамилия
Stanković	Станковић	noun		сербская фамилия
Stanojev	Станојев	noun		сербская фамилия
Stanojević	Станојевић	noun		сербская фамилия
Stanojković	Станојковић	noun		сербская фамилия
Stanojlović	Станојловић	noun		сербская фамилия
Stanojčić	Станојчић	noun		сербская фамилия
stanovnik	становник	noun		житель
stanovništvo	становништво	noun		население
Stanovčić	Становчић	noun		сербская фамилия
Stanošević	Станошевић	noun		сербская фамилия
Stanulović	Стануловић	noun		Станулович (фамилия)
Stančetić	Станчетић	noun		сербская фамилия
Stančević	Станчевић	noun		сербская фамилия
Stančić	Станчић	noun		сербская фамилия
Stančulović	Станчуловић	noun		сербская фамилия
Staorović	Стаоровић	noun		сербская фамилия
starac	старац	noun		старик, старец
starateljstvo	старатељство	noun		опека; опекунство
starenje	старење	noun		старение
starica	старица	noun		старая (пожилая) женщина, старушка, старуха, бабушка
Starinac	Старинац	noun		сербская фамилия
starogrčki	старогрчки	adj		древнегреческий
starormski	старормски	adj		древнеримский
staroruski	староруски	adj		древнерусский
starost	старост	noun		старость
Starović	Старовић	noun		сербская фамилия
Starovlah	Старовлах	noun		сербская фамилия
START	СТАРТ	abbrev		СНВ, Договор об ограничении стратегических (наступательных) вооружений
statistički	статистички	adj		статистический
status	status	noun		статус
status	статус	noun		статус
statut	статут	noun		статут
Stavrić	Ставрић	noun		сербская фамилия
stazica	стазица	noun		тропинка, дорожка
Stašević	Сташевић	noun		сербская фамилия
Stašić	Сташић	noun		сербская фамилия
stažistkinja	стажисткиња	noun		стажёрка
Stefanović	Стефановић	noun		сербская фамилия
Stegić	Стегић	noun		сербская фамилия
stegno	стегно	noun		анат. бедро
stehiometrija	стехиометрија	noun		хим. стехиометрия
Stekić	Стекић	noun		сербская фамилия
stena	стена	noun		скала, утёс
stena	stena	noun		скала, большой камень
stenografija	стенографија	noun		стенография
stenogram	стенограм	noun		стенограмма
Stepandić	Степандић	noun		сербская фамилия
Stepanović	Степановић	noun		сербская фамилия
Stepančev	Степанчев	noun		сербская фамилия
Stepančević	Степанчевић	noun		сербская фамилия
stepena funkcija	степена функција	phrase		матем. степенная функция
stepenište	степениште	noun		лестница
Stepić	Степић	noun		сербская фамилия
stereobat	стереобат	noun		архит. стереобат
sterilizacija	стерилизација	noun		стерилизация
stetoskop	стетоскоп	noun		мед., техн. стетоскоп (аналогично русскому слову)
Stevandić	Стевандић	noun		сербская фамилия
Stevanetić	Стеванетић	noun		сербская фамилия
Stevanić	Стеванић	noun		сербская фамилия
Stevanković	Стеванковић	noun		сербская фамилия
Stevanov	Стеванов	noun		сербская фамилия
Stevanović	Стевановић	noun		сербская фамилия
Stevančev	Стеванчев	noun		сербская фамилия
Stevančević	Стеванчевић	noun		сербская фамилия
Stevilović	Стевиловић	noun		сербская фамилия
Stević	Стевић	noun		сербская фамилия
Stevković	Стевковић	noun		сербская фамилия
Stevović	Стевовић	noun		сербская фамилия
Stevuljević	Стевуљевић	noun		сербская фамилия
Stevčić	Стевчић	noun		сербская фамилия
stečaj	стечај	noun		экон. банкротство
Stijak	Стијак	noun		сербская фамилия
Stijaković	Стијаковић	noun		сербская фамилия
Stijačić	Стијачић	noun		сербская фамилия
Stijelja	Стијеља	noun		сербская фамилия
Stikić	Стикић	noun		сербская фамилия
stilobat	стилобат	noun		архит. стилобат
stizati	stizati	verb		прибывать, приезжать; достигать
stizati	стизати	verb		прибывать, приезжать; достигать
stići	stići	verb		прибыть, приехать; догнать
stići	стићи	verb		прибыть, приехать; догнать
Stišović	Стишовић	noun		сербская фамилия
Stjepanović	Стјепановић	noun		сербская фамилия
STO	СТО	abbrev		ВТО
sto	сто	noun		стол
sto	сто	num		сто
stoicizam	стоицизам	noun		филос. стоицизм
stoicizam	stoicizam	noun		филос. стоицизм
Stoiljković	Стоиљковић	noun		сербская фамилия
Stoilković	Стоилковић	noun		сербская фамилия
Stoilović	Стоиловић	noun		сербская фамилия
Stoisavljević	Стоисављевић	noun		сербская фамилия
Stojadinov	Стојадинов	noun		сербская фамилия
Stojadinović	Стојадиновић	noun		сербская фамилия
Stojakov	Стојаков	noun		сербская фамилия
Stojaković	Стојаковић	noun		сербская фамилия
Stojanac	Стојанац	noun		сербская фамилия
Stojanić	Стојанић	noun		сербская фамилия
Stojanov	Стојанов	noun		сербская фамилия
Stojanović	Стојановић	noun		сербская фамилия
Stojančev	Стојанчев	noun		сербская фамилия
Stojančević	Стојанчевић	noun		сербская фамилия
Stojančić	Стојанчић	noun		сербская фамилия
Stojačić	Стојачић	noun		сербская фамилия
Stojiljković	Стојиљковић	noun		сербская фамилия
Stojilović	Стојиловић	noun		сербская фамилия
Stojimirov	Стојимиров	noun		сербская фамилия
Stojimirović	Стојимировић	noun		сербская фамилия
Stojinović	Стојиновић	noun		сербская фамилия
Stojisavljević	Стојисављевић	noun		сербская фамилия
Stojić	Стојић	noun		сербская фамилия
Stojićević	Стојићевић	noun		сербская фамилия
Stojičević	Стојичевић	noun		сербская фамилия
Stojičić	Стојичић	noun		сербская фамилия
Stojkanović	Стојкановић	noun		сербская фамилия
Stojkov	Стојков	noun		сербская фамилия
Stojkovac	Стојковац	noun		сербская фамилия
Stojković	Стојковић	noun		сербская фамилия
Stojmenović	Стојменовић	noun		сербская фамилия
Stojnić	Стојнић	noun		сербская фамилия
Stojnović	Стојновић	noun		сербская фамилия
Stojović	Стојовић	noun		сербская фамилия
Stojčetović	Стојчетовић	noun		сербская фамилия
Stojčević	Стојчевић	noun		сербская фамилия
Stojčinović	Стојчиновић	noun		сербская фамилия
Stojčić	Стојчић	noun		сербская фамилия
Stojšić	Стојшић	noun		сербская фамилия
Stokanić	Стоканић	noun		сербская фамилия
Stokanov	Стоканов	noun		сербская фамилия
Stokanović	Стокановић	noun		сербская фамилия
Stokholm	Стокхолм	noun		Стокгольм
Stokić	Стокић	noun		сербская фамилия
Stokuća	Стокућа	noun		сербская фамилия
stol	стол	noun		стол (предмет мебели)
stol	stol	noun		стол предмет мебели
stolac	столац	noun		стул
stolar	столар	noun		столяр
stolica	столица	noun		стул; мед. стул
Stolica	Столица	noun		сербская фамилия
stolica	stolica	noun		стул; мед. стул
Stolić	Столић	noun		сербская фамилия
stolnjak	столњак	noun		скатерть
Stolović	Столовић	noun		сербская фамилия
stomak	стомак	noun		живот, желудок
stotina	стотина	num		сто, сотня
stočarstvo	сточарство	noun		животноводство
Stošić	Стошић	noun		сербская фамилия
Stošković	Стошковић	noun		сербская фамилия
Stošljević	Стошљевић	noun		сербская фамилия
Stožinić	Стожинић	noun		сербская фамилия
strabizam	страбизам	noun		косоглазие
Stracimir	Stracimir	noun		Страцимир
Stracimir	Страцимир	noun		Страцимир
strah	страх	noun		страх (аналог. русск. страх I)
Strahinja	Strahinja	noun		Страхиня
Strahinja	Страхиња	noun		Страхиня
Strahinjić	Страхињић	noun		сербская фамилия
Strajnić	Страјнић	noun		сербская фамилия
strana	страна	noun		сторона; страница
stranac	странац	noun		иностранец
strani	страни	adj		иностранный
strani jezik	страни језик	phrase		иностранный язык
stranica	страница	noun		страница (аналогично русскому слову)
strategija	стратегија	noun		стратегия
strateški	стратешки	adj		стратегический
strateški	strateški	adj		стратегический
strateški bombarder	стратешки бомбардер	phrase		воен. стратегический бомбардировщик
stratifikacija	стратификација	noun		стратификация
stratopauza	стратопауза	noun		стратопауза
strašilo	страшило	noun		пугало
strašljivost	страшљивост	noun		боязливость
stražariti	стражарити	verb		караулить, охранять, стеречь, сторожить
strela	strela	noun		стрела
strelac	стрелац	noun		лучник, стрелок из лука
streličar	стреличар	noun		лучник, стрелок из лука
strelomet	стреломет	noun		истор. арбалет
stremen	стремен	noun		стремя
strihnin	стрихнин	noun		хим. стрихнин
Strika	Стрика	noun		сербская фамилия
Strinić	Стринић	noun		сербская фамилия
Strizović	Стризовић	noun		сербская фамилия
Stričević	Стричевић	noun		сербская фамилия
strofa	строфа	noun		филол. строфа
stroncij	стронциј	noun		хим. стронций
stroncijum	стронцијум	noun		хим. стронций
stroncijum	stroncijum	noun		хим. стронций
Strugalović	Стругаловић	noun		сербская фамилия
Strugar	Стругар	noun		сербская фамилия
strugar	стругар	noun		токарь
Strugarević	Стругаревић	noun		сербская фамилия
struja	струја	noun		струя
struktura	структура	noun		структура (аналогично русскому слову)
strukturiranje	структурирање	noun		структурирование
struna	струна	noun		струна
Strunjašević	Струњашевић	noun		сербская фамилия
stručnjak	stručnjak	noun		специалист
stručnjak	стручњак	noun		специалист
strvinar	стрвинар	noun		гриф, стервятник
stršljen	стршљен	noun		шершень
Stublinac	Стублинац	noun		сербская фамилия
Stublinčević	Стублинчевић	noun		сербская фамилия
Studen	Студен	noun		сербская фамилия
studenac	студенац	noun		колодец
student	студент	noun		студент
studirati	студирати	verb		учиться, обучаться (в учебном заведении); учить, изучать
Stupar	Ступар	noun		сербская фамилия
Stuparević	Ступаревић	noun		сербская фамилия
stupor	ступор	noun		мед. ступор (аналог. русс.к слову)
stvarnost	стварност	noun		реальность, действительность
stvoriti	створити	verb		создать
stvoriti	stvoriti	verb		создать
Subakov	Субаков	noun		сербская фамилия
Subanović	Субановић	noun		сербская фамилия
subdominanta	субдоминанта	noun		муз. субдоминанта
subdukcija	субдукција	noun		геол. субдукция
subordinacija	субординација	noun		подчинение, подчинённость, субординация
subota	subota	noun		суббота — шестой день недели
subota	субота	noun		суббота
Subotica	Суботица	noun		Суботица
Subotica	Subotica	noun		Суботица
Subotić	Суботић	noun		сербская фамилия
Subotički	Суботички	noun		сербская фамилия
subverzivan	субверзиван	adj		подрывной
sud	суд	noun		суд (аналогично русскому слову)
Sudan	Судан	noun		Судан
Sudanac	Суданац	noun		суданец
Sudar	Судар	noun		сербская фамилия
sudarač	sudarač	noun		физ. коллайдер
Sudarski	Сударски	noun		сербская фамилия
sudba	судба	noun		судьба
sudbina	судбина	noun		судьба
sudija	sudija	noun		судья
sudija	судија	noun		судья
Sudimac	Судимац	noun		сербская фамилия
Sudžum	Суџум	noun		сербская фамилия
sufija	суфија	noun		религ. суфий, суфист
sufista	суфиста	noun		религ. суфий, суфист
sufizam	суфизам	noun		религ. суфизм
sufler	суфлер	noun		суфлёр
sufler	sufler	noun		суфлёр
sugestibilnost	сугестибилност	noun		психол. внушаемость
suh	сух	adj		сухой
sujevjeran	сујевјеран	adj		суеверный
suma	сума	noun		сумма
sumnja	сумња	noun		сомнение
sumnjati	сумњати	verb		сомневаться
sumpor	сумпор	noun		хим. сера
Sunajac	Сунајац	noun		сербская фамилия
Sunce	Сунце	noun		Солнце
sunce	сунце	noun		солнце
suncokret	сунцокрет	noun		ботан. подсолнечник; подсолнух
Sundsval	Сундсвал	noun		Сундсвалль
Sunčev sistem	Сунчев систем	phrase		астрон. Солнечная система
sunčev vetar	сунчев ветар	phrase		солнечный ветер
supa	супа	noun		суп
superfluidnost	суперфлуидност	noun		физ. сверхтекучесть
superpozicija	суперпозиција	noun		физ. суперпозиция
superprovodnik	суперпроводник	noun		физ. сверхпроводник
superprovodnost	суперпроводност	noun		физ. сверхпроводимость
supertežak	супертежак	adj		сверхтяжёлый
supkultura	супкултура	noun		субкультура
supkultura	supkultura	noun		субкультура
suprotan	супротан	adj		противоположный; противолежащий
suprotnost	супротност	noun		противоположность, противопоставленность, контраст
suprotstavljanje	супротстављање	noun		противостояние, сопротивление; противодействие
supružništvo	супружништво	noun		брак, супружество
Supurović	Супуровић	noun		сербская фамилия
Surdučki	Сурдучки	noun		сербская фамилия
Surla	Сурла	noun		сербская фамилия
Surlić	Сурлић	noun		сербская фамилия
surogat	сурогат	noun		суррогат
surov	суров	adj		сырой; суровый
Surutka	Сурутка	noun		сербская фамилия
Surčinski	Сурчински	noun		сербская фамилия
susam	сусам	noun		ботан. кунжут
sused	сусед	noun		сосед
susetka	сусетка	noun		соседка
sutra	сутра	adv	ekav	завтра
Suvajac	Сувајац	noun		сербская фамилия
Suvajdžić	Сувајџић	noun		сербская фамилия
Suvačarov	Сувачаров	noun		сербская фамилия
suvenir	сувенир	noun		сувенир
suverena država	суверена држава	phrase		полит. суверенное государство
suvo grožđe	суво грожђе	phrase		изюм
suza	суза	noun		слеза
suzavac	сузавац	noun		слезоточивый газ
Sučević	Сучевић	noun		сербская фамилия
suša	суша	noun		засуха
Suša	Суша	noun		сербская фамилия
suština	суштина	noun		сущность, суть
svadba	свадба	noun		свадьба
svagda	свагда	adv		всегда
svakidašnji	свакидашњи	adj		повседневный
svakidašnji	svakidašnji	adj		повседневный
svan	сван	noun		сван (аналогично русскому слову)
svastika	свастика	noun		сестра жены, свояченица
svastika	свастика	noun		свастика (аналогично русскому слову)
sve	sve	pron		все
sve	све	pron		все
svekar	свекар	noun		свёкор
svemir	свемир	noun		космос
svemirska sonda	свемирска сонда	phrase		косм. автоматическая межпланетная станция
svemirska stanica	свемирска станица	phrase		орбитальная станция
svemirski brod	свемирски брод	phrase		космический корабль
svemoguć	свемогућ	adj		всемогущий; всесильный, всемощный
svemoćan	свемоћан	adj		всемогущий; всесильный, всемощный
svemoćnost	свемоћност	noun		всемогущество; всесилие
sveska	свеска	noun		блокнот
Sveti duh	Свети дух	phrase		религ. Святой Дух
svetiljka	светиљка	noun		лампа
svetionik	светионик	noun		маяк
Svetislav	Svetislav	noun		Светислав
Svetislav	Светислав	noun		Светислав
svetkovina	светковина	noun		праздник
svetleća dioda	светлећа диода	phrase		светоизлучающий диод, светодиод
Svetličić	Светличић	noun		сербская фамилия
Sveto Rimsko Carstvo	Свето Римско Царство	phrase		Священная Римская империя
Svetozar	Svetozar	noun		Светозар
Svetozar	Светозар	noun		Светозар
Svetozarević	Светозаревић	noun		сербская фамилия
svetski	светски	adj		мировой, всемирный
sveučilište	свеучилиште	noun		университет
sveća	свећа	noun		свеча (осветительное приспособление)
sveća	sveća	noun		свеча (осветительное приспособление)
svećnjak	свећњак	noun		канделябр, подсвечник
svečanik	свечаник	noun		праздник
sveštenik	свештеник	noun		священник
svi putevi vode u Rim	сви путеви воде у Рим	phrase		все дороги ведут в Рим
svijećnjak	свијећњак	noun		канделябр, подсвечник
svila	свила	noun		шёлк
Svilanović	Свилановић	noun		сербская фамилия
Svilar	Свилар	noun		сербская фамилия
svilarstvo	свиларство	noun		шелководство
svinja	свиња	noun		зоол. свинья
svinjac	свињац	noun		свинарник, хлев, свинарня
svinjetina	свињетина	noun		свинина
svirale	свирале	noun		муз. свирель
Svirčević	Свирчевић	noun		сербская фамилия
Svitlica	Свитлица	noun		сербская фамилия
svizac	свизац	noun		зоол. сурок
svizavac	свизавац	noun		зоол. сурок (Marmota)
Svičević	Свичевић	noun		сербская фамилия
svjetlo	свјетло	noun		свет
Svorcan	Сворцан	noun		сербская фамилия
svraka	сврака	noun		зоол. сорока
svuda	свуда	adv		везде, всюду, повсюду
Tabaković	Табаковић	noun		сербская фамилия
Tabački	Табачки	noun		сербская фамилия
Tabašević	Табашевић	noun		сербская фамилия
tabela	табела	noun		таблица
tabes	табес	noun		мед. табес, спинная сухотка
tabla	табла	noun		доска; плитка
tablica	таблица	noun		таблица
tablja	табља	noun		лафет
tacna	тацна	noun		блюдце
Tadić	Tadić	noun		сербская фамилия Тадич
Tadić	Тадић	noun		сербская фамилия Тадич
Tadžik	Таџик	noun		таджик
Tadžikistan	Таџикистан	noun		Таджикистан
Tadžikistanac	Таџикистанац	noun		таджик, таджикистанец
Tadžikistanac	Tadžikistanac	noun		таджик, таджикистанец
tahigrafija	тахиграфија	noun		стенография
tahikardija	тахикардија	noun		мед. тахикардия
tahipneja	тахипнеја	noun		мед. тахипноэ
tajan	тајан	adj		тайный, секретный
tajanstven	тајанствен	adj		таинственный, загадочный
tajfun	тајфун	noun		тайфун
Tajland	Тајланд	noun		Таиланд
Tajmir	Тајмир	noun		Таймыр
tajno	тајно	adv		тайно, тайком, скрытно, секретно
tajom	тајом	adv		тайно, тайком, скрытно, секретно
Tajsić	Тајсић	noun		сербская фамилия
tajđićuen	тајђићуен	noun		тайцзицюань
takav	takav	pron		такой, таковой
takav	такав	pron		такой, таковой
tako	тако	adv		так
Takovac	Таковац	noun		сербская фамилия
takozvani	такозвани	adj		так называемый
takođe	takođe	conj		также, тоже
takođe	такође	conj		также, тоже
taksa	такса	noun		такса (аналогично русск. такса I)
taksimetar	таксиметар	noun		таксометр
takson	таксон	noun		таксон (аналогично русскому слову)
taksonomija	таксономија	noun		биол. таксономия
taksonomist	таксономист	noun		таксономист, систематик
taksonomski	таксономски	adj		книжн. таксономический
taktilan	тактилан	adj		тактильный
taktički	тактички	adj		тактический
talac	талац	noun		заложник
talasna dužina	таласна дужина	phrase		физ. длина волны
talasovod	таласовод	noun		техн. волновод
talij	талиј	noun		хим. таллий
Talija	Талија	noun		мифол. Талия (муза комедии); мифол. Талия (одна из Харит)
talijanski	талијански	adj		итальянский
talijum	талијум	noun		хим. таллий
taljiv	таљив	adj		плавкий
talk	талк	noun		минер. тальк
Talović	Таловић	noun		сербская фамилия
taman	таман	adj		тёмный
Tamindžić	Таминџић	noun		сербская фамилия
tamna energija	тамна енергија	phrase		тёмная энергия
tamna maglina	тамна маглина	phrase		астрон. тёмная туманность
tamna materija	тамна материја	phrase		тёмная материя
Tampolja	Тампоља	noun		сербская фамилия
tampon	tampon	noun		тампон
tampon	тампон	noun		тампон
tamponirati	тампонирати	verb		мед. тампонировать
tanac	танац	noun		танец
Tanackov	Танацков	noun		сербская фамилия
Tanacković	Танацковић	noun		сербская фамилия
tanak	танак	adj		тонкий
Tanasijević	Танасијевић	noun		сербская фамилия
Tanasić	Танасић	noun		сербская фамилия
Tanasković	Танасковић	noun		сербская фамилия
tanatologija	танатологија	noun		танатология
tangens	тангенс	noun		матем. тангенс (аналогично русскому слову)
tanin	танин	noun		хим. танин
Tanić	Танић	noun		сербская фамилия
Tanjga	Тањга	noun		сербская фамилия
tanjurić	тањурић	noun		блюдце
Tankosić	Танкосић	noun		сербская фамилия
Tanović	Тановић	noun		сербская фамилия
tantal	тантал	noun		хим. тантал
tantijema	тантијема	noun		фин. тантьема
Tančević	Танчевић	noun		сербская фамилия
Tančić	Танчић	noun		сербская фамилия
Tapavica	Тапавица	noun		сербская фамилия
tapir	тапир	noun		зоол. тапир (аналогично русскому слову) (Tapirus)
tapiserija	таписерија	noun		гобелен
Tarabić	Тарабић	noun		сербская фамилия
Tarana	Тарана	noun		сербская фамилия
Taranović	Тарановић	noun		сербская фамилия
tarantula	тарантула	noun		зоол. тарантул
Tarbuk	Тарбук	noun		сербская фамилия
Tasić	Тасић	noun		сербская фамилия
Tasković	Тасковић	noun		сербская фамилия
tasmanijski	тасманијски	adj		тасманийский, тасманский
tasmanijski đavo	тасманијски ђаво	phrase		тасманийский дьявол
Tasovac	Тасовац	noun		сербская фамилия
Tatalović	Таталовић	noun		сербская фамилия
tatarski	татарски	adj		татарский
Tatomirović	Татомировић	noun		сербская фамилия
Tatović	Татовић	noun		сербская фамилия
tautologija	таутологија	noun		лингв. тавтология
Taušanović	Таушановић	noun		сербская фамилия
tava	тава	noun		сковорода, сковородка
tavan	таван	noun		чердак
tavanica	таваница	noun		потолок
tačka	тачка	noun		точка (во всех значениях)
tačka ključanja	тачка кључања	phrase		физ. температура кипения
tačka topljenja	тачка топљења	phrase		физ. температура плавления
Tašković	Ташковић	noun		сербская фамилия
teatar senki	театар сенки	phrase		театр теней
Tebi	Теби	noun		Тебю
tefrohronologija	тефрохронологија	noun		спец. тефрохронология
Tegeltija	Тегелтија	noun		сербская фамилия
tehnecijum	технецијум	noun		хим. технеций
tehnikum	техникум	noun		техникум (аналогично русскому слову)
tehnokratija	технократија	noun		технократия
tehnologija	tehnologija	noun		технология
tehnologija	технологија	noun		технология
teizam	теизам	noun		религ. теизм
tek	тек	adv		только, лишь
tekst	текст	noun		текст [1]
tekstolog	текстолог	noun		текстолог
tektonika	тектоника	noun		геофиз. тектоника
tekućina	текућина	noun		жидкость
tel	тел	noun		устар. тонкая проволока; серебряная или золотая нить либо тесьма для шитья или вышивания
Telebak	Телебак	noun		сербская фамилия
telefon	телефон	noun		телефон (аналогично русскому слову)
telefonski	телефонски	adj		телефонный
telegrafirati	телеграфирати	verb		телеграфировать
telegram	телеграм	noun		телеграмма
telekineza	телекинеза	noun		фант. телекинез
telekomunikacija	telekomunikacija	noun		телекоммуникация
telekomunikacija	телекомуникација	noun		телекоммуникация
telemetar	телеметар	noun		дальномер
telemetrija	telemetrija	noun		техн. телеметрия
telemetrija	телеметрија	noun		техн. телеметрия
teleologija	телеологија	noun		филос. телеология
telepatija	телепатија	noun		телепатия
teleskop	телескоп	noun		телескоп
televizija	телевизија	noun		телевидение
televizor	телевизор	noun		телевизор (аналогично русскому слову)
telo	тело	noun		тело (аналогично русскому слову)
telohranitelj	телохранитељ	noun		телохранитель
telomeraza	теломераза	noun		биохим. теломераза
telomeraza	telomeraza	noun		биохим. теломераза
telur	телур	noun		хим. теллур
tematski	тематски	adj		тематический
temelj	темељ	noun		фундамент
Temerinac	Темеринац	noun		сербская фамилия
Temerinski	Темерински	noun		сербская фамилия
tempera	темпера	noun		искусств. темпера
temperament	темперамент	noun		темперамент (аналогично русскому слову)
temperatura	температура	noun		температура
tendenciozan	тенденциозан	adj		тенденциозный
tendenciozno	тенденциозно	adv		тенденциозно
tenis	тенис	noun		теннис
teniser	тенисер	noun		спорт. теннисист
Tenjović	Тењовић	noun		сербская фамилия
tenk	tenk	noun		воен. танк
tenk	тенк	noun		воен. танк
tenkist	тенкист	noun		воен. танкист
tenzija	тензија	noun		физ., эл.-техн. напряжение; натяжение
tenzor	тензор	noun		матем. тензор
teobromin	teobromin	noun		биохим. теобромин
teodolit	теодолит	noun		теодолит (аналогично русскому слову)
Teodor	Teodor	noun		Теодор
Teodor	Теодор	noun		мужское имя греческого происхождения Теодор
Teodorović	Теодоровић	noun		сербская фамилия
Teodorčević	Теодорчевић	noun		сербская фамилия
Teodosić	Теодосић	noun		сербская фамилия
Teofanović	Теофановић	noun		сербская фамилия
Teofilović	Теофиловић	noun		сербская фамилия
Teokarević	Теокаревић	noun		сербская фамилия
teokratija	теократија	noun		полит. теократия
teokratski	теократски	adj		теократический
teološki	теолошки	adj		книжн. теологический, богословский
teološki	teološki	adj		книжн. теологический, богословский
teorema	теорема	noun		матем. теорема
teorija	теорија	noun		теория
teorija struna	теорија струна	phrase		физ. теория струн
teorija verovatnoće	теорија вероватноће	phrase		матем. теория вероятностей
teorija zavere	теорија завере	phrase		теория заговора
teorijski	теоријски	adj		теоретический
Teovanović	Теовановић	noun		сербская фамилия
teozofski	теозофски	adj		книжн. теософский, теософический
Tepavac	Тепавац	noun		сербская фамилия
Tepavčević	Тепавчевић	noun		сербская фамилия
tepih	тепих	noun		ковёр
Tepić	Тепић	noun		сербская фамилия
Tepšić	Тепшић	noun		сербская фамилия
terapija	терапија	noun		мед. терапия
teratogenost	тератогеност	noun		мед. тератогенность
terazije	теразије	noun		весы
teren	терен	noun		почва, земля, грунт; местность, участок, территория
terestrička planeta	терестричка планета	phrase		астрон. планета земной группы, землеподобная планета
terminologija	терминологија	noun		терминология
terminološki	терминолошки	adj		терминологический
termit	термит	noun		энтомол. термит (аналогично русскому слову)
termodinamika	термодинамика	noun		физ. термодинамика
termoelastičan	термоеластичан	adj		спец. термоэластичный
termoelektrana	термоелектрана	noun		теплоэлектростанция
termohemija	термохемија	noun		термохимия
termonuklearan	термонуклеаран	adj		физ. термоядерный
termoregulacija	терморегулација	noun		физиол. терморегуляция
termos	термос	noun		термос
teror	терор	noun		террор
terorist	терорист	noun		террорист
teroristički	teroristički	adj		террористический
teroristički	терористички	adj		террористический
terorizam	тероризам	noun		терроризм
terpen	терпен	noun		хим. терпен (аналогично русскому слову)
Terpsihora	Терпсихора	noun		мифол. Терпсихора (муза танцев)
Terzić	Терзић	noun		сербская фамилия
tesan	тесан	adj		узкий
tesar	тесар	noun		плотник
Tesla	Тесла	noun		сербская фамилия
testament	тестамент	noun		юр. завещание
testosteron	тестостерон	noun		физиол. тестостерон
tetanus	тетанус	noun		мед. столбняк
tetanus	tetanus	noun		мед. столбняк
tetiva	тетива	noun		анат. сухожилие
tetovaža	тетоважа	noun		татуировка
tetovaža	tetovaža	noun		татуировка
tetovirati	tetovirati	verb		татуировать
tetraedar	тетраедар	noun		геометр. тетраэдр; четырёхгранник
tetragramaton	тетраграматон	noun		религ. тетраграмматон, тетраграмма
tetrahidrokanabinol	тетрахидроканабинол	noun		хим. тетрагидроканнабинол
tetrarhija	тетрархија	noun		истор. тетрархия
tetroda	тетрода	noun		эл.-техн. тетрод
Tezej	Тезеј	noun		Тесей
tečnost	tečnost	noun		жидкость
Tešanović	Тешановић	noun		сербская фамилия
Tešević	Тешевић	noun		сербская фамилия
Tešinić	Тешинић	noun		сербская фамилия
Tešinović	Тешиновић	noun		сербская фамилия
Tešić	Тешић	noun		сербская фамилия
Tešović	Тешовић	noun		сербская фамилия
težak	тежак	adj		тяжёлый
težiti	тежити	verb		весить
ti	ти	pron		ты
tibetanski	тибетански	adj		тибетский
tibetski	тибетски	adj		тибетский
Tica	Тица	noun		сербская фамилия
tiganj	тигањ	noun		сковородка
tigar	тигар	noun		зоол. тигр
tigar	tigar	noun		тигр
tigrica	тигрица	noun		тигрица
tigrica	tigrica	noun		тигрица
tih	тих	adj		тихий
Tihi okean	Тихи океан	phrase		Тихий океан
Tihomir	Tihomir	noun		Тихомир
Tihomir	Тихомир	noun		Тихомир
Tihomirović	Тихомировић	noun		сербская фамилия
Tijanić	Тијанић	noun		сербская фамилия
tijesto	тијесто	noun		кулин. тесто
tilda	тилда	noun		полигр. тильда
Timarac	Тимарац	noun		сербская фамилия
Timarov	Тимаров	noun		сербская фамилия
timol	timol	noun		хим. тимол
Timotijević	Тимотијевић	noun		сербская фамилия
Timotić	Тимотић	noun		сербская фамилия
timus	тимус	noun		анат. тимус (аналогично русскому слову), вилочковая железа
tinejdžer	тинејџер	noun		подросток, тинейджер
Tintor	Тинтор	noun		сербская фамилия
Tiodorović	Тиодоровић	noun		сербская фамилия
Tiosavljević	Тиосављевић	noun		сербская фамилия
tiosulfat	тиосулфат	noun		хим. тиосульфат
tiosulfat	tiosulfat	noun		хим. тиосульфат
tipologija	типологија	noun		типология
tipološki	типолошки	adv		типологически
Tipsarević	Типсаревић	noun		сербская фамилия
tiranija	тиранија	noun		тирания
Tirnanić	Тирнанић	noun		сербская фамилия
Tirol	Тирол	noun		Тироль
tisuća	тисућа	num		тысяча
tisućljeće	тисућљеће	noun		тысячелетие
titan	титан	noun		хим. титан
titanat	titanat	noun		хим. титанат
titula	титула	noun		титул; сан; звание
tišina	тишина	noun		тишина (аналогично русскому слову)
Tišma	Тишма	noun		сербская фамилия
Tišović	Тишовић	noun		сербская фамилия
tkanje	ткање	noun		ткачество
tkati	ткати	verb		ткать
Tlačinac	Тлачинац	noun		сербская фамилия
tlo	тло	noun		земля, почва
Tmušić	Тмушић	noun		сербская фамилия
to	to	unknown		это, то
toaletni papir	тоалетни папир	phrase		туалетная бумага
tobolac	тоболац	noun		колчан (для стрел)
Todić	Тодић	noun		сербская фамилия
Todor	Todor	noun		Тодор
Todor	Тодор	noun		Тодор
Todorinović	Тодориновић	noun		сербская фамилия
Todorić	Тодорић	noun		сербская фамилия
Todorović	Тодоровић	noun		сербская фамилия
Todorčević	Тодорчевић	noun		сербская фамилия
Todosijević	Тодосијевић	noun		сербская фамилия
Todović	Тодовић	noun		сербская фамилия
Toholj	Тохољ	noun		сербская фамилия
Tojaga	Тојага	noun		сербская фамилия
Tojić	Тојић	noun		сербская фамилия
Tokanović	Токановић	noun		сербская фамилия
tokar	токар	noun		токарь
tokar	tokar	noun		токарь
tokom	tokom	adv		во время, в ходе, в течение
tokom	током	adv		во время, в ходе, в течение
Toković	Токовић	noun		сербская фамилия
toksikologija	токсикологија	noun		токсикология
toksikoza	токсикоза	noun		мед. токсикоз
toksičan	токсичан	adj		токсичный
tolerancija	толеранција	noun		толерантность, терпимость
tolerantan	толерантан	adj		толерантный; терпимый
Tolimir	Толимир	noun		сербская фамилия
Toljati	Тољати	noun		Тольятти
Toljević	Тољевић	noun		сербская фамилия
Tolović	Толовић	noun		сербская фамилия
Toma	Toma	noun		Тома
Toma	Тома	noun		Тома
Tomac	Томац	noun		сербская фамилия
tomahavk	томахавк	noun		томагавк
Tomanić	Томанић	noun		сербская фамилия
Tomanović	Томановић	noun		сербская фамилия
Tomaš	Томаш	noun		сербская фамилия
Tomašev	Томашев	noun		сербская фамилия
Tomašević	Томашевић	noun		сербская фамилия
Tominčić	Томинчић	noun		сербская фамилия
Tomislav	Tomislav	noun		Томислав
Tomislav	Томислав	noun		Томислав
Tomić	Томић	noun		сербская фамилия
Tomićević	Томићевић	noun		сербская фамилия
Tomičić	Томичић	noun		сербская фамилия
Tomković	Томковић	noun		сербская фамилия
Tomonjić	Томоњић	noun		сербская фамилия
Tomović	Томовић	noun		сербская фамилия
Tomušilović	Томушиловић	noun		сербская фамилия
ton	ton	noun		тон
tonalitet	тоналитет	noun		муз. тональность
Tončić	Тончић	noun		сербская фамилия
top	top	noun		пушка
top	топ	noun		пушка; шахм. ладья
Topalov	Топалов	noun		сербская фамилия
Topalović	Топаловић	noun		сербская фамилия
topao	топао	adj		тёплый
Topić	Топић	noun		сербская фамилия
Topličević	Топличевић	noun		сербская фамилия
Topličić	Топличић	noun		сербская фамилия
toplo	топло	adv		тепло; жарко, горячо
toplota	топлота	noun		теплота, тепло
toplotno zračenje	топлотно зрачење	phrase		физ. тепловое излучение
topograf	топограф	noun		топограф
topografija	топографија	noun		топография
topola	топола	noun		ботан. тополь
Topolac	Тополац	noun		сербская фамилия
Topolić	Тополић	noun		сербская фамилия
topologija	топологија	noun		матем. топология
Topolovački	Тополовачки	noun		сербская фамилия
Topolović	Тополовић	noun		сербская фамилия
topološki prostor	тополошки простор	phrase		матем. топологическое пространство
toponim	топоним	noun		лингв. топоним (аналогично русскому слову)
toponimija	топонимија	noun		лингв. топонимика
topor	топор	noun		топор (аналогично русскому слову)
topovnjača	топовњача	noun		морск. канонерка
Topuzović	Топузовић	noun		сербская фамилия
toranj	торањ	noun		башня
Torački	Торачки	noun		сербская фамилия
Torbica	Торбица	noun		сербская фамилия
torij	ториј	noun		хим. то же, что торијум: торий
torijum	торијум	noun		хим. торий
Torlaković	Торлаковић	noun		сербская фамилия
Tornjanski	Торњански	noun		сербская фамилия
Toroman	Тороман	noun		сербская фамилия
Toropec	Торопец	noun		Торопец
Torović	Торовић	noun		сербская фамилия
torta	торта	noun		торт
toskanski	тоскански	adj		тосканский
Toskić	Тоскић	noun		сербская фамилия
totalitaran	totalitaran	adj		полит. тоталитарный
totalitaran	тоталитаран	adj		полит. тоталитарный
totalitarizam	тоталитаризам	noun		тоталитаризм
tovar	товар	noun		груз
Tovarišić	Товаришић	noun		сербская фамилия
točak	точак	noun		колесо
točak	točak	noun		колесо
Točanac	Точанац	noun		сербская фамилия
Točilovac	Точиловац	noun		сербская фамилия
Tošanić	Тошанић	noun		сербская фамилия
Tošanović	Тошановић	noun		сербская фамилия
Tošić	Тошић	noun		сербская фамилия
Tošković	Тошковић	noun		сербская фамилия
Tošović	Тошовић	noun		сербская фамилия
tradicija	традиција	noun		традиция
tradicionalan	традиционалан	adj		традиционный
tradicionalist	традиционалист	noun		полит. традиционалист
tradicionalna medicina	традиционална медицина	phrase		народная медицина, традиционная медицина
tradicionalno	традиционално	adv		традиционно
tradicionalnost	традиционалност	noun		традиционность
tragedija	трагедија	noun		трагедия
tragizam	трагизам	noun		трагизм
tragičan	трагичан	adj		трагический, трагичный
tragičnost	трагичност	noun		трагичность, трагизм
traheja	трахеја	noun		анат. трахея
trahom	трахом	noun		мед. трахома
Trailov	Траилов	noun		сербская фамилия
Trailović	Траиловић	noun		сербская фамилия
Trajanović	Трајановић	noun		сербская фамилия
trajektorija	трајекторија	noun		траектория
Trajković	Трајковић	noun		сербская фамилия
Trajčević	Трајчевић	noun		сербская фамилия
traka	трака	noun		бант
Trakija	Тракија	noun		Фракия
trambulina	trambulina	noun		батут
Tramošljika	Трамошљика	noun		сербская фамилия
trampa	трампа	noun		экон. мена, обмен
trampa	trampa	noun		экон. бартер, обмен
Trandafilović	Трандафиловић	noun		сербская фамилия
transformacija	трансформација	noun		трансформация, преобразование; матем. преобразование
transformator	трансформатор	noun		эл.-техн. трансформатор
transformisati	трансформисати	verb		трансформировать, преобразовывать, превращать; (~ се) трансформироваться, преобразовываться, превращаться
transfuzija krvi	трансфузија крви	phrase		мед. переливание крови, гемотрансфузия, трансфузия
Transilvanija	Трансилванија	noun		Трансильвания
transkripcija	транскрипција	noun		лингв. транскрипция
transliteracija	транслитерација	noun		лингв. транслитерация
transsibirski	транссибирски	adj		транссибирский
transsibirski	transsibirski	adj		транссибирский
tranzistor	транзистор	noun		техн. транзистор (аналогично русскому слову)
tranzistor	tranzistor	noun		техн. транзистор [1]
trast	траст	noun		экон. траст
tratinčica	тратинчица	noun		маргаритка
traumatologija	трауматологија	noun		мед. травматология
trava	трава	noun		трава
Travar	Травар	noun		сербская фамилия
Travica	Травица	noun		сербская фамилия
travnjak	травњак	noun		газон
tražiti	тражити	verb		искать
Traživuk	Траживук	noun		сербская фамилия
Trbaljevac	Трбаљевац	noun		сербская фамилия
Trbojević	Трбојевић	noun		сербская фамилия
Trboljevac	Трбољевац	noun		сербская фамилия
Trbović	Трбовић	noun		сербская фамилия
trbuhozborac	трбухозборац	noun		чревовещатель
treba	treba	adv		нужно, необходимо, следует
Trebinjac	Требињац	noun		сербская фамилия
trenje	трење	noun		трение
trenutan	тренутан	adj		текущий
trenutno	trenutno	adv		моментально; в настоящий момент
trenutno	тренутно	adv		моментально; в настоящий момент
trepanacija	трепанација	noun		мед. трепанация
trepavica	трепавица	noun		ресница
Tresač	Тресач	noun		сербская фамилия
Tresačević	Тресачевић	noun		сербская фамилия
treset	тресет	noun		торф
tresti	трести	verb		трясти
trezan	трезан	adj		трезвый
trezan	trezan	adj		трезвый
treći	трећи	num		третий
trg	трг	noun		площадь (городская); рынок
trgovac	трговац	noun		торговец
trgovina	трговина	noun		торговля
Trgovčević	Трговчевић	noun		сербская фамилия
tri	три	num		три (аналогично русскому слову)
triangulacija	триангулација	noun		геод. триангуляция
triceratops	трицератопс	noun		палеонт. трицератопс (аналогично русскому слову)
tricikl	трицикл	noun		трёхколёсный велосипед
trideset	trideset	num		тридцать
trideset	тридесет	num		тридцать
tridesetougao	тридесетоугао	noun		геометр. тридцатиугольник
Trifković	Трифковић	noun		сербская фамилия
triftong	трифтонг	noun		лингв. трифтонг
Trifunac	Трифунац	noun		сербская фамилия
Trifunov	Трифунов	noun		сербская фамилия
Trifunović	Трифуновић	noun		сербская фамилия
triglif	триглиф	noun		архит. триглиф
trigonometrijska funkcija	тригонометријска функција	phrase		матем. тригонометрическая функция
trigonometrijski	тригонометријски	adj		тригонометрический
trijera	тријера	noun		истор. триера, трирема
trijezan	trijezan	adj		трезвый
trijezan	тријезан	adj		трезвый
Trikić	Трикић	noun		сербская фамилия
Trimčević	Тримчевић	noun		сербская фамилия
trinaest	тринаест	num		тринадцать
trinaesti	тринаести	num		тринадцатый
trinitrotoluen	тринитротолуен	noun		тринитротолуол, тротил
trinom	трином	noun		матем. трёхчлен, трином
triola	триола	noun		муз. триоль
triper	трипер	noun		триппер
Tripić	Трипић	noun		сербская фамилия
Tripković	Трипковић	noun		сербская фамилия
Tripunović	Трипуновић	noun		сербская фамилия
triput	трипут	adv		троекратно, трижды
trista	триста	num		триста
tristoti	тристоти	num		трёхсотый
Trivalić	Тривалић	noun		сербская фамилия
Trivan	Триван	noun		Триван (фамилия)
Trivanović	Тривановић	noun		сербская фамилия
Trivić	Тривић	noun		сербская фамилия
Trivičević	Тривичевић	noun		сербская фамилия
Trivković	Тривковић	noun		сербская фамилия
Trivunac	Тривунац	noun		сербская фамилия
Trivunić	Тривунић	noun		сербская фамилия
Trivunović	Тривуновић	noun		сербская фамилия
Trivunčević	Тривунчевић	noun		сербская фамилия
Trivunčić	Тривунчић	noun		сербская фамилия
Tričković	Тричковић	noun		сербская фамилия
Trišević	Тришевић	noun		сербская фамилия
Trišić	Тришић	noun		сербская фамилия
Trišović	Тришовић	noun		сербская фамилия
trka u naoružanju	трка у наоружању	phrase		гонка вооружений
trkač	тркач	noun		бегун
Trkulja	Тркуља	noun		сербская фамилия
Trmčić	Трмчић	noun		сербская фамилия
Trnavac	Трнавац	noun		сербская фамилия
Trnavčević	Трнавчевић	noun		сербская фамилия
Trninić	Трнинић	noun		сербская фамилия
Trnjanac	Трњанац	noun		сербская фамилия
Trnjančev	Трњанчев	noun		сербская фамилия
trnjina	трњина	noun		тёрн, терновник
Trobok	Тробок	noun		сербская фамилия
trockizam	троцкизам	noun		истор. троцкизм
Troja	Троја	noun		истор. Троя
Trojanović	Тројановић	noun		сербская фамилия
trojanski	тројански	adj		истор. троянский
Trojančević	Тројанчевић	noun		сербская фамилия
trolejbus	тролејбус	noun		троллейбус
Trolhetan	Тролхетан	noun		Тролльхеттан
trombon	тромбон	noun		муз. тромбон
trombon	trombon	noun		муз. тромбон
tromost	тромост	noun		физ. инерция
tropizam	тропизам	noun		биол. тропизм
tropski	тропски	adj		геогр. тропический
tropski	tropski	adj		геогр. тропический
trostruk	трострук	adj		тройной
trotinet	тротинет	noun		самокат
trotoar	тротоар	noun		тротуар
trougao	троугао	noun		геометр. треугольник
trovanje	тровање	noun		заражение, отравление
trovanje	trovanje	noun		заражение, отравление
Trošić	Трошић	noun		сербская фамилия
Trpković	Трпковић	noun		сербская фамилия
trputac	трпутац	noun		подорожник
trska	трска	noun		ботан. тростник (Phragmites)
trsljika	трсљика	noun		ботан. тростник (Phragmites)
truba	труба	noun		труба
trubadur	трубадур	noun		истор. трубадур
Trubarac	Трубарац	noun		сербская фамилия
trubač	трубач	noun		горнист; трубач (аналогично русскому слову в 1 знач.)
trudnoća	трудноћа	noun		физиол. беременность
trudoljubije	трудољубије	noun		трудолюбие
trudoljubiv	трудољубив	adj		трудолюбивый, работящий
Trujkić	Трујкић	noun		сербская фамилия
Trumbulović	Трумбуловић	noun		сербская фамилия
truo	труо	adj		гнилой
trup	труп	noun		анат. туловище, торс, корпус; остов, корпус
trupa	трупа	noun		труппа
tržišna ekonomija	тржишна економија	phrase		экон. рыночная экономика
tržišni	tržišni	adj		рыночный
tržišni	тржишни	adj		рыночный
tržište	тржиште	noun		рынок
Tubonjić	Тубоњић	noun		сербская фамилия
Tucakov	Туцаков	noun		сербская фамилия
Tucaković	Туцаковић	noun		сербская фамилия
Tucović	Туцовић	noun		сербская фамилия
Tufegdžić	Туфегџић	noun		сербская фамилия
tuga	туга	noun		горе, печаль
tugrik	тугрик	noun		тугрик (аналог. русск. тугрик [1]
Tulimirović	Тулимировић	noun		сербская фамилия
Tumara	Тумара	noun		сербская фамилия
Tumbaković	Тумбаковић	noun		сербская фамилия
tundra	тундра	noun		геогр. тундра (аналог. русск. тундра I)
tunel	тунел	noun		тоннель
tunel	tunel	noun		тоннель
Tunguz	Тунгуз	noun		тюркская Казахское слово первенец , первый , тунгуш фамилия
tunika	туника	noun		истор. туника (аналогично русскому слову)
Tuović	Туовић	noun		сербская фамилия
Tupanjac	Тупањац	noun		сербская фамилия
tupougli	тупоугли	adj		геометр. тупоугольный
Turajlić	Турајлић	noun		сербская фамилия
turban	турбан	noun		тюрбан, чалма
turbina	турбина	noun		турбина (аналогично русскому слову)
Turinski	Турински	noun		сербская фамилия
turist	турист	noun		турист (аналогично русскому слову)
turistički	туристички	adj		туристический
turizam	туризам	noun		туризм
turpija	турпија	noun		напильник
Turska	Турска	noun		Турция
Turudić	Турудић	noun		сербская фамилия
Turukalo	Турукало	noun		сербская фамилия; финская фамилия
Tutić	Тутић	noun		сербская фамилия
Tutnjević	Тутњевић	noun		сербская фамилия
Tutorić	Туторић	noun		сербская фамилия
Tuševljak	Тушевљак	noun		сербская фамилия
tužaljka	тужаљка	noun		жалобная песнь
Tver	Tver	noun		Тверь
Tver	Твер	noun		Тверь
tvor	твор	noun		зоол. хорёк
tvrdi disk	тврди диск	phrase		комп. жёсткий диск
Tvrdišić	Тврдишић	noun		сербская фамилия
tvrdnja	tvrdnja	noun		утверждение
tvrdnja	тврдња	noun		утверждение
tvrdoglav	тврдоглав	adj		упрямый
tvrdoglavost	тврдоглавост	noun		упрямство, упёртость
tvrdokrilac	tvrdokrilac	noun		энтомол. жук
tvrdokrilac	тврдокрилац	noun		энтомол. жук
tvrđava	тврђава	noun		крепость
u	u	prep		в
u	у	unknown		у, в
u se, na se i poda se	у се, на се и пода се	phrase		в себя, на себя и под себя! пожрать-попить, одеться и потрахаться!
u skladu s	у складу с	phrase		в соответствии с
u skladu s	u skladu s	phrase		в соответствии с
u šali	у шали	phrase		в шутку
Ub	Уб	noun		Уб (населённый пункт в Сербии)
Ubavić	Убавић	noun		сербская фамилия
Ubavkić	Убавкић	noun		сербская фамилия
ubica	убица	noun		убийца
ubica	ubica	noun		убийца
ubijati	убијати	verb		убивать
Ubiparip	Убипарип	noun		сербская фамилия
Ubiparipović	Убипариповић	noun		сербская фамилия
ubistvo	убиство	noun		убийство
ubistvo	ubistvo	noun		убийство
ubiti	ubiti	verb		убить
Ubović	Убовић	noun		сербская фамилия
ucena	уцена	noun		шантаж
ucenjivati	уцењивати	verb		шантажировать
ucenjivati	ucenjivati	verb		шантажировать
ucenjivač	ucenjivač	noun		шантажист
ucjena	уцјена	noun		шантаж
ucjenjivati	уцјењивати	verb		шантажировать
udaljavati	удаљавати	verb		удалять, отдалять
udaljenost	удаљеност	noun		расстояние
udar	удар	noun		удар
Udevala	Удевала	noun		Уддевалла
udica	удица	noun		рыболовный крючок
udolina	удолина	noun		долина
udomitelj	удомитељ	noun		приёмный родитель
udovica	удовица	noun		вдова
Udovičić	Удовичић	noun		сербская фамилия
Udovički	Удовички	noun		сербская фамилия
Udovčić	Удовчић	noun		сербская фамилия
ugalj	угаљ	noun		уголь
Uganda	Уганда	noun		Уганда
ugao	угао	noun		угол
Ugarak	Угарак	noun		сербская фамилия
Ugarković	Угарковић	noun		сербская фамилия
ugledati svetlost dana	ugledati svetlost dana	phrase		выйти в свет, , увидеть свет (об издании)
ugledati svetlost dana	угледати светлост дана	phrase		выйти в свет, увидеть свет (об издании)
ugljena kiselina	угљена киселина	phrase		хим. углекислота, угольная кислота
ugljenik	угљеник	noun		хим. углерод
ugljenik	ugljenik	noun		хим. углерод
Uglješić	Угљешић	noun		сербская фамилия
ugljovodonik	угљоводоник	noun		хим. углеводород
ugor	угор	noun		угорь
Ugren	Угрен	noun		сербская фамилия
Ugrenović	Угреновић	noun		сербская фамилия
Ugrica	Угрица	noun		сербская фамилия
Ugrinović	Угриновић	noun		сербская фамилия
Ugričić	Угричић	noun		сербская фамилия
ugrožavanje	ugrožavanje	noun		угроза
ugrožavanje	угрожавање	noun		угроза
Ujedinjene nacije	Уједињене нације	phrase		Организация Объединённых Наций (ООН), Объединённые Нации
Ujedinjeno Kraljevstvo Velike Britanije i Severne Irske	Уједињено Краљевство Велике Британије и Северне Ирске	phrase		Соединённое Королевство Великобритании и Северной Ирландии
ujedno	ujedno	adv		вместе, одновременно
ujedno	уједно	adv		вместе, одновременно
ujesti	ујести	verb		кусать
ujtru	ујтру	adv		утром
ujutro	ујутро	adv		утром
ujutru	ујутру	adv		утром
ukazivati	ukazivati	verb		указывать, показывать; оказывать
ukazivati	указивати	verb		указывать, показывать; оказывать
ukidanje	ukidanje	noun		отмена
ukidanje	укидање	noun		отмена
ukloniti	ukloniti	verb		убрать, устранить; отстранить
ukloniti	уклонити	verb		убрать, устранить; отстранить
ukosnica	укосница	noun		шпилька для волос
ukočen	укочен	adj		окоченевший, закоченевший (от холода); оцепеневший, застывший, скованный (от страха, удивления, болезни)
ukrainski	украински	adj		украинский
Ukrajina	Украјина	noun		Украина
ukrajinski	ukrajinski	adj		украинский
ukrajinski	украјински	adj		украинский
Ukropina	Укропина	noun		сербская фамилия
ukusan	укусан	adj		вкусный, лакомый
ulan	улан	noun		истор., воен. улан (аналогично русскому слову)
ulaziti	улазити	verb		входить; въезжать
ulaziti	ulaziti	verb		входить; въезжать
Ulemek	Улемек	noun		сербская фамилия
ulica	улица	noun		улица (аналогично русскому слову)
ulica	ulica	noun		улица
ulište	улиште	noun		улей
uljanica	уљаница	noun		коптилка, масляная лампа, каганец
Uljanovsk	Уљановск	noun		Ульяновск
Uljarević	Уљаревић	noun		сербская фамилия
ulje	уље	noun		масло (жидкое растительное или минеральное)
ulješura	уљешура	noun		кашалот
ulog	улог	noun		вклад (денежные средства, которые организации или отдельные лица хранят в финансовом учреждении); депозит
ultimatum	ултиматум	noun		ультиматум
ultrazvuk	ултразвук	noun		физ. ультразвук
um	ум	noun		ум
um	um	noun		ум
umak	умак	noun		соус
umanjilac	умањилац	noun		матем. вычитаемое
Umeljić	Умељић	noun		сербская фамилия
Umeo	Умео	noun		Умео (аналогично русскому слову)
umeti	умети	verb		уметь; перен. знать
umetnost	уметност	noun		искусство
Umiljendić	Умиљендић	noun		сербская фамилия
Umićević	Умићевић	noun		сербская фамилия
umor	умор	noun		усталость, утомление, утомлённость
umorstvo	уморство	noun		убийство
umorstvo	umorstvo	noun		убийство
umreti	умрети	verb		умереть
umrijeti	умријети	verb		умереть
unanimizam	унанимизам	noun		филол. унанимизм
Unesko	Унеско	noun		ЮНЕСКО
uniforman	униформан	adj		единообразный
unija	unija	noun		уния, союз
unija	унија	noun		уния, союз
unitarna država	унитарна држава	phrase		полит. унитарное государство
unižavanje	унижавање	noun		унижение, принижение
Unković	Унковић	noun		сербская фамилия
unuk	unuk	noun		внук
unuk	унук	noun		внук
unuka	унука	noun		внучка
unutarpolni	унутарполни	adj		внутриполовой
upadljiv	upadljiv	adj		заметный, яркий, бросающийся в глаза
upadljiv	упадљив	adj		заметный, яркий, бросающийся в глаза
upasti	упасти	verb		напасть
upitnik	упитник	noun		знак вопроса, вопросительный знак
uplivan	упливан	adj		влиятельный
uporno	упорно	adv		упорно, усиленно
uporno	uporno	adv		упорно, усиленно
upotreba	употреба	noun		применение, использование
upravljati	управљати	verb		управлять; направлять
upravljač	управљач	noun		руль, рулевое колесо
Upsala	Упсала	noun		Упсала (аналогично русскому слову)
Uranija	Уранија	noun		мифол. Урания (муза астрономии)
uranijum	уранијум	noun		уран, хим. химический элемент с атомным номером 92, обозначается химическим символом U, радиоактивный металл из группы трансурановых актиноидов
uređaj	уређај	noun		приспособление, устройство
uređaj	uređaj	noun		устройство, девайс
Uroš	Uroš	noun		Урош
Uroš	Урош	noun		Урош
Urošev	Урошев	noun		сербская фамилия
Urošević	Урошевић	noun		сербская фамилия
Urugvaj	Urugvaj	noun		геогр. Уругвай
Urugvaj	Уругвај	noun		геогр. Уругвай
Urugvajac	Уругвајац	noun		уругваец
urugvajski	уругвајски	adj		уругвайский
Urukalo	Урукало	noun		сербская фамилия
uručivati	уручивати	verb		вручать
usamljen	усамљен	adj		одинокий; уединённый; отделённый от других; пустынный; безлюдный
usamljenost	усамљеност	noun		одиночество
usev	усев	noun		с.-х. посев (то, что посеяно)
usisivač	усисивач	noun		пылесос
Uskoković	Ускоковић	noun		сербская фамилия
uslov	uslov	noun		условие
uslov	услов	noun		условие
usmeriti	усмерити	verb		направить, устремить, нацелить; сориентировать, наставить (кого-либо)
usna	usna	noun		анат. губа
usna	усна	noun		анат. губа
uspavanka	успаванка	noun		колыбельная песня
uspevati	успевати	verb		успевать (делать вовремя)
uspešnost	успешност	noun		успешность
usporedba	успоредба	noun		сравнение
uspravno	uspravno	adv		вертикально, по вертикали
uspravno	усправно	adv		вертикально, по вертикали
ustanak	устанак	noun		восстание
ustanik	устаник	noun		повстанец, инсургент
ustavan	уставан	adj		конституционный
ustavna monarhija	уставна монархија	phrase		конституционная монархия
ustavno pravo	уставно право	phrase		юр. конституционное право
ustavnost	уставност	noun		полит. конституционность
ustrašivanje	устрашивање	noun		запугивание, устрашение
ustupak	уступак	noun		уступка
usvajanje	usvajanje	noun		усваивание; принятие
usvajanje	усвајање	noun		усваивание; принятие
utemeljivač	утемељивач	noun		основатель
utemeljivač	utemeljivač	noun		основатель
uticaj	утицај	noun		влияние
uticajan	утицајан	adj		влиятельный
utilitarizam	утилитаризам	noun		филос. утилитаризм
Utješanović	Утјешановић	noun		сербская фамилия
Utješenović	Утјешеновић	noun		сербская фамилия
Utješinović	Утјешиновић	noun		сербская фамилия
utorak	utorak	noun		вторник
utorak	уторак	noun		вторник
uvek	увек	adv	ekav	всегда
uvis	увис	adv		вверх, наверх
uvo	уво	noun		ухо
uvođenje	uvođenje	noun		введение
uvođenje	увођење	noun		введение
uvreda	увреда	noun		оскорбление, обида; юр. оскорбление (как правонарушение)
uzak	узак	adj		узкий
uzalud	узалуд	adv		напрасно, зря
Uzanović	Узановић	noun		сербская фамилия
uzda	uzda	noun		узда, вожжа, повод
Uzelac	Узелац	noun		сербская фамилия
uzemljenje	уземљење	noun		техн. заземление
uzengija	узенгија	noun		стремя
uzimati	узимати	verb		брать
Uzunović	Узуновић	noun		сербская фамилия
učenik	učenik	noun		ученик, школьник
učesnica	учесница	noun		участница
učestalost	учесталост	noun		частота
učestvovati	učestvovati	verb		участвовать
učestvovati	учествовати	verb		участвовать
učitelj	учитељ	noun		учитель
učiteljski	учитељски	adj		учительский
učtiv	учтив	adj		вежливый, учтивый
uš	уш	noun		зоол. вошь
Ušljebrka	Ушљебрка	noun		сербская фамилия
ušna školjka	ушна шкољка	phrase		ушная раковина
ušće	ушће	noun		геогр. устье (реки)
uže	уже	noun		верёвка
užežen	ужежен	adj		прогорклый
Užice	Ужице	noun		Ужице
Užice	Užice	noun		Ужице
vabiti	вабити	verb		приманивать
vabiti	vabiti	verb		приманивать
vaga	vaga	noun		весы; вес
vaga	вага	noun		весы; вес
vagati	vagati	verb		взвешивать
vagati	вагати	verb		взвешивать
vagina	вагина	noun		анат. вагина (аналогично русскому слову), влагалище
vaginalni seks	вагинални секс	phrase		сексол. вагинальный секс
vaginizam	вагинизам	noun		физиол. вагинизм
vaginizam	vaginizam	noun		физиол. вагинизм
vagon	вагон	noun		вагон (аналогично русскому слову)
vagon	vagon	noun		вагон
vagonski	vagonski	adj		вагонный
vagonski	вагонски	adj		вагонный
vajar	вајар	noun		скульптор
vajarstvo	вајарство	noun		скульптура (вид искусства)
vajditi	vajditi	verb		извлекать пользу или выгоду
vajditi	вајдити	verb		извлекать пользу или выгоду
vajditi se	vajditi se	verb		пользоваться
vajditi se	вајдити се	verb		пользоваться
Vajić	Вајић	noun		сербская фамилия
Vajović	Вајовић	noun		сербская фамилия
vakantan	вакантан	adj		вакантный, незанятый
vakcinacija	вакцинација	noun		вакцинация
vakcinisati	вакцинисати	verb		мед. вакцинировать
Vakičić	Вакичић	noun		сербская фамилия
Vakulović	Вакуловић	noun		сербская фамилия
vakuola	вакуола	noun		биол. вакуоль
vakuum	вакуум	noun		вакуум (аналогично русскому слову)
val	вал	noun		волна
Val	Вал	noun		мифол. Баал, Ваал
Valanović	Валановић	noun		сербская фамилия
valcer	валцер	noun		вальс
valentnost	валентност	noun		хим. валентность
valerijana	валеријана	noun		ботан. валериана (валерьяна)
valjak	ваљак	noun		техн. каток (машина для разравнивания дороги)
Valjarević	Ваљаревић	noun		сербская фамилия
Valjevo	Ваљево	noun		Валево
Valjevo	Valjevo	noun		Валево
valonski	валонски	adj		валлонский
Valović	Валовић	noun		сербская фамилия
Valtrović	Валтровић	noun		сербская фамилия
vampir	vampir	noun		вампир
vampir	вампир	noun		мифол. вампир (аналогично русскому слову)
vanadij	ванадиј	noun		хим. ванадий
vanadijum	ванадијум	noun		хим. ванадий
vandalizam	вандализам	noun		вандализм
vanilija	ванилија	noun		ботан. ваниль (Vanilla)
vanilin	ванилин	noun		хим. ванилин
Vanja	Vanja	noun		Ваня
Vanja	Вања	noun		Ваня
vanmaterična trudnoća	ванматерична трудноћа	phrase		мед. внематочная беременность
Vanovac	Вановац	noun		сербская фамилия
vanzemaljski	ванземаљски	adj		внеземной, инопланетный
vapnenac	вапненац	noun		геол. известняк
Varaga	Варага	noun		сербская фамилия
Varagić	Варагић	noun		сербская фамилия
Varberg	Варберг	noun		Варберг (аналогично русскому слову)
Varda	Варда	noun		сербская фамилия
Varevac	Варевац	noun		сербская фамилия
varijacija	варијација	noun		вариация
varijanta	варијанта	noun		вариант
Varinac	Варинац	noun		сербская фамилия
Varićak	Варићак	noun		сербская фамилия
Varjačić	Варјачић	noun		сербская фамилия
Varna	Варна	noun		Варна (аналогично русскому слову)
varnica	варница	noun		искра
varnica	varnica	noun		искра
varvarski	варварски	adj		варварский
Varšava	Варшава	noun		Варшава
Vasilije	Vasilije	noun		Василий
Vasilije	Василије	noun		Василий
Vasilijević	Василијевић	noun		сербская фамилия
Vasilić	Василић	noun		сербская фамилия
Vasilj	Vasilj	noun		Василь
Vasilj	Васиљ	noun		Василь
Vasilje	Vasilje	noun		Василь
Vasilje	Васиље	noun		Василь
Vasiljev	Васиљев	noun		сербская фамилия
Vasiljević	Васиљевић	noun		сербская фамилия
Vasiljko	Vasiljko	noun		Василько
Vasiljko	Васиљко	noun		Василько
Vasiljković	Васиљковић	noun		сербская фамилия
vasiona	васиона	noun		космос
vasiona	vasiona	noun		космос, вселенная
Vasić	Васић	noun		сербская фамилия
Vasko	Vasko	noun		Васко
Vasko	Васко	noun		Васко
Vasković	Васковић	noun		сербская фамилия
Vasojević	Васојевић	noun		сербская фамилия
Vasović	Васовић	noun		сербская фамилия
vata	вата	noun		вата
Vatazević	Ватазевић	noun		сербская фамилия
vaterpolista	ватерполиста	noun		ватерполист
Vatikan	Ватикан	noun		геогр., полит. Ватикан
vatreno oružje	ватрено оружје	phrase		огнестрельное оружие
vatrogasac	ватрогасац	noun		пожарный, пожарник
Vavan	Ваван	noun		сербская фамилия
Vavilon	Вавилон	noun		истор. Вавилон (аналогично русскому слову)
vavilonski	вавилонски	adj		вавилонский
vaza	ваза	noun		ваза (аналогично русскому слову)
vazda	вазда	adv		всегда
vazduh	ваздух	noun		воздух
vazduhoplovstvo	ваздухопловство	noun		авиация, воздухоплавание
vazduhoplovstvo	vazduhoplovstvo	noun		авиация, воздухоплавание
vazelin	вазелин	noun		вазелин (аналогично русскому слову)
Vašalić	Вашалић	noun		сербская фамилия
vašar	вашар	noun		ярмарка
važan	важан	adj		важный, значимый
važnost	важност	noun		важность
Veberović	Веберовић	noun		сербская фамилия
vegetarijanac	вегетаријанац	noun		вегетарианец
vegetarijanac	vegetarijanac	noun		вегетарианец
vegetarijanizam	вегетаријанизам	noun		вегетарианство
vegetarijanstvo	вегетаријанство	noun		вегетарианство
vek	век	noun		век (аналогично русскому слову)
veksilologija	вексилологија	noun		вексиллология
vektor	вектор	noun		матем. вектор
Vekše	Векше	noun		Векшё
Velanac	Веланац	noun		сербская фамилия
velebilje	велебиље	noun		ботан. белладонна (Atropa belladonna)
Velebit	Велебит	noun		сербская фамилия
veleposlanik	велепосланик	noun		посол
veleposlanstvo	велепосланство	noun		посольство
Velibor	Velibor	noun		Велибор
Velibor	Велибор	noun		Велибор
Velika kneževina Litvanija	Велика кнежевина Литванија	phrase		истор. Великое княжество Литовское
veliki	велики	adj		большой
Veliki hadronski sudarač	Велики хадронски сударач	phrase		Большой адронный коллайдер
Velikinac	Великинац	noun		сербская фамилия
Velikić	Великић	noun		сербская фамилия
velikodušnost	великодушност	noun		великодушие
Velimir	Velimir	noun		Велимир
Velimir	Велимир	noun		Велимир (аналогично русскому слову)
Velimirac	Велимирац	noun		сербская фамилия
Velimirov	Велимиров	noun		сербская фамилия
Velimirović	Велимировић	noun		сербская фамилия
Velinović	Велиновић	noun		сербская фамилия
Velisavljev	Велисављев	noun		сербская фамилия
Velisavljević	Велисављевић	noun		сербская фамилия
Veličkov	Величков	noun		сербская фамилия
Veličković	Величковић	noun		сербская фамилия
Velišić	Велишић	noun		сербская фамилия
Veljanović	Вељановић	noun		сербская фамилия
Veljančić	Вељанчић	noun		сербская фамилия
Veljašević	Вељашевић	noun		сербская фамилия
Veljko	Veljko	noun		Велько
Veljko	Вељко	noun		Велько
Veljković	Вељковић	noun		сербская фамилия
Veljović	Вељовић	noun		сербская фамилия
velodrom	велодром	noun		велодром (аналогично русскому слову)
velosiped	велосипед	noun		велосипед (аналогично русскому слову)
Velšanin	Велшанин	noun		валлиец, уэльсец
Velšanin	Velšanin	noun		валлиец, уэльсец
Vemić	Вемић	noun		сербская фамилия
Venecuela	Венецуела	noun		Венесуэла
Venera	Венера	noun		мифол. Венера (аналогично русскому слову); астрон. Венера (аналогично русскому слову)
veneričan	венеричан	adj		мед. венерический
Venčević	Венчевић	noun		сербская фамилия
vepar	вепар	noun		кабан, вепрь, дикая свинья
vera	вера	noun		вера
veranda	веранда	noun		веранда (аналогично русскому слову)
Verbić	Вербић	noun		сербская фамилия
Vergović	Верговић	noun		сербская фамилия
veriga	верига	noun		цепь
Verić	Верић	noun		сербская фамилия
verižnjača	верижњача	noun		истор. кольчуга
Vermezović	Вермезовић	noun		сербская фамилия
verodostojnost	веродостојност	noun		достоверность, правдоподобие; надёжность, авторитетность (источника)
veroispoved	вероисповед	noun		религ. вероисповедание, конфессия
veroispovest	вероисповест	noun		религ. вероисповедание, конфессия
verojatnost	веројатност	noun		вероятность
vertikalan	вертикалан	adj		вертикальный
veruga	веруга	noun	ekav	цепь
Veruović	Веруовић	noun	ekav	сербская фамилия
Veselin	Veselin	noun		Веселин
Veselin	Веселин	noun		Веселин
Veselinov	Веселинов	noun		сербская фамилия
Veselinović	Веселиновић	noun		сербская фамилия
Veselić	Веселић	noun		сербская фамилия
Veseličić	Веселичић	noun		сербская фамилия
veseo	весео	adj		весёлый
Vesić	Весић	noun		сербская фамилия
Vesković	Весковић	noun		сербская фамилия
veslanje	веслање	noun		гребля
veslo	весло	noun		весло
Vesnić	Веснић	noun		сербская фамилия
Vesović	Весовић	noun		сербская фамилия
vestalka	весталка	noun		истор. весталка
Vesteros	Вестерос	noun		Вестерос (аналогично русскому слову)
Vestfalija	Вестфалија	noun		Вестфалия
vetar	ветар	noun		ветер
Veteha	Ветеха	noun		сербская фамилия
veto	вето	noun		вето (аналогично русскому слову)
vetrenjača	ветрењача	noun		ветряная мельница
vetrokaz	ветроказ	noun		флюгер
veverica	veverica	noun		зоол. белка (лат. Sciurus)
Vezmar	Везмар	noun		сербская фамилия
većanje	већање	noun		совещание, обсуждение, прения; заседание (совета, веча)
veći	veći	adj		больший
veći	већи	adj		больший
većina	većina	noun		большинство
većina	већина	noun		большинство
većinom	većinom	adv		большей частью, в большинстве случаев
većinom	већином	adv		большей частью, в большинстве случаев
veče	veče	noun		вечер
večer	вечер	noun		вечер (аналогично русскому слову)
večera	вечера	noun		ужин
večno	вечно	adv		вечно (аналогично русскому слову)
večnost	вечност	noun		вечность
veđa	веђа	noun		бровь
Veškovac	Вешковац	noun		сербская фамилия
veštica	вештица	noun		ведьма, колдунья
veštičarstvo	вештичарство	noun		колдовство
vežba	вежба	noun		упражнение; тренировка
vi	ви	pron		вы
Viborg	Viborg	noun		Выборг
Viborg	Виборг	noun		Выборг
viborški	виборшки	adj		выборгский
vibrafon	вибрафон	noun		вибрафон
vibrion	вибрион	noun		микробиол. вибрион
Vicanović	Вицановић	noun		сербская фамилия
vicekancelar	вицеканцелар	noun		вице-канцлер
Vico	Вицо	noun		сербская фамилия
Vicovac	Вицовац	noun		сербская фамилия
vid	вид	noun		зрение, видение; взгляд
Vidakov	Видаков	noun		сербская фамилия
Vidaković	Видаковић	noun		сербская фамилия
Vidanović	Видановић	noun		сербская фамилия
Vidarić	Видарић	noun		сербская фамилия
Vidačić	Видачић	noun		сербская фамилия
Vidačković	Видачковић	noun		сербская фамилия
Videkanić	Видеканић	noun		сербская фамилия
Videnović	Виденовић	noun		сербская фамилия
video-igrica	видео-игрица	noun		видеоигра
videokaseta	видеокасета	noun		видеокассета
videomagnetofon	видеомагнетофон	noun		видеомагнитофон
Vidicki	Видицки	noun		сербская фамилия
Vidić	Видић	noun		сербская фамилия
Vidičević	Видичевић	noun		сербская фамилия
vidljiv	видљив	adj		видимый
vidljivost	видљивост	noun		видимость
Vidoje	Vidoje	noun		Видой
Vidoje	Видоје	noun		Видой
Vidojević	Видојевић	noun		сербская фамилия
Vidojković	Видојковић	noun		сербская фамилия
Vidosavljević	Видосављевић	noun		сербская фамилия
Vidović	Видовић	noun		сербская фамилия
vidra	видра	noun		зоол. выдра (Lutra)
Viduljević	Видуљевић	noun		сербская фамилия
Vidulović	Видуловић	noun		сербская фамилия
Vignjević	Вигњевић	noun		сербская фамилия
vijadukt	вијадукт	noun		архит. виадук
Vijatov	Вијатов	noun		сербская фамилия
Vijatović	Вијатовић	noun		сербская фамилия
vijeno	вијено	noun		приданое
vikati	викати	verb		кричать
Vikipedija	Википедија	noun		Википедия
Vikirečnik	Викиречник	noun		Викисловарь
Vila	Вила	noun		сербская фамилия
vile	виле	noun		вилы
Vilendečić	Вилендечић	noun		сербская фамилия
Vilenica	Виленица	noun		сербская фамилия
vilica	вилица	noun		анат. челюсть; вилка
Vilimonović	Вилимоновић	noun		сербская фамилия
viličar	виличар	noun		автопогрузчик
viljuška	виљушка	noun		вилка
viljuškar	виљушкар	noun		автокар
viljuškar	viljuškar	noun		автокар
Vilnjus	Вилњус	noun		Вильнюс
vilnjuski	вилњуски	adj		вильнюсский
Vilotijević	Вилотијевић	noun		сербская фамилия
Vilotić	Вилотић	noun		сербская фамилия
Vilovski	Виловски	noun		сербская фамилия
Vilus	Вилус	noun		сербская фамилия
vinarstvo	винарство	noun		виноделие
vino	вино	noun		вино (аналогично русскому слову)
vinograd	vinograd	noun		виноградник
Vinčić	Винчић	noun		сербская фамилия
violina	виолина	noun		скрипка
violončelo	виолончело	noun		муз. виолончель
vir	вир	noun		водоворот
Virijević	Виријевић	noun		сербская фамилия
virion	вирион	noun		биол. вирион
virolog	virolog	noun		вирусолог
virologija	вирологија	noun		биол. вирусология
virtuelna realnost	виртуелна реалност	phrase		виртуальная реальность
virus	вирус	noun		биол. вирус (аналогично русскому слову)
visaljka	висаљка	noun		гамак
visinomer	висиномер	noun		высотомер; альтиметр
viskoznost	вискозност	noun		вязкость
visok	висок	adj		высокий
visoko obrazovanje	високо образовање	phrase		образ. высшее образование
Vitakić	Витакић	noun		сербская фамилия
vitamin	витамин	noun		витамин (аналогично русскому слову)
Vitanović	Витановић	noun		сербская фамилия
Vitas	Витас	noun		сербская фамилия
Vitasović	Витасовић	noun		сербская фамилия
vitez	витез	noun		рыцарь, всадник
Vitezović	Витезовић	noun		сербская фамилия
Vitkovac	Витковац	noun		сербская фамилия
Vitković	Витковић	noun		сербская фамилия
Vitomirac	Витомирац	noun		сербская фамилия
Vitomirov	Витомиров	noun		сербская фамилия
Vitomirović	Витомировић	noun		сербская фамилия
Vitorović	Виторовић	noun		сербская фамилия
Vitošević	Витошевић	noun		сербская фамилия
vitraž	витраж	noun		витраж (аналогично русскому слову)
vivak	вивак	noun		орнитол. чибис
vivijanit	вивијанит	noun		минер. вивианит
vizni	vizni	adj		визовый
vizni	визни	adj		визовый
vizon	визон	noun		зоол. норка
Vićanović	Вићановић	noun		сербская фамилия
Vićentijević	Вићентијевић	noun		сербская фамилия
Vićentić	Вићентић	noun		сербская фамилия
Vićovac	Вићовац	noun		сербская фамилия
Vićović	Вићовић	noun		сербская фамилия
Višacki	Вишацки	noun		сербская фамилия
višak	вишак	noun		экон. профицит
Višekruna	Вишекруна	noun		сербская фамилия
Višeslav	Višeslav	noun		Вышеслав
Višeslav	Вишеслав	noun		Вышеслав
višestaničan	вишестаничан	adj		многоклеточный
Višić	Вишић	noun		сербская фамилия
Višković	Вишковић	noun		сербская фамилия
Višnjevac	Вишњевац	noun		сербская фамилия
Višnjički	Вишњички	noun		сербская фамилия
Vjetrović	Вјетровић	noun		сербская фамилия
vještačka inteligencija	вјештачка интелигенција	phrase		искусственный интеллект
Vještica	Вјештица	noun		сербская фамилия
vlada	влада	noun		правительство
vlada	vlada	noun		правительство
Vlada	Vlada	noun		Влада
Vladan	Vladan	noun		Владан
Vladan	Владан	noun		Владан
Vladanović	Владановић	noun		сербская фамилия
Vladetić	Владетић	noun		сербская фамилия
Vladiković	Владиковић	noun		сербская фамилия
Vladimir	Владимир	noun		Владимир
Vladimir	Vladimir	noun		Владимир
Vladimirović	Владимировић	noun		сербская фамилия
Vladimirska oblast	Владимирска област	phrase		Владимирская область
Vladisavljev	Владисављев	noun		сербская фамилия
Vladisavljević	Владисављевић	noun		сербская фамилия
Vladislav	Владислав	noun		Владислав
Vladislav	Vladislav	noun		Владислав
Vladić	Владић	noun		сербская фамилия
Vladičić	Владичић	noun		сербская фамилия
Vlado	Vlado	noun		Владо
Vlado	Владо	noun		Владо
Vladović	Владовић	noun		сербская фамилия
Vladuljević	Владуљевић	noun		сербская фамилия
Vladulov	Владулов	noun		сербская фамилия
Vladulović	Владуловић	noun		сербская фамилия
Vladušić	Владушић	noun		сербская фамилия
vlaga	влага	noun		влага
Vlahović	Влаховић	noun		сербская фамилия
Vlaisavljević	Влаисављевић	noun		сербская фамилия
Vlajinac	Влајинац	noun		сербская фамилия
Vlajić	Влајић	noun		сербская фамилия
Vlajkov	Влајков	noun		сербская фамилия
Vlajković	Влајковић	noun		сербская фамилия
Vlajović	Влајовић	noun		сербская фамилия
Vlajčić	Влајчић	noun		сербская фамилия
Vlaketić	Влакетић	noun		сербская фамилия
vlakno	влакно	noun		волокно
Vlaović	Влаовић	noun		сербская фамилия
Vlasinić	Власинић	noun		сербская фамилия
vlasnik	власник	noun		владелец
vlasulja	власуља	noun		парик
Vlatko	Vlatko	noun		Владик, Влатко
Vlatko	Влатко	noun		Владик, Влатко
Vlatković	Влатковић	noun		сербская фамилия
Vlačina	Влачина	noun		сербская фамилия
Vlačić	Влачић	noun		сербская фамилия
Vlaška	Влашка	noun		Валахия
Vlaškalić	Влашкалић	noun		сербская фамилия
Vlaški	Влашки	noun		сербская фамилия
Vlašković	Влашковић	noun		сербская фамилия
vod	вод	noun		воен. взвод
voda	вода	noun		вода (аналогично русскому слову) 1 (влага) и 2 (H₂O)
voda	voda	noun		вода
vodeničar	воденичар	noun		мельник
vodenjak	водењак	noun		зоол. тритон
vodomar	водомар	noun		орнитол. зимородок
vodonik	vodonik	noun		хим. водород
vodonik	водоник	noun		хим. водород
vodopad	водопад	noun		водопад (аналогично русскому слову)
Vodoplav	Водоплав	noun		сербская фамилия
vodoravan	водораван	adj		горизонтальный
vodoravno	vodoravno	adv		горизонтально, по горизонтали
vodoravno	водоравно	adv		горизонтально, по горизонтали
vodozemac	водоземац	noun		зоол. амфибия; земноводное
Vojimirović	Војимировић	noun		сербская фамилия
Vojinović	Војиновић	noun		сербская фамилия
Vojislav	Vojislav	noun		Воислав
Vojislav	Војислав	noun		Воислав
Vojičić	Војичић	noun		сербская фамилия
vojna operacija	војна операција	phrase		воен. военная операция
vojna strategija	војна стратегија	phrase		воен. военная стратегия
vojni	vojni	adj		военный
vojni	војни	adj		военный
vojnik	војник	noun		солдат
vojnik	vojnik	noun		военнослужащий, военный; воин, солдат, боец
Vojnomir	Vojnomir	noun		Войномир
Vojnomir	Војномир	noun		Войномир
vojnoslužac	војнослужац	noun		военнослужащий
Vojnov	Војнов	noun		сербская фамилия
vojvoda	војвода	noun		князь
Vojvodina	Војводина	noun		Воеводина
vojvodstvo	војводство	noun		воеводство
Vojčić	Војчић	noun		сербская фамилия
volan	волан	noun		руль, рулевое колесо
Volanović	Волановић	noun		сербская фамилия
Volaš	Волаш	noun		сербская фамилия
voleti	волети	verb		любить
voleti	voleti	verb		любить
volfram	волфрам	noun		хим. вольфрам
volframit	волфрамит	noun		минер. вольфрамит
voli	воли	verb		форма настоящего времени третьего лица единственного числа изъявительного наклонения глагола волети
voltampermetar	волтамперметар	noun		техн. вольтамперметр
voltmetar	волтметар	noun		техн. вольтметр
vombat	вомбат	noun		вомбат (аналогично русскому слову)
vomitus	вомитус	noun		физиол. рвота
Vorgić	Воргић	noun		сербская фамилия
Vorkapić	Воркапић	noun		сербская фамилия
Voronjež	Вороњеж	noun		Воронеж
vosak	восак	noun		воск
votka	вотка	noun		водка
voćnjak	воћњак	noun		фруктовый сад
Vođević	Вођевић	noun		сербская фамилия
Voštinić	Воштинић	noun		сербская фамилия
Voštić	Воштић	noun		сербская фамилия
vrabac	врабац	noun		орнитол. воробей
Vrakela	Вракела	noun		сербская фамилия
vrana	врана	noun		зоол. ворона (Corvus)
Vraneš	Вранеш	noun		сербская фамилия
Vranešević	Вранешевић	noun		сербская фамилия
Vranić	Вранић	noun		сербская фамилия
Vranjanac	Врањанац	noun		сербская фамилия
Vranje	Врање	noun		Вране
Vranje	Vranje	noun		Вране
Vranjevac	Врањевац	noun		сербская фамилия
Vranješ	Врањеш	noun		сербская фамилия
Vranješević	Врањешевић	noun		сербская фамилия
Vranjković	Врањковић	noun		сербская фамилия
Vranković	Вранковић	noun		сербская фамилия
Vrančević	Вранчевић	noun		сербская фамилия
Vrančić	Вранчић	noun		сербская фамилия
vrat	vrat	noun		анат. шея
vrata	врата	noun		ворота
vratilo	вратило	noun		спорт. турник; перекладина
Vratonjić	Вратоњић	noun		сербская фамилия
Vračar	Врачар	noun		сербская фамилия
Vračarić	Врачарић	noun		сербская фамилия
Vračević	Врачевић	noun		сербская фамилия
vrba	врба	noun		ботан. ива, верба (Salix)
Vrbajac	Врбајац	noun		сербская фамилия
Vrbaški	Врбашки	noun		сербская фамилия
Vrbljanac	Врбљанац	noun		сербская фамилия
Vrcelj	Врцељ	noun		сербская фамилия
Vrebalov	Вребалов	noun		сербская фамилия
vredan	вредан	adj		ценный; прилежный
Vreljaković	Врељаковић	noun		сербская фамилия
vreme	време	noun	ekav	время; погода
vreme	vreme	noun	ekav	время; погода
vreme poluraspada	време полураспада	phrase	ekav	физ. период полураспада
vremenska prognoza	временска прогноза	phrase	ekav	прогноз погоды
vremenska zona	временска зона	phrase	ekav	часовой пояс
vremeplov	времеплов	noun	ekav	машина времени
vreteno	вретено	noun		веретено
vretna	вретна	noun		зоол. хорёк
vreća za spavanje	врећа за спавање	phrase		спальный мешок
vređanje	вређање	noun		оскорбление, обида, унижение (процесс или действие)
Vrhovac	Врховац	noun		сербская фамилия
vrijeme	vrijeme	noun		погода; время
vrtar	вртар	noun		садовник
vrtati	вртати	verb		сверлить
vrteška	вртешка	noun		карусель
Vrtikapa	Вртикапа	noun		сербская фамилия
vrtić	вртић	noun		детский сад
vrtlar	vrtlar	noun		садовник
vrtlog	вртлог	noun		водоворот
Vrugić	Вругић	noun		сербская фамилия
Vrzić	Врзић	noun		сербская фамилия
Vršac	Вршац	noun		Вршац
Vršac	Vršac	noun		Вршац
Vucelić	Вуцелић	noun		сербская фамилия
Vudrag	Вудраг	noun		сербская фамилия
Vudragović	Вудраговић	noun		сербская фамилия
Vujackov	Вујацков	noun		сербская фамилия
Vujadin	Vujadin	noun		Вуядин
Vujadin	Вујадин	noun		Вуядин
Vujadinović	Вујадиновић	noun		сербская фамилия
Vujaklija	Вујаклија	noun		сербская фамилия
Vujaković	Вујаковић	noun		сербская фамилия
Vujanac	Вујанац	noun		сербская фамилия
Vujanić	Вујанић	noun		сербская фамилия
Vujanov	Вујанов	noun		сербская фамилия
Vujanović	Вујановић	noun		сербская фамилия
Vujasinović	Вујасиновић	noun		сербская фамилия
Vujatović	Вујатовић	noun		сербская фамилия
Vujačić	Вујачић	noun		сербская фамилия
Vujašević	Вујашевић	noun		сербская фамилия
Vujašin	Vujašin	noun		Вуяшин
Vujašin	Вујашин	noun		Вуяшин
Vujašković	Вујашковић	noun		сербская фамилия
Vujetić	Вујетић	noun		сербская фамилия
Vujević	Вујевић	noun		сербская фамилия
Vujinić	Вујинић	noun		сербская фамилия
Vujinović	Вујиновић	noun		сербская фамилия
Vujisić	Вујисић	noun		сербская фамилия
Vujić	Вујић	noun		сербская фамилия
Vujičić	Вујичић	noun		сербская фамилия
Vujkovac	Вујковац	noun		сербская фамилия
Vujković	Вујковић	noun		сербская фамилия
Vujmilović	Вујмиловић	noun		сербская фамилия
Vujnić	Вујнић	noun		сербская фамилия
Vujnović	Вујновић	noun		сербская фамилия
Vujović	Вујовић	noun		сербская фамилия
Vujošević	Вујошевић	noun		сербская фамилия
Vujčetić	Вујчетић	noun		сербская фамилия
vuk	вук	noun		зоол. волк (Canis lupus)
Vuk	Vuk	noun		Вук
Vuk	Вук	noun		Вук
Vukadin	Vukadin	noun		Вукадин
Vukadin	Вукадин	noun		Вукадин
Vukadinović	Вукадиновић	noun		сербская фамилия
Vukajlović	Вукајловић	noun		сербская фамилия
Vukaljević	Вукаљевић	noun		сербская фамилия
Vukalović	Вукаловић	noun		сербская фамилия
Vukanac	Вуканац	noun		сербская фамилия
Vukanić	Вуканић	noun		сербская фамилия
Vukanović	Вукановић	noun		сербская фамилия
Vukas	Вукас	noun		сербская фамилия
Vukasović	Вукасовић	noun		сербская фамилия
Vukašin	Vukašin	noun		Вукашин
Vukašin	Вукашин	noun		Вукашин
Vukašinac	Вукашинац	noun		сербская фамилия
Vukašinović	Вукашиновић	noun		сербская фамилия
Vukelić	Вукелић	noun		сербская фамилия
Vukelja	Вукеља	noun		сербская фамилия
Vukenović	Вукеновић	noun		сербская фамилия
Vukić	Вукић	noun		сербская фамилия
Vukićević	Вукићевић	noun		сербская фамилия
Vukičević	Вукичевић	noun		сербская фамилия
Vukmirov	Вукмиров	noun		сербская фамилия
Vukmirović	Вукмировић	noun		сербская фамилия
Vukobrat	Вукобрат	noun		сербская фамилия
Vukobratović	Вукобратовић	noun		сербская фамилия
Vukoičić	Вукоичић	noun		сербская фамилия
vukojebina	вукојебина	noun		обсц. ебеня
Vukojević	Вукојевић	noun		сербская фамилия
Vukojičić	Вукојичић	noun		сербская фамилия
Vukojčić	Вукојчић	noun		сербская фамилия
Vukolić	Вуколић	noun		сербская фамилия
Vukomanović	Вукомановић	noun		сербская фамилия
Vukosavljev	Вукосављев	noun		сербская фамилия
Vukosavljević	Вукосављевић	noun		сербская фамилия
Vukota	Vukota	noun		Вукота
Vukota	Вукота	noun		Вукота
Vukotić	Вукотић	noun		сербская фамилия
Vukov	Вуков	noun		сербская фамилия
Vukovac	Вуковац	noun		сербская фамилия
Vuković	Вуковић	noun		сербская фамилия
Vukovljak	Вуковљак	noun		сербская фамилия
Vukovojac	Вуковојац	noun		сербская фамилия
Vuksan	Vuksan	noun		Вуксан
Vuksan	Вуксан	noun		Вуксан
Vuksanović	Вуксановић	noun		сербская фамилия
Vukčević	Вукчевић	noun		сербская фамилия
Vukša	Вукша	noun		сербская фамилия
Vukšić	Вукшић	noun		сербская фамилия
Vuletaš	Вулеташ	noun		сербская фамилия
Vuletić	Вулетић	noun		сербская фамилия
Vuletović	Вулетовић	noun		сербская фамилия
Vulević	Вулевић	noun		сербская фамилия
Vulešević	Вулешевић	noun		сербская фамилия
Vulinović	Вулиновић	noun		сербская фамилия
Vulić	Вулић	noun		сербская фамилия
Vulićević	Вулићевић	noun		сербская фамилия
Vulišić	Вулишић	noun		сербская фамилия
vulkan	вулкан	noun		вулкан (аналогично русскому слову)
vulkanologija	вулканологија	noun		вулканология
vulkanski	вулкански	adj		вулканический
vulkanski pepeo	вулкански пепео	phrase		геол. вулканический пепел
Vulović	Вуловић	noun		сербская фамилия
Vulčević	Вулчевић	noun		сербская фамилия
Vunjak	Вуњак	noun		сербская фамилия
Vurdelja	Вурдеља	noun		сербская фамилия
Vučanović	Вучановић	noun		сербская фамилия
Vučelić	Вучелић	noun		сербская фамилия
Vučen	Вучен	noun		сербская фамилия
Vučenić	Вученић	noun		сербская фамилия
Vučenović	Вученовић	noun		сербская фамилия
Vučetić	Вучетић	noun		сербская фамилия
Vučević	Вучевић	noun		сербская фамилия
Vučijak	Вучијак	noun		сербская фамилия
Vučinić	Вучинић	noun		сербская фамилия
Vučinović	Вучиновић	noun		сербская фамилия
Vučić	Вучић	noun		сербская фамилия
Vučićević	Вучићевић	noun		сербская фамилия
Vučković	Вучковић	noun		сербская фамилия
Vučo	Вучо	noun		сербская фамилия
Vučurević	Вучуревић	noun		сербская фамилия
Vučurović	Вучуровић	noun		сербская фамилия
za	за	prep		за; для
za	za	prep		за
Zabajkalska Pokrajina	Забајкалска Покрајина	phrase		Забайкальский край
zabava	забава	noun		забава (аналогично русскому слову); бал, вечер
zabaviti	забавити	verb		позабавить, развлечь, занять
zabavište	забавиште	noun		детский сад
zabavljati	забављати	verb		забавлять, развлекать
Zablaćanski	Заблаћански	noun		сербская фамилия
zabran	забран	noun		заповедник
zabraniti	забранити	verb		запретить
zabranjen	забрањен	adj		запрещённый
zabranjivati	забрањивати	verb		запрещать
zabrati	забрати	verb		рег. (Воеводина) то же, что изабрати, избрать
Zabrdac	Забрдац	noun		сербская фамилия
Zabunović	Забуновић	noun		сербская фамилия
zadah	задах	noun		смрад, зловоние, вонь
zadatak	zadatak	noun		задача
zadatak	задатак	noun		задача
zadnji	задњи	adj		задний
Zafirović	Зафировић	noun		сербская фамилия
Zagajac	Загајац	noun		сербская фамилия
zagađenje vazduha	загађење ваздуха	phrase		загрязнение воздуха
Zagorac	Загорац	noun		сербская фамилия
Zagorčić	Загорчић	noun		сербская фамилия
Zagreb	Zagreb	noun		Загреб
zagrebački	загребачки	adj		загребский
zagrljaj	загрљај	noun		объятие
Zaharijević	Захаријевић	noun		сербская фамилия
Zaharić	Захарић	noun		сербская фамилия
zahvalan	захвалан	adj		благодарный
zahvaljivati	захваљивати	verb		благодарить
zahvalnica	захвалница	noun		благодарность
zahvalnost	захвалност	noun		благодарность
zaimača	заимача	noun		половник, поварёшка
Zair	Заир	noun		истор. Заир (аналогично русскому слову)
zajam	зајам	noun		заём
zajednički	zajednički	adj		взаимный
zajednički	заједнички	adj		взаимный
zajedno	заједно	adv		вместе
Zaječar	Зајечар	noun		Заечар
Zaječar	Zaječar	noun		Заечар
Zakić	Закић	noun		сербская фамилия
Zaklan	Заклан	noun		сербская фамилия
zakon	закон	noun		закон (аналогично русскому слову)
zakon	zakon	noun		закон
Zakonović	Законовић	noun		сербская фамилия
zakonski	zakonski	adj		законный
zakonski	законски	adj		законный
zakrpa	закрпа	noun		заплата
zalaz	залаз	noun		заход, закат
zalazak sunca	залазак сунца	phrase		закат, заход солнца
zamajac	замајац	noun		техн. маховик
Zamaklar	Замаклар	noun		сербская фамилия
zamenica	заменица	noun		местоимение
zametak	заметак	noun		биол. зародыш, эмбрион
zamka	замка	noun		петля
zamor	замор	noun		усталость
Zamurović	Замуровић	noun		сербская фамилия
zanatlija	занатлија	noun		ремесленник
zanimati	занимати	verb		интересовать
zanimljiv	занимљив	adj		интересный; занимательный
zaova	заова	noun		золовка
Zapadna Nemačka	Западна Немачка	phrase		Западная Германия
Zapadna obala	Западна обала	phrase		Западный берег реки Иордан
zapadni	западни	adj		западный
zapadnjaštvo	западњаштво	noun		филос. западничество
zapadnoslovenski	западнословенски	adj		западнославянский
zapeta	запета	noun		запятая
zapoved	заповед	noun		заповедь
zapovedati	заповедати	verb		приказывать; распоряжаться
zapošljavanje	запошљавање	noun		трудоустройство, найм
zapremina	запремина	noun		объём
zapušač	запушач	noun		пробка (затычка)
Zaradić	Зарадић	noun		сербская фамилия
zaražavanje	заражавање	noun		заражение
zaražavanje	zaražavanje	noun		заражение
Zarić	Зарић	noun		сербская фамилия
Zarković	Зарковић	noun		сербская фамилия
Zarkula	Заркула	noun		сербская фамилия
Zarubica	Зарубица	noun		сербская фамилия
Zarupski	Зарупски	noun		сербская фамилия
zaseda	заседа	noun		засада
zaslađivač	заслађивач	noun		подсластитель
zaslužiti	заслужити	verb		заслужить
zasluživati	заслуживати	verb		заслуживать
zastava	застава	noun		флаг
zastava	zastava	noun		флаг, знамя
Zastavniković	Заставниковић	noun		сербская фамилия
zastavoslovlje	заставословље	noun		вексиллология
Zastranović	Застрановић	noun		сербская фамилия
zastrašivanje	застрашивање	noun		устрашение
Zatezalo	Затезало	noun		сербская фамилия
zatiljak	затиљак	noun		анат. затылок
zato	зато	adv		поэтому
zatvorenik	затвореник	noun		узник
zavariti	заварити	verb		сварить (соединить сваркой)
zavarivač	заваривач	noun		сварщик
zaveštanje	завештање	noun		юр. завещание
zavideti	завидети	verb		завидовать
zavisnost	зависност	noun		зависимость
Zavišić	Завишић	noun		сербская фамилия
zavod	завод	noun		заведение, учреждение; центр (научный и т. п.); институт
zavojnica	завојница	noun		техн. резьба, нарезка
zavojnica	zavojnica	noun		техн. резьба, нарезка
Zavođa	Завођа	noun		сербская фамилия
zavrijedjeti	завриједјети	verb		заслужить
završetak	završetak	noun		завершение
završetak	завршетак	noun		завершение
začeće	зачеће	noun		зачатие
začin	зачин	noun		пряность, специя, приправа
Zbiljić	Збиљић	noun		сербская фамилия
zbog	zbog	prep		из-за
zbog	због	prep		из-за
zdenac	зденац	noun		колодец
Zdeslav	Zdeslav	noun		Здеслав
Zdeslav	Здеслав	noun		Здеслав
Zdjelar	Здјелар	noun		сербская фамилия
zdravilo	здравило	noun		лекарство, медикамент
Zdravić	Здравић	noun		сербская фамилия
Zdravko	Zdravko	noun		Здравко
Zdravko	Здравко	noun		Здравко
Zdravković	Здравковић	noun		сербская фамилия
zdravlje	здравље	noun		здоровье
zdravo	здраво	intj		здравствуйте
zdravstvena zaštita	здравствена заштита	phrase		здравоохранение
zdrvenuvanje	здрвенување	noun		ботан. лигнификация, одревеснение
Zdujić	Здујић	noun		сербская фамилия
Zebić	Зебић	noun		сербская фамилия
zebra	зебра	noun		зебра (аналогично русскому слову)
Zec	Зец	noun		сербская фамилия
zec	зец	noun		заяц
zec	zec	noun		заяц
Zejak	Зејак	noun		сербская фамилия
Zekanović	Зекановић	noun		сербская фамилия
Zekavica	Зекавица	noun		сербская фамилия
Zekavičić	Зекавичић	noun		сербская фамилия
Zekić	Зекић	noun		сербская фамилия
zelen	зелен	adj		зелёный
Zelen	Зелен	noun		сербская фамилия
Zelenbaba	Зеленбаба	noun		сербская фамилия
Zelenović	Зеленовић	noun		сербская фамилия
zelje	зеље	noun		капуста
Zeljković	Зељковић	noun		сербская фамилия
zemlja	zemlja	noun		земля; страна
zemlja	земља	noun		земля; страна
zemljan	земљан	adj		земляной
zemljopis	земљопис	noun		география
zemljoradnik	земљорадник	noun		земледелец
zemljotres	земљотрес	noun		землетрясение
Zemunski	Земунски	noun		сербская фамилия
zenica	зеница	noun		зрачок
zenica	zenica	noun		анат. зрачок
Zenović	Зеновић	noun		сербская фамилия
Zeremski	Зеремски	noun		сербская фамилия
zet	зет	noun		зять
Zečević	Зечевић	noun		сербская фамилия
zglob	зглоб	noun		анат. сустав
zgrada	зграда	noun		здание, строение
zid	зид	noun		архит. стена
zidati	зидати	verb		строить
zigurat	зигурат	noun		истор. зиккурат
Zilkić	Зилкић	noun		сербская фамилия
zima	зима	noun		зима (аналогично русскому слову)
Zimbabve	Зимбабве	noun		Зимбабве (аналогично русскому слову)
Zimonjić	Зимоњић	noun		сербская фамилия
Zindović	Зиндовић	noun		сербская фамилия
Zipalović	Зипаловић	noun		сербская фамилия
Zirojević	Зиројевић	noun		сербская фамилия
Zisić	Зисић	noun		сербская фамилия
Zivlak	Зивлак	noun		сербская фамилия
Zjačić	Зјачић	noun		сербская фамилия
Zlatan	Zlatan	noun		Златан
Zlatan	Златан	noun		Златан
Zlatanović	Златановић	noun		сербская фамилия
Zlatić	Златић	noun		сербская фамилия
Zlatković	Златковић	noun		сербская фамилия
zlato	zlato	noun		хим. золото
zlato	злато	noun		хим. золото
Zlatojević	Златојевић	noun		сербская фамилия
zlica	злица	noun		злюка
zlica	zlica	noun		злюка
zlo	зло	adv		плохо
zlo	зло	noun		зло (аналогично русскому слову)
zloba	злоба	noun		злоба (аналогично русскому слову)
Zlokapa	Злокапа	noun		сербская фамилия
Zlokolica	Злоколица	noun		сербская фамилия
Zloković	Злоковић	noun		сербская фамилия
zlomisao	зломисао	noun		мыслепреступление
Zlomislić	Зломислић	noun		сербская фамилия
Zlonoga	Злонога	noun		сербская фамилия
zmaj	змај	noun		дракон, змей; воздушный змей
zmija	змија	noun		змея
Zmijanac	Змијанац	noun		сербская фамилия
Zmijanjac	Змијањац	noun		сербская фамилия
znanstvenik	знанственик	noun		учёный
znati	знати	verb		знать
znoj	зној	noun		пот
Zobenica	Зобеница	noun		сербская фамилия
Zogović	Зоговић	noun		сербская фамилия
Zokić	Зокић	noun		сербская фамилия
Zolotić	Золотић	noun		сербская фамилия
zombi	зомби	noun		зомби (аналогично русскому слову)
zoofilija	зоофилија	noun		зоофилия
zoologija	zoologija	noun		зоология
zoologija	зоологија	noun		зоология
zoološki vrt	зоолошки врт	phrase		зоопарк, зоологический сад, зоосад, зверинец
zoonomija	зоономија	noun		зоономия
zooteizam	зоотеизам	noun		религ. зоотеизм, зоолатрия
Zoraja	Зораја	noun		сербская фамилия
Zoran	Zoran	noun		Зоран
Zoran	Зоран	noun		Зоран
Zoranović	Зорановић	noun		сербская фамилия
Zorić	Зорић	noun		сербская фамилия
Zoričić	Зоричић	noun		сербская фамилия
Zorkić	Зоркић	noun		сербская фамилия
zoroastrijanizam	зороастријанизам	noun		религ. зороастризм
zoroastrizam	зороастризам	noun		религ. зороастризм
Zotović	Зотовић	noun		сербская фамилия
Zoćević	Зоћевић	noun		сербская фамилия
zraka	зрака	noun		луч (света)
zrakoplovstvo	зракопловство	noun		авиация, воздухоплавание
Zrenjanin	Зрењанин	noun		Зренянин
Zrenjanin	Zrenjanin	noun		Зренянин
Zrnić	Зрнић	noun		сербская фамилия
Zrnzević	Зрнзевић	noun		сербская фамилия
zub	зуб	noun		анат. зуб
Zubac	Зубац	noun		сербская фамилия
Zubanović	Зубановић	noun		сербская фамилия
zubar	зубар	noun		зубной врач, стоматолог, дантист
Zubić	Зубић	noun		сербская фамилия
zubni	зубни	adj		зубной
zubni kamenac	зубни каменац	phrase		зубной камень
Zubović	Зубовић	noun		сербская фамилия
Zukorlić	Zukorlić	noun		сербская фамилия Зукорлич
Zukorlić	Зукорлић	noun		сербская фамилия Зукорлич
Zulević	Зулевић	noun		сербская фамилия
zupčanik	зупчаник	noun		техн. зубчатое колесо, шестерня
Zurković	Зурковић	noun		сербская фамилия
zurna	зурна	noun		муз. зурна (аналогично русскому слову)
Zurovac	Зуровац	noun		сербская фамилия
zvati	звати	verb		звонить
zvati	zvati	verb		звонить
zvekir	звекир	noun		дверной молоток, дверное кольцо
zvezda	звезда	noun		астрон. звезда [1]
zvezdan	звездан	adj		звёздный
Zvezdan	Zvezdan	noun		Звездан
Zvezdan	Звездан	noun		Звездан
zvezdano jato	звездано јато	phrase		астрон. звёздное скопление
zvonar	звонар	noun		звонарь
zvonik	звоник	noun		архит. колокольня
Zvonko	Zvonko	noun		Звонко
Zvonko	Звонко	noun		Звонко
zvrk	зврк	noun		волчок, юла
zvuk	звук	noun		звук [2]
Ćajić	Ћајић	noun		сербская фамилия
Ćaldović	Ћалдовић	noun		сербская фамилия
Ćalušić	Ћалушић	noun		сербская фамилия
Ćato	Ћато	noun		сербская фамилия
će	će	particle		показатель будущего времени для глаголов в 3-ем лице
će	ће	particle		показатель будущего времени для глаголов в 3-ем лице
Ćejić	Ћејић	noun		сербская фамилия
ćelav	ћелав	adj		лысый
ćelav	ćelav	adj		лысый
ćelijski	ћелијски	adj		клеточный
Ćelić	Ћелић	noun		сербская фамилия
Ćelper	Ћелпер	noun		сербская фамилия
Ćeramilac	Ћерамилац	noun		сербская фамилия
Ćeranić	Ћеранић	noun		сербская фамилия
ćerka	ћерка	noun		дочь
Ćetković	Ћетковић	noun		сербская фамилия
Ćećez	Ћећез	noun		сербская фамилия
Ćika	Ћика	noun		сербская фамилия
ćilibar	ћилибар	noun		янтарь
ćilim	ћилим	noun		ковёр
Ćipranić	Ћипранић	noun		сербская фамилия
Ćiprović	Ћипровић	noun		сербская фамилия
Ćirica	Ћирица	noun		сербская фамилия
ćirilica	ћирилица	noun		кириллица
Ćirilov	Ћирилов	noun		сербская фамилия
Ćirilović	Ћириловић	noun		сербская фамилия
Ćirimanović	Ћиримановић	noun		сербская фамилия
Ćirić	Ћирић	noun		сербская фамилия
Ćirjaković	Ћирјаковић	noun		сербская фамилия
Ćirjanić	Ћирјанић	noun		сербская фамилия
Ćirkov	Ћирков	noun		сербская фамилия
Ćirković	Ћирковић	noun		сербская фамилия
Ćirović	Ћировић	noun		сербская фамилия
Ćojbašić	Ћојбашић	noun		сербская фамилия
Ćopić	Ћопић	noun		сербская фамилия
Ćorac	Ћорац	noun		сербская фамилия
Ćorović	Ћоровић	noun		сербская фамилия
Ćosić	Ћосић	noun		сербская фамилия
Ćosović	Ћосовић	noun		сербская фамилия
Ćuk	Ћук	noun		сербская фамилия
Ćukić	Ћукић	noun		сербская фамилия
Ćuković	Ћуковић	noun		сербская фамилия
Ćukteraš	Ћуктераш	noun		сербская фамилия
Ćulum	Ћулум	noun		сербская фамилия
Ćup	Ћуп	noun		сербская фамилия
Ćupina	Ћупина	noun		сербская фамилия
Ćupić	Ћупић	noun		сербская фамилия
Ćurdić	Ћурдић	noun		сербская фамилия
Ćurguz	Ћургуз	noun		сербская фамилия
Ćuruvija	Ћурувија	noun		сербская фамилия
Ćurčić	Ћурчић	noun		сербская фамилия
Ćuslović	Ћусловић	noun		сербская фамилия
ćutanje	ћутање	noun		молчание
ćutanje	ćutanje	noun		молчание
ćutati	ћутати	verb		молчать
Ćušić	Ћушић	noun		сербская фамилия
Čabrilo	Чабрило	noun		сербская фамилия
Čabrinović	Чабриновић	noun		сербская фамилия
Čabrić	Чабрић	noun		сербская фамилия
čagalj	чагаљ	noun		зоол. шакал (Canis aureus)
Čairović	Чаировић	noun		сербская фамилия
Čaić	Чаић	noun		сербская фамилия
čaj	čaj	noun		чай
čaj	чај	noun		чай
Čajić	Чајић	noun		сербская фамилия
Čajkanović	Чајкановић	noun		сербская фамилия
čajni	чајни	adj		чайный
čak	чак	adv		даже
čak	čak	particle		даже
Čakarević	Чакаревић	noun		сербская фамилия
čakšire	чакшире	noun		штаны
Čalija	Чалија	noun		сербская фамилия
Čalić	Чалић	noun		сербская фамилия
Čaluković	Чалуковић	noun		сербская фамилия
Čampara	Чампара	noun		сербская фамилия
Čamparević	Чампаревић	noun		сербская фамилия
Čanadanović	Чанадановић	noun		сербская фамилия
Čanak	Чанак	noun		сербская фамилия
Čangalović	Чангаловић	noun		сербская фамилия
Čanković	Чанковић	noun		сербская фамилия
Čančar	Чанчар	noun		сербская фамилия
Čančarević	Чанчаревић	noun		сербская фамилия
čaplja	чапља	noun		орнитол. цапля
Čaprnjić	Чапрњић	noun		сербская фамилия
čar	čar	noun		очарование, шарм; чары
čarapa	чарапа	noun		чулок
Čarapić	Чарапић	noun		сербская фамилия
čarobni štapić	чаробни штапић	phrase		волшебная палочка
čarobnjak	чаробњак	noun		маг, волшебник, чародей
Čarović	Чаровић	noun		сербская фамилия
čartizam	чартизам	noun		истор. чартизм
čas	час	noun		час (единица измерения времени); урок, лекция
čas	čas	noun		час; урок, лекция
Časlav	Časlav	noun		Часлав
Časlav	Часлав	noun		Часлав
časništvo	часништво	noun		комитет
časopis	часопис	noun		газета; журнал; периодическое издание
časovničar	часовничар	noun		часовщик
Čavaljuga	Чаваљуга	noun		сербская фамилия
čavao	чавао	noun		гвоздь
Čavić	Чавић	noun		сербская фамилия
čavka	чавка	noun		галка
čavka	čavka	noun		зоол. галка (лат. Corvus monedula)
Čavoški	Чавошки	noun		сербская фамилия
Čačak	Чачак	noun		Чачак
Čačak	Čačak	noun		Чачак
čačkalica	чачкалица	noun		зубочистка
čađ	чађ	noun		сажа, копоть
čađa	чађа	noun		сажа, копоть
Čađo	Чађо	noun		сербская фамилия
čaša	чаша	noun		стакан; чаша, кубок
Čebac	Чебац	noun		сербская фамилия
Čeboksari	Чебоксари	noun		Чебоксары
čedo	čedo	noun		ребёнок
Čedomir	Čedomir	noun		Чедомир
Čedomir	Чедомир	noun		Чедомир
Čehoslovačka	Чехословачка	noun		Чехословакия
čekaonica	чекаоница	noun		приёмная
čekati	чекати	verb		ждать
Čekerevac	Чекеревац	noun		сербская фамилия
čekinjast	чекињаст	adj		щетинистый
čekinjav	чекињав	adj		щетинистый
čekić	чекић	noun		молот, молоток
Čeković	Чековић	noun		сербская фамилия
čekovna knjižica	чековна књижица	phrase		фин. чековая книжка
Čelar	Челар	noun		сербская фамилия
Čelebonović	Челебоновић	noun		сербская фамилия
Čeleketić	Челекетић	noun		сербская фамилия
čelik	челик	noun		сталь
Čeljabinsk	Чељабинск	noun		Челябинск
čelo	чело	noun		анат. лоб, чело
čembalo	чембало	noun		муз. клавесин
Čemerikić	Чемерикић	noun		сербская фамилия
čempres	чемпрес	noun		ботан. кипарис (Cupressus)
čep	чеп	noun		пробка (затычка)
Čeperac	Чеперац	noun		сербская фамилия
Čeperković	Чеперковић	noun		сербская фамилия
Čeprnja	Чепрња	noun		сербская фамилия
Čerević	Черевић	noun		сербская фамилия
Černobilj	Чернобиљ	noun		Чернобыль
černozem	чернозем	noun		чернозём
Čerović	Черовић	noun		сербская фамилия
čest	чест	adj		частый
četiri	четири	num		четыре
četiri	četiri	num		четыре
četiristo	четиристо	num		четыреста
četkica	четкица	noun		щётка
četkica za zube	четкица за зубе	phrase		зубная щётка
Četnik	Четник	noun		сербская фамилия
četrdeset	четрдесет	num		сорок
četrdesetougao	четрдесетоугао	noun		геометр. сорокаугольник
četristo	четристо	num		четыреста
četrnaest	четрнаест	num		четырнадцать
četrnaesti	четрнаести	num		четырнадцатый
četverougao	четвероугао	noun		геометр. четырёхугольник
četvrtak	četvrtak	noun		четверг — четвёртый день недели
četvrtak	четвртак	noun		четверг — четвёртый день недели
četvrtfinal	четвртфинал	noun		спорт. четвертьфинал
četvrti	četvrti	num		четвёртый
četvrti	четврти	num		четвёртый
Čečarić	Чечарић	noun		сербская фамилия
Čečenija	Чеченија	noun		Чечня
Češka	Чешка	noun		Чехия
Češka	Češka	noun		Чехия
Češljarov	Чешљаров	noun		сербская фамилия
Češljević	Чешљевић	noun		сербская фамилия
češljugar	češljugar	noun		зоол. щегол (Carduelis)
češljugar	чешљугар	noun		зоол. щегол (Carduelis)
češnjak	чешњак	noun		ботан. чеснок (Allium sativum)
češnjak	češnjak	noun		ботан. чеснок (Allium sativum)
Čibukovac	Чибуковац	noun		сербская фамилия
Čigoja	Чигоја	noun		сербская фамилия
Čikanović	Чикановић	noun		сербская фамилия
Čikarić	Чикарић	noun		сербская фамилия
Čikić	Чикић	noun		сербская фамилия
Čiplić	Чиплић	noun		сербская фамилия
Čipčić	Чипчић	noun		сербская фамилия
čist	čist	adj		чистый
čist	чист	adj		чистый
Čita	Чита	noun		Чита (аналогично русскому слову)
Čitaković	Читаковић	noun		сербская фамилия
čitalac	читалац	noun		читатель
čitatelj	читатељ	noun		читатель
Čivčić	Чивчић	noun		сербская фамилия
Čiča	Чича	noun		сербская фамилия
Čičak	Чичак	noun		сербская фамилия
čičak	чичак	noun		лопух
Čičić	Чичић	noun		сербская фамилия
Čičovački	Чичовачки	noun		сербская фамилия
čižak	чижак	noun		чиж
Čkonjević	Чкоњевић	noun		сербская фамилия
Čobanović	Чобановић	noun		сербская фамилия
Čobelić	Чобелић	noun		сербская фамилия
Čobeljić	Чобељић	noun		сербская фамилия
Čojčić	Чојчић	noun		сербская фамилия
Čokanović	Чокановић	noun		сербская фамилия
Čoko	Чоко	noun		сербская фамилия
čokolada	čokolada	noun		шоколад
čokolada	чоколада	noun		шоколад
Čokorac	Чокорац	noun		сербская фамилия
Čokorilo	Чокорило	noun		сербская фамилия
Čokov	Чоков	noun		сербская фамилия
Čolaković	Чолаковић	noun		сербская фамилия
Čolanović	Чолановић	noun		сербская фамилия
Čolić	Чолић	noun		сербская фамилия
Čolović	Чоловић	noun		сербская фамилия
Čonjagić	Чоњагић	noun		сербская фамилия
Čonkić	Чонкић	noun		сербская фамилия
Čorbić	Чорбић	noun		сербская фамилия
Čorlija	Чорлија	noun		сербская фамилия
Čotrić	Чотрић	noun		сербская фамилия
Čova	Чова	noun		сербская фамилия
čovek	човек	noun	ekav	человек
čovekolik	човеколик	adj		человекообразный
čovekomrzac	човекомрзац	noun		мизантроп
čovečanstvo	човечанство	noun		человечество
čovečanstvo	čovečanstvo	noun		человечество
čovečji	човечји	adj		человеческий
Čovilo	Човило	noun		сербская фамилия
Čović	Човић	noun		сербская фамилия
čovječanstvo	човјечанство	noun		человечество
Čočak	Чочак	noun		сербская фамилия
Čočurić	Чочурић	noun		сербская фамилия
Čpajak	Чпајак	noun		сербская фамилия
Čubraković	Чубраковић	noun		сербская фамилия
Čubrilo	Čubrilo	noun		Чубрило
Čubrilo	Чубрило	noun		Чубрило
Čubrilović	Чубриловић	noun		сербская фамилия
Čubrić	Чубрић	noun		сербская фамилия
Čubrović	Чубровић	noun		сербская фамилия
Čudanov	Чуданов	noun		сербская фамилия
Čude	Чуде	noun		сербская фамилия
čudotvorac	чудотворац	noun		религ. чудотворец
Čugurović	Чугуровић	noun		сербская фамилия
Čukalović	Чукаловић	noun		сербская фамилия
Čukanović	Чукановић	noun		сербская фамилия
Čukić	Чукић	noun		сербская фамилия
Čukvas	Чуквас	noun		сербская фамилия
Čulajević	Чулајевић	noun		сербская фамилия
Čuljković	Чуљковић	noun		сербская фамилия
Čumić	Чумић	noun		сербская фамилия
čunak	чунак	noun		текст. челнок
Čupić	Чупић	noun		сербская фамилия
Čupković	Чупковић	noun		сербская фамилия
Čurović	Чуровић	noun		сербская фамилия
čuti	чути	verb		слышать; чуять, чувствовать запах
Čutović	Чутовић	noun		сербская фамилия
Čuturilo	Чутурило	noun		сербская фамилия
čuvanje	чување	noun		хранение
čuven	чувен	adj		знаменитый; известный
Čuča	Чуча	noun		Чуча (сербская фамилия)
Čučak	Чучак	noun		сербская фамилия
Čvarković	Чварковић	noun		сербская фамилия
Čvor	Чвор	noun		сербская фамилия
čvor	чвор	noun		узел
čvor	čvor	noun		узел
Čvorak	Чворак	noun		сербская фамилия
čvorak	чворак	noun		зоол. скворец (Sturnus)
Čvorić	Чворић	noun		сербская фамилия
Čvoro	Чворо	noun		сербская фамилия
Čvorović	Чворовић	noun		сербская фамилия
đa	ђа	intj		кось-кось! (возглас при подзывании к себе лошади или вола); но (возглас при понукании лошади)
đa	đa	intj		на
đa amo, đa tamo	ђа амо, ђа тамо	phrase		то сюда, то туда
đa amo, đa tamo	đa amo, đa tamo	phrase		то сюда, то туда
Đajić	Ђајић	noun		сербская фамилия
đak	ђак	noun		ученик
đak	đak	noun		ученик
đakon	ђакон	noun		диакон
đakon	đakon	noun		диакон
đakonat	ђаконат	noun		звание диакона
đakonat	đakonat	noun		звание диакона
đakonica	ђаконица	noun		дьяконица
đakonica	đakonica	noun		дьяконица
đakonija	đakonija	noun		изысканное кушание
đakonija	ђаконија	noun		изысканное кушание
đakonik	ђаконик	noun		дьяконник
đakonik	đakonik	noun		дьяконник
đakonisati	ђаконисати	verb		быть диаконом, дьяконствовать
đakonisati	đakonisati	verb		быть диаконом
đakoniti	đakoniti	verb		рукополагать в диаконы
đakoniti	ђаконити	verb		рукополагать в диаконы
đakoniti se	ђаконити се	verb		посвящаться в диаконы
đakoniti se	đakoniti se	verb		посвящаться в диаконы
đakonovati	đakonovati	verb		быть диаконом
đakonovati	ђаконовати	verb		быть диаконом, дьяконствовать
đakonovica	ђаконовица	noun		дьяконица
đakonovica	đakonovica	noun		дьяконица
đakonski	ђаконски	adj		дьяконский
đakonski	đakonski	adj		дьяконский
đakonstvo	ђаконство	noun		дьяконство
đakonstvo	đakonstvo	noun		дьяконство
đakončad	đakončad	noun		собир. уменьш.-ласк. молодые диаконы
đakončad	ђакончад	noun		собир. уменьш.-ласк. молодые диаконы
đakonče	ђаконче	noun		уменьш.-ласк. молодой диакон
đakonče	đakonče	noun		уменьш.-ласк. молодой диакон
Đakov	Ђаков	noun		сербская фамилия
Đakovac	Ђаковац	noun		сербская фамилия
đakovanje	ђаковање	noun		учёба, период учёбы, период обучения
đakovanje	đakovanje	noun		учёба, период учёбы, период обучения
đakovati	ђаковати	verb		быть учеником
đakovati	đakovati	verb		быть учеником
Đakovački	Ђаковачки	noun		сербская фамилия
Đaković	Ђаковић	noun		сербская фамилия
Đalac	Ђалац	noun		сербская фамилия
Đalović	Ђаловић	noun		сербская фамилия
đam	ђам	noun		редк. поперечная доска
đam	đam	noun		редк. поперечная доска
Đapa	Ђапа	noun		сербская фамилия
Đapić	Ђапић	noun		сербская фамилия
đavo	ђаво	noun		чёрт, дьявол, бес
đavo	đavo	noun		чёрт, дьявол, бес
đavolak	ђаволак	noun		чертёнок, дьяволёнок; перен. шалунишка, пострелёнок
đavolak	đavolak	noun		чертёнок, дьяволёнок; перен. шалунишка, пострелёнок
đavolan	ђаволан	noun		проказник, озорник
đavolan	đavolan	noun		проказник, озорник
đavolanka	ђаволанка	noun		проказница
đavolanka	đavolanka	noun		проказница
đavolanski	ђаволански	adj		относящийся к озорникам
đavolanski	đavolanski	adj		относящийся к озорникам
đavolast	ђаволаст	adj		шаловливый, резвый, озорной
đavolast	đavolast	adj		шаловливый, резвый, озорной
đavolasto	ђаволасто	adv		шаловливо, озорно
đavolasto	đavolasto	adv		шаловливо, озорно
đavolica	ђаволица	noun		дьяволица
đavolica	đavolica	noun		дьяволица
đavolija	ђаволија	noun		хитрость, лукавство, коварство; необычная, мудрёная вещь
đavolija	đavolija	noun		хитрость, лукавство, коварство; необычная, мудрёная вещь
đavolisati	ђаволисати	verb		вести себя по-дьявольски; проказничать, озорничать, шалить, резвиться
đavolisati	đavolisati	verb		проказничать, озорничать, шалить, резвиться
đavoliti	ђаволити	verb		шалить
đavoliti	đavoliti	verb		шалить
đavolić	ђаволић	noun		уменьш.-ласк. к ђаво: дьяволёнок
đavolić	đavolić	noun		уменьш.-ласк. к đavo: дьяволёнок
đavolji	ђавољи	adj		чертовский, дьявольский; ни к чёрту не годный, негодный, никудышный
đavolji	đavolji	adj		чертовский, дьявольский; ни к чёрту не годный, негодный, никудышный
đavolski	ђаволски	adj		дьявольский
đavolski	đavolski	adj		дьявольский
đavolski	ђаволски	adv		по-дьявольски
đavolski	đavolski	adv		по-дьявольски
đavolstvo	ђаволство	noun		дьявольщина, чертовщина
đavolstvo	đavolstvo	noun		дьявольщина, чертовщина
đavoluk	ђаволук	noun		чертовщина; коварство
đavoluk	đavoluk	noun		чертовщина; коварство
đavolčad	ђаволчад	noun		собир. дьяволята, дети дьявола
đavolčad	đavolčad	noun		собир. дьяволята, дети дьявола
đavolče	ђаволче	noun		дьяволёнок, чертёнок
đavolče	đavolče	noun		дьяволёнок, чертёнок
đavolčić	ђаволчић	noun		то же, что ђаволче: чертёнок; (маленький) проказник
đavolčić	đavolčić	noun		то же, что đavolče: чертёнок; (маленький) проказник
đavolština	ђаволштина	noun		дьявольщина, чертовщина
đavolština	đavolština	noun		дьявольщина, чертовщина
đavrk	đavrk	noun		устар. каравай (хлеба)
đavrk	ђаврк	noun		устар. каравай (хлеба)
đački	ђачки	adj		ученический
Đedović	Ђедовић	noun		сербская фамилия
Đekanović	Ђекановић	noun		сербская фамилия
Đekić	Ђекић	noun		сербская фамилия
Đelić	Ђелић	noun		сербская фамилия
Đelkapić	Ђелкапић	noun		сербская фамилия
Đelmaš	Ђелмаш	noun		сербская фамилия
Đelošević	Ђелошевић	noun		сербская фамилия
Đenadije	Đenadije	noun		Геннадий, Дженадий
Đenadije	Ђенадије	noun		Геннадий, Дженадий
Đenisić	Ђенисић	noun		сербская фамилия
Đenova	Ђенова	noun		Генуя
Đerasimović	Ђерасимовић	noun		сербская фамилия
đerdan	đerdan	noun		ожерелье
đerdan	ђердан	noun		ожерелье, монисто
đerdek	ђердек	noun		брачная ночь
Đergović	Ђерговић	noun		сербская фамилия
Đerić	Ђерић	noun		сербская фамилия
Đerković	Ђерковић	noun		сербская фамилия
Đerman	Ђерман	noun		сербская фамилия
Đermanović	Ђермановић	noun		сербская фамилия
Đerović	Ђеровић	noun		сербская фамилия
đerđev	ђерђев	noun		пяльцы
đevđir	ђевђир	noun		устар. дуршлаг
Đikić	Ђикић	noun		сербская фамилия
Đilas	Ђилас	noun		сербская фамилия
Đinović	Ђиновић	noun		сербская фамилия
đinđer	ђинђер	noun		ботан. имбирь (Zingiber)
Đinđić	Ђинђић	noun		сербская фамилия
Điporović	Ђипоровић	noun		сербская фамилия
Đogo	Ђого	noun		сербская фамилия
Đoinčević	Ђоинчевић	noun		сербская фамилия
Đojinčević	Ђојинчевић	noun		сербская фамилия
Đokanović	Ђокановић	noun		сербская фамилия
Đokić	Ђокић	noun		сербская фамилия
Đoko	Đoko	noun		Джоко
Đoko	Ђоко	noun		Джоко
Đoković	Ђоковић	noun		сербская фамилия
Đolović	Ђоловић	noun		сербская фамилия
Đordan	Ђордан	noun		сербская фамилия
Đorgović	Ђорговић	noun		сербская фамилия
Đorić	Ђорић	noun		сербская фамилия
Đorović	Ђоровић	noun		сербская фамилия
Đorđe	Đorđe	noun		Джордже
Đorđe	Ђорђе	noun		Джордже
Đorđev	Ђорђев	noun		сербская фамилия
Đorđević	Ђорђевић	noun		сербская фамилия
Đorđije	Đorđije	noun		Джорджий, Георгий
Đorđije	Ђорђије	noun		Джорджий, Георгий
Đorđić	Ђорђић	noun		сербская фамилия
Đorđo	Đorđo	noun		Джорджо
Đorđo	Ђорђо	noun		Джорджо
Đotunović	Ђотуновић	noun		сербская фамилия
Đošan	Ђошан	noun		сербская фамилия
Đošanović	Ђошановић	noun		сербская фамилия
Đošović	Ђошовић	noun		сербская фамилия
Đukan	Đukan	noun		Джукан
Đukan	Ђукан	noun		Джукан
Đukanov	Ђуканов	noun		сербская фамилия
Đukanović	Ђукановић	noun		сербская фамилия
Đukelić	Ђукелић	noun		сербская фамилия
Đukić	Ђукић	noun		сербская фамилия
Đuknić	Ђукнић	noun		сербская фамилия
Đuković	Ђуковић	noun		сербская фамилия
đumbir	ђумбир	noun		имбирь
đumbir	đumbir	noun		имбирь
Đunisijević	Ђунисијевић	noun		сербская фамилия
Đura	Đura	noun		Джура
Đura	Ђура	noun		Джура
Đurakić	Ђуракић	noun		сербская фамилия
Đuranović	Ђурановић	noun		сербская фамилия
Đurasović	Ђурасовић	noun		сербская фамилия
Đurađ	Đurađ	noun		Джурадж
Đurađ	Ђурађ	noun		Джурадж
Đurašević	Ђурашевић	noun		сербская фамилия
Đurašin	Đurašin	noun		Джурашин
Đurašin	Ђурашин	noun		Джурашин
Đurašinović	Ђурашиновић	noun		сербская фамилия
Đureinović	Ђуреиновић	noun		сербская фамилия
Đuretić	Ђуретић	noun		сербская фамилия
Đurica	Đurica	noun		Джурица
Đurica	Ђурица	noun		Джурица
Đurinac	Ђуринац	noun		сербская фамилия
Đurisav	Đurisav	noun		Джурисав
Đurisav	Ђурисав	noun		Джурисав
Đurić	Ђурић	noun		сербская фамилия
Đuričić	Ђуричић	noun		сербская фамилия
Đuričko	Ђуричко	noun		сербская фамилия
Đuričkov	Ђуричков	noun		сербская фамилия
Đurišić	Ђуришић	noun		сербская фамилия
Đurkić	Ђуркић	noun		сербская фамилия
Đurko	Đurko	noun		Джурко
Đurko	Ђурко	noun		Джурко
Đurković	Ђурковић	noun		сербская фамилия
Đurovac	Ђуровац	noun		сербская фамилия
Đurović	Ђуровић	noun		сербская фамилия
Đurđe	Đurđe	noun		Джурдже
Đurđe	Ђурђе	noun		Джурдже
Đurđev	Ђурђев	noun		сербская фамилия
Đurđevac	Ђурђевац	noun		сербская фамилия
đurđevak	đurđevak	noun		ботан. ландыш (Convallaria majalis)
Đurđević	Ђурђевић	noun		сербская фамилия
Đurđić	Ђурђић	noun		сербская фамилия
Đurđulov	Ђурђулов	noun		сербская фамилия
Đusić	Ђусић	noun		сербская фамилия
Šabac	Шабац	noun		Шабац
Šabac	Šabac	noun		Шабац
Šabanović	Шабановић	noun		сербская фамилия
šablon	шаблон	noun		шаблон (аналогично русскому слову)
šablon	šablon	noun		шаблон
šablonizam	šablonizam	noun		шаблонность
šablonizam	шаблонизам	noun		шаблонность
šablonizirati	шаблонизирати	verb		мыслить по шаблону; делать по шаблону
šablonizirati	šablonizirati	verb		мыслить по шаблону; делать по шаблону
šablonski	шаблонски	adj		шаблонный
šablonski	šablonski	adj		шаблонный
Šacerović	Шацеровић	noun		сербская фамилия
šacovati	шацовати	verb		оценивающе рассматривать, смотреть, мерить взглядом
šacovati	šacovati	verb		оценивающе рассматривать, смотреть, мерить взглядом
šadrvan	шадрван	noun		устар. фонтан
šadrvan	šadrvan	noun		устар. фонтан
šafran	шафран	noun		ботан. шафран (аналогично русскому слову)
šafran	šafran	noun		ботан. шафран
šagren	шагрен	noun		шагрень
šagren	šagren	noun		шагрень
šah	шах	noun		истор. шах (аналогично русск. шах I)
šah	шах	noun		шахм. шахматы; шахм. шах (аналогично русск. шах II)
šahist	шахист	noun		шахматист
šahista	шахиста	noun		шахматист
šahistkinja	шахисткиња	noun		шахматистка
šahovnica	шаховница	noun		шахм. шахматная доска
šahovski	шаховски	adj		шахматный
šajak	шајак	noun		грубое шерстяное сукно
šajak	šajak	noun		грубое шерстяное сукно
šajbna	шајбна	noun		шайба (крепёжное изделие)
šajbna	šajbna	noun		шайба (крепёжное изделие)
šajka	шајка	noun		шлюпка, лодка
šajka	šajka	noun		шлюпка, лодка
šajkača	шајкача	noun		сербский национальный головной убор
šajkača	šajkača	noun		сербский национальный головной убор
šajkaš	шајкаш	noun		лодочник
šajkaš	šajkaš	noun		лодочник
šajkaški	шајкашки	adj		относящийся к лодочнику
šajkaški	šajkaški	adj		относящийся к лодочнику
Šajković	Шајковић	noun		сербская фамилия
Šajtinac	Шајтинац	noun		сербская фамилия
šajtov	шајтов	noun		винт, шуруп
šajtov	šajtov	noun		винт, шуруп
šaka	шака	noun		кисть руки; горсть, пригоршня
šaka	šaka	noun		кисть руки; горсть, пригоршня
šakal	шакал	noun		зоол. шакал (аналогично русскому слову) (Canis aureus)
šakal	šakal	noun		зоол. шакал
šakat	шакат	adj		большерукий
šakat	šakat	adj		большерукий
Šakota	Шакота	noun		сербская фамилия
Šakotić	Шакотић	noun		сербская фамилия
šal	шал	noun		шаль; шарф
šal	šal	noun		шаль; шарф
šala	шала	noun		шутка
šala	šala	noun		шутка
Šalipur	Шалипур	noun		сербская фамилия
šaliti se	шалити се	verb		шутить
šaliti se	šaliti se	verb		шутить
šalitra	шалитра	noun		селитра
šalitra	šalitra	noun		селитра
šaljiv	шаљив	adj		шутливый. шуточный, юмористический
šaljiv	šaljiv	adj		шутливый. шуточный, юмористический
šaljivdžija	шаљивџија	noun		большой шутник
šaljivdžija	šaljivdžija	noun		большой шутник
šaljivčina	шаљивчина	noun		шутник
Šalović	Шаловић	noun		сербская фамилия
šalter	шалтер	noun		окошко (в кассе)
šalter	šalter	noun		окошко (в кассе)
šalvare	шалваре	noun		шаровары
šalvare	šalvare	noun		шаровары
šaman	шаман	noun		этногр. шаман (аналогично русскому слову)
šaman	šaman	noun		этногр. шаман
šamanizam	шаманизам	noun		шаманизм
šamar	шамар	noun		пощёчина, оплеуха
šamar	šamar	noun		пощёчина, оплеуха
šamarati	шамарати	verb		давать пощёчины, оплеухи, затрещины; бить или ударять по щекам
šamarati	šamarati	verb		давать пощёчины, оплеухи, затрещины; бить или ударять по щекам
šamija	шамија	noun		головной платок
šamija	šamija	noun		головной платок
šampanjac	шампањац	noun		шампанское
šampanjac	šampanjac	noun		шампанское
šampion	шампион	noun		чемпион
šampion	šampion	noun		чемпион
šampionat	шампионат	noun		чемпионат
šampionat	šampionat	noun		чемпионат
šampon	шампон	noun		шампунь
šanac	шанац	noun		траншея, окоп
šanac	šanac	noun		траншея, окоп
Šanjević	Шањевић	noun		сербская фамилия
šank	шанк	noun		стойка (прилавок)
šansa	шанса	noun		шанс
šansona	šansona	noun		искусств. шансон
šansona	шансона	noun		искусств. шансон
Šantić	Шантић	noun		сербская фамилия
šap	шап	noun		ящур
šap	šap	noun		ящур
šapa	шапа	noun		лапа
šapa	šapa	noun		лапа
šapat	шапат	noun		шёпот
šapat	šapat	noun		шёпот
šapatom	шапатом	adv		шёпотом
šapatom	šapatom	adv		шёпотом
šapica	šapica	noun		маленькая лапа, лапка, лапочка
šapica	шапица	noun		маленькая лапа, лапка, лапочка
Šapinac	Шапинац	noun		сербская фамилия
Šapić	Шапић	noun		сербская фамилия
šapnuti	шапнути	verb		шепнуть, прошептать, просуфлировать
šapnuti	šapnuti	verb		шепнуть, прошептать, просуфлировать
Šaponić	Шапонић	noun		сербская фамилия
Šaponja	Шапоња	noun		сербская фамилия
Šaponjić	Шапоњић	noun		сербская фамилия
šaptanje	шаптање	noun		шёпот, подсказывание, суфлирование, наговор
šaptanje	šaptanje	noun		шёпот, подсказывание, суфлирование, наговор
šaptati	шаптати	verb		шептать; подсказывать
šaptati	šaptati	verb		шептать; подсказывать
šaptač	шаптач	noun		шептун; суфлёр
šaptač	šaptač	noun		шептун; суфлёр
Šapurić	Шапурић	noun		сербская фамилия
šaputati	шапутати	verb		шептать; подсказывать
šaputati	šaputati	verb		шептать; подсказывать
Šapčanin	Šapčanin	noun		шабчанин, житель города Шабац в Сербии
Šapčanin	Шапчанин	noun		шабчанин, житель города Шабац в Сербии
Šapčanka	Šapčanka	noun		шабчанка, жительница города Шабац в Сербии
Šapčanka	Шапчанка	noun		шабчанка, жительница города Шабац в Сербии
šara	шара	noun		рисунок; узор, украшение, орнамент
šara	šara	noun		рисунок; узор, украшение, орнамент
Šaraba	Шараба	noun		сербская фамилия
Šarac	Шарац	noun		сербская фамилия
šarada	шарада	noun		шарада (аналогично русскому слову)
šarada	šarada	noun		шарада
šaran	шаран	noun		ихтиол. карп, сазан
šaran	šaran	noun		карп, сазан
šaranje	шарање	noun		разрисовывание, нанесение узоров, украшение красками
šaranje	šaranje	noun		разрисовывание, нанесение узоров, украшение красками
šaranovina	шарановина	noun		мясо карпа или сазана
šaranovina	šaranovina	noun		мясо карпа или сазана
Šarančić	Шаранчић	noun		сербская фамилия
šaren	шарен	adj		пёстрый
Šarenac	Шаренац	noun		сербская фамилия
šargarepa	шаргарепа	noun		морковь
šargarepa	šargarepa	noun		ботан. морковь (Daucus carota)
Šarica	Шарица	noun		сербская фамилия
Šarić	Шарић	noun		сербская фамилия
Šarkanović	Шаркановић	noun		сербская фамилия
Šarkić	Шаркић	noun		сербская фамилия
Šarković	Шарковић	noun		сербская фамилия
šarlah	шарлах	noun		скарлатина
šarmantan	шармантан	adj		очаровательный
Šaronjić	Шароњић	noun		сербская фамилия
Šarović	Шаровић	noun		сербская фамилия
Šarošković	Шарошковић	noun		сербская фамилия
Šarčev	Шарчев	noun		сербская фамилия
Šarčević	Шарчевић	noun		сербская фамилия
šator	šator	noun		палатка
šator	шатор	noun		палатка
šav	шав	noun		шов
šav	šav	noun		шов
Šavija	Шавија	noun		сербская фамилия
šavni	шавни	adj		шовный
šavni	šavni	adj		шовный
Šavrljuga	Шаврљуга	noun		сербская фамилия
šaš	шаш	noun		осока
Šašić	Шашић	noun		сербская фамилия
šeboj	шебој	noun		ботан. желтофиоль; лакфиоль
šedrvan	шедрван	noun		устар. фонтан
šedrvan	šedrvan	noun		устар. фонтан
šeflja	шефља	noun		половник, поварёшка
Šegan	Шеган	noun		сербская фамилия
Šehovac	Шеховац	noun		сербская фамилия
šekel	шекел	noun		шекель
Šekularac	Шекуларац	noun		сербская фамилия
Šekuljica	Шекуљица	noun		сербская фамилия
Šeleda	Шеледа	noun		сербская фамилия
Šelefteo	Шелефтео	noun		Шеллефтео
Šelović	Шеловић	noun		сербская фамилия
šematski	шематски	adj		схематический, схематичный
Šepa	Шепа	noun		сербская фамилия
Šerbedžija	Шербеџија	noun		сербская фамилия
Šerbula	Шербула	noun		сербская фамилия
šerpa	шерпа	noun		кастрюля
šesnaest	шеснаест	num		шестнадцать
šest	шест	num		шесть
šestar	шестар	noun		циркуль
Šestić	Шестић	noun		сербская фамилия
Šesto	Шесто	noun		сербская фамилия
šestougao	шестоугао	noun		геометр. шестиугольник
šestougao	šestougao	noun		геометр. шестиугольник
Šestović	Шестовић	noun		сербская фамилия
šeststo	шестсто	num		шестьсот
šetnja	шетња	noun		прогулка
Ševa	Шева	noun		сербская фамилия
Ševarlić	Шеварлић	noun		сербская фамилия
Ševde	Шевде	noun		Шёвде
Šević	Шевић	noun		сербская фамилия
Ševković	Шевковић	noun		сербская фамилия
Ševkušić	Шевкушић	noun		сербская фамилия
Ševo	Шево	noun		сербская фамилия
šezdeset	шездесет	num		шестьдесят
šezdeseti	шездесети	num		шестидесятый
šećer	шећер	noun		сахар
šećerna repa	шећерна репа	phrase		сахарная свёкла
šećerna trska	шећерна трска	phrase		сахарный тростник
šećernica	шећерница	noun		сахарница
šećernica	šećernica	noun		сахарница
Šećerov	Шећеров	noun		сербская фамилия
Šešević	Шешевић	noun		сербская фамилия
šešir	шешир	noun		шляпа
Šešlija	Шешлија	noun		сербская фамилия
Šešum	Шешум	noun		сербская фамилия
šibati	шибати	verb		хлестать
šibenica	шибеница	noun		виселица
šija	šija	noun		анат. шея
šija	шија	noun		анат. шея
Šijakinjić	Шијакињић	noun		сербская фамилия
Šijakov	Шијаков	noun		сербская фамилия
Šijaković	Шијаковић	noun		сербская фамилия
Šijan	Шијан	noun		сербская фамилия
Šijački	Шијачки	noun		сербская фамилия
Šikuljak	Шикуљак	noun		сербская фамилия
Šiljegović	Шиљеговић	noun		сербская фамилия
Šiljković	Шиљковић	noun		сербская фамилия
šilo	шило	noun		шило (аналогично русскому слову)
šimpanza	шимпанза	noun		зоол. шимпанзе
Šimpraga	Шимпрага	noun		сербская фамилия
Šimšić	Шимшић	noun		сербская фамилия
šina	шина	noun		рельс
Šiniković	Шиниковић	noun		сербская фамилия
šintoizam	шинтоизам	noun		религ. синтоизм, синто
Šipetić	Шипетић	noun		сербская фамилия
Šipka	Шипка	noun		сербская фамилия
Šipovac	Шиповац	noun		сербская фамилия
Šiptar	Шиптар	noun		разг. то же, что Албанац, албанец
širina	ширина	noun		ширина (аналогично русскому слову)
širina	širina	noun		ширина
širok	широк	adj		широкий
širokogrudost	широкогрудост	noun		великодушие
šivaća mašina	шиваћа машина	phrase		швейная машина
šizofrenija	шизофренија	noun		мед. шизофрения
Šišaković	Шишаковић	noun		сербская фамилия
Šišić	Шишић	noun		сербская фамилия
šišmiš	шишмиш	noun		зоол. летучая мышь
Šišović	Шишовић	noun		сербская фамилия
škakljiv	шкакљив	adj		боящийся щекотки
Škalonja	Шкалоња	noun		сербская фамилия
škare	шкаре	noun		ножницы
Škero	Шкеро	noun		сербская фамилия
Škiljević	Шкиљевић	noun		сербская фамилия
škiljiti	шкиљити	verb		косить
Škipina	Шкипина	noun		сербская фамилия
Škobo	Шкобо	noun		сербская фамилия
Škodrić	Шкодрић	noun		сербская фамилия
škola	школа	noun		школа (аналогично русскому слову)
Školjević	Шкољевић	noun		сербская фамилия
Škorić	Шкорић	noun		сербская фамилия
Škoro	Шкоро	noun		сербская фамилия
škorpion	шкорпион	noun		зоол. скорпион
Škotska	Шкотска	noun		Шотландия
Škrbić	Шкрбић	noun		сербская фамилия
Škrebić	Шкребић	noun		сербская фамилия
škrga	шкрга	noun		жабры
škrob	шкроб	noun		крахмал
Škundrić	Шкундрић	noun		сербская фамилия
šlafrok	шлафрок	noun		шлафрок
Šljapić	Шљапић	noun		сербская фамилия
šljiva	шљива	noun		слива
Šljivar	Шљивар	noun		сербская фамилия
Šljivić	Шљивић	noun		сербская фамилия
Šljivovac	Шљивовац	noun		сербская фамилия
Šljivovački	Шљивовачки	noun		сербская фамилия
šljuka	шљука	noun		орнитол. вальдшнеп (Scolopax rusticola)
Šljukić	Шљукић	noun		сербская фамилия
Šmelcerović	Шмелцеровић	noun		сербская фамилия
Šmitran	Шмитран	noun		сербская фамилия
šnicla	шницла	noun		шницель
Šnjegota	Шњегота	noun		сербская фамилия
Šobajić	Шобајић	noun		сербская фамилия
Šobačić	Шобачић	noun		сербская фамилия
Šobot	Шобот	noun		сербская фамилия
šoder	шодер	noun		щебень
šoder	šoder	noun		щебень
šojka	шојка	noun		зоол. сойка
šok	шок	noun		мед. шок
Šoklovački	Шокловачки	noun		сербская фамилия
Šolaja	Шолаја	noun		сербская фамилия
Šolak	Шолак	noun		сербская фамилия
Šolević	Шолевић	noun		сербская фамилия
Šopalović	Шопаловић	noun		сербская фамилия
Šorak	Шорак	noun		сербская фамилия
Šormaz	Шормаз	noun		сербская фамилия
šorts	шортс	noun		шорты
Šotra	Шотра	noun		сербская фамилия
šou	шоу	noun		шоу
šou	šou	noun		шоу
šovinizam	шовинизам	noun		шовинизм
Šovljanski	Шовљански	noun		сербская фамилия
Šošević	Шошевић	noun		сербская фамилия
Šoškić	Шошкић	noun		сербская фамилия
špageti	шпагети	noun		кулин. спагетти
Španac	Шпанац	noun		испанец
Španija	Шпанија	noun		Испания
Španija	Španija	noun		Испания
Španjolac	Шпањолац	noun		испанец
Španović	Шпановић	noun		сербская фамилия
španski	шпански	adj		испанский
Špiljević	Шпиљевић	noun		сербская фамилия
Špirić	Шпирић	noun		сербская фамилия
šrafciger	шрафцигер	noun		техн. отвёртка
šrapnel	шрапнел	noun		воен. шрапнель
Šreplović	Шрепловић	noun		сербская фамилия
šta	шта	pron		что
štafelaj	штафелај	noun		искусств. мольберт
štakor	štakor	noun		зоол. крыса (rattus)
štakor	штакор	noun		крыса (rattus)
štampač	штампач	noun		принтер
štap za pecanje	штап за пецање	phrase		удочка
štedeti	штедети	verb		копить, собирать
Šteković	Штековић	noun		сербская фамилия
Šternić	Штернић	noun		сербская фамилия
šteta	штета	noun		вред, ущерб
štiglic	штиглиц	noun		зоол. щегол (Carduelis)
Štikovac	Штиковац	noun		сербская фамилия
Štimac	Штимац	noun		сербская фамилия
štitasti vulkan	штитасти вулкан	phrase		щитовой вулкан
štitna žlezda	штитна жлезда	phrase		анат. щитовидная железа
što	što	conj		что
što	што	conj		что
štrajkovati	штрајковати	verb		бастовать
Štrbac	Штрбац	noun		сербская фамилия
Štrbanović	Штрбановић	noun		сербская фамилия
štrk	штрк	noun		орнитол. аист
štucanje	штуцање	noun		физиол. икота
štuka	штука	noun		ихтиол. щука
Štulić	Штулић	noun		сербская фамилия
Štulović	Штуловић	noun		сербская фамилия
Šubarević	Шубаревић	noun		сербская фамилия
Šubić	Шубић	noun		сербская фамилия
Šujdović	Шујдовић	noun		сербская фамилия
Šukalo	Шукало	noun		сербская фамилия
Šukilović	Шукиловић	noun		сербская фамилия
Šukletović	Шуклетовић	noun		сербская фамилия
Šuković	Шуковић	noun		сербская фамилия
Šuleić	Шулеић	noun		сербская фамилия
Šulejić	Шулејић	noun		сербская фамилия
Šuletić	Шулетић	noun		сербская фамилия
Šuljaga	Шуљага	noun		сербская фамилия
Šuljagić	Шуљагић	noun		сербская фамилия
Šuljmanac	Шуљманац	noun		сербская фамилия
Šulović	Шуловић	noun		сербская фамилия
šum	шум	noun		шум (аналогично русскому слову)
šuma	шума	noun		лес
Šumanović	Шумановић	noun		сербская фамилия
Šumarac	Шумарац	noun		сербская фамилия
Šumarević	Шумаревић	noun		сербская фамилия
Šumatić	Шуматић	noun		сербская фамилия
Šumenković	Шуменковић	noun		сербская фамилия
Šumonja	Шумоња	noun		сербская фамилия
šumovit	шумовит	adj		лесистый
Šunderić	Шундерић	noun		сербская фамилия
Šunjevarić	Шуњеварић	noun		сербская фамилия
šunka	шунка	noun		ветчина, окорок
šupalj	шупаљ	adj		пустой, полый
šupalj	šupalj	adj		пустой, полый
Šupeta	Шупета	noun		сербская фамилия
Šupica	Шупица	noun		сербская фамилия
Šupljikac	Шупљикац	noun		сербская фамилия
Šuput	Шупут	noun		сербская фамилия
šurak	шурак	noun		шурин
šurak	šurak	noun		шурин
Šurdilović	Шурдиловић	noun		сербская фамилия
Šurjanac	Шурјанац	noun		сербская фамилия
Šurlan	Шурлан	noun		сербская фамилия
šut	шут	noun		спорт. бросок, удар (по мячу)
šut	šut	noun		спорт. удар (по мячу)
Šutaković	Шутаковић	noun		сербская фамилия
Šutanovac	Шутановац	noun		сербская фамилия
šutirati	шутирати	verb		ударить/ударять (по мячу)
šutirati	šutirati	verb		ударить/ударять (по мячу)
šutjeti	шутјети	verb		молчать
šutjeti	šutjeti	verb		молчать
Šutuljić	Шутуљић	noun		сербская фамилия
Šuvakov	Шуваков	noun		сербская фамилия
Šuvaković	Шуваковић	noun		сербская фамилия
Šuvački	Шувачки	noun		сербская фамилия
Šušak	Шушак	noun		Шушак (сербская фамилия)
Šušić	Шушић	noun		сербская фамилия
Šuškalo	Шушкало	noun		Шушкало (фамилия)
šuškati	шушкати	verb		шуршать, шелестеть; болтать, шушукаться
Šušljik	Шушљик	noun		Шушлик (фамилия)
šušnjar	шушњар	noun		куст
šušnuti	шушнути	verb		зашуршать, зашелестеть; пустить слух
šuštanje	шуштање	noun		шорох, шуршание
šuštati	шуштати	verb		шуршать, шелестеть
Šušulić	Шушулић	noun		Шушулич (фамилия)
Švabija	Швабија	noun		геогр. Швабия
Švabić	Швабић	noun		сербская фамилия
Švajcarska	Швајцарска	noun		Швейцария
Švajcarska Konfederacija	Швајцарска Конфедерација	phrase		Швейцарская Конфедерация
švajcarski	швајцарски	adj		швейцарский
Švedska	Шведска	noun		Швеция
Šveđ	Швеђ	noun		швед
Šveđanin	Швеђанин	noun		швед
Šveđanin	Šveđanin	noun		швед
Šviković	Швиковић	noun		сербская фамилия
Švonja	Швоња	noun		сербская фамилия
Švraka	Шврака	noun		сербская фамилия
Šćepović	Шћеповић	noun		Шчепович (сербская фамилия)
ščepati	шчепати	verb		схватить, цапнуть, хапнуть
ščepati se	шчепати се	verb		схватиться друг за друга
žaba	жаба	noun		зоол. жаба
Žabaljac	Жабаљац	noun		сербская фамилия
žabo	жабо	noun		жабо (аналогично русскому слову)
žaket	жакет	noun		жакет
Žakula	Жакула	noun		сербская фамилия
žalac	жалац	noun		жало
žalfija	жалфија	noun		ботан. шалфей (Salvia)
žandarm	жандарм	noun		жандарм
žaoka	жаока	noun		жало
Žarevac	Жаревац	noun		сербская фамилия
žargon	жаргон	noun		лингв. жаргон [1]
žargonski	жаргонски	adj		лингв. жаргонный
Žarić	Жарић	noun		сербская фамилия
žarki	жарки	adj		жаркий; страстный
Žarkić	Жаркић	noun		сербская фамилия
Žarko	Žarko	noun		Жарко
Žarko	Жарко	noun		Жарко (мужское имя)
Žarković	Жарковић	noun		сербская фамилия
žbun	жбун	noun		куст
Ždrale	Ждрале	noun		сербская фамилия
ždrebac	ждребац	noun		жеребец
ždrijelo	ждријело	noun		анат. глотка
Ždrnja	Ждрња	noun		сербская фамилия
Žebeljan	Жебељан	noun		сербская фамилия
žeda	жеда	noun		жажда
žega	жега	noun		жара, зной
Žegarac	Жегарац	noun		сербская фамилия
želatin	желатин	noun		желатин
železnica	железница	noun		железная дорога
Željeznogorsk	Жељезногорск	noun		Железногорск
željezo	željezo	noun		хим. железо
željezo	жељезо	noun		хим. железо
Željko	Željko	noun		Желько
Željko	Жељко	noun		Желько
želud	želud	noun		ботан. жёлудь
želud	желуд	noun		ботан. жёлудь
želudac	желудац	noun		анат. желудок
žena	жена	noun		жена (аналогично русскому слову)
žena	žena	noun		женщина; жена
Ženeva	Женева	noun		Женева
ženik	женик	noun		жених
ženinstvo	женинство	noun		приданое
ženiti	женити	verb		женить
ženski	женски	adj		женский
Žepinić	Жепинић	noun		сербская фамилия
Žeravica	Жеравица	noun		сербская фамилия
Žeravić	Жеравић	noun		сербская фамилия
Žeravčić	Жеравчић	noun		сербская фамилия
žeđ	жеђ	noun		жажда
Žeželj	Жежељ	noun		сербская фамилия
žid	жид	noun		жид (аналогично русскому слову)
židak	жидак	adj		жидкий, текучий
Žigić	Жигић	noun		сербская фамилия
Žigon	Жигон	noun		сербская фамилия
Žikelić	Жикелић	noun		сербская фамилия
Žikić	Жикић	noun		сербская фамилия
Žiletić	Жилетић	noun		сербская фамилия
Žilić	Жилић	noun		сербская фамилия
Žilović	Жиловић	noun		сербская фамилия
žirondinac	жирондинац	noun		истор. жирондист
Žirović	Жировић	noun		сербская фамилия
žitelj	житељ	noun		житель
živ	жив	adj		живой
živa	жива	noun		хим. ртуть
živa	živa	noun		хим. ртуть
živac	живац	noun		нерв
Živadinović	Живадиновић	noun		сербская фамилия
Živak	Живак	noun		сербская фамилия
Živan	Živan	noun		Живан
Živan	Живан	noun		Живан
Živanić	Живанић	noun		сербская фамилия
Živankić	Живанкић	noun		сербская фамилия
Živanov	Живанов	noun		сербская фамилия
Živanović	Живановић	noun		сербская фамилия
Živančević	Живанчевић	noun		сербская фамилия
Živko	Živko	noun		Живко
Živko	Живко	noun		Живко
Živkov	Живков	noun		сербская фамилия
Živković	Живковић	noun		сербская фамилия
Živojin	Živojin	noun		Живоин
Živojin	Живојин	noun		Живоин
Živojinov	Живојинов	noun		сербская фамилия
Živojinović	Живојиновић	noun		сербская фамилия
život	живот	noun		жизнь
životinja	животиња	noun		животное
životinjski	животињски	adj		звериный
Životić	Животић	noun		сербская фамилия
životni standard	животни стандард	phrase		уровень жизни
Živović	Живовић	noun		сербская фамилия
Živulović	Живуловић	noun		сербская фамилия
Žižakov	Жижаков	noun		сербская фамилия
Žižić	Жижић	noun		сербская фамилия
Žižović	Жижовић	noun		сербская фамилия
žlica	жлица	noun		ложка
žlijezda	жлијезда	noun		анат. железа
Žmirić	Жмирић	noun		сербская фамилия
žongler	жонглер	noun		жонглёр
žongler	žongler	noun		жонглёр
žrtva	жртва	noun		жертва
žrtva	žrtva	noun		жертва
Žugić	Жугић	noun		сербская фамилия
Žujević	Жујевић	noun		сербская фамилия
Žujković	Жујковић	noun		сербская фамилия
Žujović	Жујовић	noun		сербская фамилия
žulj	жуљ	noun		волдырь
žumanac	жуманац	noun		желток
žumance	жуманце	noun		желток
žumanjak	жумањак	noun		желток
žuna	жуна	noun		дятел
Žunić	Жунић	noun		сербская фамилия
Župac	Жупац	noun		сербская фамилия
Županjac	Жупањац	noun		сербская фамилия
Župunski	Жупунски	noun		сербская фамилия
žurba	журба	noun		спешка
žuriti	журити	verb		спешить; торопить
žurnalist	журналист	noun		журналист (аналогично русскому слову)
žut	жут	adj		жёлтый
Žutić	Жутић	noun		сербская фамилия
žućkast	жућкаст	adj		желтоватый
žuč	жуч	noun		анат. жёлчь
žuč	žuč	noun		физиол. желчь, жёлчь
žučna kesa	жучна кеса	phrase		анат. желчный пузырь
Žuža	Жужа	noun		сербская фамилия
žvaka	жвака	noun		жевательная резинка
žvakati	жвакати	verb		жевать
žvakaća guma	жвакаћа гума	phrase		жевательная резинка
