lat	cyr	pos	ekav	gloss
-ac				-ец
-ost				-ость
a				а
aba				аба
abaja				абайя
abak				абак
abakan				абакан
abazija				абазия
abažur				абажур
aberacija				аберрация
abhaska				абхазка
abhaski				абхазский
abhaz				абхазец
abhazija				абхазия
abidžan				абиджан
abisal				абиссаль
abisinac				абиссинец
abisinija				абиссиния
abiturijent				абитуриент
abiturijentkinja				абитуриентка
abiturijentski				абитуриентский
abjuracija				абъюрация
ablativ				аблатив
abnormalnost				ненормальность
abolicionista				аболиционист
abolicionizam				аболиционизм
abonent				абонент
abonentski				абонентный
abonirati				абонировать
abonman				абонемент
abordaž				абордаж
aborigin				абориген
abortivan				абортивный
abortus				аборт
abrazija				абразия
abrazioni				абразивный, абразионный
abraziv				абразив
abrazivnost				абразивность
abrevijatura				аббревиатура
abruco				абруццо
absorbirati				абсорбировать
abudža				абуджа
abulija				абулия
acefalija				ацефалия
acetat				ацетат
acetilen				ацетилен
acrostih				акростих
ad				ад
adamizam				адамизм
adaptacija				адаптация
adekvatan				адекватный
adenokarcinom				аденокарцинома
adenozindifosfat				аденозиндифосфат
adf				аденозиндифосфат
adijabata				адиабата
adijabatski				адиабатический
adjuvantni				адъювант
administracija				администрирование
administrator				администратор
admiral				адмирал
adopcija				адоптация
adp				аденозиндифосфат
adut				козырь
advokat				адвокат
aeroban				аэробный
aerobiologija				аэробиология
aerodinamika				аэродинамика
aerodrom				аэропорт
aerofotografisanje				аэрофотосъёмка
aeroklub				авиаспортклуб
aerologija				аэрология
aerosaonice				аэросани
aerosol				аэрозоль
afatomija				аффатомия
afazija				афазия
afekt				аффект
aforizam				афоризм
afrikanac				африканец
afrikanka				африканка
afrički				африканский
afroazijski				афразийский
agaton				агафон
agent				агент
agitator				агитатор
aglutinativan				агглютинирующий
agnat				агнат
agnosticizam				агностицизм
agnotologija				агнотология
agnozija				агнозия
agonalni				умирающий
agorafobija				агорафобия
agregacija				агрегация
agresor				агрессор
agrobiologija				агробиология
agrobiološki				агробиологический
agronomija				агрономия
agronomski				агрономический
agrotehnika				агротехника
agrotehničar				агротехник
ah				а
aha				а
ahat				агат
ahen				аахен
ahromatičan				ахроматический
ahvahci				ахвахец
aikido				айкидо
aileron				элерон
ajatolah				аятолла
ajdaho				айдахо
ajdao				айдахо
ajet				аят
ajfon				айфон
ajkula				аккула, акула
ajnštajnijum				эйнштейний
ajova				айова
ajskati				гейкать
ajsnuti				гейкнуть
ajurveda				аюрведа
ajurvedski				аюрведический
akacija				акация
akcenat				ударение
akcent				акцент
akcentovanje				акцентирование
akcept				акцепт
aker				акр
aklamacija				аккламация
aklimatizacija				акклиматизация
aklimatizacioni				акклиматизационный
akne				акне
ako				если
akord				аккорд
akra				аккра
akreditiv				аккредитив
akrichin				мепакрин
akronim				акроним
akrostih				акростих
aksiologija				аксиология
aksiološki				аксиологический
aksioma				аксиома
aksonometrijski				аксонометрический
akt				акт, ню
aktinijum				актиний
aktinometar				актинометр
aktinometrija				актинометрия
aktivacija				активация
aktivnost				активность
akupunktura				акупунктура, иглорефлексотерапия, иглоукалывание
akustika				акустика
akuzativ				аккузатив, винительный
akvapark				аквапарк
akvedukt				акведук
ala				дракон
alabama				алабама
alapača				болтунья
alavko				жадина
albanac				албанец
albanija				албания
albatros				альбатрос
albinizam				альбинизм
albino				альбинос
albižanski				альбигойский
album				альбом
albumin				альбумин
albuminurija				альбуминурия
albštat				альбштадт
aldehid				альдегид
alef				алеф
aleja				аллея
aleksandar				александр
aleksandrijski				александрийский
aleksandrit				александрит
aleksejevka				алексеевка
alel				аллель
alen				аален
alergen				аллерген
alergija				аллергия
alergičan				аллергический
alergolog				аллерголог
alergologija				аллергология
aleutski				алеутский
alfa				альфа
algebarski				алгебраический
algebra				алгебра
algofobija				алгофобия
algoritam				алгоритм
alhemičar				алхимик
ali				а, але, да, но
alibi				алиби
aligator				аллигатор
alimentaran				алиментарный
aliteracija				аллитерация
alizarin				ализарин
aljaska				аляска
aljkav				неряшливый
alkalan				щелочной
alkaloid				алкалоид
alkemija				алхимия
alken				алкен
alkmeon				алкмеон
alkohol				алкоголь, спирт
alkoholizam				алкоголизм
almetjevsk				альметьевск
aloje				алоэ
alometrija				аллометрия
alotropija				аллотропия
alpi				альпы
alpinista				альпинист
altair				альтаир
altaj				алтай
altimetar				высотомер
altruista				альтруист
altruistički				альтруистический
alu				аллу
aluminijum				алюминий
alušta				алушта
alva				халва
alžir				алжир
ama				але
amalgam				амальгама
amarilis				амариллис
ambar				амбар
ambasada				посольство
ambasador				посол
ambiciozan				амбициозный
ambivalentan				двойственный
amelie				амели
amer				америкашка
americijum				америций
amerikanka				американка
američki				американский
amfibija				амфибия
amfiprostil				амфипростиль
amfora				амфора
amhara				амхара
amigdalin				амигдалин
amilopektin				амилопектин
amiloza				амилоза
aminokiselina				аминокислота
amnezija				амнезия
amonijak				аммиак
amoralan				аморальный
amortizer				амортизатор
amper				ампер
ampermetar				амперметр
ampir				ампир
amputacija				ампутация
amputirati				ампутировать
amsterdam				амстердам
amur				амур
anabolizam				анаболизм
anafora				анафора
anaforeza				анафорез
anagram				анаграмма
anahronizam				анахронизм
analgetik				анальгетик
anali				анналы
analitik				аналитик
analitičan				аналитический
analitičar				аналитик
analiza				анализ
analizator				анализатор
analogija				аналогия
anamorfizam				анаморфоз
anamorfoza				анаморфоз
ananas				ананас
anapa				анапа
anarhija				анархия
anarhist				анархист
anarhizam				анархизм
anarhosindikalizam				анархо-синдикализм
anatomija				анатомия
anatomski				анатомический
andaluzijski				андалузский
ande				анды
andora				андорра
andrej				андрей
andrija				андрей
androfobija				андрофобия
androginija				андрогиния
andromaha				андромаха
aneksija				аннексия
anemija				анемия
anemičan				анемичный
anemohorija				анемохория
anestezija				анестезия
anesteziologija				анестезиология
angara				ангара
angarsk				ангарск
angelologija				ангелология
angina				ангина
angiografija				ангиография
angiologija				ангиология
angiom				ангиома
anglicizam				англицизм
anglikan				англиканец, англиканин
anglikanac				англиканец, англиканин
anglikanizam				англиканство
anglikanski				англиканский
anglikanstvo				англиканство
anglizam				англицизм
angloamerički				англо-американский
angola				ангола
angolski				ангольский
anhedonija				ангедония
anhidrid				ангидрид
anhidrit				ангидрит
anihilacija				аннигиляция
animalan				звериный
anime				аниме
animizam				анимизм
animozitet				вражда
anizogamet				анизогамета
anizokorija				анизокория
anizotropija				анизотропия
anjon				анион
anketa				анкета
anoda				анод
anodirati				анодировать
anomalan				аномальный
anormalnost				ненормальность
anosmija				аносмия
anotirati				аннотировать
antena				антенна
antiamerikanizam				антиамериканизм
antibavarski				антибаварский
antibiotik				антибиотик
antiboljševički				антибольшевистский
anticiklon				антициклон
antidemokratski				антидемократический
antidepresiv				антидепрессант
antifašist				антифашист
antifašistički				антифашистский
antifeminizam				антифеминизм
antiglobalizam				антиглобализм
antihigijenski				антигигиенический
antiimperijalistički				антиимпериалистический
antika				античность
antikapitalistički				антикапиталистический
antikineski				антикитайский
antiklerikalizam				антиклерикализм
antiklinala				антиклиналь
antikomunist				антикоммунист
antikomunista				антикоммунист
antikomunistički				антикоммунистический
antikomunistkinja				антикоммунистка
antikomunizam				антикоммунизм
antikvark				антикварк
antikvarni				букинистический
antikvarski				антикварный, букинистический
antikvitet				древность
antimarksista				антимарксист
antimaterija				антиматерия
antimaterijalistički				антиматериалистический
antimilitarizam				антимилитаризм
antimonopolski				антимонопольный
antinaučnost				антинаучность
antineutrino				антинейтрино
antinomija				антиномия
antipod				антипод
antiproton				антипротон
antipsihijatrija				антипсихиатрия
antiputinovski				антипутинский
antireligiozan				антирелигиозный
antisemitizam				антисемитизм
antiseptičan				антисептический
antisocijalan				антисоциальный
antisovjetski				антисоветский
antistaljinistički				антисталинистский
antistaljinički				антисталинистский
antitijelo				антитело
antiutopija				антиутопия
antivladin				антиправительственный
antičestica				античастица
antologija				антология
antonim				антоним
antonomazija				антономасия
antropocentrizam				антропоцентризм
antropolingvistika				антрополингвистика
antropolog				антрополог
antropomorfan				антропоморфный, человекоподобный
antropomorfizam				антропоморфизм
antroponimija				антропонимика
antwerpen				антверпен
anuitet				аннуитет
anus				анус
anđeo				ангел
aorta				аорта
aparat				аппарат
aparatura				аппаратура
aparthejd				апартеид
apel				обращение, призыв
apelovati				обращаться
apercepcija				апперцепция
apetit				аппетит
aphaska				абхазка
aphaski				абхазский
aphaz				абхаз, абхазец
aplauze				аккламация
apofonija				аблаут
apoteka				аптека
apotekar				аптекарь
apraksija				апраксия
april				апрель
aproksimacija				аппроксимация
apsces				абсцесс
apscisa				абсцисса
apsida				абсида
apsint				абсент
apsolut				абсолют
apsolutan				абсолютный
apsolutistički				абсолютистский
apsolutizam				абсолютизм
apsolutno				абсолютно
apsorbirati				абсорбировать
apsorbovati				абсорбировать
apsorpcija				абсорбция
apstinencija				абсентеизм
apstrahirati				абстрагировать
apstrahovati				абстрагировать
apstrakcija				абстракция
apstrakcionist				абстракционист, абстракционистка
apstrakcionista				абстракционист, абстракционистка
apstrakcionizam				абстракционизм
apstraktan				абстрактный
apstraktno				абстрактно
apstraktnost				абстрактность
apsurd				абсурд, бессмыслица
apsurdan				абсурдный, неразумный
apsurdnost				абсурдность, глупость
ar				ар
ara				алтарь, ара
arabist				арабист
arabljanin				араб
aragon				арагон
arahnologija				арахнология
arbitraža				арбитраж
arcah				арцах
argentina				аргентина
argon				аргон
argument				аргумент, мотив
arhangeljsk				архангельск
arhanđel				архангел
arhanđeo				архангел
arheolog				археолог
arheologija				археология
arheološki				археологический
arhimandrit				архимандрит
arhipelag				архипелаг
arhitekt				архитектор
arhitekta				архитектор
arhiv				архив
arhiva				архив
arhivirati				архивировать
arija				ария
aristokracija				аристократия
aristokrat				аристократ
aristolochiaceae				кирказоновые
aristotelizam				аристотелизм
aritmetika				арифметика
aritmetički				арифметический
arizona				аризона
arkansas				арканзас
arkanzas				арканзас
arkebuza				аркебуза
arktik				арктика
arktički				арктический
armadilo				броненосец
armavir				армавир
armenac				армянин
armenija				армения
armija				армия
arnost				арность
arogancija				высокомерие
arogantnost				надменность
arsen				мышьяк
arsk				арск
arterija				артерия
artikulacija				артикуляция
artiljerija				артиллерия
artiljerijski				артиллерийский
artičoka				артишок
artroskopija				артроскопия
aseksualnost				асексуальность
asfalt				асфальт
asimetričan				асимметричный
asimptota				асимптота
asimptotičan				асимптотический
asistirati				помогать
asonanca				ассонанс
aspirant				аспирант
astal				стол
astat				астат
astatičan				астатический
astenija				астения
asterisk				астериск
asteroid				астероид
astma				астма
astmatičan				астматический
astragan				каракуль
astrobiolog				астробиолог
astrobiologija				астробиология, экзобиология
astroida				астроида
astrolab				астролябия
astrologija				астрология
astronomija				астрономия
astronomski				астрономический
asunsion				асунсьон
atanasije				афанасий
ataraksija				атараксия
ataraksja				атараксия
atavistički				атавистический
atavizam				атавизм
ateist				атеист
ateistkinja				атеистка
ateizam				атеизм
atena				афина
atina				афина
atlantida				атлантида
atlantski				атлантический
atmosfera				атмосфера
atol				атолл
atom				атом
atomizam				атомизм
atonalan				атональный
atopija				атопия
atp				аденозинтрифосфат
atraktor				аттрактор
auerbah				ауэрбах
augije				авгий
augit				авгит
augzburg				аугсбург
aukcija				аукцион
aura				аура
australazija				австралазия
australija				австралия
australijanka				австралийка
australopitekus				австралопитек
austrija				австрия
austrijanka				австрийка
austrofašizam				австрофашизм
austrougarska				австро-венгрия
austrougarski				австро-венгерский
autarkija				автаркия
autizam				аутизм
auto				автомобиль
auto-				авто-
autobiografija				автобиография
autobus				автобус
autobuski				автобусный
autogen				автоген, автогенный
autoginofilija				аутогинефилия
autogol				автогол
autohipnoza				самогипноз
autokratija				автократия
automat				пистолет-пулемёт
automatizacija				автоматизация
automatizam				автоматизм
automobil				автомобиль
automobil-cisterna				автомобиль-цистерна
automobilist				автомобилист
automobilista				автомобилист
automobilistkinja				автомобилистка
automobilizam				автомобилизм, автоспорт
automobilski				автомобильный
automotoklub				автомотоклуб
autonomija				автономия
autoportret				автопортрет
autoprevoz				автотранспорт
autopsija				аутопсия
autoput				автострада
autor				автор
autoregulacija				саморегуляция
autorski				авторский
autosugestija				самовнушение
autotomija				автотомия
autsorsing				аутсорсинг
avalist				авалист
avan				ступка
avans				аванс
averoizam				аверроизм
avganistan				афганистан
avgust				август
avijacija				авиация
avijatičar				авиатор
avinjonski				авиньонский
avio-kompanija				авиакомпания
avio-prevoznik				авиаперевозчик
avion				самолёт
avitaminoza				авитаминоз
aviza				авизо
avnoj				авною
avokado				авокадо
azerbejdžan				азербайджан
azerbejdžanski				азербайджанский
azerski				азербайджанский
azija				азия
azimut				азимут
azimutni				азимутальный
azot				азот
aždaha				дракон
aždaja				дракон
baba				бабушка
babičin				акушеркин
babuvizam				бабувизм
bacati				бросать
bacil				бацилла
backgammon				нарды
badem				миндаль
bademast				миндальный
baden-virtemberg				баден-вюртемберг
badminton				бадминтон
bag				жучок
bagdad				багдад
bager-odlagač				абзетцер
bahanalije				вакханалия
bahrein				бахрейн
bajkal				байкал
bakalar				треска
bakar				медь
bakara				баккара
bakelit				бакелит
baklava				баклава
baknang				бакнанг
bakterija				бактерия
bakteriofag				бактериофаг
bakteriolog				бактериолог
bakteriologija				бактериология
bakterioskopija				бактериоскопия
baku				баку
bal				бал
balakovo				балаково
balalajka				балалайка
balancirati				балансировать
balansirati				балансировать
balavac				ёршик
balašiha				балашиха
baldahin				балдахин
balerina				балерина
balet				балет
balistika				баллистика
balistički				баллистический
balkanac				балканец
balkanizacija				балканизация
balneologija				бальнеология
balsamovanje				бальзамирование
baltički				балтийский
balzamiranje				бальзамирование
balčak				эфес
bambus				бамбук
bamija				бамия
banana				банан
bandar				окунь
bandung				бандунг
bandura				бандура
bangladeš				бангладеш
banka				банк
bankar				банкир
banknota				банкнота
baptisterijum				баптистерий
baptizam				баптизм
bara				болото
baranovski				барановский
barbados				барбадос
barbakan				барбакан
barel				баррель
bareljef				барельеф
barij				барий
barijatrija				бариатрия
barijatrijski				бариатрический
barikada				баррикада
bariton				баритон
barium				барий
barkentina				баркентина
barmen				бармен
barnaul				барнаул
barograf				барограф
barok				барокко
barokni				барокко
barokomora				барокамера
barometar				барометр
baronat				баронство
baronija				баронство
barselona				барселона
barter				бартер
barut				порох
bas				бас
basnopisac				баснописец
bastion				бастион
batajsk				батайск
bataljon				батальон
batinanje				рукоприкладство
batiskaf				батискаф
bavarska				бавария
bazalt				базальт
bazanit				базанит
bazilika				базилика
baškortostanski				башкортостанский
bašta				огород, сад
baštovan				садовник
beba				младенец
beblingen				бёблинген
bedan				бедный
bedro				бедро
beduin				бедуин
bejzbolka				бейсболка
bekdor				бэкдор
beležiti				записывать
belgija				бельгия
belgijski				бельгийский
belgorod				белгород
belize				белиз
beloruskinja				белоруска
beneficijent				выгодоприобретатель
beninac				бенинец
benzilamin				бензиламин
benzilpenicilin				бензилпенициллин
beo				белый
beograd				белград
beograđanin				белградец
beograđanka				белградка
beovica				уклейка
berber				бербер
berezniki				березники
beriberi				бери-бери
beril				берилл
berilijum				бериллий
berkelij				берклий
berkelijum				берклий
berlin				берлин
bes				гнев
besadržajno				бессодержательно
besanica				бессонница
besarabija				бессарабия
beskompromisan				неуступчивый
beskompromisnost				бескомпромиссность
beskonačnost				бесконечность
beskoristan				безвыгодный, бесполезный
beskrajnost				безграничность
besmislen				абсурдный, неразумный
besmislenost				глупость
besmislica				абракадабра, абсурд, бессмыслица
besmrtan				бессмертный
besmrtnost				бессмертие
besneti				бушевать
besplatan				бесплатный
besplodan				бесплодный
besplodnost				бесплодие
besposlenost				безработица
bespravlje				беззаконие
bespredmetan				беспредметный
bespremetan				беспредметный
besprijekoran				безукоризненный, безупречный
besraman				беззастенчивый
besramlje				бессовестность
besramnost				бессовестность
bestidan				беззастенчивый
bestijalan				звероподобный
bestjelesan				бестелесный
bestrašnost				бесстрашие
besvestan				бессознательный
besvijest				бесчувствие
beta				бета
beta-zračenje				бета-излучение
beta-čestica				бета-частица
betatron				бетатрон
betelgez				бетельгейзе
betlehem				вифлеем
beton				бетон
bez				без
bezakonje				беззаконие
bezalkoholan				безалкогольный
bezalternativan				безальтернативный
bezbolan				безболезненный
bezbožnost				неверие
bezdokazan				бездоказательный, голословный
bezdokazanost				бездоказательность
bezdokaznost				бездоказательность
bezdušan				бесчувственный
bezgrešnost				безгрешность
bezimen				анонимный
bezimenost				неизвестность
bezmetežnost				безмятежность
bezmoralan				безнравственный
beznačajan				незначительный
bezobrazan				бесцеремонный
bezobrazluk				бессовестность
bezobziran				бесцеремонный
bezosećajan				бесчувственный
bezukusan				безвкусный
bezuslovan				абсолютный
bezuslovno				абсолютно
bezuspješan				безрезультатный, безуспешный
bezuspješnost				безрезультатность
bezvlašće				беспредел
bezvodan				безводный
bezvučan				беззвучный
beč				вена
bešamel				бешамель
bešćutnost				бесчувствие
beživotnost				нежизненность
biatlon				биатлон
biatlonac				биатлонист
biblija				библия
biblijski				библейский
bibliofilski				библиофильский
bibliografija				библиография
biblioteka				библиотека
bibliotekar				библиотекарь
bibliotekarstvo				библиотековедение
biceps				бицепс
bicikl				велосипед
biciklista				велосипедист
biciklističke				велосипедки, велошорты
biciklistkinja				велосипедист
biftek				бифштекс
bigamija				бигамия
biheviorizam				бихевиоризм
bijeda				нищета
bijsk				бийск
bik				бык
bikarbonat				бикарбонат
bikini				бикини
bikonveksan				двояковыпуклый
bilbord				билборд
bilijar				бильярд
bilingvizam				билингвизм
bilion				триллион
biljka				растение
bilo				запястье
bimetalizam				биметаллизм
bimetaližam				биметаллизм
binom				бином
bioakustika				биоакустика
bioanaliza				биоанализ
bioekologija				биоэкология
bioenergoterapeut				биоэнерготерапевт
biofizika				биофизика
biogas				биогаз
biogeografija				биогеография
biogeohimija				биогеохимия
biografija				биография
biohemija				биохимия
biohemičar				биохимик
bioinformatika				биоинформатика
biolog				биолог
biologija				биология
biologizam				биологизм
biološki				биологический
bioluminiscencija				биолюминесценция
biom				биом
biomasa				биомасса
biomehanika				биомеханика
bionika				бионика
biopolimer				биополимер
biopsija				биопсия
bioritam				биоритм
biosfera				биосфера
biosinteza				биосинтез
birački				избирательный
birema				бирема
birobidžan				биробиджан
birokratizacija				бюрократизация
biseksualan				бисексуальный
biseksualnost				бисексуальность
biser				жемчуг
bistar				швыдкий
biti				быть, существовать, явиться
bitkoin				биткойн
bitumen				битум
bizmut				висмут
biće				существо
bjelorusija				беларусь
bjeloruskinja				белоруска
blagajnik				кассир
blagodaran				благодарный
blagodariti				благодарить
blagosostojanje				богатство
blagost				мягкость
blagostanje				благосостояние
blagostojanje				богатство
blagoveščensk				благовещенск
blanja				рубанок
blastocist				бластоциста
blatiti				хаять
blejanje				блеяние
blejati				блеять
blesavilo				бредятина
bliskost				близость
blizanac				близнец
blizina				соприкосновение
blizu				у
bljutav				безвкусный
blokada				блокада
blondinka				блондинка
bludilište				бордель
bluz				блюз
bluza				блузка
bobica				ягода
bobrujsk				бобруйск
boca				бутылка
bocvana				ботсвана
bodež				кинжал
bodibilding				бодибилдинг
bodrost				бодрость
bodunjavost				похмелье
bog				бог
bogat				богатый
bogatstvo				богатство
boginja				богиня
bogoizabran				богоизбранный
bogojavljenski				богоявленский
bogomoljka				богомол
bogoslov				теолог
bogoslovac				теолог
bogoslovkinja				теолог
bogoslovlje				богословие, теология
bogoslovski				богословский
boja				краска, цвет
bojkot				бойкот
bojler				водонагреватель
bokal				графин
bokalčić				кувшинчик
bokser				боксёр
boksit				боксит
bokvica				подорожник
bol				боль
bolest				болезнь, заболевание, недуг
bolestan				больной
bolivija				боливия
bolivijac				боливиец
bolje				лучше
boljševik				большевик
bolnica				больница
bolničar				санитар
bombarder				бомбардировщик
bombona				конфета
bonsai				бонсай
bor				сосна
borba				борьба
borelioza				боррелиоз
borid				борид
borovnica				черника
boršč				борщ
bosančica				босанчица
bosfor				босфор
bosiljak				базилик
bosna				босния
botaničar				ботаник
botulizam				ботулизм
bozon				бозон
boćanje				бочче
bočni				боковой
božur				пион
brabant				брабант
brada				борода, подбородок
bradat				бородатый
bradavica				сосок
brak				супружество
braniti				оборонять
brat				брат
bratoubica				братоубийца
bratoubojica				братоубийца
bratsk				братск
bratski				братский
brauzer				браузер
brava				замок
bravar				слесарь
brazil				бразилия
brazilija				бразилиа
brašno				мука
brbljati				пустословить
brbljivac				пустозвон
brdo				гора
bremen				бремен
bremenitost				беременность
breskva				персик
brest				брест
brevijar				требник
breza				берёза
brigantin				бригантина
brijati				брить
brijest				вяз
briket				брикет
briologija				бриология
brisati				вычёркивать
brisel				брюссель
brit				бритт
brjansk				брянск
brk				усы
brkovi				усы
brod				корабль
brodogradilište				судоверфь
brodogradnja				кораблестроение, судостроение
broj				номер, число
brojilac				числитель
brojiti				считать
brom				бром
bronhitis				бронхит
broš				брошь
bruh				грыжа
brujati				жужжать
brundati				бубнить
brunej				бруней
brunejski				брунейский
brutalizam				брутализм
brzati				торопить
brzina				скорость
bršljan				плющ
buba				жук
bubašvaba				таракан
bubnjar				барабанщик
bubreg				почка
bubuljica				прыщ
bucov				жерех
buda				будда
budala				дурак, недоумок, тупица
budilnik				будильник
budimpešta				будапешт
budizam				буддизм
budući				будущий
budućnost				будущее
budžet				бюджет
budžetiranje				бюджетирование
bugarin				болгарин
bugarkinja				болгарка
bugarska				болгария
bugarski				болгарский
bukkrosing				буккроссинг
bukofarinks				ротоглотка
bukva				бук
bukvalnost				буквальность
buldog				бульдог
buling				буллинг
buljina				филин
bumbar				шмель
bunar				колодец
bunda				шуба
bundeva				тыква
burger				бургер
burlak				бурлак
burleska				бурлеск
burma				бирма
buržoazija				буржуазия
busan				пусан
butan				бутан
butelja				бутылка
buva				блоха
bučati				шуметь
buđ				плесень
bušido				бусидо
bvp				бмп
car				император, царь
caracas				каракас
careubica				цареубийца
carica				императрица
carigrad				царьгород, царьград
carina				таможня
carinik				таможенник
carinčenje				растаможивание
carić				крапивник
ceftriakson				цефтриаксон
celer				сельдерей
celibat				целибат
celijakija				целиакия
celuloid				целлулоид
celuloza				целлюлоза
cement				цемент
centar				центр, эпицентр
centimetar				сантиметр
centralizam				централизм
centrifugalan				центробежный
cenzor				цензор
cepin				ледоруб
ceremonijalan				церемониальный
cerijum				церий
cev				ствол
cezijum				цезий
cezura				цезура
chaconne				чакона
cifra				цифра
cigla				кирпич
cijanid				цианид
cijanogen				циан
cijena				стоимость, цена
cikcak				зигзаг
ciklama				цикламен
cikloida				циклоида
ciklon				циклон
ciklopentan				циклопентан
ciklotron				циклотрон
cilindričan				цилиндрический
cilj				цель
cimet				корица
cink				цинк
cinkografija				цинкография
cinober				киноварь
cirada				брезент
cirih				цюрих
cirkadijalan				циркадный
cirkonijum				цирконий
cirkulacija				обращение, циркуляция
cirkulirati				циркулировать
cirkulisati				обращаться
cirkus				цирк
ciroza				цирроз
cisoida				циссоида
cistein				цистеин
citara				кифара
citat				цитата
citologija				цитология
citrulin				цитруллин
civilizacija				цивилизация
civilizirati				цивилизовать
cjelobrojan				целочисленный
cjevovod				трубопровод
crijevo				кишка
crkva				церковь
crn				чёрный
crnac				негр
crnica				чернозём
crnkinja				негритянка
crnogorac				черногорец
crnook				черноглазый
crtanje				рисование
crtež				чертёж
crv				червь
crven				красный
crvenogardejac				хунвэйбин
crvenrepka				горихвостка
cunami				цунами
cvast				соцветие
cvijet				цветок
cvrkut				щебетание
cvrkutanje				щебетание
cvrkutati				щебетать
da				да, чтобы
dabar				бобр, бобёр
dadaizam				дадаизм
dagerotipija				дагерротипия
dagestan				дагестан
dajk				дайка
daka				дакка
daktil				дактиль
dalekogled				бинокль
dalekovid				дальнозоркий
dalekovidan				дальнозоркий
dalekovidnost				дальнозоркость
dalekovidost				дальнозоркость
daljina				расстояние
daltonist				дальтоник
daltonizam				дальтонизм
damask				дамаск
dan				день
danac				датчанин
danas				сегодня
današnji				сегодняшний
danju				днём
dankinja				датчанка
danska				дания
dar				дар, подарок
darije				дарий
darivalac				даритель
darma				дхарма
darovalac				даритель
darvinist				дарвинист
darvinizam				дарвинизм
datirati				датировать
datum				дата
davati				давать
davos				давос
dažbina				налог
debeljko				жирдяй, толстяк
debi				дебют
decembar				декабрь
decembarski				декабрьский
decilitar				децилитр
deda				дедушка
dedal				дедал
dedica				дедушка
dedukcija				дедукция
defekacija				дефекация
defektologija				дефектология
defenestracija				дефенестрация
defetizam				дефетизм
defibrilacija				дефибрилляция
deficit				дефицит
deflacija				дефляция
deflacioni				дефляционный
deflator				дефлятор
defolt				дефолт
deformacija				деформация
deformitet				уродство
degustirati				дегустировать
deindustrijalizacija				деиндустриализация
deizam				деизм
deka				дедушка
dekaedar				десятигранник
dekartelizacija				декартелизация
dekatlon				декатлон, десятиборье
dekica				дедушка
deklamacija				декламация
deklamovati				декламировать
deklaracija				декларация
deklarisati				декларировать
deklinometar				деклинометр
dekodirati				декодировать
dekoherencija				декогеренция
dekolonizacija				деколонизация
dekolonizovati				деколонизировать
dekriminalizovati				декриминализировать
dekstrin				декстрин
dekstroza				декстроза
dekupaž				декупаж
delaver				делавэр
delfin				дельфин
delfinarijum				дельфинарий
delfski				дельфийский
delhijski				делийский
deliktologija				деликтология
delimitacija				делимитация
delirijum				делирий
demagogija				демагогия
demencija				деменция, слабоумие
demilitarizacija				демилитаризация
deminutiv				диминутив
demobilisati				демобилизовать
demodulacija				демодуляция
demodulator				демодулятор
demograf				демограф
demografija				демография
demokratija				демократия
demon				демон
demonetizacija				демонетизация
demonologija				демонология
demonopolizacija				демонополизация
demonstracija				манифестация
demonstrirati				демонстрировать
demoralisati				деморализовать
demoralizacija				деморализация
demotski				демотический
denacifikacija				денацификация
denacionalizacija				денационализация
denaturacija				денатурация
denaturalizacija				денатурализация
dendrologija				дендрология
denominacija				деноминация
denominirati				деноминировать
dentin				дентин
denzitometar				денситометр
deo				часть
deontologija				деонтология
depersonalizacija				деперсонализация
depigmentacija				депигментация
depopulacija				депопуляция
deportacija				депортация
deportirati				депортировать
deprivatizacija				деприватизация
deputat				депутат
der				а
derbi				дерби
derealizacija				дереализация
desegregacija				десегрегация
deset				десять
deseti				десятый
desetoboj				декатлон, десятиборье
desetougao				десятиугольник
desmolitički				десмолитический
desni				правый
desocijalizacija				десоциализация
desovjetizacija				десоветизация
despotizam				деспотизм
despotovac				деспотовац
destabilizirati				дестабилизировать
destaljinizacija				десталинизация
destigmatizacija				дестигматизация
destruktivan				разрушительный
detaljan				всесторонний, детальный
detence				младенец
determinanta				детерминант
determinizam				детерминизм
detoksifikacija				детоксикация
detoksikacija				детоксикация
detroit				детройт
deva				дева
devalvacija				девальвация
devalvirati				девальвировать
devedeset				девяносто
dever				деверь
devet				девять
deveti				девятый
devetnaest				девятнадцать
devetnaesti				девятнадцатый
devetnaestougao				девятнадцатиугольник
devetogodišnji				девятилетний
devetougao				девятиугольник
devetsto				девятьсот
deviantologija				девиантология
devijantologija				девиантология
devize				валюта
devizni				валютный
dezerter				дезертир
dezertirati				дезертировать
dezinfikovati				дезинфицировать
dezinformacija				дезинформация
dezintegracija				дезинтеграция
dezorganizovanost				дезорганизованность
dečak				мальчик
diarhija				диархия
diego				диего
difenilamin				дифениламин
diferencijacija				дифференциация
diferencijalni				дифференциальный
difterija				дифтерия
difuzija				диффузия
digitalizacija				дигитализация, оцифровка
digitalizovanje				дигитализация, оцифровка
dijabetes				диабет
dijadema				корона
dijagnostika				диагностика
dijagnostičan				диагностический
dijagnostički				диагностический
dijagnoza				диагноз
dijagonala				диагональ
dijagonalan				диагональный
dijalekt				диалект
dijalektika				диалектика
dijalektologija				диалектология
dijaliza				диализ
dijalog				диалог
dijamant				алмаз
dijapazon				камертон
dijareja				диарея
dijarhija				диархия
dijaspora				диаспора
dijateza				диатез
dijeceza				диоцез
dijeliti				делить
dijeta				диета
dijete				ребёнок
dikobraz				дикобраз
dikotiledon				двудольные
diktatura				диктатура
dilatometar				дилатометр
dilema				дилемма
diletant				дилетант
diližansa				дилижанец, дилижанс
dim				дым
dimetredon				диметродон
dimitri				дмитрий
dimničar				трубочист
dimnjačar				трубочист
dimorfizam				диморфизм
dinamit				динамит
dinastija				династия
dinja				дыня
dinosaurus				динозавр
diogen				диоген
dionis				дионис
dioničar				акционер
diorit				диорит
diplomat				дипломат
diplomatski				дипломатический
diplomiranje				окончание
dipol				диполь
dipsomanija				запой
direktor				директор
direktorijum				каталог
dirljiv				трогательный
disanje				дыхание
disati				дышать
disciplina				дисциплина, дисциплинированность
disciplinovan				дисциплинированный
disciplinovanost				дисциплинированность
disciplinovati				дисциплинировать
disekcija				диссекция
diseldorf				дюссельдорф
disident				диссидент
disjunkcija				дизъюнкция
diskografija				дискография
diskomfor				дискомфорт
diskomforan				дискомфортный
diskomfort				дискомфорт
diskontovanje				дисконтирование
diskretan				дискретный
diskriminacija				дискриминация
diskvalifikacija				дисквалифай, дисквалификация
disonans				диссонанс
dispečer				диспетчер
dispozitivnost				диспозитивность
disprozijum				диспрозий
distih				двустишие, дистих
distinktivan				смыслоразличительный
distonija				дистония
distopija				антиутопия
distribucija				распределение
ditiramb				дифирамб
divan				прелестный
diverzifikacija				диверсификация
diverzifikovanje				диверсифицирование
diverzija				диверсия
dividenda				дивиденд
divljati				бушевать
divljenje				восхищение
divnogorsk				дивногорск
divokoza				серна
dizajn				дизайн
dizalica				кран
dizalo				лифт
dizati				поднимать
dizel-lokomotiva				тепловоз
dizenterija				дизентерия
dizurija				дизурия
djed				дедушка
djelatnost				жизнедеятельность
djeljenik				делимое
djelo				поступок, произведение
djetelina				клевер
djetence				младенец
djetlić				дятел
djevojka				девушка
djevojčica				девочка
dječak				мальчишка, мальчуган, пацан
dječačić				мальчуган
dlan				ладонь
dleto				долото
dnjepar				днепр
dnjepropetrovsk				днепропетровск
dnjestarski				днестровский
dnjipro				днепропетровск
dnk				днк
dnrk				кндр
dobar				хороший
dobošar				барабанщик
dobričica				будра
dobro				хорошо
dobrodavstvo				благотворительство
dobrovoljac				доброволец
dodati				передавать
dodatni				префикс
dodavati				передавать
dodekaedar				двенадцатигранник, додекаэдр
dodekafonija				додекафония
dodekagon				двенадцатиугольник
dodir				контакт, соприкосновение
dodirivati				касаться
dogled				бинокль
dogovor				договорённость
dojam				впечатление
dojenče				младенец
dokaz				доказательство
doktrina				доктрина, учение
dokument				документ
dokumentacija				документация
dokumentovanje				документирование
dokumentovati				документировать
dol				долина
dolaktica				предплечье
dolarizacija				долларизация
dolazak				прибытие, явка
dolaziti				приходить
dole				внизу
dolina				долина
domaći				домовой
domen				домен
domestikacija				одомашнивание
dominirati				господствовать
domodedovo				домодедово
domorodac				абориген
domovik				домовой
donacija				пожертвование
donjeck				донецк
doping				допинг
dopisnik				корреспондент
doprinos				вклад
dorama				дорама
doručak				завтрак
doručje				запястье
dosaditi				надоесть
dosljedan				непротиворечивый
dostaviti				передавать
dostavljati				ябедничать
dostavljač				ябеда, ябедник
dostojan				достойный
dotacija				дотация
doušnik				ябеда
dovoljan				достаточный
dozimetar				дозиметр
doći				явиться
dragocjenost				ценность
dragun				драгун
dramaturgija				драматургия
drač				дуррес
dražica				клитор
dremalo				соня
dremati				дремать
dreser				дрессировщик
dresirati				дрессировать
drevnost				древность
drijemati				дремать
drijen				кизил
dromon				дромон
drovodelja				плотник
drug				компаньон, одноклассник
drugi				второй, другой
druškininkaj				друскининкай
druželjubiv				дружелюбный
druževan				дружелюбный
drva				дрова
drven				деревянный
drvo				дерево
drvobrada				деревообработка
drvoobrada				деревообработка
drvoseča				лесоруб
drzničiti				дерзить, хамить
drška				эфес
držati				держать
država				государство, нация
državljanin				гражданин
državljanstvo				гражданство
dualizam				дуализм
dubina				глубина
dublon				дублон
dubok				глубокий, сокровенный
dud				тут, тута
dude				волынка
dudinka				дудинка
dug				далёкий, длинный
duga				радуга
dugme				пуговица
dunav				дунай
dunja				айва
duraluminijum				дюралюминий
durbin				бинокль
duvanski				табачный
dušanbe				душанбе
dužan				должен
dužd				дож
dva				два
dvadeset				двадцать
dvadesetougao				двадцатиугольник
dvanaest				двенадцать
dvanaestougao				двенадцатиугольник
dvesta				двести
dvodihalice				двоякодышащий
dvoglas				дифтонг
dvogled				бинокль
dvojan				двойственный
dvolik				двуликий
dvoličan				двуличный
dvoličnjak				двуличник, лицемер
dvorog				двурогий
dvosmislen				двусмысленный, неоднозначный
dvospratni				трёхэтажный
dvostih				двустишие
dvotaktan				двухтактный
dvotačka				двоеточие
dvovlašće				двоевластие
dzeržinsk				дзержинск
džabe				напрасно
džakarta				джакарта
džakuzi				джакузи
džamija				мечеть
džanarika				алыча
džandar				жандарм
džankoj				джанкой
džehenem				ад
džep				карман
džez				джаз
džibuti				джибути
džihad				джихад
džon				джон
džonka				джонка
džordžija				джорджия
džungla				джунгли
e				а
e-sportovi				киберспорт
ebonit				эбонит
edinburg				эдинбург
edom				едом, эдом
efedrin				эфедрин
efikasan				результативный
efikasnost				результативность
egiptologija				египтология
egocentrik				эгоцентрик
egocentrizam				эгоцентризм
egoističan				эгоистичный
egoističnost				эгоистичность
egotizam				эготизм
egregor				эгрегор
egzeligmos				экселигмос
egzibicionizam				эксгибиционизм
egzistencijalan				экзистенциальный
egzistencijalist				экзистенциалист
egzistencijalizam				экзистенциализм
egzobiologija				экзобиология
egzogamija				экзогамия
egzorcizam				экзорцизм
ehidnahedron				ехиднаэдр
eho				эхо
eholalija				эхолалия
eidetizam				эйдетизм
ejakulacija				эякуляция
ejakulat				эякулят
ekcem				экзема
eki				экю
eklekticizam				эклектизм
eklektik				эклектик
eklipsa				затмение
ekliptika				эклиптика
ekolog				эколог
ekologija				экология
ekološki				экологический
ekonomista				экономист
ekonomičnost				экономичность
ekosistem				экосистема
ekran				экран
ekscitacija				возбуждение
ekseligmos				экселигмос
ekser				гвоздь
eksikator				эксикатор
eksklava				эксклав
ekskomunicirati				отлучить
ekspanzija				экспансия
eksperiment				эксперимент
eksperimentalan				экспериментальный
ekspert				эксперт
eksplozija				взрыв
eksport				экспорт
ekspresionist				экспрессионист
ekspresionizam				экспрессионизм
ekspresivan				выразительный
ekspresivno				экспрессивно
ekstaza				экстаз
ekstrakt				экстракт
ekstrapolacija				экстраполяция
ekstrapoliranje				экстраполирование
ekstrapolirati				экстраполировать
ekstrasens				экстрасенс
ekstrasenzoran				экстрасенсорный
ekstravanje				экстраполирование, экстраполяция
ekstremista				экстремист
ekstremistički				экстремистский
ekstremizam				экстремизм
ekstrovanje				экстраполирование, экстраполяция
ekstrovati				экстраполировать
eksšampion				экс-чемпион
ektocista				эктоциста
ektopija				эктопия
ekumena				ойкумена
ekumenizam				экуменизм
ekumenski				экуменический
ekvator				экватор
ekvatorski				экваториальный
ekzobiologija				экзобиология
el				эль
elasticitet				эластичность
elastičan				эластичный
elbrus				эльбрус
elegancija				элегантность
elegantan				элегантный
elejac				элеат
elektrana				электростанция
elektricitet				электричество
električni				электрический
elektroda				электрод
elektrodinamički				электродинамический
elektrofiziologija				электрофизиология
elektrohemija				электрохимия
elektrohemijski				электрохимический
elektrolit				электролит
elektroliza				электролиз
elektroluminescencija				электролюминесценция
elektroluminiscencija				электролюминесценция
elektromagnetizam				электромагнетизм
elektromotor				электродвигатель
elektron				электрон
elektronac				электронщик
elektronegativan				электроотрицательный
elektronegativnost				электроотрицательность
elektronski				электронный
elektrosnabdevanje				электроснабжение
elektrostalj				электросталь
elektrostatika				электростатика
elektrostatički				электростатический
elipsa				эллипс
elista				элиста
emajl				эмаль
emajlirati				эмалировать
embargo				эмбарго
embolija				эмболия
embriolog				эмбриолог
embriologija				эмбриология
embrion				зародыш
emetik				рвотное
emfizem				эмфизема
emigracija				эмиграция
emigrant				эмигрант
emigrirati				эмигрировать
emir				эмир
emirat				эмират
emitent				эмитент
emitovati				передавать
empirijski				эмпирический
empiriokriticizam				эмпириокритицизм
empirizam				эмпиризм
emu				эму
encefalizacija				энцефализация
encijan				горечавка
enciklopedija				энциклопедия
enciklopedijski				энциклопедический
endorfin				эндорфин
endoskop				эндоскоп
endoskopija				эндоскопия
endšpil				окончание, эндшпиль
energetika				энергетика
energija				энергия
engels				энгельс
engleski				английский
englez				англичанин
enigmatičan				загадочный, энигматический
enkapsulacija				инкапсулирование
enkaustika				энкаустика
enkripcija				шифрование
enolog				энолог
enologija				энология
entalpija				энтальпия
enterijer				интерьер
enterokinaza				энтерокиназа
enteropeptidaza				энтеропептидаза
entomologija				энтомология
entropija				энтропия
entuzijazam				энтузиазм
enzim				фермент, энзим
eocen				эоцен
eparhija				диоцез
epenteza				эпентеза
epicentar				эпицентр
epicikloida				эпициклоида
epidemija				эпидемия
epidemiologija				эпидемиология
epidermis				эпидермис
epifora				эпифора
epigrafika				эпиграфика
epigrafski				эпиграфический
epigram				эпиграмма
epilepsija				эпилепсия
episkop				епископ
epistemologija				эпистемология
epitop				эпитоп
epizoda				эпизод
epizootija				эпизоотия
epopeja				эпопея
erato				эрато
erevan				ереван
ergativ				эргатив
ergodičan				эргодический, эргодичный
ergodičnost				эргодичность
ergofobija				эргофобия
ergonomija				эргономика
ergonomičan				эргономичный
eritrocit				эритроцит
eritrocitopoeza				эритропоэз
erizipel				рожа
erker				эркер
erohin				ерохин
erotika				эротика
erotizam				эротика
erotičan				эротичный
erozija				эрозия
erudita				эрудит
eshatologija				эсхатология
eskadra				эскадра
eskalator				эскалатор
esperanto				эсперанто
estetika				эстетика
estetski				эстетический
estonac				эстонец
estonija				эстония
estonski				эстонский
estrada				эстрада
estrogen				эстроген
estuar				эстуарий
esvatini				эсватини
etan				этан
etanol				этанол
etar				эфир
eteromanija				эфиромания
etilmorfin				дионин
etimološki				этимологический
etiologija				этиология
etiopljanin				эфиоп
etiopljanski				эфиопский
etiopski				эфиопский
etički				этический, этичный
etnogeneza				этногенез
etnografija				этнография
etnografski				этнографический
etnolingvistika				этнолингвистика
etnopsihologija				этнопсихология
etnoturizam				этнотуризм
etologija				этология
eufemizam				эвфемизм
euforija				эйфория
euforičan				эйфорический
eufrat				евфрат
eufuizam				эвфуизм
eukaliptus				эвкалипт
eukaliptusov				эвкалиптовый
eukariot				эукариот
euripid				еврипид
euritmija				эвритмия
europa				европа
europij				европий
europijum				европий
europljanin				европеец
europski				европейский
eutanazija				эвтаназия
eutektički				эвтектический
euterpa				эвтерпа
eutimija				эвтюмия
evangelizacija				евангелизация
evekcija				эвекция
everest				эверест
evgenija				евгения
evnuh				евнух
evo				вот
evolucija				эволюция
evolucionist				эволюционист
evolucionizam				эволюционизм
evroazija				евразия
evroazijski				евразийский
evrocentrizam				европоцентризм, евроцентризм
evropa				европа
evropski				европейский
ezoterija				эзотерика
ezoterika				эзотерика
fabrika				завод, фабрика
fabrikant				фабрикант
fagocit				фагоцит
fagot				фагот
fajans				фаянс
faktografija				фактография
faktorijel				факториал
falsifikovanje				фальсификация
familijarnost				панибратство, фамильярность
fanatizam				фанатизм, фанатичность
fanatičan				фанатический
fanatičnost				фанатичность
fantazirati				фантазировать
farad				фарад
faradizacija				фарадизация
faraon				фараон
faraonski				фараонский
farba				краска
farfor				порцелан
farmakodinamika				фармакодинамика
farmakofor				фармакофор
farmakognozija				фармакогнозия
farmakokinetika				фармакокинетика
farmakologija				фармакология
fasada				фасад
fascija				фасция
fascikla				каталог, скоросшиватель
fatalizam				фатализм
fatamorgana				мираж
favela				фавела
favoritizam				фаворитизм
faza				период, фаза
fazan				фазан
fašizam				фашизм
februar				февраль
federalan				федеральный
federalizam				федерализм
felacio				минет, фелляция
feldmaršal				фельдмаршал
felinolog				фелинолог
feluka				фелюга
feministkinja				феминистка
femtosekund				фемтосекунда
femtosekunda				фемтосекунда
feniks				феникс
fenobarbital				фенобарбитал
fenologija				фенология
fenomen				феномен
fenomenalno				феноменально
fenomenologija				феноменология
fenotip				фенотип
feodosija				феодосия
ferman				ферман, фирман
fermentacija				брожение, ферментация
fermij				фермий
fermijum				фермий
fermion				фермион
feroaluminijum				ферроалюминий
feromagnetizam				ферромагнетизм
feromangan				ферромарганец
fertilitet				фертильность
festival				фестиваль
festivalski				фестивальный
fetus				плод
feud				феод
feudalac				феодал
feudalizam				феодализм
fideista				фидеист
fideizam				фидеизм
figura				фигура
fikcija				вымысел
fiksirati				фиксировать
fikus				фикус
filantrop				филантроп
filatelija				филателия
filatelista				филателист
filc				войлок
filipika				филиппика
filipini				филиппины
filit				филлит
film				кинофильм
filmografija				фильмография
filodendron				филодендрон
filoksera				филлоксера
filolog				филолог
filologija				филология
filozofichnost				философичность
filozofija				философия
filozofičnost				философичность
filozofski				философичный
finalan				финальный
financijski				финансовый
financirati				финансировать
finansijski				финансовый
finansiranje				финансирование
finansirati				финансировать
fingerstajl				фингерстайл
finska				финляндия
firenca				флоренция
firentinac				флорентиец
firentinka				флорентийка, флорентинка
firentinski				флорентийский
firer				фюрер
firma				фирма
fitohemija				фитохимия
fizikalizam				физикализм
fiziolog				физиолог
fiziologija				физиология
fiziološki				физиологический
fizioterapeut				физиотерапевт
fizioterapija				физиотерапия
fizičar				физик
fjord				фьорд
flamingo				фламинго
flauta				флейта
flaša				бутылка
flebitis				флебит
flegmatik				флегматик
fleksija				окончание
flerovijum				флеровий
flert				флирт
flertovanje				флирт
floem				флоэма
florentinski				флорентийский
florida				флорида
florin				флорин
flota				флот
flotila				флотилия
fluor				фтор
fluorescencija				флуоресценция
fluorescentan				флюоресцентный
fluorovodonik				фтороводород
foaje				фойе
fobofobija				фобофобия
fokomelija				фокомелия
fokstrot				фокстрот
fokusirati				фокусировать
fomalhaut				фомальгаут
fonendoskop				фонендоскоп
fonetika				фонетика
fonologija				фонология
fonometar				фонометр
fonotaktika				фонотактика
forarlberg				форарльберг
forinta				форинт
formalan				формальный
formaldehid				формальдегид
formalizirati				формализовать
formalnost				формальность
forometar				форометр
forsitija				форзиция
forzicija				форзиция
fosfat				фосфат
fosfor				фосфор
fotelja				кресло
fotobiologija				фотобиология
fotoefekat				фотоэффект
fotograf				фотограф
fotografija				фотография
fotografisati				фотографировать
fotohemija				фотохимия
fotokopir-aparat				ксерокс
fotometar				фотометр
foton				фотон
fotoreporter				фоторепортёр
fotorobot				фоторобот
fotosfera				фотосфера
fotosinteza				фотосинтез
fototropizam				фототропизм
fovizam				фовизм
fragmentaran				фрагментарный
fragmentirati				фрагментировать
frakcija				фракция
franački				франкский
franciskanski				францисканский
francuska				франция
francuski				французский
francuz				француз
franjevac				францисканец
frankofoni				франкоязычный
frankonija				франкония
franšiziranje				франчайзинг
fraza				фраза
frazeologizam				фразеологизм
frekvencija				частота
frekvencmetar				частотомер
frenektomija				френэктомия
frenologija				френология
fridrihshafen				фридрихсхафен
frigidarijum				фригидарий
friter				фритюрница
fritusnica				фритюрница
frižider				холодильник
frke				суетливый
frojdenštat				фройденштадт
frojdizam				фрейдизм
frumentije				фрументий, фруменций
frutarijanstvo				фрукторианство
fudbal				футбол
fudbaler				футболист
fumigacija				фумигация
fundamentalizam				фундаментализм
funkcija				функция
funkcioner				функционер
funkcionirati				функционировать
funkcionisanje				жизнедеятельность
funkcionisati				функционировать
futuristički				футуристичный
futurologija				футурология
gabion				габион
gabon				габон
gadolinij				гадолиний
gadolinijum				гадолиний
gagat				гагат
gagauzija				гагаузия
gaj				роща
gajdaš				волынщик
gajde				волынка
gajica				гаевица
galaksija				галактика
galaktoza				галактоза
galeb				чайка
galicija				галисия
galija				галера, галлия
galijum				галлий
galikanizam				галликанство
galofobija				франкофобия
galon				галлон
galvanometar				гальванометр
galvanoterapija				гальванотерапия
galvanski				гальванический
gama-funkcija				гамма-функция
gamapatija				гаммапатия
gambija				гамбия
gambit				гамбит
gamet				гамета
gangrena				гангрена
ganski				ганский
garancija				гарантия
garantni				гарантийный
garantovati				гарантировать
garaža				гараж
garnijerit				гарниерит
gas				газ
gas-maska				противогаз
gasifikacija				газификация
gasovod				газопровод
gastritis				гастрит
gastroenterologija				гастроэнтерология
gastroskopija				гастроскопия
gastrotomija				гастротомия
gavijal				гавиал
gavran				ворон
gazohemija				газохимия
gašenje				угасание
gdadiš				стальник
gdanjsk				гданьск
gejzir				гейзер
gejša				гейша
gekon				геккон
gel				гель
gen				ген
gencijana				горечавка
genealogija				генеалогия
general				генерал
general-feldmaršal				генерал-фельдмаршал
general-potpukovnik				генерал-лейтенант
genocid				геноцид
genom				геном
genotip				генотип
gensek				генсек
gentrifikacija				джентрификация
geodezija				геодезия
geodinamika				геодинамика
geoekologija				геоэкология
geofizika				геофизика
geoglif				геоглиф
geografija				география
geografski				географический
geohemija				геохимия
geolocirati				геолоцировать
geolog				геолог
geologija				геология
geolokacija				геолокация
geomagnetizam				геомагнетизм
geometrija				геометрия
geomorfologija				геоморфология
geopolitika				геополитика
geopotencijal				геопотенциал
geosinklinala				геосинклиналь
gepingen				гёппинген
germanijum				германий
germanistika				германистика
germanizacija				германизация
germanizam				германизм
germanofilski				германофильский
gerontologija				геронтология
gestapo				гестапо
gestikulirati				жестикулировать
geto				гетто
getsemanski				гефсиманский
giboni				гиббон
gigabajt				гигабайт
gigaherc				гигагерц
gigantski				гигантский
giljotina				гильотина
gimnastika				гимнастика
ginekolog				гинеколог
ginekologija				гинекология
gitara				гитара
giz				геэз
glaciologija				гляциология
glad				голод
gladan				голодный
gladijator				гладиатор
gladiola				гладиолус
glagol				глагол
glagoljica				глаголица
glampovanje				глэмпинг
glas				голос
glasanje				голосование
glasben				музыкальный
glasnik				посол
glasovir				фортепиано
glaukom				глаукома
glava				голова
glavan				главный
glavni				основной
glazben				музыкальный
glačalo				утюг
gle				вот
gledati				смотреть
glejv				глевия
gležanj				лодыжка
glicerin				глицерин
glicerol				глицерин
glikemija				гликемия
glikogeneza				гликогеногенез
glikozid				гликозид
gljiva				гриб
globa				штраф
globalizacija				глобализация
globalizam				глобализм
globin				глобин
globiti				штрафовать
globus				глобус
glodar				грызун
glog				боярышник
glosar				глоссарий
glosolalija				глоссолалия
glukoza				глюкоза
glumac				актёр
glumica				актриса
glupak				дурак
glupan				дурак, недоумок, тупица
glupav				глуповатый
glupost				бредятина, глупость
gluv				глухой
gluvost				глухота
gluvoća				глухота
gmizavac				пресмыкающееся
gmo				гмо
gnevan				гневливый, злой
gnevljiv				гневливый
gnevljivost				гневливость
gniv				гнев
gnjev				гнев
gnjevan				гневный
gnjilane				гнилане
gnjio				гнилой
gnoj				гной
gnom				гном
gnoseologija				гносеология
gnosticizam				гностицизм
gnu				гну
go				голый
godina				год
godišnji				ежегодный
godišnjica				годовщина
golicati				щекотать
golman				вратарь
golub				голубь
golubica				голубь
gomolj				клубень
gomora				гоморра
gondola				гондола
gong				гонг
goniometar				гониометр
gora				гора
gorak				горький
gorbačov				горбачёв
gore				вверх, вверху, хуже
gorgulija				горгулья
gorila				горилла
gorivo				топливо
gorno-altajsk				горно-алтайск
gorčica				горчица
gospod				бог
gospodar				господарь, хозяин
gospodariti				господствовать
gospodin				господин
gospođa				госпожа
gost				гость
gotov				готовый
gotovnost				готовность
gotovo				почти
govedina				говядина
govoriti				говорить
graciozan				изящный
grad				город, град
gradina				огород
graditi				строить
gradonačelnik				бургомистр
gradski				городской
grafema				графема
grafika				графика
grafin				графин
grafit				графит
grafologija				графология
graktati				каркать
gram				грамм
gramatikalizacija				грамматикализация
gramzivac				жадина
granica				граница
granit				гранит
graničar				пограничник
gravazvezda				гравастар
gravimetrički				гравиметрический
gravitacija				гравитация
graviton				гравитон
grašak				горох
grb				герб
grditi				бранить
grdost				уродство
grejpfrut				грейпфрут
grenland				гренландия
grenlandski				гренландский
greška				ошибка
greškom				ошибочно
grgeč				окунь
grijeh				грех
griješiti				грешить
grimasa				гримаса
grinič				гринвич
grinički				гринвичский
grip				грипп
grivna				браслет
grizeti				кусать
grkljan				гортань, пищевод
grlica				горлинка
grlo				горло
grm				куст, кустарник
grmjeti				грохотать
grmljavina				гроза
grmotrn				стальник
grnčarija				керамика
grnčarstvo				керамика
grob				могила
grobište				кладбище
grobje				кладбище
groblje				кладбище
grof				граф
grofica				графиня
groktati				хрюкать
grom				гром
gromak				громкий
gromobran				громоотвод, молниеотвод
grozd				виноград, гроздь
grozni				грозный
grožđe				виноград
grub				грубый
grubiti				грубить
grupeto				группетто
grupisati				концентрировать, сосредоточивать
gruzija				грузия
gruzijka				грузинка
grčevit				конвульсивный, нервный, спазматический
grčka				греция
grčki				греческий
grđost				уродство
guangdung				гуандун
gubernija				губерния
gubilište				эшафот
gubitak				убыток
gubiti				терять
gudalo				смычок
gudžarati				гуджарати
guja				змея
gunj				кожух
gunđanje				брюзжание
gunđati				брюзжать
gurija				гурия
gurman				гурман
gusan				гусак
gusar				пират
gusenica				гусеница
guska				гусь
gutacija				гуттация
gutati				глотать
gušter				ящерица
gvadelup				гваделупа
gvatemala				гватемала
gvatemalac				гватемалец
gvatemalski				гватемальский
gvaš				гуашь
gvineja				гвинея
gvožđe				железо
habanera				хабанера
habanje				изнашивание
habarovsk				хабаровск
had				аид
hadron				адрон
hadronski				адронный
hadž				хадж
hadži				хаджи
hadžija				хаджи
hadžiluk				хадж
hafnijum				гафний
hagiografija				агиография
hajduk				гайдук
hajnan				хайнань
halifat				халифат
haljina				платье
halogenacija				галогенирование
halucinacija				галлюцинация
halucinirati				галлюцинировать
halva				халва
hamburg				гамбург
hamburger				бургер, гамбургер
hamburški				гамбургский
hamit				хамит
han				трактир
hanover				ганновер
hantavirus				хантавирус
hanzeatski				ганзейский
hanča				ханча
haos				хаос
haotičan				хаотический
haplogrupa				гаплогруппа
haplotip				гаплотип
harfa				арфа
harfista				арфист
harizma				харизма
harkov				харьков
harmonija				гармония
harmonijum				фисгармония
harmonika				аккордеон
harmonikaš				аккордеонист
harmoničan				гармоничный
harpun				гарпун
harpunar				гарпунщик
hartija				бумага
hasavjurt				хасавюрт
hasidizam				хасидизм
hasij				хассий
hasijum				хассий
haubica				гаубица
hauzmajstor				управдом
havaji				гавайи
hazarski				хазарский
hašiš				гашиш
hebefrenija				гебефрения
hedonizam				гедонизм
hegemonija				гегемония
hejlungđang				хэйлунцзян
hekatomba				гекатомба
heksaedar				гексаэдр, шестигранник
heksafluorid				гексафторид
heksagon				шестиугольник
heksametar				гекзаметр
heksan				гексан
heksen				гексен
heksoda				гексод
hektar				гектар
helenista				эллинист
helenizam				эллинизм
helij				гелий
helije				гелиос
helijum				гелий
helikopter				вертолёт
heliocentrizam				гелиоцентризм
heliocentričan				гелиоцентрический
heliofil				гелиофил
heliologija				гелиология
helios				гелиос
heljda				гречиха
hematit				гематит
hematoidin				гематоидин
hematologija				гематология
hematom				гематома
hemialgija				гемиалгия
hemihoreja				гемихорея
hemija				химия
hemimorfit				гемиморфит
hemipareza				гемипарез
hemičar				химик
hemofilija				гемофилия
hemofobija				гемофобия
hemoglobin				гемоглобин
hemogram				гемограмма
hemoliza				гематолиз, гемолиз
hemoluminescencija				хемолюминесценция
hemoragija				геморрагия
hemosiderin				гемосидерин
hemosorpcija				хемосорбция
hendijadis				гендиадис
hentaj				хентай
heptan				гептан
heraldika				геральдика
herbarijum				гербарий
hermelin				горностай
hermetično				герметически, герметично
heroin				героин
herojski				геройский
herpetologija				герпетология
hesenski				гессенский
hesijan				гессиан
heterodoksija				инаковерие
heterogamija				гетерогамия
heterogen				гетерогенный
heteronacionalizam				гетеронационализм
heteroseksualan				гетеросексуальный
heteroseksualnost				гетеросексуальность
heterozigotan				гетерозиготный
heterozigoten				гетерозиготный
hetimasija				этимасия
hetit				хетт
heuristika				эвристика
heurističan				эвристичный
heuristički				эвристичный
hibrid				гибрид
hibridan				гибридный
hibridizacija				гибридизация
hibru				иврит
hidraulika				гидравлика
hidraulički				гидравлический
hidrije				гидрия
hidrobiologija				гидробиология
hidrodinamika				гидродинамика
hidroelektrana				гидроэлектростанция
hidroelektrični				гидроэлектрический
hidroenergija				гидроэнергетика
hidrofilan				гидрофильный
hidrofob				гидрофобность
hidrofoban				гидрофобный
hidrogenkarbonat				бикарбонат
hidrografija				гидрография
hidrologija				гидрология
hidrometalurški				гидрометаллургический
hidroreja				гидрорея
hidžab				хиджаб
hidžaz				хиджаз
higrofilan				гигрофильный
higrogram				гигрограмма
hijena				гиена
hijerarhija				иерархия
hijerarhijski				иерархически
hijeroglif				иероглиф
hilijazam				милленаризм
hiljada				тысяча
hiljaditi				тысячный
himalaji				гималаи
himki				химки
hindi				хинди
hinduistički				индуистский
hinduizam				индуизм
hiosciamin				гиосциамин
hiperacidan				гиперацидный
hiperaktivnost				гиперактивность
hiperboličan				гиперболический
hiperboloid				гиперболоид
hiperinflacija				гиперинфляция
hiperonim				гипероним
hipersfera				гиперсфера
hipersomnija				гиперсомния
hipertekst				гипертекст
hipertenzija				гипертензия, гипертония
hiperveza				гиперссылка
hipervizor				гипервизор
hipnofobija				гипнофобия
hipnotisati				гипнотизировать
hipnotizer				гипнотизёр
hipnotičar				гипнотизёр
hipnoza				гипноз
hipoacidan				гипоацидный
hipodrom				ипподром
hipofiza				гипофиз
hipoforija				гипофория
hipofosfat				гипофосфат
hiponim				гипоним
hiponitrit				гипонитрит
hiposekrecija				гипосекреция
hipostaza				ипостась
hipotalamus				гипоталамус
hipoteka				ипотека
hipotenuza				гипотенуза
hipotenzija				гипотензия
hipotetički				гипотетический
hipotetično				гипотетически
hipoteza				гипотеза
hipotireoza				гипотиреоз
hiralan				хиральный
hiralnost				хиральность
hiromantija				хиромантия
hirošima				хиросима
hirurg				хирург
hirurgija				хирургия
hirurški				хирургический
hispanogovorni				испаноязычный
histerezis				гистерезис
histeričan				истеричный
histohemija				гистохимия
histologija				гистология
historija				история
historiograf				историограф
historiografija				историография
historičar				историк
hitin				хитин
hitinski				хитиновый
hitnja				спешка
hitno				безотлагательно
hladan				нерадушный, холодный
hladionik				холодильник
hladnjak				холодильник
hladnokrvnost				хладнокровность
hlap				омар
hlače				штаны
hljeb				хлеб
hloazma				хлоазма
hlor				хлор
hlorofil				хлорофилл
hloroform				хлороформ
hlortetraciklin				хлортетрациклин
hmelj				хмель
hobi				хобби
hobotnica				осьминог
hod				ходьба
hodanje				ходьба
hodnik				коридор
hokaido				хоккайдо
hokej				хоккей
hokejski				хоккейный
hol				холл
holandija				голландия
holandski				нидерландский
holanđanin				нидерландец
holerik				холерик
holesterol				холестерин
holmijum				гольмий
holoenzim				голофермент
holografija				голография
hologram				голограмма
holotip				голотип
homeopatija				гомеопатия
homeostaza				гомеостаз
homofon				омофон
homogamija				гомогамия
homologacija				омологация
homonim				омоним
homoseksualac				гомосексуалист
homoseksualan				гомосексуальный
homoseksualizam				гомосексуализм
homoseksualnost				гомосексуальность
homosfera				гомосфера
homotopija				гомотопия
homozigot				гомозигота
homozigotan				гомозиготный
honduras				гондурас
hopjor				хопёр
hoplit				гоплит
hor				хор
horizont				горизонт
horizontalan				горизонтальный
horizontalno				горизонтально
horizontalnost				горизонтальность
hormon				гормон
hormonogeneza				гормоногенез
horna				валторна
horonim				хороним
hortenzija				гортензия
hotel				отель
hoverkraft				аэроход
hrabro				храбро
hrabrost				мужество, смелость
hram				храм
hrana				пища
hrast				дуб
hrbat				позвоночник
hren				хрен
hrestomatija				хрестоматия
hridina				скала
hrist				христос
hristadelfijan				христадельфианин
hristos				христос
hrišćanin				христианин
hrišćanski				христианский
hrišćanstvo				христианство
hrom				хром
hromatografija				хроматография
hromoplast				хромопласт
hromosfera				хромосфера
hromozom				хромозома, хромосома
hronikar				хронист
hroničar				хронист
hronografija				хронография
hronologija				хронология
hronološki				хронологический
hronometar				секундомер, хронометр
hrptenica				позвоночник
hrvat				хорват
hrčak				хомяк
hteti				хотеть
hubej				хубэй
hugenot				гугенот
hugenotski				гугенотский
hulja				злодей, негодяй
humanoidan				человекообразный
humoreska				юмореска
humus				гумус
hunan				хунань
hungaristika				унгаристика
hungarologija				унгаристика
husar				гусар
hvala				спасибо
hvatati				ловить
i				а, да, и
iako				хотя
ibis				ибис
ideal				идеал
idealan				идеальный
idealista				идеалист
idealizam				идеализм
idealizovati				идеализировать
idealnost				идеальность
ideja				замысел
identifikacija				опознавание
identičan				идентичный
ideologema				идеологема
ideologija				идеология
ideomotoran				идеомоторный
idila				идиллия
idiličan				идиллический
idiolekt				идиолект
idiomatski				идиоматический
idiot				кретин
idiotija				идиотия
idiotski				идиотский
igarka				игарка
igla				игла
ignorisanje				игнорирование
ignorisati				игнорировать
igor				игорь
igranka				танец
igrati				играть, танцевать
igračica				танцовщица
igračka				игрушка
igteizam				игтеизм
iguman				игумен
ihtiografija				ихтиография
ihtiolog				ихтиолог
ihtiologija				ихтиология
ihtiosaur				ихтиозавр
ikona				икона
ikonoborstvo				иконоборчество
ikonoklazam				иконоборчество
ikonopis				иконопись
ikonopisanje				иконопись
ikonostas				иконостас
ikosaedar				икосаэдр
ikositetraedar				двадцатичетырёхгранник
ilegalan				незаконный, нелегальный
ili				альбо, или
ilinois				иллинойс
ilirski				иллирийский
ilovača				глина
iluminirati				иллюминировать
ilustrovati				иллюстрировать
iluzija				иллюзия
iluzionist				иллюзионист
imam				имам
imati				иметь
imbecilnost				имбецильность
ime				имя, наименование
imenica				существительное
imenovanje				деноминация, наименование
imenovati				именовать
imigracija				иммиграция
imitacija				имитация
imitirati				имитировать
imobilizacija				иммобилизация
imovina				имущество
imperativnost				императивность
imperator				император
imperatorica				императрица
imperija				империя
imperijalista				империалист
impečment				импичмент
impičment				импичмент
implementacija				имплементация
import				импорт
importer				импортёр
importirati				импортировать
impotencija				импотенция
impresionizam				импрессионизм
improvizacija				импровизация
improvizovati				импровизировать
impulzivno				импульсивно
imunitet				иммунитет
imunobiolog				иммунобиолог
imunodeficijencija				иммунодефицит
imunohemija				иммунохимия
imunologija				иммунология
imunost				иммунитет
imućan				зажиточный
inaktivacija				инактивация
incest				инцест
indeksiranje				индексация
indeksirati				индексировать
indianapolis				индианаполис
indiferentan				индифферентный
indija				индия
indijana				индиана
indijanapolis				индианаполис
indijski				индийский
indijum				индий
indikativni				индикативный
indikator				индикатор
indirektan				косвенный
individualan				индивидуальный
individualizam				индивидуализм
individualnost				личность
indoeuropeistika				индоевропеистика
indoevropeistika				индоевропеистика
indokina				индокитай
indološki				индологический
indonežanski				индонезийский
indukcija				провокация
induktivitet				индуктивность
induktivnost				индуктивность
industrija				промышленность
industrijalizacija				индустриализация
industrijski				индустриальный, промышленный
inercija				инерция
inercijalan				инерциальный
infanticid				детоубийство
infekcija				заражение, инфекция
infektologija				инфектология
inferioran				неполноценный
infinitiv				инфинитив
inflacija				инфляция
inflacioni				инфляционный
informacija				информация
informativan				справочный
informisati				информировать, осведомлять
infrastruktura				инфраструктура
ingot				слиток
ingušetija				ингушетия
inhibicija				ингибиция
inhibitor				ингибитор
inicijacija				инициация
inicijalizacija				инициализация
inicijativnost				инициативность
inicijator				инициатор
inje				иней
injekcija				инъекция
inklinometar				инклинометр
inkorporacija				инкорпорация
inkvizicija				инквизиция
inovacija				инновация, нововведение
inovativan				новаторский
inovativnost				инновационность, новаторство
insekt				насекомое
insekticid				инсектицид
insolventnost				банкротство
insomnija				бессонница
instinktivan				инстинктивный
instinktivnost				инстинктивность
institucionalan				институциональный
institucionalizacija				институционализация
instruirati				инструктировать
insulin				инсулин
intarzija				интарсия
integral				интеграл
integraza				интеграза
interesantan				интересный
interesovati				интересовать
interferencija				интерференция
interkontinentalan				межконтинентальный
interlingve				интерлингве
internacionalizam				интернационализм
internet				интернет
interpelacija				интерпелляция
interpolacija				интерполяция
interpolirati				интерполировать
interpunkcija				пунктуация
intersticijum				интерстиций
intertekstualnost				интертекстуальность
intiman				интимный
intimnost				интимность
intonacija				интонация
intramolekularni				внутримолекулярный
intranuklearni				внутриядерный
intrauterin				внутриматочный
intuicija				интуиция
invarijantan				инвариантный
invertaza				инвертаза
invertirati				инвертировать
investitura				инвеститура
involucija				инволюция
inženjer				инженер
ionizacija				ионизация
iperit				иприт
ipostas				ипостась
iracionalan				неразумный
irak				ирак
iran				иран
iranski				иранский
iridij				иридий
iridijum				иридий
irinej				ириней
iritirati				раздражать
irkutsk				иркутск
isav				исав
iscrpljenost				изнурённость
iseljenik				эмигрант
ishemija				ишемия
iskra				искра
iskren				откровенный
iskrenost				откровенность, честность
islamabad				исламабад
islamizam				исламизм
islamofobija				исламофобия
island				исландия
isparavanje				парообразование
ispit				экзамен
ispitivati				пытать
isplatiti				заплатить
ispljuvak				плевок
ispoljavati				демонстрировать, являть
ispoljiti				явить
ispraviti				выпрямить, распрямить
ispravljanje				выпрямление
ispravljati				распрямлять
ispravljač				выпрямитель
ispravnost				правильность
ispupčenje				выпуклость
ispupčenost				выпуклость
isti				одинаковый
isticanje				подчёркивание
istinitost				истинность, правдивость
istinoljubivost				правдивость
istinski				настоящий
istok				восток
istorija				история
istoriograf				историограф
istoriografija				историография
istoričnost				историчность
istorčnost				историчность
istoznačnica				синоним
istočni				восточный
istočnoslovenski				восточнославянский
istrošenost				обветшалость
isusovac				иезуит
italija				италия
italijanogovorni				италоязычный
italijanski				италиянский, итальянский
itrijum				иттрий
ivanovo				иваново
ivrit				иврит
izabirati				выбирать
izaslanik				посол
izatin				изатин
izbliže				близко
izbor				выбор
izbori				выборы
izbočina				выпуклость
izdaleka				издалека
izdavač				издатель
izgovarati				произносить
izgrađivati				строить
izjaviti				декларировать
izlapeo				старческий
izlaziti				выходить
izlazni				оконечный
izlječivost				исцелимость
izmir				измир
izmišljotina				враньё, вымысел
izmučen				мученический
iznad				над
iznajmljivač				арендатор, арендодатель
iznevjeriti				обманывать
izobara				изобара
izobilje				богатство
izoglosa				изоглосса
izolacionizam				изоляционизм, самоизоляция
izomer				изомер
izomerizacija				изомеризация
izometričan				изометрический
izomorfizam				изоморфизм
izotermičan				изотермический
izotop				изотоп
izotropan				изотропный
izotropija				изотропия
izoštravati				фокусировать
izravnati				выпрямить, распрямить, распрямлять
izražajan				выразительный
izražajnost				выразительность
izveštaj				авизо
izvlačenje				жеребьёвка
izvod				производная
izvolite				пожалуйста
izvoziti				экспортировать
ići				идти
išijas				ишиас
iževsk				ижевск
ižora				ижора
ižorski				ижорский
ja				аз, я
jablan				тополь
jabuka				яблоко, яблоня
jabučan				яблочный
jabučni				яблоневый
jagnje				ягнёнок
jagodina				ягодина
jaguar				ягуар
jahač				всадник, наездник
jahta				яхта
jajce				яйце
jaje				яйцо
jajoi				яёи, яёй
jajovod				яйцевод
jak				сильный, як
jakna				куртка
jakutsk				якутск
jalov				безрезультатный, бесплодный, бесполезный, тщетный
jamajka				ямайка
jamb				ямб
janjičar				янычар
jantar				янтарь
januar				январь
japan				япония
japanac				японец
japno				известь
jarbol				мачта
jaroslava				ярослава
jaroslavlj				ярославль
jarovizacija				яровизация
jasan				недвусмысленный
jasen				ясень
jasmin				жасмин
jaspis				яшма
jastog				омар
jastoga				лобстер
jastreb				ястреб
jastuk				подушка
jastučnica				наволочка
jatagan				ятаган
jatkin				яткин
jatrofobija				ятрофобия
jaunde				яунде
jauza				яуза
java				ява
javka				явка
javor				клён
jazavac				барсук
jazavičar				такса
jazičestvo				язычество
jačina				напряжённость
jebati				пердолить
jedan				один
jedanaest				одиннадцать
jedanaestougao				одиннадцатиугольник
jedarce				ядрышко
jedinstvo				солидарность
jedić				аконит
jednakokraki				равнобедренный
jednakostraničan				равносторонний
jednačina				уравнение
jednocifren				однозначный
jednokomponentni				однокомпонентный
jednokratnica				гапакс
jednorog				единорог
jednostaničan				одноклеточный
jednoznačan				недвусмысленный, однозначный
jednoznačnost				недвусмысленность
jednoženstvo				моногамия
jedro				парус
jegulja				угорь
jeka				эхо
jekaterinburg				екатеринбург
jemen				йемен
jemenski				йеменский
jen				иена
jenisej				енисей
jenisejsk				енисейск
jenisejski				енисейский
jerej				иерей
jeres				ересь
jeretik				еретик
jerevan				ереван
jermen				армянин
jermenija				армения
jeroglifika				иероглифика
jerusalim				иерусалим
jesen				осень
jeste				есть
jesti				есть
jetra				печень
jevanđelje				евангелие
jevpatorija				евпатория
jevrej				еврей
jevrejin				еврей
jevrejka				еврейка
jevtin				дешёвый
jezekija				езекия
jezerce				пруд
jezero				озеро
jezgrovit				лаконичный, немногословный
jezik				язык
jezikoslavlje				языковедение
jezikoslovlje				лингвистика, языковедение
jezuit				иезуит
jezuitizam				иезуитизм
ječam				ячмень
jež				ёж
jež-frizura				ёж
jidiš				идиш, йидиш
jod				иод, йод
jodimetrija				иодометрия
jodlovanje				йодль
jodoform				йодоформ, трииодметан
joel				иоиль
jogurt				йогурт
johanesburg				йоханнесбург
johannesburg				йоханнесбург
jon				ион
jonizacija				ионизация
jonizacijski				ионизационный
jonizirati				ионизовать
jonosfera				ионосфера
jonski				ионический, ионный
jorgan				одеяло
jorgovan				сирень
jotovanje				йотирование
jov				иов
jova				ольха
još				ещё
jubilej				юбилей
jug				юг
jugoistok				юго-восток
jugoistočni				юго-восточный
jugoslavija				югославия
jugoslovenski				югославский
jugozapad				юго-запад
jugozapadni				юго-западный
jukatan				юкатан
jukon				юкон
jul				июль
julijanski				юлианский
julski				июльский
jun				июнь
juniorski				юниорский
jupiter				юпитер
jura				юра
jurisdikcija				юрисдикция
jurisprudencija				юриспруденция
juriti				мчаться
jurjevič				юрьевич
jurski				юрский
jurt				юрта
jurta				юрта
juta				юта
jutarnji				утренний
jutiuber				ютубер
jutiuberka				ютубер
jutro				утро
jutuber				ютубер
jutuberka				ютубер
juvelir				ювелир
juče				вчера
jučer				вчера
južan				южный
južni				южный
južnjak				южанин
južnoamerički				южноамериканский
južnosahalinsk				южно-сахалинск
kabelski				кабельный
kabina				каюта
kacik				касик
kad				когда
kadija				кадий
kadmij				кадмий
kadmijum				кадмий
kafana				кофейня
kahetija				кахетия
kaja				кая
kajsija				абрикос
kajsijin				абрикосный, абрикосовый
kajzer				кайзер
kakaovac				какао
kakapo				какапо
kakav				какой
kaki				хурма
kako				как
kakofonija				какофония
kalaj				олово
kalambur				каламбур
kalcedon				халцедон
kalcinacija				кальцинация
kaldera				кальдера
kaldrma				мостовая
kaleidoskop				калейдоскоп
kalem				привой
kalendar				календарь
kalfa				подмастерье
kalibar				калибр
kalifornija				калифорния
kalifornijum				калифорний
kaligrafija				каллиграфия
kalijum				калий
kalimantan				калимантан
kalinjingrad				калининград
kaliopa				каллиопа
kaliptra				калиптра
kaljazinski				калязинский
kalk				известь
kalkuta				калькутта
kalorija				калория
kalorimetrija				калориметрия
kaluga				калуга
kaluđer				монах
kalv				кальв
kalvinist				кальвинист
kalvinizam				кальвинизм
kama				кинжал
kamatarstvo				ростовщичество
kambijum				камбий
kambodža				камбоджа, кампучия
kameleon				хамелеон
kamen				камень
kamenit				каменистый
kamenorezac				каменотёс
kamensk-uralski				каменск-уральский
kamfor				камфара
kamil				камиль
kamila				верблюд
kamilica				ромашка
kamin				камин
kamo				куда
kampanula				колокольчик
kan				канны
kanabis				каннабис, конопля
kanap				шпагат
kanađanin				канадец
kanconeta				канцонетта
kanibal				каннибал
kanibalizam				каннибализм
kanji				кандзи
kanjon				каньон
kanonizirati				канонизировать
kanonizovati				канонизировать
kansas				канзас
kanski				каннский
kanta				ведро
kantar				весы
kantata				кантата
kanton				кантон
kanzas				канзас
kanđi				кандзи
kao				как
kaolin				каолин
kaolinit				каолинит
kap				капля
kapa				каппа
kapacitor				конденсатор
kapadokija				каппадокия
kapan				капан
kapelan				капеллан
kapibara				капибара
kapitalist				капиталист
kapitalistički				капиталистический
kapitalizacija				капитализация
kapitalizam				капитализм
kapitel				капитель
kapitulacija				капитуляция
kapljica				капля
kapuljača				капюшон
kaput				пальто, пиджак
karabin				карабин
karaganda				караганда
karakas				каракас
karakondžula				караконджул
karamel				карамель
karanfil				гвоздика
karanfilić				гвоздика
karantin				карантин
karat				карат
karate				карате
karavan				караван
karbid				карбид
karboksilan				карбоксильный
karburacija				карбюрация
karburator				карбюратор
kardioida				кардиоида
kardiolog				кардиолог
kardiologija				кардиология
kardiološki				кардиологический
kardiomiopatija				кардиомиопатия
karelija				карелия
karijera				карьера
karijerist				карьерист
karijes				кариес
kariocit				кариоцит
kariotip				кариотип
karlica				таз
karneval				карнавал
kartaš				картёжник
kartezijanizam				картезианство
karting				картинг
kartograf				картограф
kartografija				картография
kartografski				картографический
kartoteka				картотека
kasacija				кассация
kasacioni				кассационный
kasarna				казарма
kasica-prasica				копилка
kasno				поздно
kasta				каста
kastracija				кастрация
kat				этаж
katabolizam				катаболизм
kataliza				катализ
katalog				каталог
katalogizovati				каталогизировать
katana				катана
katanac				замок
katapult				катапульта
katarza				катарсис
katastar				кадастр
katastrofa				катастрофа
katastrofalan				катастрофический, катастрофичный
katatonija				кататония
katedra				кафедра
kategorija				категория
katekizam				катехизис
kateter				катетер
katjon				катион
katoda				катод
katolicizam				католицизм
katolik				католик
katolički				католический
katran				гудрон
katren				катрен
kaugler				уклейка
kauliflorija				каулифлория
kauzalan				каузальный
kaučuk				каучук
kaučukov				каучуковый
kavardak				кавардак
kavitacija				кавитация
kavkaz				кавказ
kazahstan				казахстан
kazanj				казань
kazati				сказать
kazein				казеин
kazivati				повествовать, рассказывать
kazna				наказание
kaša				каша
kašalj				кашель
kašika				ложка
kašljati				кашлять
kašmir				кашемир, кашмир
kedar				кедр
keder				уклейка
kejnzijanstvo				кейнсианство
keks				кекс
keln				кёльн
keltski				кельтский
kembridž				кембридж
kemerovo				кемерово
kemija				химия
kenozoik				кайнозой
kentaki				кентукки
keramika				керамика
keratokonus				кератоконус
keratometar				кератометр
keratoskopija				кератоскопия
kerč				керчь
kesadilja				кесадилья
kesten				каштан
keton				кетон
keč				кеч
kečap				кетчуп
kfor				сдк
khl				кхл
kiaroskuro				светотень
kibernetika				кибернетика
kihati				чихать
kijavica				насморк
kijev				киев
kilikija				киликия
kilimandžaro				килиманджаро
kilobajt				килобайт
kilogram				килограмм
kilokalorija				килокалория
kilometar				километр
kilovat				киловатт
kilt				килт
kimberlit				кимберлит
kimono				кимоно
kina				китай
kinaza				киназа
kineski				китайский
kinez				китаец
kineziterapija				физиотерапия
kinešma				кинешма
kinin				хинин
kino-film				кинофильм
kinocentrizam				китаецентризм
kinologija				кинология
kinološki				кинологический
kinuti				чихнуть
kiosk				палатка
kipar				кипр
kipranin				киприот
kiriljuk				кирилюк
kirov				киров
kiseo				кислый
kiseonik				кислород
kislovodsk				кисловодск
kitara				кифара
kito				кито
kičma				позвоночник
kiša				дождь
kišan				дождливый
kišinjev				кишинёв
kišovit				дождливый
kjušu				кюсю
klaker				клакёр
klan				клан
klarinet				кларнет
klasicizam				классицизм
klasifikacija				классификация
klasik				классик
klasoobrazovanje				классообразование
klatno				маятник
klaustrofobija				клаустрофобия
klavijatura				клавиатура
klavir				рояль, фортепиано
klavirski				фортепианный
klejica				уклейка
kleka				можжевельник
kleptoman				клептоман
kler				духовенство
klerikalizam				клерикализм
kletva				проклятие
klevetati				клеветать
klija				уклейка
klijent				заказчик, клиент
klijentski				клиентский
klimatologija				климатология
klinac				гвоздь
klinika				клиника
klio				клио
klip				поршень
klistir				клизма
klistron				клистрон
klisura				ущелье
klitoris				клитор
klivaž				кливаж
klizav				скользкий
klizač				конькобежец
klizište				оползень
klizma				клизма
kliše				клише
kljova				бивень
kljunar				утконос
kljunasti				клювастый
ključ				ключ
ključnica				ключица
klostridija				клостридия
klovn				паяц
kmer				кхмер
knjiga				книга
knjigovodstvo				бухгалтерия
književni				литературный
književnost				литература, литературоведение
knjižnica				библиотека
knjižničar				библиотекарь
ko				кто
koala				коала
koalicija				коалиция
koautor				соавтор
kobac				ястреб-перепелятник
kobalt				кобальт
kobasica				колбаса
kobila				кобыла
kobilica				киль
koblenc				кобленц
koblenz				кобленц
kobra				кобра
kocka				куб
kockar				картёжник
kod				у
kodek				кодек
kodeks				кодекс
kodimenzija				коразмерность
koegzistencija				сосуществование
kofa				ведро
kofaktor				кофактор
kofein				кофеин
kogeneracija				когенерация
kognitivistika				когнитивистика
kognitivni				когнитивный
koji				какой, который
kojot				койот
kokain				кокаин
koketerija				кокетство
koketirati				кокетничать
koketstvo				кокетство
kokon				кокон
kokotac				донник
kokoš				курица
kola				автомобиль, машина
kolaboracionist				коллаборационист
kolaboracionizam				коллаборационизм
kolagen				коллаген
kolanje				обращение
kolaps				коллапс
kolač				калач
kolaž				коллаж
kolega				коллега, сослуживец
kolekcija				коллекция
kolekcionar				коллекционер
kolekcionarstvo				коллекционирование
kolektiv				коллектив
kolektivizacija				коллективизация
kolerik				холерик
kolevka				колыбель
kolibri				колибри
kolika				колика
koliko				сколько
kolinearan				коллинеарный
količina				количество
koljeno				колено
kolkata				калькутта
koloid				коллоид
kolomna				коломна
kolonada				колоннада
kolonija				колония
kolonijalizam				колонизация
kolonist				колонист
kolonizacija				колонизация
kolonizirati				колонизировать
kolonizovati				колонизировать
kolonoskopija				колоноскопия
kolorado				колорадо
koloseum				колизей
koluvijum				коллювий
koma				кома
komarac				комар
komarica				комар
kombi				комби
kombinatorika				комбинаторика
komedija				комедия
komediograf				комедиограф
komensalizam				комменсализм
komentarisati				комментировать
komentator				комментатор
komentatorka				комментатор
komercijalan				коммерческий
komercijalizacija				коммерциализация
komercijalizovati				коммерциализировать
komesarijat				комиссариат
kometa				комета
komfor				комфорт
komfort				комфорт
komitet				комитет
komičar				комик
komoda				комод
komorač				фенхель
kompajliranje				компиляция
kompanjon				компаньон
kompas				компас
kompenzacija				вознаграждение
kompenzovati				компенсировать
kompilacija				компиляция
kompjuter				компьютер
kompleksnost				сложность
komplikovati				усложнять
kompliment				комплимент
kompozicija				композиция
kompozitor				композитор
kompromis				компромисс, уступка
kompromitovati				скомпрометировать
komunista				коммунист
komunizam				коммунизм
koncentrisati				концентрировать, сосредоточивать, фокусировать
koncentriše				сосредоточивать
koncepcija				концепция
koncepcijski				концептуальный
koncept				концепция
konceptualizam				концептуализм
koncert				концерт
kondenzator				конденсатор
konduktor				проводник
konektikat				коннектикут
konfederacija				конфедерация
konferencija				конференция
konfesija				вероисповедание
konfiguracija				конфигурация
konfiskacija				конфискация
konfiskovati				конфисковать
konflikt				конфликт
konfliktologija				конфликтология
konfrontacija				противоборство
konfucijanizam				конфуцианство
konfucijanstvo				конфуцианство
konfučijanizam				конфуцианство
konfučijanski				конфуцианский
konfučijanstvo				конфуцианство
kongregacija				конгрегация
kongres				конгресс
koničan				конический
konj				конь, лошадь
konjanik				кавалерист
konjev				конев
konjica				кавалерия
konjugacija				спряжение
konjugirati				спрягать
konjugovati				спрягать
konkordat				конкордат
konkurencija				конкуренция
konkurent				конкурент
konkurentnost				конкурентоспособность
konkurisati				конкурировать
konopac				верёвка
konoplja				конопля
konotacija				коннотация
konsenzus				консенсус
konsijerž				консьерж
konsolidacija				консолидация
konsolidovati				консолидировать
konspiracija				конспирация
konstantinopolj				константинополь
konstatovati				констатировать
konstruktor				конструктор
kontakt				контакт, соприкосновение
kontakti				контакт
kontejner				контейнер
kontekst				контекст
kontinent				континент, материк
kontingencija				случайность
kontraadmiral				контр-адмирал
kontrabas				контрабас
kontrakultura				контркультура
kontraproduktivan				контрпродуктивный
kontrarevolucija				контрреволюция
kontrast				контраст
kontrola				контроль
kontrolisati				контролировать
kontroverzan				неоднозначный
kontura				абрис
kontuzija				контузия
konvergencija				конвергенция
konvertibilnost				конвертируемость
konzervativan				консервативный
konzervativizam				консервативность, консерватизм
konzervativnost				консервативность
konzervatorijum				консерватория
konzistencija				консистенция
konzistentan				непротиворечивый
konzorcium				консорциум
konzumerizam				консьюмеризм, потребительство
kooperativnost				кооперативность
koordinata				координата
koordinirati				координировать
kopati				копать
kopejka				копейка
kopejsk				копейск
kopenhagen				копенгаген
kopija				копия
kopiranje				копирование
kopirati				копировать, скопировать
kopito				копыто
kopriva				крапива
koptski				коптский
koral				коралл
kordit				кордит
koreja				корея
korelacija				корреляция
korespodent				корреспондент
korespondencija				корреспонденция
korida				коррида
korifej				корифей
korijander				кориандр
korijen				корень
korisnik				выгодоприобретатель, пользователь
koristiti				обращаться
koristoljubiv				корыстный, корыстолюбивый
koristoljublje				корыстолюбие
koriti				корить
korito				корыто, русло
korišćenje				использование
kornjača				черепаха
kornvol				корнуолл
koroljov				королёв
koronografija				коронарография
korozija				коррозия
korpus				корпус
kortizol				кортизол
korupcija				коррупция
koruška				каринтия
korzika				корсика
korzikanac				корсиканец
kosa				волосы
kosci				сенокосец
kosinus				косинус
kosmet				косово
kosmopolitizam				космополитизм
kosmos				космос
kosovo				косово
kosovski				косовский
kost				кость
kostarikanac				костариканец
kostim				костюм
kostrež				окунь
kostroma				кострома
kostur				скелет
kotangens				котангенс
kotlarnica				кочегарка
kotva				якорь
kovanica				монета
kovač				ковач, кузнец
kovačica				кузнец
kovilje				ковыль
kovrdžast				кудрявый
kovrdžav				кудрявый
kovrov				ковров
kovrčast				кудрявый
kovrčav				кудрявый
kovčeg				гроб
kozenca				козенца
kozma				кузьма
kozmetologija				косметология
kozmologija				космология
kozodoj				козодой
košarkaš				баскетболист
košnica				улей
koštati				стоить
koštica				косточка
košulja				рубашка
koščica				косточка
koža				кожа
kožarski				кожевенный
kožuh				кожух
kožuv				кожух
krah				коллапс
kraj				конец, окончание
krajnik				миндалина
krajnji				оконечный
kraljevati				царствовать
kraljević				королевич
kraljoubica				цареубийца
kraljoubistvo				цареубийство
kraljoubojstvo				цареубийство
kraniometrija				краниометрия
kraniosinostoza				краниостеноз
krasan				красивый
krasnogorsk				красногорск
krasnojarsk				красноярск
krasnopis				каллиграфия
krasopis				каллиграфия
krasopisno				каллиграфически
krasta				струп
krastavac				огурец
krastača				жаба
krasti				воровать, тырить
kratak				короткий, краткий
kratica				аббревиатура
kratkovidnost				близорукость, миопия
krava				корова
kreda				мел
kreditiranje				кредитование
kreja				сойка
krekovanje				крекинг
kremacija				кремация
krematorijum				крематорий
kremen				кремень
kremirati				кремировать
kreol				креол
kreolski				креольский
kretanje				движение
kreten				кретин
kretenizam				кретинизм
krevet				кровать
kreč				известь
krečnjak				известняк
krijumčar				контрабандист
krijumčarenje				контрабанда
krim				крым
kriminalist				криминалист
kriminalistika				криминалистика
krindž				кринж
krinka				маска
kriobiologija				криобиология
kriohidrat				криогидрат
kriptoberza				криптобиржа
kriptografija				криптография
kripton				криптон
kriptovaluta				криптовалюта
kriptozoologija				криптозоология
kristadelfijan				христадельфианин
kristal				кристалл, хрусталь
kristalan				кристаллический
kriterijum				критерий
kritikovati				критиковать
kriva				кривая
krivoslovlje				лжесвидетельство
krivotvorenje				фальсификация
kriza				кризис
križ				крест
križaljka				кроссворд
krma				корм, фураж
krojač				портной
krom				хром
kromanjonac				кроманьонец
krompir				картофель
kros				кросс
krotitelj				дрессировщик, укротитель
krotkost				мягкость
krov				крыша
kroz				за, через
krpati				штопать
krpelj				клещ
krst				крест
krstokljun				клёст
krtica				крот
krtola				клубень
krug				круг
kruna				корона
krunidba				коронация
krunisanje				коронация
krupan				грузный, тяжеловесный
kruška				груша
kružiti				кружить, обращаться
kružnica				орбита
krv				кровь
krvarenje				геморрагия, кровоизлияние, кровотечение
krvnina				композиция
krvotok				кровообращение
krznar				скорняк
krčag				кувшинчик
krčiti				корчевать
krčma				трактир
krčmar				трактирщик
kršćanski				христианский
ksantin				ксантин
ksantofil				ксантофилл
ksantoma				ксантома
ksenofob				ксенофоб
ksenoglosija				ксеноглоссия
ksenon				ксенон
kserografija				ксерография
ksilen				ксилол
ksilitol				ксилит
kuba				куба
kubanac				кубинец
kube				куббе, купол
kubizam				кубизм
kud				куда
kuda				куда
kuditi				хаять
kuga				чума
kuhar				повар
kuhinja				кухня
kukavica				кукушка, трус
kukavičluk				трусость
kukuljenje				окукливание
kukurikati				кукарекать
kukša				кукша
kulan				кулан
kulevrina				кулеврина
kulminacija				кульминация
kult				культ
kultura				культура
kumkvat				кумкват
kuna				куница
kundak				приклад
kunilingus				куннилингус
kunilinktus				куннилингус
kunić				кролик
kupac				покупатель
kupanje				купание
kupati				купать
kupačica				покупательница
kupiti				купить
kuplet				куплет
kupola				купол
kupon				купон
kupovati				покупать
kupus				капуста
kupčica				покупательница
kura				кура
kuran				коран
kurgan				курган
kurjak				волк
kuropica				хуесос
kursk				курск
kursor				курсор
kurvimetar				курвиметр
kut				угол
kutinaza				кутиназа
kutlača				половник
kuvar				повар
kuvati				варить
kuća				дом
kući				домой
kuša				арбалет
kvadratni				квадратный
kvadratura				квадратура
kvant				квант
kvantitet				количество
kvantnomehanički				квантовомеханический
kvarcit				кварцит
kvart				квартал
kvartiranje				расквартирование
kvas				дрожжи, квас
kvasac				дрожжи
kvazar				квазар
kvebek				квебек
kvibek				квебек
kvikstep				квикстеп
kvinoja				киноа
kvota				норма
kćerka				доча, дочь
kći				доча, дочь
labijalizovati				лабиализовать
labiodentalan				лабиодентальный
laboratorija				лаборатория
labradorit				лабрадорит
labradorski				лабрадорский
labud				лебедь
laburista				лейборист
laburistički				лейбористский
lada				корабль
laganje				враньё
laguna				лагуна
lajavac				пустозвон
lajden				лейден
lak				лёгкий
lakat				локоть
lakirati				лакировать
lakmus				лакмус
lakomost				алчность
lakonski				лаконичный, немногословно, немногословный
lakovjernost				легковерность
lakrdijaš				паяц
laksativ				слабительное
laktogen				лактоген
lala				тюльпан
lamaizam				ламаизм
lamantin				ламантин
lamanš				ла-манш
lambda				лямбда
lampa				лампа
lanac				цепь
lantan				лантан
lančara				кольчуга
laparotomija				лапаротомия
larami				ларами
laringofon				ларингофон
laser				лазер
lasica				ласка
laskati				льстить
lasta				ласточка
lastavica				ласточка
lastavičar				чеглок
lateralnost				латеральность
latifundija				латифундия
latifundista				латифундист
latinizacija				латинизация
latinoamerički				латиноамериканский
lauta				лютня
lav				лев
lavanda				лаванда
lavica				львица
lavirint				лабиринт
lavov				львов
lazar				лазарь
lazarev				лазарев
laž				враньё
lažica				ложка
lažnost				ложность
lebdelica				аэроход
lebdjelica				аэроход
led				лёд
ledac				кристалл
ledenica				сосулька
ledolomac				ледокол
leganj				козодой
legati				ложиться
legija				легион
legitimacija				легитимация
legitimizacija				легитимация
legitimizam				легитимизм
lejborizam				лейборизм
lekar				лекарь
lekit				лекиф
leksikograf				лексикограф
leksikografija				лексикография
leksikografski				лексикографический
lem				припой
lemiti				паять
lemniskata				лемниската
lepak				клей
lepeza				веер
lepidolit				лепидолит
lepliv				липкий
leprozarijum				лепрозорий
leptir				бабочка
leptirica				моль
leptoten				лептотена
lesnik				леший
lesosibirsk				лесосибирск
letargija				летаргия
letargičan				летаргический
letelište				аэропорт
leteti				мчаться
letonija				латвия
letopis				летопись
leukemija				лейкемия, лейкоз
leukocit				лейкоцит
levijatan				левиафан
levitacija				левитация
lezginka				лезгинка
leća				чечевица
lečnik				лекарь
leđa				спина
leš				труп
ležati				лежать
liaoning				ляонин
liban				ливан
libanski				ливанский
liberalan				либеральный
liberalizacija				либерализация
liberalizam				либерализм
libertarijanizam				либертарианство
libido				либидо
libija				ливия
libijski				ливийский
libreto				либретто
lice				лицо
licej				лицей
licemjer				лицемер
licemjeran				лицемерный
licemjerje				лицемерие
licemjernost				лицемерие
licenca				лицензия
lider				лидер
lift				лифт
lignifikacija				лигнификация, одревеснение
lignin				лигнин
lignja				кальмар
ligurija				лигурия
lihenologija				лихенология
lihtenštajn				лихтенштейн
lihtenštajnac				лихтенштейнец
lihvar				ростовщик
lihvarstvo				ростовщичество
lijana				лиана
lijek				лекарство
lijep				красивый
lijes				гроб
lijeska				орешник
lijevi				левый
liječnik				врач, лекарь
lijež				льеж
liktor				ликтор
likvidirati				ликвидировать
likvidnos				ликвидность
likvidnost				ликвидность
liman				лиман
limen				жестяной
limeta				лайм
limfa				лимфа
limfocit				лимфоцит
limonen				лимонен
limpopo				лимпопо
linc				линц
lincura				горечавка
linearni				линейный
lingvista				лингвистка
lingvistika				лингвистика, языковедение
linija				линия
link				линк
linoleum				линолеум
linčovati				линчевать
lion				лион
lipeck				липецк
lipom				липома
lirizam				лиризм
lisabon				лиссабон
lisica				лиса, лисица
liska				лист, лысуха
list				газета, лист, письмо
lista				перечень
litar				литр
literatura				литература
liti				лить
litifikacija				литификация
litijum				литий
litografija				литография
litops				литопс
litosfera				литосфера
litvanac				литовец
livački				литейный
livermorijum				ливерморий
livreja				ливрея
lizati				лизать
lizimetar				лизиметр
lizing				лизинг
lizozom				лизосома
ličnost				личность, я
lišaj				лишайник
ližka				ложка
ljaoning				ляонин
ljekar				врач, лекарь
ljepak				клей
ljepilo				клей
ljepota				красота
ljetati				летать
ljeto				лето
ljetopisac				летописец
ljuba				любовь
ljubav				любовь
ljubazan				приветливый
ljuberci				люберцы
ljubiti				целовать
ljubičica				фиалка
ljubomoran				ревнивый
ljudmila				людмила
ljudožder				людоед
ljudožderstvo				каннибализм
ljudstvo				человечество
ljuljaška				качели
ljuska				стручок
ljutit				гневливый
ljuščica				стручочек
lobanja				череп
lobotomija				лоботомия
lodirjev				лодырев
logaritam				логарифм
logaritamski				логарифмический
logika				логика
logistika				логистика
logičan				логический
logoklonija				логоклония
logotet				логофет
lojalnost				лояльность
lokacija				местоположение
lokomotiva				локомотив
loksodroma				локсодрома, локсодромия
lopta				мяч, шар
lorena				лотарингия
lorencijum				лоуренсий
los				лось
losos				лосось
lovac				охотник
lovdžija				охотник
loviti				ловить
loyalnost				лояльность
lozana				лозанна
lozinka				пароль
loš				плохой
loše				плохо
ložač				кочегар
lubenica				арбуз
ludilo				невменяемость
ludizam				луддизм
ludvigsburg				людвигсбург
lugansk				луганск
luizijana				луизиана
luk				арка, лук
luks				люкс
luksemburg				люксембург
luksemburžanin				люксембуржец
luksuz				великолепие
luminescencija				люминесценция
lunja				коршун
lutanje				скитание
lutecij				лютеций
lutecijum				лютеций
luteranski				лютеранский
lutka				кукла
lutnja				лютня
lutrija				лотерея
luzitanija				лузитания
lučenje				секреция
maca				маца
macroscelidea				прыгунчик
madagaskar				мадагаскар
madera				мадера
mafija				мафия
magarac				ишак, осёл
magas				магас
magija				магия
magla				туман
maglina				туманность
maglovitost				туманность
magma				магма
magnet				магнит
magnetit				магнетит
magnetizacija				магнетизация, намагниченность
magnetizam				магнетизм
magnetofon				магнитофон
magnetometar				магнитометр
magneton				магнетон
magnetosfera				магнитосфера
magnetostrikcija				магнитострикция
magnetronski				магнетронный
magnetski				магнетический
magnezij				магний
magnezijum				магний
magnezit				магнезит
magnezium				магний
magnitogorsk				магнитогорск
magnolija				магнолия
mah				мох
mahati				махать
mahačkala				махачкала
mahinacija				махинация
mahovina				мох
mahovinat				мшистый
maithili				майтхили
maj				май
majami				майами
majica				рубашка, футболка
majka				мать
majkl				майкл
majkop				майкоп
majmun				обезьяна
majolika				майолика
major				майор
majoran				майоран
majušan				крошечный
majčinstvo				материнство
makaroni				макароны
makaze				ножницы
makedonija				македония
makinacija				махинация
makroekonomija				макроэкономика
makroorganizam				макроорганизм
maksimalan				максимальный
maksimalizam				максимализм
makulatura				макулатура
malarija				малярия
malformacija				уродство
mali				маленький, мали, мальчишка, незначительный, пацан
malina				малина
malić				мизинец
mališan				младенец
malo				чуть-чуть
malokrvnost				анемия
maloletstvo				несовершеннолетие
maltoza				мальтоза
maltretiranje				буллинг
maltuzijanizam				мальтузианство
mama				мама
mamalogija				маммалогия
mameluk				мамлюк
mamurluk				похмелье
mamut				мамонт
mamuza				шпора
manastir				монастырь
mandarina				мандарин
mandžurija				маньчжурия
manevar				манёвр
manevrisati				маневрировать
manga				манга
mangan				марганец
mango				манго
manifest				манифест
manifestacija				манифестация
manifestovati				манифестировать
manija				мания
manijak				маньяк
manikir				маникюр
manipulacija				манипуляция
manipulisanje				манипулирование
manipulisati				манипулировать
maniristički				маньеристский
manirizam				маньеризм
manić				налим
manično-depresivan				маниакально-депрессивный
manjak				дефицит
manje				меньше
manjina				меньшинство
manometar				манометр
manufaktura				мануфактура
manzini				манзини
mapa				карта
maraton				марафон
marelica				абрикос
mareličin				абрикосный, абрикосовый
margarin				маргарин
marginalizam				маржинализм
marginalnost				маржинальность
marihuana				марихуана
marijana				марианна
marijupolj				мариуполь
marinirati				мариновать
marioneta				марионетка
mariupolj				мариуполь
markelov				маркелов
markgrof				маркграф
markiz				маркиз
markov				марков
marksista				марксист
marljiv				трудолюбивый
marmelada				мармелад
marta				марфа
marširati				маршировать
masačusets				массачусетс
masaža				массаж
maser				массажист
masirati				массажировать, массировать
masiv				массив
masivan				тяжеловесный
maskarada				маскарад
maskenbal				маскарад
maslac				масло
maslačak				одуванчик
maslinovina				олива
mastektomija				мастэктомия
masturbacija				мастурбация, онанизм
masturbator				онанист
masturbirati				мастурбировать, онанировать
mat				мать
matador				матадор
matematika				математика
matematizacija				математизация
matematičar				математик
materija				материя
materijalan				материальный
materijalist				материалист
materijalizam				материализм
materijalni				материальный
materijalno				материально
materinstvo				материнство
mati				мать
matrijarhat				матриархат
maukati				мяукать
mauricijus				маврикий
mauritanija				мавритания
mauzolej				мавзолей
maza				баловень
mazga				лошак
mazohizam				мазохизм
mazut				мазут
maćeha				мачеха
mač				меч
mačak				кот
mačeta				мачете
mačevalac				фехтовальщик, шпажист
mačevanje				фехтование
mačka				кошка
mađar				венгр
mađarska				венгрия
mađioničar				фокусник
mašinka				пистолет-пулемёт
mašinogradnja				машиностроение
mašinstvo				машиностроение
mašna				бант
mecena				меценат
mecosopran				меццо-сопрано
med				мёд
medalja				медаль
medeljinski				медельинский
meden				медвяный
mediavelistika				медиевистика
medicina				медицина
medijana				медиана
medijastinum				средостение
meditacija				медитация
mednogorsk				медногорск
medovina				мёд
medresa				медресе
meduza				медуза
medvjed				медведь
megaherc				мегагерц
megalomanija				мегаломания
mehanika				механика
mehanizacija				механизация
mehanizam				механизм
mejn				мэн
mek				мягкий
meka				мекка
mekoća				мягкость
meksiko				мексика
mekušac				моллюск
melanezija				меланезия
melanholija				меланхолия
melanholik				меланхолик
melanin				меланин
melankolija				меланхолия
melanom				меланома
melasa				патока
melioracija				мелиорация
melodija				мелодия, припев
melodramatičan				мелодраматический, мелодраматичный
melpomena				мельпомена
memoari				мемуары
menadžment				менеджмент
menhir				менгир
meningitis				менингит
menjati				разменивать
menjševizam				меньшевизм
menora				менора
mentalan				ментальный
mentalitet				менталитет, ментальность
menuet				менуэт
menza				столовая
mepakrin				мепакрин
meridijan				меридиан
meriland				мэриленд
merilend				мэриленд
meritokratija				меритократия
meritokratski				меритократический
merkantilizam				меркантилизм
merkat				сурикат
mermer				мрамор
meromiktički				меромиктический
merčandajzing				мерчандайзинг
merčendajzing				мерчандайзинг
mesar				мясник
mesecoslov				месяцеслов
mesečarenje				лунатизм
mesečno				ежемесячно
mesina				мессина
mesmerizam				месмеризм
meso				мясо
metabolit				метаболит
metabolizam				метаболизм
metadon				метадон
metafizika				метафизика
metafora				метафора
metaforizirati				метафоризировать
metajezik				метаязык
metak				пуля
metal				металл
metalofon				металлофон
metalografija				металлография
metaloid				металлоид
metalurg				металлург
metalurgija				металлургия
metalurški				металлургический
metamfetamin				метамфетамин
metamorfoza				метаморфоза
metastabilan				метастабильный
metastaza				метастаз
metempsihoza				метемпсихоз
meteor				метеор
meteorit				метеорит
meteoroid				метеороид
meteorolog				метеоролог
meteorologija				метеорология
metodizam				методизм
metodologija				методология
metodološki				методологический
metol				метол
metonimija				метонимия
metro				метро, метрополитен
metrologija				метрология
metvica				мята
mezalijansa				мезальянс
mezarje				кладбище
mezarluk				кладбище
meze				мезе
mezoderm				мезодерма
mezolekt				мезолект
mezolit				мезолит
mezon				мезон
mezopotamski				месопотамский
mećava				пурга
mečka				медведица
među				между
međukontinentalan				межконтинентальный
međunarodni				международный
međupolni				межполовой
međusloj				прослойка
međutim				а
međuvladin				межправительственный
međykontinentalan				межконтинентальный
mešalica				миксер
mešalo				миксер
mi				мы
micelija				мицелий
migracija				миграция
migrena				гемикрания, мигрень
mihailo				михаил
mihajlo				михаил
mihalenko				михаленко
mijanmar				мьянма
mijas				миасс
mijelom				миелома
mikroamper				микроампер
mikrobiologija				микробиология
mikrobiološki				микробиологический
mikrocefalija				микроцефалия
mikroekonomija				микроэкономика
mikrofilm				микрофильм
mikroklima				микроклимат
mikrometar				микрометр
mikronezija				микронезия
mikroskop				микроскоп
miksati				миксовать
milenarizam				милленаризм
milicija				полиция
milijarda				миллиард
milijarder				миллиардер
milimetar				миллиметр
milion				миллион
milioner				миллионер
militarizacija				милитаризация
militarizam				милитаризм
militarizovati				милитаризовать
miljenik				баловень
milosrdan				милосердный
milovati				ласкать
mimika				мимика
mimikrija				мимикрия
minaret				минарет
minarhizam				минархизм
mineral				минерал
mineralogija				минералогия
minesota				миннесота
minhen				мюнхен
minijatura				миниатюра
minimalan				минимальный
minimum				минимум
ministarstvo				министерство
minobacač				миномёт
minsk				минск
minut				минута
minđuša				серьга
miocen				миоцен
mioglobin				миоглобин
miologija				миология
mion				мюон
miotonija				миотония
miotoničan				миотонический
mir				мир
miraž				мираж
miris				духи
mirisan				медвяный
mirisati				нюхать
mironosica				мироносица
miropomazanje				миропомазание
mirotočac				мироточец
mirođija				укроп
mirta				мирт
misionar				миссионер
misionarski				миссионерский
misisipi				миссисипи
misliti				думать
misticizam				мистицизм
mistik				мистик
mistika				мистика
mistično				мистически
mistral				мистраль
misuri				миссури
mit				миф
mitišći				мытищи
mito				взятка
mitohondrija				митохондрия
mitološki				мифологический
mitraizam				митраизм
mitraljez				пулемёт
mitski				мифический
mizandrija				мизандрия
mizantrop				мизантроп
mizantropija				мизантропия
mizoginija				мизогиния
mičigen				мичиган
mičurinsk				мичуринск
miš				мышь
mišica				мускул
mišić				мускул
mišićni				мышечный
mišljenje				мнение
mjanma				мьянма
mjesec				луна, месяц
mjesto				место
mjuzikl				мюзикл
mlad				молодой
mladež				молодёжь
mladić				юноша
mladićstvo				подросток
mladost				молодость
mladoženja				жених
mlečan				молочный
mlečika				молочай
mlijeko				молоко
mlin				мельница
mlinar				мельник
mlitavac				слюнтяй
mljekar				молочник
mnemonika				мнемоника
mnemotehnika				мнемотехника
mnogoboštvo				политеизм
mnogougao				многоугольник
množiti				умножать
mobilisati				мобилизовать
moda				мода
modalnost				модальность
model				модель
modelar				модельер
modelarstvo				моделизм
modelirati				моделировать
modelovati				моделировать
moderan				модный
modernistički				модернистский
modernizacija				модернизация
modernizam				модернизм
modernizovati				модернизировать
modifikacija				модификация
modifikovati				модифицировать
modnica				модница
modul				модуль
modulacija				модуляция
modularan				модульный
mogiljov				могилёв
moher				мохер
mohikanac				могиканин
moj				мой
mokar				мокрый
mokasina				мокасин
mokrota				мокрость
mol				минор
molba				мольба, просьба, прошение
moldavac				молдаванин
moldavija				молдавия, молдова
moldavka				молдаванка
moldavski				молдавский
molekul				молекула
molekulski				молекулярный
molibden				молибден
moliti				просить
molitva				молитва
moljac				моль
momak				юноша
momenat				момент
momentalan				моментальный
monah				монах
monahinja				монахиня
monarhija				монархия
monarhizam				монархизм
monaški				монашеский
monaštvo				монашество
moneta				монета
monetarizam				монетаризм
monetizacija				монетизация
monetizirati				монетизировать
mongolski				монгольский
monizam				монизм
monogamija				моногамия
monogram				монограмма
monohromatski				монохроматический
monoid				моноид
monokl				монокль
monolog				монолог
monometrizam				монометаллизм
monopolistički				монополистический
monopsonija				монопсония
monoteistički				монотеистический
monoteizam				монотеизм
montana				монтана
montaža				монтаж
moral				мораль
morati				должен
morbili				корь
mordent				мордент
mordor				мордор
mordovija				мордовия
more				море
morena				морена
moreplovac				мореплаватель
morfema				морфема
morfinizam				морфинизм
morfološki				морфологический
morganatski				морганатический
moribundan				умирающий
mormonizam				мормонство
morski				морской
moruna				белуга
morž				морж
moskovijum				московий
moskovski				московский
moskva				москва
most				мост
motanje				наматывание, свёртывание
motati				мотать
motika				мотыга
motiv				мотив
motivacija				мотивация
motivisanje				мотивация, мотивирование
motivisati				мотивировать
motor				двигатель, мотор
motorizovati				моторизовать
mozaik				мозаика
mozambik				мозамбик
moći				мочь
močvara				болото
mošeja				мечеть
mošenstvo				мошенничество
mošnice				мошонка
mošnja				мошонка
možajsk				можайск
moždina				мозг
može				можно
mrak				мрак, тьма
mrav				муравей
mravinjak				муравейник
mravojed				муравьед
mraz				иней
mračnjaštvo				мракобесие
mrmot				сурок
mrtav				мёртвый
mrtvac				покойник
mrtvačnica				морг
mrzeti				ненавидеть
mršav				худой
mršaviti				худеть
mržnja				ненависть
mucavac				мямля
mudar				мудрый
mudro				мудро
muka				тошнота
mukanje				мычание
mukati				мычать
mula				мулла
mulj				ил
multietnički				мультиэтнический
multivibrator				мультивибратор
munar				минарет
munara				минарет
mundir				мундир
mundur				мундир
munjevit				молниеносный
murmansk				мурманск
murva				тут, тута
musketar				мушкетёр
musliman				мусульманин
muson				муссон
musti				доить
mutacija				мутация
mutant				мутант
mutivoda				жулик
muva				муха
muzeologija				музеология
muzika				музыка
muzikalen				музыкальный
muzičar				музыкант
muzički				музыкальный
mučenik				мученик
mučenički				мученический
mučeništvo				мученичество
mučiti				истязать, пытать
mučnina				тошнота
muškarac				мужчина
mušterija				заказчик
muštrovati				муштровать
muž				муж
mužestvo				мужество
mužjak				самец
na				на
nabavka				заготовление
nabavljati				приобретать
nacija				национальность, нация
nacionalistički				националистический
nacionalizacija				национализация
nacionalni				национальный
nacionalnost				национальность
nacionalsocijalist				национал-социалист
nacionalsocijalizam				национал-социализм
nacizam				нацизм
nacrtati				зарисовывать
nada				надежда
nadahnuće				наитие
nadbiskup				архиепископ
nadimak				прозвище
nadja				надежда
nadležnost				юрисдикция
nadmenost				надменность
nadmudriti				обхитрить
nadoknada				вознаграждение
nadoknaditi				компенсировать
nadoknađivati				возмещать
nadolje				вниз
nadražiti				раздражать
nadrealizam				сюрреализм
nadri-				псевдо-
nadvojvoda				эрцгерцог
nadvojvotkinja				эрцгерцогиня
nadžd				неджд
nafta				нефть
naftogazohemija				нефтегазохимия
naftohinon				нафтохинон
naftoprerađivački				нефтеперерабатывающий
naftovod				нефтепровод
nag				голый
nagao				нервный
nagasaki				нагасаки
naglašavanje				подчёркивание
naglost				вспыльчивость
nagovaranje				подстрекательство
nagrada				вознаграждение
nagrađivanje				вознаграждение
nahod				найдёныш
nahodka				находка
nahodnik				найдёныш
nahotkinja				найдёныш
nahoče				найдёныш
nailaziti				находить
naivnost				наивность, простодушие
naizust				наизусть
najlon				нейлон
nakovanj				наковальня
nalazak				находка
nalaziti				видеть
nalčik				нальчик
namaz				намаз
namibija				намибия
namibijac				намибиец
namibijski				намибийский
namijera				намерение
namjera				замысел, намерение
namještaj				мебель
namotavanje				наматывание
nana				мята
nandu				нанду
naniže				вниз
nanomaterijal				наноматериал
nanomedicina				наномедицина
nanorobot				наноробот
nanosekund				наносекунда
nanotehnologija				нанотехнология
nanočestica				наночастица
naokolo				вокруг
naočale				очки
naočare				очки
napadati				атаковать
napalm				напалм
napamet				наизусть
napet				нервный
napis				надпись
napitak				напиток
napjev				припев
naprasit				гневливый
naprasitost				вспыльчивость, гневливость
napred				вперёд
naprednjak				прогрессист
napregnutost				напряжённость
naproksen				напроксен
naprslina				трещина
naprstak				напёрсток
naprtnjača				рюкзак
napulj				неаполь
narandžasta				оранжевый
narančasta				оранжевый
narcisizam				нарциссизм
narcizam				нарциссизм
naredba				приказ
narednik				сержант
naređivati				повелевать, приказывать, распоряжаться
narkolepsija				нарколепсия
narkomanija				наркомания
narkotički				наркотический
narod				народ, национальность
narodan				народный
narukvica				браслет
naručilac				заказчик
narva				нарва
narval				единорог, нарвал
nasilje				насилие
naslediti				наследовать
nasljeđe				наследие
nastava				преподавание
nastavak				окончание
nastavnica				учительница
nastavnik				учитель
natanailo				нафанаил
nativizam				нативизм
nato				нато
natovariti				обременить
natprirodan				сверхъестественный
natrijum				натрий
natrpati				загромоздить
naturalist				естествоиспытатель
naturalizacija				натурализация
naturalizam				натурализм
naturalnost				натуральность
naturizam				натуризм
nauka				наука
nauru				науру
nausnice				усы
nautilus				наутилус
nauzea				тошнота
naučnik				учёный
naušnica				серьга
navaljni				навальный
navika				привычка
naviknutost				привычка
navoj				резьба
navrndeda				прапрапрадед
navrtka				гайка
naypyidaw				нейпьидо
naziv				деноминация, наименование
nazivanje				наименование
nazivati				именовать
način				способ
naš				наш
naškoditi				навредить
ndr				гдр
ne				не, нет
neaktivan				бездеятельный
neaktivnost				бездеятельность
neandertalac				неандерталец
neandertalski				неандертальский
nebo				небо
neboder				небоскрёб
nebraska				небраска
nedelja				неделя
nedeljni				еженедельный
nedemokratičnost				недемократичность
nedisciplinovan				недисциплинированный
nedisciplinovanost				недисциплинированность
nedjelja				воскресенье
nedjelovanje				бездействие
nedobronamernik				недоброжелатель
nedokazan				бездоказательный
nedokazanost				бездоказательность
nedokaznost				бездоказательность
nedopustiv				грубый
nedopuštanje				недопущение
nedosežan				недостижимый
nedostatak				дефицит
nedostižan				недостижимый
nedovoljno				недостаточно
nedvosmislen				недвусмысленный, однозначный
nedvosmislenost				недвусмысленность
neefikasnost				безрезультатность
neekonomičan				неэкономичный
neetički				неэтичный
nefrit				нефрит
nefrologija				нефрология
neftekamsk				нефтекамск
negativizam				негативизм
negde				где-то
negiranje				отрицание
nego				а, чем
negostoljubiv				нерадушный
negovati				нянчить, няньчить
nehigijenski				антигигиенический
neiskren				неискренний
neiskrenost				неискренность
neisplativ				безвыгодный, невыгодный
neiverodostojnost				недостоверность
neizbežan				неизбежный
neizražajan				невыразительный
neizvodljivost				невыполнимость
nejednakost				неравенство
nejednoznačan				двусмысленный, неоднозначный
nejestiv				несъедобный
nekad				когда-то
nekakav				какой-нибудь
nekanoničan				неканоничный
neko				кто-то
nekoliko				несколько
nekrofilija				некрофилия
nekrolog				некролог
nekropola				некрополь
nekropsija				аутопсия, некропсия
nekroza				некроз
nekton				нектон
nekulturan				бескультурный
nelagoda				недомогание
nelagodnost				дискомфорт, неловкость, неудобство
nelegalan				нелегальный
nelej				нелей
neljubazan				неприветливый
nelogičan				абсурдный, нелогичный
nelojalan				нелояльный
nelojalnost				нелояльность
nematerijalan				идеальный
nemija				неемия
nemiješanje				нейтралитет
nemilosrdan				беспощадный, бесчувственный
nemilosrdnost				беспощадность
neminovan				неизбежный
nemogućnost				невозможность
nemoralan				безнравственный
nemoć				дряхлость, недуг
nena				бабушка
nenadmašan				непревзойдённый
nenaučnost				ненаучность
nenormalnost				ненормальность
neobičnost				необыкновенность, необычайность
neobrazovanost				необразованность
neobrađen				грубый
neodgovoran				безответственный
neodložno				безотлагательно, незамедлительно
neodobravanje				неудовольствие
neofašist				неофашист
neofašista				неофашист
neofašistički				неофашистский
neofašizam				неофашизм
neoklasicizam				неоклассицизм
neokolonijalizam				неоколониализм
neokonzervativizam				неоконсерватизм
neoliberalizam				неолиберализм
neologizam				неологизм
neoludizam				неолуддизм
neon				неон
neonacist				неонацист
neorganizovanost				неорганизованность
neosjetljiv				бесчувственный
neosnovan				голословный
neosnovanost				несостоятельность
neosporivost				неоспоримость
neostvarivost				невыполнимость
neostvarljiv				неосуществимый
neostvarljivost				неосуществимость
neotesan				грубый
neovisan				независимый
neovisnost				независимость
neočekivan				неожиданный
nepismenost				безграмотность
neplatežosposobnost				неплатёжеспособность, несостоятельность
neplatežosposolvnost				неплатёжеспособность
neplodan				бесплодный, неплодородный
nepodnošljiv				нестерпимый
nepodražljiv				неподражаемый
nepodudarnost				несоответствие
nepojmljiv				непостижимый
nepokornost				непослушание
nepokretnost				недвижимость, неподвижность
neponovljiv				неподражаемый
nepopustljiv				несговорчивый, неуступчивый
nepopustljivost				неуступчивость
neporecivost				неоспоримость
neposlušnost				непослушание
nepotizam				непотизм
nepotpun				неполноценный
nepotreban				ненужный
nepouzdanost				недостоверность
nepovoljan				неблагоприятный
nepoznatost				неизвестность
nepoštenje				непорядочность
nepošteno				нечестно
nepoštovanje				неуважение
nepravda				несправедливость
nepravilan				противоправный
nepravilno				неправильно
nepravomeran				неправомерный
neprekidan				беспрерывный
nepretenciozan				непритязательный
nepretencioznost				непритязательность
neprevaziđen				непревзойдённый
neprihvatljiv				неприемлемый
neprijatan				неприветливый
neprijatelj				враг, недоброжелатель, противник
neprijateljski				вражеский
neprijateljstvo				враждебность, недружественность
neprijemljiv				неприемлемый
neprikladan				неудобный, неуместный
nepriličan				неприличный
nepristojan				невежливый, неприличный
nepristrasnost				объективность
neprofitabilan				невыгодный
nepromenljivost				неизменность
nepromeran				непомерный
nepromišljen				неразумный
neprotivrječan				непротиворечивый
neptun				нептун
nepun				неполный
nepunoljetstvo				несовершеннолетие
neravnomeran				неравномерный
nerazgovorljiv				немногословный, неразговорчивый
nerazuman				неразумный
nerazumijevanje				непонимание
nerazvijen				недоразвитый
nerc				норка
nered				беспорядок
nervirajući				нервный
nervirati				раздражать
nervni				нервный
nervozan				нервный, суетливый
nerđajući				нержавеющий
nesanica				бессонница
neshvatljiv				непостижимый
nesklad				несоответствие
nesličan				непохожий
nesolventnost				неплатёжеспособность
nesposobnost				неспособность
nespretan				нерасторопный
nespretnost				неловкость, неповоротливость
nesreća				неудача
nestabilnost				нестабильность
nestajati				исчезать
nestaško				баловень
nesvestica				обморок
nesvijestan				бессознательный
nesvjestica				беспамятство
netachnost				неправильность
netačnost				неправильность
neubedljivost				несостоятельность
neudoban				дискомфортный
neudobnost				неудобство
neukusan				безвкусный
neumestan				неудобный
neumiješanost				невмешательство
neumjestan				неуместный
neuobičajenost				необычность
neupadljiv				незначительный
neuporediv				бесподобный, несравненный
neurastenija				неврастения
neuračunljivost				невменяемость
neuro-psihologija				нейропсихология
neurobiologija				нейробиология
neurofiziologija				нейрофизиология
neurofiziološki				нейрофизиологический
neurohemija				нейрохимия
neurologija				неврология
neurološki				неврологический
neuromediator				нейромедиатор
neuromedijator				нейромедиатор
neuropatija				невропатия
neuropsihijatrija				нейропсихиатрия
neurotičan				нервный
neurotransmiter				нейромедиатор
neuspjeh				неудача
neuspješan				безуспешный
neustrašiv				бесстрашный
neustrašivost				бесстрашие
neutralizacija				нейтрализация
neutralnost				нейтралитет
neutrino				нейтрино
neutron				нейтрон
neučestvovanje				абсентеизм
neučtiv				невежливый
nevada				невада
nevaljalac				злодей, хулиган
neven				календула
nevidljiv				невидимый
nevidljivost				невидимость
nevjerica				неверие
nevjerodostojnost				недостоверность
nevjerovanje				неверие
nezaboravak				незабудка
nezadovoljan				неудовлетворённый
nezadovoljavajući				неудовлетворительный
nezadovoljstvo				неудовлетворённость, неудовольствие
nezahvalan				неблагодарный
nezahvalnost				неблагодарность
nezakonit				незаконный, неправомерный, противозаконный
nezaposlenost				безработица
nezavisan				независимый
nezavisno				независимо
nezavisnost				независимость
nezgoda				неудобство
nezgodan				неудобный
nezgrapan				грузный, тяжеловесный
nezgrapnost				неловкость, неповоротливость
neznaboštvo				политеизм
neznanje				невежественность, неизвестность
neznatan				незначительный
neznačajan				незначительный
neznačajnost				ничтожность
nećelijski				неклеточный
nečasnost				непорядочность
nečinjenje				бездействие
nečist				грязный
nečovječan				бесчеловечный
nešto				сколько-нибудь, что-то
ni				ни, ню
niger				нигер
nigerijac				нигериец
nigerijski				нигерийский
nijansa				нюанс
nikad				никогда
nikada				никогда
nikal				никель
nikeja				никея
niko				никто
nikotin				никотин
nimfa				нимфа
niobij				ниобий
niobijum				ниобий
nirtingen				нюртинген
nit				нить
nitko				никто
nitkov				злодей, негодяй
nitrat				нитрат
nitrid				нитрид
nitril				нитрил
nitrit				нитрит
nitroceluloza				нитроцеллюлоза
nitroglicerin				нитроглицерин
niz				вереница, вниз
nizak				низкий
nizanje				нанизывание
nizozemac				нидерландец
nizozemski				нидерландский
nićeping				нючёпинг
ničeanski				ницшеанский
ništa				ничто
nižnjekamsk				нижнекамск
nižnjevartovsk				нижневартовск
njegov				его
njemačka				германия
njen				её
njihov				их
njuh				обоняние
njujork				нью-йорк
no				а
noga				нога
nogajci				ногаец
nogometaš				футболист
nokat				ноготь
nokaut				нокаут
nokturno				ноктюрн
nominalizam				номинализм
nonakord				нонаккорд
nonijus				нониус
noriljsk				норильск
norma				норма
normala				перпендикуляр
normalan				перпендикулярный
normativan				нормативный
norovirus				норовирус
norveška				норвегия
norveški				норвежский
norvežanin				норвежец
norvežanka				норвежка
nositi				носить
nosnica				ноздря
nosorog				носорог
nostalgija				ностальгия
nostalgičan				ностальгический
notar				нотариус
notifikovati				уведомлять
notingem				ноттингем
notosaurus				нотозавр
nov				новый
novac				деньги
novatorski				новаторский
novatorstvo				новаторство
novembar				ноябрь
novembarski				ноябрьский
novina				новшество
novinar				журналист
novinarka				журналистка
novine				газета
novokuznjeck				новокузнецк
novorosijsk				новороссийск
novorođenče				младенец
novosibirsk				новосибирск
novost				новость
novota				новшество
novotvorenica				неологизм
novotvorija				нововведение
novočerkask				новочеркасск
novruz				навруз, новруз
novčani				материальный
novčanica				банкнота, купюра
novčić				монета
nozdra				ноздря
nozdrva				ноздря
noć				ночь
noću				ночью
nošnja				одежда
nož				нож
nožnica				ножны
nubija				нубия
nudizam				нудизм
nuga				нуга
nukleofilan				нуклеофильный
nukleosinteza				нуклеосинтез
nukleotid				нуклеотид
numera				номер
numerički				числовой
numizmatika				нумизматика
numizmatičar				нумизмат
numizmatički				нумизматический
nunčake				нунчаки, нунчаку
nutacija				нутация
nutrija				нутрия
o				а, о
oaza				оазис
ob				обь
obala				берег
obao				круглый
obaveštajan				справочный
obaveštavati				предупреждать, уведомлять
obaveštenje				авизо
obavještavati				информировать, осведомлять
obažavalac				поклонник
obdanište				ясли-сад
obdukcija				аутопсия
obelisk				обелиск
obesčastiti				обесчестить, опозорить, опорочить
obezglavaljenje				обезглавливание
obezglavljenje				обезглавливание
obećanje				обещание
obhod				торговля
obilazak				обращение
obilje				богатство
obim				периметр
obitelj				семья
običaj				обычай
običan				незначительный, обычный
običnost				обычность
objavljivanje				промульгация
objašnjavati				объяснять
objedinjavanje				объединение
objektiv				объектив
objektivan				объективный
objektivizam				объективизм
objektivnost				объективизм, объективность
oblak				облако
oblakoder				небоскрёб
oblačan				облачный
oblačnost				облачность
obmanjivati				обманывать
obmanjujući				обманчивый
obmanuti				обмануть
oboa				гобой
obogaćivati				концентрировать
oboljenje				заболевание
obožavalac				поклонник
obožavanje				культ
obradovati				обрадовать
obratiti				обращаться
obratnica				тропик
obraz				щека
obrazovanje				учение
obraćanje				обращение
obris				абрис
obrtnik				ремесленник
obruč				обруч
obrva				бровь
obsidijan				обсидиан
obskurantizam				мракобесие, обскурантизм
obuzdati				укротить
obuća				обувь
obućar				башмачник, сапожник
obveznica				облигация
oceanarijum				океанарий
ocrniti				опорочить
ocrnjivati				хаять
od				от
odabirati				выбирать
odaja				комната
odakle				откуда, откудова
odaliska				одалиска
odande				оттуда
odatle				оттуда
odavde				отсюда
odavno				давно
odbijanje				отражение
odbojka				волейбол
odbojkaš				волейболист
odbor				комитет
odesa				одесса
odgovarati				отвечать
odgovor				ответ
odin				один
odincovo				одинцово
odintsovo				одинцово
odiozan				одиозный
odjek				эхо
odjekivati				оглашаться
odjeća				одежда
odlaziti				уходить
odmah				незамедлительно, немедленно
odmazda				месть
odnositi				обращаться
odnost				преданность
odobravanje				омологация
odojče				младенец
odoljen				валериана, валерьяна
odraz				отражение
odrediti				фиксировать
odreći				дезавуировать
odrečan				отрицательный
odronjavanje				абразия
odsustvo				отсутствие
odugovlačiti				медлить
oduzimanje				вычитание
oduševljen				восторженный
odvažnost				отвага
odveć				слишком
odvijač				отвёртка
odvratan				одиозный
odvrtač				отвёртка
odžačar				трубочист
oebs				обсе
oficir				офицер
ofsajd				офсайд
oftalmolog				офтальмолог
oftalmologija				офтальмология
oganj				огонь
oglašivač				рекламодатель
ogledalo				зеркало
oglobiti				оштрафовать
ograda				забор
ogrlica				бусы, колье
ogrozd				крыжовник
ohajo				огайо
ohlokratija				охлократия
oholost				высокомерие
okaljati				запятнать
okan				окунь
okazionalista				окказионалист
okean				океан
okeanija				океания
okeanologija				океанология
oklagija				скалка
oklahoma				оклахома
oklevetati				опорочить
oklijevati				медлить
oklopnik				броненосец
oklopnjača				броненосец
okno				окно
oko				глаз
okolina				окрестность
okolišan				косвенный
okolnost				обстоятельство
okončanje				окончание
okončavati				оканчивать
okp				окр
okrenuti				обращаться
okret				вращение
okretati				обращаться
okrugao				круглый
okrutnost				жестокость
okruženje				окрестность
oksford				оксфорд
oksimoron				оксиморон
oksitocin				окситоцин
oktaedar				октаэдр
oktava				октава
oktobar				октябрь
oktobarski				октябрьский
oktopod				осьминог
okular				окуляр
okulista				офтальмолог
okultan				оккультный
okultizam				оккультизм
okupacija				оккупация
okupator				оккупант
okupirati				оккупировать
okupljati				концентрировать, сосредоточивать
oleander				олеандр
olenčenko				оленченко
oligarh				олигарх
oligarhija				олигархия
oligofrenija				олигофрения
oligomenoreja				олигоменорея
oligomer				олигомер
oligopolija				олигополия
oligopsonija				олигопсония
olimpijski				олимпийский
olivin				оливин
oljokminsk				олёкминск
olovka				карандаш
olovo				свинец
oltar				алтарь
oluja				гроза
oman				оман
omesti				воспрепятствовать
ometanje				воспрепятствование, препятствование
omladina				молодёжь, подросток
omsk				омск
on				он
ona				она, они
onaj				тот
onako				так
onamo				туда
onanisati				мастурбировать, онанировать
onanist				онанист
onanizam				онанизм
onda				тогда
onde				там
one				они
onesvešćen				бессознательный
oni				они
oniks				оникс
oninisati				мастурбировать, онанировать
onkologija				онкология
ono				оно
onomatopeja				ономатопея
onomatopejski				ономатопеический
ontologija				онтология
ontološki				онтологический
oologija				оология
opadanje				уменьшение
opalescencija				опалесценция
opanak				поршень
opanci				поршень
opat				аббат
opatica				аббатиса
opatija				аббатство
opeka				кирпич
opereta				оперетта
operski				оперный
opet				снова
opetovanje				повторение
ophod				обращение
ophođenje				обращение
opijum				опиум
opip				осязание
opominjati				предостерегать
oponent				оппонент
oponirati				оппонировать
oporezivanje				налогообложение
oportunista				оппортунист
oportunistički				оппортунистический
oportunizam				оппортунизм
oporuka				завещание
oposum				опоссум
opozicija				оппозиция
opozicijski				оппозиционный
opozicioni				оппозиционный
opozvati				дезавуировать
opravka				ремонт
opruga				пружина
opservatorija				обсерватория
opsesija				мания
opsidijan				обсидиан
opteretiti				обременить, перегрузить
opticaj				обращение
optimalan				оптимальный
optimist				оптимист
optimističan				оптимистический
optimizam				оптимизм
optički				оптический
orah				орех
orakul				оракул
orangutan				орангутан
oranžerija				оранжерея
orao				орёл
orar				орарь
orati				пахать
oratorijum				оратория
orbita				орбита
ordovicijum				ордовик
oregon				орегон
oreljef				горельеф
orenburg				оренбург
organizacija				организация
organizam				организм
orgazam				оргазм
orgija				оргия
orhideja				орхидея
orijentalistika				востоковедение
orjol				орёл
orkestar				оркестр
orman				шкаф
ornitolog				орнитолог
ornitologija				орнитология
ornitološki				орнитологический
orofarinks				ротоглотка
oronim				ороним
oronulost				дряхлость, обветшалость
orsk				орск
ortodoksan				ортодоксальный
ortodoksnost				ортодоксальность
ortoepija				орфоэпия
ortoepski				орфоэпический
ortografija				орфография, правописание
ortografski				орфографический
ortoped				ортопед, ортопедист
ortopedija				ортопедия
ortopedski				ортопедический
ortoperjodat				ортопериодат
oružje				оружие
os				ось
osa				оса
osam				восемь
osamdeset				восемьдесят
osamdeseti				восьмидесятый
osamnaest				восемнадцать, восьмнадцать, осьмнадцать
osamnaesti				восемнадцатый
osamnaestougao				восемнадцатиугольник
osamsto				восемьсот
oscilogram				осциллограмма
osciloskop				осциллограф
osetinski				осетинский
osigurač				предохранитель
osija				осия
osjetljivost				чувствительность
osjećaj				ощущение
oskrnaviti				обесчестить
oskrvaviti				обесчестить
oslo				осло
osmanlijski				оттоманский
osmanski				оттоманский
osmi				восьмой
osmij				осмий
osmijeh				улыбка
osmijum				осмий
osmougao				восьмиугольник
osmoza				осмос
osnivač				основатель
osnovni				основной
osobenjaštvo				чудинка
osovina				ось
ospice				корь
osramotiti				запятнать, обесчестить, опозорить, опорочить
ostavljati				оставлять
osteoklast				остеокласт
ostrag				позади
ostrvljanin				островитянин
ostrvlje				архипелаг
ostrvo				остров
ostvarenje				реализация
ostvarljivost				осуществимость
osuda				осуждение
osuđivanje				осуждение
osvajanje				завоевание
osveta				месть
osvetnik				мститель
osvetoljubiv				мстительный
osvijetliti				иллюминировать
otac				отец
otadžbina				отечество
otelotvoruje				сосредоточивать
otežati				отяжелить
otežavati				усложнять
otkačenost				чудинка
otkriven				откровенный
otkud				откуда, откудова
otkuda				откуда, откудова
otomanski				оттоманский
otpor				противодействие
otpornik				резистор
otpuštati				увольнять
otrov				яд
otrovati				отравить
otvarati				открывать
otvor				отверстие
otvoren				откровенный
otvorenost				откровенность
ovacija				овация
ovaj				этот
ovakav				такой
ovako				так
oval				овал
ovalan				овальный
ovamo				сюда
ovan				баран
ovca				овца
ovdje				здесь
overnja				овернь
ovo				это
ovoskop				овоскоп
ovulacija				овуляция
očaravajući				обворожительный
očekivanje				ожидание
očevidac				очевидец
očigledan				откровенный
očinstvo				отцовство
očnjak				клык
očuh				отчим
oštar				острый
oštric				остриё
oštrica				остриё
oštrougli				остроугольный
ožiljak				шрам
pacifist				пацифист
pacifistica				пацифистка
pacifistički				пацифистский
pacifistkinja				пацифистка
pacifizam				пацифизм
pacijent				пациент
pacijentica				пациентка
pacijentkinja				пациентка
pacov				крыса
padati				падать
padobran				парашют
padobranski				парашютный
paganin				язычник
paganizam				язычество
paganstvo				язычество
pagoda				пагода
pajac				паяц
pajser				гвоздодёр
pakao				ад, пекло
pakistan				пакистан
pakistanski				пакистанский
paladijum				палладий
palatalizacija				мягкость, палатализация
paleoantropologija				палеоантропология
paleoantropološki				палеоантропологический
paleobiologija				палеобиология
paleobotanika				палеоботаника
paleogeografija				палеогеография
paleograf				палеограф
paleografija				палеография
paleografski				палеографический
paleoklimatologija				палеоклиматология
paleolit				палеолит
paleolitski				палеолитический
paleontolog				палеонтолог
paleontologija				палеонтология
paleontološki				палеонтологический
paleozoik				палеозой
paleozojski				палеозойский
paleozoologija				палеозоология
palestinac				палестинец
palestinski				палестинский
paleta				палитра
pali				пали
palimpsest				палимпсест
palindrom				палиндром
palinodija				палинодия
paljenje				зажигание
palma				пальма
palmajra				пальмира
palmira				пальмира
pametovati				умничать
pamflet				памфлет
pamtiti				помнить
pamuk				хлопок
pamćenje				память
panagija				панагия
panamerikanizam				панамериканизм
panamski				панамский
panarabizam				панарабизм
panađur				ярмарка
pandemija				пандемия
pandemičan				пандемический
pangea				пангея
pangermanski				пангерманский
panika				паника
panislamizam				панисламизм
paničan				панический
paničarka				паникёрша
panoptikon				паноптикум
panoptikum				паноптикум
panslavista				панславист
panslavistički				панславистский
panslavizam				панславизм
pansloven				панславист
pantalone				штаны
panteizam				пантеизм
pantelejev				пантелеев
pantelejmon				пантелеймон
panteon				пантеон
pantljika				бант
pantomima				пантомима
papagaj				попугай
paperjast				пушистый
paperje				пух
papir				бумага
papirologija				папирология
paprat				папоротник
papski				папский
para				пар
parabola				парабола
paradajz				помидор, томат
paradigma				парадигма
paradoks				парадокс
paradoksalan				парадоксальный
parafazija				парафазия
parafin				парафин
paragvaj				парагвай
paragvajac				парагваец
paragvajski				парагвайский
paralaksa				параллакс
paralelan				параллельный
paralelepiped				параллелепипед
paralelipiped				параллелепипед
paralelnost				параллельность
paralelogram				параллелограмм
paralingvistika				паралингвистика
paralizovati				парализовать
parametar				параметр
paranoja				паранойя
paraplegija				параплегия
parapsiholog				парапсихолог
parapsihologija				парапсихология
parapsihološki				парапсихологический
parazit				паразит
parazitoid				паразитоид
parazitologija				паразитология
parazitski				паразитически, паразитический
pare				деньги
pareidolija				парейдолия
pareza				парез
parfem				духи
parfemski				парфюмерный
parfimerija				парфюмерия
pariz				париж
parižanka				парижанка
park				парк
parket				паркет
parlamentarizam				парламентаризм
parodija				пародия
parodista				пародист
parodičar				пародист
parohijanin				прихожанин
parola				пароль
paronim				пароним
parovod				паропровод
parsek				парсек
partenogenetičan				партеногенетический
partenogeneza				партеногенез
participacija				партиципация
partija				партия
partikularizam				партикуляризм
partitura				партитура
partizan				партизан
partner				компаньон
pas				собака
pasakalja				пассакалия
pasat				пассат
pasionalan				пассионарный
pasionaran				пассионарный
pasionarnost				пассионарность
pasivnost				бездействие, пассивность
paskal				паскаль
pasportizacija				паспортизация
pasta				паста
pasterizacija				пастеризация
pasterizovati				пастеризировать, пастеризовать
pasus				абзац
pat				пат
patak				селезень
paternalizam				патернализм
patiti				страдать
patka				утка
patofiziologija				патофизиология
patogenost				патогенность
patologija				патология
patopsihologija				патопсихология
patricij				патриций
patrijarh				патриарх
patrijarhat				патриархат
patrijaršija				патриархат, патриархия
patriotizam				патриотизм
patroliranje				патрулирование
pauk				паук
pazar				базар
pazuho				подмышка
paša				паша
pašteta				паштет
pažljivost				наблюдательность
pažnja				внимание
pdv				ндс
pedagogija				педагогика
pedagoški				педагогический
pedalj				пядь
pedantičan				педантичный
peder				педераст
pedeset				пятьдесят
pedeseti				пятидесятый
pedijatar				педиатр
pedijatrija				педиатрия
pedofil				педофил
pedofilija				педофилия
pedometar				шагомер
pegging				пеггинг
pegla				утюг
pegunica				шемая
pejorativ				пейоратив
pekara				пекарня
peking				пекин
pekmez				мармелад
pektin				пектин
pelenjača				абсент
pelikan				пеликан
pendžer				окно
penicilin				пенициллин
penis				пенис
penjati				подниматься
pensilvanija				пенсильвания
pentagram				пентаграмма
penza				пенза
penzioner				пенсионер
pepeljuga				золушка
pepeo				зола
peptid				пептид
perec				брецель
performans				перформанс
pergament				пергамент
perigej				перигей
perihel				перигелий
perika				парик
period				период
periodicitet				периодичность
periodičan				периодический
periodičnost				периодичность
periost				надкостница, периост
periskop				перископ
peristil				перистиль
perle				бусы
perm				пермь
permanganat				перманганат
pero				ручка
perpendikulara				перпендикуляр
perpendikularan				перпендикулярный
perpetuitet				перпетуитет
persijski				персидский
persimon				хурма
personal				персонал
perspektiva				перспектива
peru				перу
perunike				ирис
perut				перхоть
pesimist				пессимист
pesimizam				пессимизм
pesma				стихотворение
pesnica				кулак
pesnički				поэтический
pesništvo				поэзия
pestis				чума
pet				пять
peta				пятка
petak				пятница
peterhof				петергоф
peti				пятый
petlja				петля
petnaest				пятнадцать
petnaesti				пятнадцатый
petnaestougao				пятнадцатиугольник
petokraki				пятиконечный
petougao				пятиугольник
petrograd				петроград
petrohemija				петрохимия
petropavlovsk-kamčatski				петропавловск-камчатский
petrozavodsk				петрозаводск
peć				печь
peći				жарить
pećina				пещера
pečenje				жаркое
pečurka				гриб
pešačenje				ходьба
pešice				пешком
peščanik				песчаник
peščar				песчаник
pežorativ				пейоратив
pica				пицца
pidžama				пижама
pidžin				пиджин
piezoelektrični				пьезоэлектрический
pigmalionizam				пигмалионизм
pigmentacija				пигментация
pijaca				рынок
pijan				пьяный
pijanac				пьяница
pijanica				пьяница
pijanist				пианист
pijanstvo				похмелье
pijesak				песок
pika				пика
piknik				пикник
pikometar				пикометр
pilav				плов
pile				цыплёнок
pilence				цыплёнок
pilić				цыплёнок
ping-pong				пинг-понг
pingvin				пингвин
piperales				перечноцветные
piramida				пирамида
piramidalan				пирамидальный
piranja				пиранья
pirat				пират
pirenoid				пиреноид
pirit				пирит
piroliza				пиролиз
pisac				писатель
pisatelj				писатель
pisateljica				писательница
pisati				писать
pismo				письмо
pitanje				вопрос
pitati				спрашивать
piti				пить
pitija				пифия
pivara				пивоварня
pivo				пиво
piće				напиток
pištolj				пистолет
pjatigorsk				пятигорск
pjega				веснушка
pjena				пена
pjesma				песня
pjesnik				поэт
pjesnikinja				поэтесса
pjesništvo				стихотворчество
pjevati				петь
pješadija				пехота
pješadinac				пехотинец, стрелок
pješke				пешком
pješčenjak				песчаник
pjongčang				пхёнчхан
placebo				плацебо
placenta				плацента
plafon				потолок
plagijat				плагиат
plahta				простыня
plakati				плакать
plan				замысел
planetarijum				планетарий
planetezimal				планетезималь
planimetrija				планиметрия
planina				гора
plastičnost				пластичность
plata				жалованье
platan				платан
platina				платина
platipus				утконос
platiti				платить
platnen				полотняный
platno				полотно
plav				синий
plavojka				блондинка
plavuša				блондинка
plazma				плазма
plazmid				плазмида
plazmogamija				плазмогамия
plaćati				платить
plačljivac				плакса
plačljivica				плакса
plaža				пляж
plebejac				плебей
plebejski				плебейский
pleistocen				плейстоцен
plemić				дворянин
pleonazam				плеоназм
ples				танец
plesati				танцевать
plesač				танцор
plećat				плечистый
plijesan				плесень
plin				газ
pliđak				мель
pljeskavica				плескавица
pljusak				ливень
plod				плод
plodan				плодородный
plodnost				плодородие, плодородность, фертильность
plodored				севооборот
plodouživanje				узуфрукт
plot				забор
plovak				поплавок
plovdiv				пловдив
ploviti				плавать
plovućac				пемза
plovučac				пемза
pločnik				мостовая
plug				плуг
pluta				пробка
plutokratija				плутократия
pluton				плутон
plutonijum				плутоний
pluće				лёгкое
pneumatski				пневматический
pobačaj				аборт, выкидыш
pobjeda				победа
pobjednik				победитель
poboljšavati				улучшать
pobožan				набожный
pobratimstvo				побратимство
pobuda				возбуждение
pobuđivanje				возбуждение, побуждение
pod				пол
podbel				мать-и-мачеха
podbrada				подбородок
poddirektorijum				подкаталог
podjednak				одинаковый
podlaktica				предплечье
podlost				подлость
podmićivanje				взяточничество
podne				полдень
podoficir				унтер-офицер
podolsk				подольск
podpetica				каблук
podrivački				подрывной
podroban				детальный
podstanar				субарендатор
podsticanje				побуждение
podstrekavanje				подстрекательство
podsvijest				подсознание
podučavanje				учение
podvlačenje				подчёркивание
podvučeno				подчёркивание
poentilizam				пуантилизм
poetski				поэтический
poezija				поэзия
poganin				язычник
pogon				двигатель
pogoršanje				ухудшение
pogoršavanje				ухудшение
pogreb				похороны
pogrepsti				похоронить
pogrešan				ошибочный
pogreška				ошибка
pogrešno				неправильно, ошибочно
pogrešnost				ложность, ошибочность
pohlepa				алчность, корыстолюбие
pohlepan				корыстолюбивый
pohota				похоть
pohvala				благодарность
pojava				явление
pojedinac				я
pojmiti				понять
pojmljiv				постижимый
pokazati				явить
pokazivati				показывать, являть
poker				покер
poklon				дар, подарок
poklonik				поклонник
pokojnik				покойник
pokopalište				кладбище
pokoravati				подчинять
pokosnica				надкостница, периост
pokožica				эпидермис
pokrajina				провинция
pokrivač				одеяло
pokroviteljstvo				покровительство
polagan				неспешный
polemika				полемика
poliamid				полиамид
poliandrija				полиандрия
policajac				полицейский
policajka				полицейский
policija				полиция
polidaktilija				полидактилия
poliedar				многогранник
polifonija				полифония
poligamija				полигамия
poliglot				полиглот
poligonalni				многоугольный
polihimnija				полигимния
poliklinika				поликлиника
polimer				полимер
polimerizacija				полимеризация
polimorfizam				полиморфизм
polinezija				полинезия
polinezijski				полинезийский
polinom				многочлен, полином
politeista				политеист
politeistički				политеистический
politeizam				политеизм
politika				политика
politizirati				политизировать
političar				политик
političarka				политик
politički				политический
poliurija				полиурия
polivinil				поливинил
poljak				поляк
polje				поле
poljska				польша
poljski				полевой, польский
poljubac				поцелуй
poljubiti				поцеловать
polni				половой
polonijum				полоний
položaj				местоположение
poluboginja				полубогиня
poludnica				полуденница
poluga				рычаг
poluostrvo				полуостров
poluprečnik				радиус
polustepen				полутон
poluton				полутон
pomagati				помогать
pomeranija				померания
pomorac				мореплаватель
pomoć				помощь
pomračenje				затмение
pomrčina				затмение
ponavljanje				повторение
ponašanje				поведение
ponedjeljak				понедельник
ponekad				иногда
ponižavanje				унижение
poniženost				униженность
ponoć				полночь
poogovarati				посплетничать
popis				перечень
poplava				наводнение
popločati				мостить
popravka				ремонт
popravljati				улучшать
populizam				популизм
popust				скидка, уступка
popustljivost				мягкость
poraste				увеличиться
porcelan				порцелан, фарфор
poredak				распорядок
porez				налог
porno				порно
pornografija				порно, порнография
porodica				семья
portret				портрет
portugal				португалия
portugalogovorni				португалоязычный
poručilac				заказчик
poručnik				поручик
posao				дело
poseban				особенный
posednik				владелец
posejdon				посейдон
posetiti				посетить
posjećivati				посещать
poskupljenje				наценка
poslastičar				кондитер
poslastičarnica				кондитерская
poslednji				последний
posljedica				последствие
posljednji				последний
poslodavac				работодатель
poslovica				пословица
posmatranje				наблюдательность
posmatrati				смотреть
posmatrač				наблюдатель
postajati				становиться
postapokaliptičan				постапокалиптический
postelja				кровать
posteljica				плацента
postimpresionizam				постимпрессионизм
postmodernizam				постмодернизм
postojanost				постоянство
postojati				существовать
postolar				сапожник
postsovjetski				постсоветский
poststrukturalizam				постструктурализм
posttradicionalizam				посттрадиционализм
postupak				поступок, процедура
postupanje				обращение
postupati				обращаться, относиться
posvojenje				адоптация, усыновление
potamologija				потамология
poti				поти
potiljak				затылок
potkatalog				подкаталог
potkazivanje				ябеда
potkazivač				ябеда, ябедник
potkazivačica				ябеда
potkradati				тырить
potkultura				субкультура
potkupnina				субаренда
potok				поток, ручей
potpis				подпись
potpredsednica				вице-президент
potpredsjednik				вице-президент
potpukovnik				подполковник
potpulkovnik				подполковник
potpun				абсолютный
potračati				посплетничать
potreban				нужный
potres				землетрясение
potskakati				подпрыгивать
potvrditi				верифицировать, ратифицировать
potčinjavati				подчинять
potčinjenost				субординация
pouzdanje				доверие
pouzdanost				благонадёжность, достоверность
povereništvo				траст
poverenje				доверие
poverilac				кредитор
poverljivost				благонадёжность
povest				повесть
poveznica				синоним
povećavati				умножать
povoljan				благоприятный
povorka				вереница
povratnik				тропик
povraćanje				рвота
povrtnjak				огород
površ				поверхность
površina				поверхность
površinski				поверхностный
pozicioni				позиционный
pozicionirati				позиционировать
pozitivan				позитивный
pozitivizam				позитивизм
pozitron				позитрон
poziv				приглашение
pozivati				приглашать
poznanj				познань
poznat				известный
poznavalac				знаток
pozorište				театр
početak				начало
počinati				начинать
pošta				почта
pošten				добропорядочный
poštenje				порядочность, совестливость, честность
poštovanje				уважение
pošumljavanje				лесовосстановление
požar				пожар
požrtvovan				самоотверженный
požrtvovanost				самоотверженность
pradeda				прадед
pradjed				прадед
pragermanski				прагерманский
pragmatičan				прагматичный
pragmatički				прагматичный
prah				пыль
prajezik				праязык
pramdeda				прадед
praslavenski				праславянский
praslovenski				праславянский
pratilac				компаньон
pravilan				правильный
pravilo				норма
pravni				юридический
pravnički				юридический
pravopis				орфография, правописание
pravoslavlje				православие
prazan				пустой
praznik				праздник
prazno				бессодержательно
praznosloviti				пустословить, разглагольствовать
praznozborac				пустозвон
praća				праща
praćka				праща, рогатка
prašina				пыль
prašnik				тычинка
pre				перед
preambula				преамбула
precedent				прецедент
precrtavati				вычёркивать
pred				перед
predak				предок
predati				передавать
predator				хищник
predavanje				преподавание
predavati				вручать
predmet				дисциплина
predominacija				преобладание
predoziranje				передозировка
predrasuda				предрассудок
predsednica				президент
predsjednica				президент
predsjednik				президент
predstava				спектакль
predstavnik				представитель
predstojatelj				предстоятель
predupređivati				предупреждать
preduzetnik				предприниматель
predznak				предвестие
prefiks				префикс
prefinjen				изящный
pregovori				переговоры
prehlada				простуда
prekid				аборт
prekidač				выключатель
prekjuče				позавчера
preklinjanje				мольба
prekomjeran				непомерный
prekršilac				правонарушитель
prekršitelj				правонарушитель
prelid				прелюд
prema				к
premijer				премьер, премьер-министр
premiti				готовить
prenaseljen				перенаселённый
prenijeti				передавать
prenositi				передавать
preobratiti				обращаться
preobražaj				превращение
preopterećen				тяжеловесный
preosjetljiv				нервный
preovladavati				господствовать
prepelica				перепёлка
prepiska				корреспонденция
prepodobni				преподобный
preporađanje				реинкарнация
prepoznavanje				опознавание
prepucijum				препуций
preraspodjela				редистрибуция
prerija				прерия
presađivanje				пересадка
presedan				прецедент
presedanje				пересадка
presing				прессинг
preslica				хвощ
prestolonaslednik				престолонаследник
prestolonaslednikovnica				престолонаследница
prestonica				столица
presuda				вердикт, приговор
preteran				чрезмерный
pretovariti				перегрузить
pretplata				абонемент
pretplatiti				абонировать
pretplatnik				абонент
pretplatnički				абонементный
pretplaćivati				абонировать
pretvaranje				обращение
pretvoriti				обращаться
preusmerenje				перенаправление
prevarant				жулик
prevariti				обмануть
prevencija				предотвращение
previranje				брожение
prevlaka				перешеек
prevodilac				переводчик
prevrat				путч
prezbiterijanstvo				пресвитерианство
prezime				имя, фамилия
prezir				презрение
preziranje				презрение
prezviter				пресвитер
prezviterijanstvo				пресвитерианство
prezviterski				пресвитерский
preći				обращаться
prećutati				умалчивать
približan				грубый, приблизительный
priglup				глуповатый
prigušenost				мягкость
prihod				выручка
prijatan				приветливый, уютный
prijatelj				друг
prijateljstvo				дружба, дружественность
prijava				декларация
prijetnja				запугивание
prijevara				мошенничество
priličan				пристойный
priličnost				пристойность
priljepuša				прилипала
prilog				вклад, гарнир, пожертвование
primer				пример
primirje				перемирие
primjena				применение
primoravati				повелевать
princeps				принцепс
princip				принцип
principat				принципат
prinuda				нажим
pripadati				относиться, принадлежать
pripitomiti				укротить
pripitomljavanje				одомашнивание
pripovetka				повесть, рассказ
pripovijedati				повествовать
prirodnjak				естествоиспытатель
prirodnost				естественность, натуральность
pristojan				добропорядочный, пристойный
pristojnost				порядочность, пристойность
pristupačan				доходчивый, приемлемый
prisustvo				присутствие
prisutnost				присутствие
pritisak				нажим
pritiskanje				нажим
privatizacija				приватизация
privreda				экономика
privrženost				приверженность
prizmatoid				призматоид
prizor				явление
pričati				рассказывать
prljav				грязный
prljavac				грязнуля
proamerički				проамериканский
probavljanje				переваривание
probiotik				пробиотик
procedura				процедура
procenjivati				оценивать
proces				процесс
procesor				процессор
prodaja				продажа, реализация
prodavati				продавать
prodavač				продавец
prodavačica				продавщица
prodavnica				магазин
produbljivanje				углубление
produkcija				производство
produkt				продукт
produktivnost				производительность
produžavati				продолжать
produženje				пролонгирование
profdeformacija				профдеформация
profesija				профессия
profesionalac				профессионал
proglašenje				промульгация
program				программа
progresivizam				прогрессивизм, прогрессизм
progresivnost				прогрессивность
proizvod				продукт, произведение
proizvodnja				произведение, производство
prokambij				прокамбий
prokambijum				прокамбий
prokopijevsk				прокопьевск
prolaziti				проходить
proletarijat				пролетариат
proleter				пролетарий
prolin				пролин
proliti				пролить
prolitje				весна
proliv				диарея
proliće				весна
proljev				диарея
proljeće				весна
promaja				сквозняк
promenljiv				изменчивый
promenljivost				переменчивость
prometijum				прометий
promišljanje				обдумывание
promišljati				обдумывать
promišljenost				проницательность
promjena				изменение
promukao				грубый
pronalazač				изобретатель
pronatalizam				пронатализм
propagandista				пропагандист
propan				пропан
propedeutika				пропедевтика
propovijedanje				проповедование
propovijedati				проповедовать
propovjednik				проповедник
proprioceptor				проприоцептор
prorok				пророк
proročanstvo				пророчество
proročište				оракул
prosak				поклонник
prosjak				попрошайка
proslavljanje				чествование
proslavljati				чествовать
proso				просо
prosopografija				просопография
prostata				простата
prostitucija				проституция
prostodušnost				простодушие
prostor				пространство
prostorija				комната
protekcionizam				протекционизм
proteoliza				протеолиз
protestant				протестант
protivdejstvo				противодействие
protivnapad				контратака
protivnik				противник
protivpravni				противоправный
protivpravnost				противоправность
protivrečan				двойственный, неоднозначный
protivrečenje				противоречие
protivrečnost				противоречие
protivtelo				антитело
protivzakonit				противозаконный
protojezik				праязык
protokol				протокол
proton				протон
protoplazma				протоплазма
protozvijezda				протозвезда
provincija				провинция
provodnik				проводник
provokacija				провокация
provokativan				откровенный, провокационный
provokator				провокатор
proza				проза
prozor				окно
prošenje				прошение
prošli				прошлый
prsluk				жилет
prst				палец
prstomet				аппликатура
prstored				аппликатура
prvi				первый
prvo				во-первых
pršut				ветчина, пршут
pržiti				жарить
psaltir				псалтырь
pseudoistorija				псевдоистория
pseudonaučnost				псевдонаучность
pseudonim				псевдоним
psiha				психика
psihijatrija				психиатрия
psihoaktivan				психоактивный
psihobiologija				психобиология
psihodelik				психоделик
psihodeličan				психоделический
psihodelični				психоделический
psihofarmakologija				психофармакология
psihofiziologija				психофизиология
psihofiziološki				психофизиологический
psiholingvistika				психолингвистика
psiholog				психолог
psihologija				психология
psihološki				психологический
psihopat				психопат
psihopatija				психопатия
psihotrauma				психотравма
pskov				псков
pucaljka				пистолет
pucanj				стрельба
pucanje				стрельба
pucnjava				стрельба
puh				соня
puhnast				пушистый
puk				полк
puket				пхукет
pukotina				трещина
pukovnik				полковник
pulsar				пульсар
pun				полный
puniti				наполнять
pupak				пуп
pupavac				удод
pusan				пусан
pustinja				пустыня
pustinjački				отшельнический
put				дорога, путь
putanja				траектория, тропинка
puter				масло
putir				потир
putnik				путешественник
putovalac				путешественник
putovanje				поездка, путешествие
pučist				путчист
pušač				курильщик
pušačica				курильщица
pušenje				курение
pušiti				курить
puž				улитка
pčela				пчела
pčelar				пчеловод
pčelinjak				пчельник
pšenica				пшеница
rabat				уступка
rad				работа
radi				для
radijan				радиан
radijum				радий
radikalan				радикальный
radikalnost				радикальность
radio				радиоприёмник
radio-prijemnik				радиоприёмник
radioaktivan				радиоактивный
radioaktivnost				радиоактивность
radiobiologija				радиобиология
radiohemija				радиохимия
radiokanal				радиоканал
radiolog				рентгенолог
radiologija				радиология, рентгенология
radiometar				радиометр
radionica				мастерская
radionuklid				радионуклид
radiosvetionik				радиомаяк
radiotalas				радиоволна
radioval				радиоволна
raditi				делать, работать
radnica				работница
radnik				рабочий
radnja				магазин
radoholik				трудоголик
radoholičar				трудоголик
radomanijak				трудоголик
radon				радон
ragbi				регби
ragbista				регбист
ragtajm				регтайм
rahitis				рахит
raj				рай
rajna				рейн
rajter				рейтар
rak				краб, рак
rakun				енот, енот-полоскун
rakurs				ракурс
rame				плечо
rana				рана
ranac				ранец
rangiranje				ранжирование
rapidan				швыдкий
rapsod				рапсод
rapsodija				рапсодия
rascepljivanje				расчленение
rascepljivati				расчленять
rasformiranje				расформирование
rasformirati				расформировать
rasipništvo				расточительность
rasist				расист
rasizam				расизм
raskoš				великолепие
raskvartiravanje				расквартирование
raslinje				растительность
raspodjela				распределение
raspop				расстрига
raspored				расписание, распорядок
rasprava				полемика
rasprodaja				распродажа
rastamožavanje				растаможивание
rasti				расти
rastvarač				растворитель
rastvor				раствор
rat				война
ratar				земледелец
ratarstvo				растениеводство
raterfordijum				резерфордий
ratifikacija				ратификация
ratifikovati				ратифицировать
ravan				плоский
ravnodušan				бесчувственный, равнодушный
ravnomjerno				равномерно
ravnopravnost				равноправие
ravnozemljaš				плосковер
razbojnik				бандит, разбойник
razbolijevanje				заболевание
razboritost				разумность
razdoblje				период
razdraživati				раздражать
razdražljiv				нервный
razglabati				разглагольствовать
razlika				различие
različit				непохожий
razlog				мотив, причина
razlomak				дробь
razmenjivati				разменивать
razmimoilaženje				разногласие
razmišljanje				обдумывание
razmišljati				обдумывать
razmnožavanje				воспроизводство
razni				разный
raznostraničan				разносторонний
raznovrstan				разносторонний
razoran				разрушительный
razoružavati				разоружать
razotkrivanje				раскрытие
razočaran				разочарованный
razočarati				разочаровать
razočarenje				разочарование
razred				категория
razrokost				косоглазие
razrušavati				разрушать
razum				ум
razumeti				понимать
razumjeti				понять
razumljiv				доходчивый, понятный
razumnost				разумность
razvesti				развести
računar				компьютер
računovođa				бухгалтер
račve				вилы
rađati				родить, рожать
raščlanjavanje				расчленение
raščlanjavati				расчленять
raž				рожь
raža				скат
ražanj				вертел, шампур
reagovanje				реагирование
reaktor				реактор
realizacija				реализация
realnost				реальность
rebro				ребро
recesija				рецессия
recesivan				рецессивный
reciklirati				рециркулировать
recitativ				речитатив
red				вереница, орден
redigovati				редактировать
redovnik				монах
referent				делопроизводитель
reformator				реформатор
reformirati				реформировать
reformisanje				реформирование
reformist				реформист
refrakcija				рефракция
refraktometar				рефрактометр
refren				припев
reganomika				рейганомика
regeton				реггетон
regicid				цареубийство
registrovati				регистрировать
regresivan				регрессивный
regrut				новобранец
rehabilitacija				реабилитация
reinion				реюньон
reinkarnacija				реинкарнация
reket				ракетка
reklama				реклама
rekombinacija				рекомбинация
rekurzija				рекурсия
rekurzivan				рекурсивный
relativan				относительный
relativitet				относительность
relativizam				релятивизм
relativnost				относительность
relevantnost				релевантность
religija				религия
religijski				религиозный
remek-delo				шедевр
remi				ничья
remorker				буксир
rendgenolog				рентгенолог
rendgenologija				рентгенология
renegatski				ренегатский
renijum				рений
renin				ренин
reologija				реология
rep				рэп, хвост
repa				капуста, репа, свёкла
repatrijacija				репатриация
repatrijat				репатриант
replikacija				репликация
replikon				репликон
reportoar				репертуар
repovanje				рэп
reprivatizacija				реприватизация
reprodukcija				воспроизводство
reproduktivnost				репродуктивность
republika				республика
republikanizam				республиканизм
republički				республиканский
resocijalizacija				ресоциализация
respekt				уважение
restaljinizacija				ресталинизация
restartovati				перегрузить
restoran				ресторан, столовая
retorika				риторика
retorički				риторический
retorta				реторта
retrofuturizam				ретрофутуризм
retrospektivan				ретроспективный
retuš				ретушь
retuširati				ретушировать
revakcinacija				ревакцинация
revaluacija				ревальвация
revizionistički				ревизионистский
revizionizam				ревизионизм
revizor				ревизор
revolucija				обращение, революция
revolucionar				революционер
revolucionaran				революционный
revolucionarnost				революционность
revolver				револьвер
rezerva				резерв
rezervoar				водохранилище
rezervuar				водохранилище
rezultativan				результативный
rezultativnost				результативность
reći				сказать
rečenica				фраза
režim				распорядок
režiser				режиссёр
riba				рыба, чикса
ribar				рыбак
ribati				мыть
ribinsk				рыбинск
ribnjak				пруд
ribolovac				рыбак
ribonukleaza				рибонуклеаза
ribonukleinski				рибонуклеиновый
ribozom				рибосома
rift				рифт
riga				рига
rijal				риал
rijeka				река
riječ				слово
rima				рифма
ringišpil				карусель
rinoskopija				риноскопия
ritam				ритм
riti				копать
ritmičan				ритмичный
rizičan				рискованный
riški				рижский
rjazanj				рязань
rječica				речка
rječnik				диксионер, словарь
rob				раб
robolasništvo				рабство
robotizacija				роботизация
robovlasnik				рабовладелец
robovlasništvo				рабство
robsvo				рабство
rodbinstvo				непотизм
rodezija				родезия
rodezijski				родезийский
rodij				родий
rodijum				родий
roditi				родить
rog				рог
rojalista				роялист
rojalti				роялти
rojalty				роялти
rojtlingen				ройтлинген
rokfeler				рокфеллер
romantizam				романтизм
romb				ромб
romobil				самокат
ronilac				аквалангист
roniti				нырять
ropski				рабский
ropstvo				рабство
ropstvovladništvo				рабовладение
roterdam				роттердам
rotonda				ротонда
rotor				ротор
rotterdam				роттердам
rođak				кузен
rođaka				кузина
rožnjača				роговица
rubača				рубашка
rubidijum				рубидий
rubin				рубин
rublja				рубль
ruda				руда
ruka				рука
rukav				рукав
rukavica				перчатка
rukometaš				гандболист
rukopis				почерк
rukovanje				рукопожатие
rukovati				обращаться
rukovodilac				директор
rukovoditi				распоряжаться
rumunija				румыния
rumunj				румын
rupica				петля
rupija				рупия
rus				русский
rusifikacija				русификация
rusija				россия
ruski				российский, русский
ruskinja				русский
rusofobija				русофобия
rutenijum				рутений
rutherfordij				резерфордий
ruzmarin				розмарин
ručak				обед
ruža				роза
ružmarin				розмарин
ružnoća				уродство
rđa				ржавчина
rđavo				плохо
sabeizam				сабеизм
sabirač				сумматор
sabolj				соболь
sabotirati				саботировать
saburov				сабуров
sad				сейчас
sada				сейчас
sadomazohizam				садомазохизм
sadukej				саддукей
safir				сапфир
sagibljivost				изгибаемость
sahrana				похороны
sahraniti				похоронить
sajam				ярмарка
sajanogorsk				саяногорск
sajdžija				часовщик
sajmiri				саймири
sakatiti				калечить
sakralizirati				сакрализовать
sakralnost				сакральность
sakrament				сакрамент
sakramentalnost				сакраментальность
saksofon				саксофон
saksofonista				саксофонист
sakupljanje				коллекционирование
sakupljač				коллекционер, собиратель
salat				намаз
salavat				салават
saldo				сальдо
salehard				салехард
salezijanski				салезианский
salicin				салицин
salpingografija				сальпингография
salvadorski				сальвадорский
sam				сам
samara				самара
samba				самба
samo				только
samoanski				самоанский
samodisciplina				дисциплинированность
samofinansiranje				самоокупаемость, самофинансирование
samoidentifikacija				самоопределение
samoironija				самоирония
samoizolacija				самоизоляция
samojlov				самойлов
samokres				пистолет
samomotivacija				самомотивация
samoobmana				самообман
samoodricanje				самоотречение
samoodrživost				самоокупаемость
samoopredjeljenje				самоопределение
samoostvarenje				самореализация
samopožrtvovanje				пожертвование, самопожертвование
samopregoran				самоотверженный
samopregornost				самоотверженность
samoregulacija				саморегуляция
samospaljivanje				самосожжение
samostalan				независимый
samostan				монастырь
samostrijel				арбалет
samoubistvo				самоубийство
samoubojstvo				самоубийство
samouk				самоучка
samouništenje				самоистребление
samouveren				самоуверенный
samouvjereno				самоуверенно
samovar				самовар
samovješanje				самоповешение
samozadovoljavanje				самоудовлетворение
samoća				одиночество
samrtnički				умирающий
samur				соболь
samuraj				самурай
san				сон
sanduk				ящик
sangvinik				сангвиник
saniok				санёк
sankcija				санкция
sankilot				санкюлот
santrač				шахматы
saopštavati				передавать
saosećanje				сопереживание, сочувствие
saošećanje				сочувствие
saponifikacija				омыление
saprofit				сапрофит
sapun				мыло
sapunjača				мыльнянка, сапонария
saradnik				сослуживец
sarajevo				сараево
saransk				саранск
saratov				саратов
sarađivati				сотрудничать
sardoniks				сардоникс
sarkastičan				саркастичный
sarkazam				сарказм
sarkofag				саркофаг
sarkopterigija				саркоптеригия
sastanak				совещание
sat				час, часы
satana				сатана
satanizam				сатанизм
satelitoizgradnja				спутникостроение
satirički				сатирический
satrapija				сатрапия
saturn				сатурн
sauna				сауна
sav				весь
savana				саванна
savate				сават
savetovanje				совещание
savez				объединение
saveznik				союзник
savijanje				свёртывание
savijača				штрудель
savjesnost				совестливость
savladarstvo				двоецарствие
savršen				абсолютный, идеальный, совершенный
savršenstvo				совершенство
saznavati				видеть
sažaljenje				сочувствие
sažet				лаконичный, немногословный
sedacija				седация
sedalo				седло, ягодица
sedam				семь
sedamdeset				семьдесят
sedamnaest				семнадцать
sedamnaestougao				семнадцатиугольник
sedamsto				семьсот
sedef				перламутр
sedefni				перламутровый
sedeti				сидеть
sedište				седло
sedlo				седло
sedmi				седьмой
sedmica				неделя, седмица
sedmični				еженедельный
sedmokut				семиугольник
sedmougao				семиугольник
segešvar				сигишоара
segregacija				сегрегация
seizmologija				сейсмология
sejšeli				сейшелы
sejšelski				сейшельский
sekretarijat				секретариат
sekretin				секретин
seks				секс
seksi				сексуальный
seksta				секста
sekstant				секстант
seksualan				сексуальный
seksualnost				сексуальность
sekta				секта
sekularizam				секуляризм
sekund				секунда
sekunda				секунда
selfi				селфи
seliger				селигер
seljak				крестьянин
seljački				крестьянский
seljaštvo				крестьянство
selo				деревня, провинция, село
semantički				семантический
senat				сенат
sendvič				бутерброд, сэндвич
senf				горчица
sentenciozan				сентенциозный
sentimentalizam				сентиментализм
sentimentalnost				чувствительность
senzualizam				сенсуализм
separatizam				сепаратизм
septembar				сентябрь
septembarski				сентябрьский
serdžada				намазлык
serija				сериал, телесериал
serologija				серология
serotonin				серотонин
serpuhov				серпухов
server				сервер
serviz				сервиз
sestra				сестра
sestroreck				сестрорецк
setva				посев
sevastopolj				севастополь
severodvinsk				северодвинск
sevr				севр
sfera				сфера
sferoid				сфероид
sfragistika				сфрагистика
shema				схема
shematski				схематический
shizofrenija				шизофрения
sholastika				схоластика
shvatiti				понять
shvatljiv				постижимый
sichuan				сычуань
sicilija				сицилия
sidro				якорь
sifilis				сифилис
signal				сигнал
sijam				сиам
sijamski				сиамский
siktivkar				сыктывкар
silan				сильный
silicijum				кремний
silikon				силикон
silikoza				силикоз
silogizam				силлогизм
silovanje				изнасилование
silovati				изнасиловать
silvester				сильвестр
simbioza				симбиоз
simbolizam				символизм
simens				сименс
simetrija				симметрия
simetričan				симметричный
simferopolj				симферополь
simfonija				симфония
simonija				симония
simptom				симптом
simulirati				моделировать
sin				сын
sinagoga				синагога
sindelfingen				зиндельфинген
sindikalizam				синдикализм
sindikat				профсоюз, синдикат
sinegdoha				синекдоха
sinergija				синергия
singapur				сингапур
singapurski				сингапурский
singl				сингл
sinhrofazatron				синхрофазотрон
sinhrofazotron				синхрофазотрон
sinkopa				синкопа
sinocentrizam				китаецентризм
sinonim				синоним
sinoniman				однозначный
sinopsis				синопсис
sintagma				синтагма
sintaksa				синтаксис
sintetičan				синтетический
sinteza				синтез
sipa				каракатица, сепия
sir				сыр
sirak				сирота
sirakuza				сиракузы
sirija				сирия
siromašan				бедный
siromaštvo				бедность, нищета
sirota				сирота
sirotan				сирота
sirotanče				сирота
sirotica				сирота
siroče				сирота
sirće				уксус
sisak				сосок
sisar				млекопитающее, млекопитающие
sistem				система
sistematika				систематика
sitan				маленький
sitkom				ситком
sitno				чуть-чуть
sitoštampa				шелкография
situacija				ситуация
siv				серый
sizran				сызрань
sićušan				крошечный
sičuan				сычуань
sjekira				топор
sjenica				синица
sjeverni				северный
sjevernoamerički				североамериканский
skafander				скафандр
skakati				прыгать
skakavac				кузнечик, саранча
skakač				конь
skandinavka				сканворд
skandinavski				скандинавский
skepticizam				скептицизм
skeč				скетч
skica				абрис, скетч
skifos				скифос
skitanje				скитание
skladatelj				композитор
sklop				композиция
skolioza				сколиоз
skorbut				цинга
skoro				почти
skosje				дрова
skraćenica				аббревиатура
skroman				непритязательный
skromnost				непритязательность, скромность
skrotum				мошонка
skroven				сокровенный
skulptor				скульптор
skulptura				скульптура
skup				дорогой, множество
skupljati				копить
skupnica				ефрейтор
skupnik				ефрейтор
skupocen				дорогой
skupština				парламент
skuša				скумбрия
slabiti				худеть
slabost				недомогание
slabouman				слабоумный
slad				солод
sladak				сладкий
slagalica				головоломка
slaganje				штабелирование
slama				солома
slana				иней
slap				водопад
slastičar				кондитер
slastičarna				кондитерская
slastičarnica				кондитерская
slati				посылать
slatko				варенье
slavan				знаменитый
slavenizam				славянизм
slavenka				славянка
slavenski				славянский
slavina				кран
slavuj				соловей
slačica				горчица
sleng				сленг
slep				слепой
slepoočnica				висок
slezina				селезёнка
slijep				слепой
slika				картина
slikar				живописец
slikarka				художница
slikarstvo				живопись
slina				слюна
sličnost				сходство
sljedeći				следующий
sloboda				свобода
slobodan				свободный
slom				коллапс
slon				слон
slovačka				словакия
slovenizam				славянизм
slovenka				славянка
slovenski				славянский
slovica				словосочетание
slovo				буква
složenost				сложность
sluga				раб
sluh				слух
slučajnost				случайность
slušati				слушать
služba				служба
službenik				чиновник
služiti				служить
smanjenje				уменьшение
smaragd				изумруд
smartfon				смартфон
smegma				смегма
smetati				обременить
smešan				смешной
smijeh				смех
smilodon				смилодон
smiriti				укротить
smisao				замысел, смысл
smislorazlikovni				смыслоразличительный
smjelost				смелость
smjesta				немедленно
smog				смог
smolensk				смоленск
smrad				смрад
smrt				смерть
smrtnost				смертность
smrča				ель
smuđ				судак
snažan				сильный
snegulja				снежинка
sneguljica				снежинка
snežana				белоснежка
snežno				белоснежный
snig				снег
snijeg				снег
snimiti				фиксировать
snješko				снеговик
so				соль
soba				комната, номер
socijalista				социалист
socijalistički				социалистический
socijalizacija				социализация
socijalizam				социализм
sociolingvistički				социолингвистический
sociolog				социолог
sociologija				социология
sociološki				социологический
sofija				софия
sofist				софист
sojka				сойка
sojot				сойот
sok				сок
sokak				аллея
soko				сокол
sokrat				сократ
solenje				посол
solenoid				соленоид
solidarnost				солидарность
solipsizam				солипсизм
solist				солист
solista				солист
soljenje				посол
solsticij				солнцестояние
som				сом
somalija				сомали
somnambulizam				лунатизм
sonatina				сонатина
sopstvenik				владелец, обладатель, собственник
sorpcija				сорбция
sos				соус
sotonizam				сатанизм
sova				сова
sovhoz				совхоз
sovjetizacija				советизация
sovjetolog				советолог
sovjetski				советский
sočivo				линза, чечевица
spadati				относиться
spaliti				спалить
spaljivanje				сожжение
sparta				спарта
spasavanje				спасание
spavati				спать
spazmatičan				нервный
specijalan				особенный
specijalista				профессионал, специалист
specijalizacija				специализация
specijalnost				специальность
spektrogram				спектрограмма
spektrometar				спектрометр
spektroskop				спектроскоп
spektroskopija				спектроскопия
spekulativan				умозрительный
speleolog				спелеолог
speleologija				спелеология
sperma				сперма
spin				спин
spirala				спираль
spiroheta				спирохета
spisak				перечень, расписание
spisatelj				писатель
spisateljica				писательница
splav				плот
spokojstvo				безмятежность
spomenik				памятник
spontanost				спонтанность
spor				неспешный
sporan				неоднозначный, спорный
sporangija				спорангий
sport				спорт
sportist				спортсмен
sportista				спортсмен
sposobnost				способность
spot				видеоклип, видеоролик
spoznajni				когнитивный
sprat				этаж
spremnost				готовность
sprezanje				спряжение
sprečavanje				воспрепятствование, предотвращение
sprečavati				препятствовать
spriječavanje				препятствование
spriječavati				предупреждать
spriječiti				воспрепятствовать
sprint				спринт
sprječavanje				недопущение
sprovodnik				проводник
sprovođenje				имплементация
sprud				мель
srbija				сербия
srbin				серб
srce				сердце
srebren				серебряный
srebrn				серебряный
srebro				серебро
srednjovjekovni				средневековый
sresti				видеть
sretati				встречать
sreća				счастье
srećan				счастливый
srijeda				среда
srp				серп
srpski				сербский
srča				стекло
sssr				ссср
stabilizirati				стабилизировать
stabilnost				стабильность
stabljika				стебель
stablo				дерево
stagflacija				стагфляция
stagnacija				стагнация
stajati				стоять
staklen				стеклянный
staklenik				теплица
staklo				стекло
stalagmit				сталагмит
stalaktit				сталактит
staljingrad				сталинград
staljinizam				сталинизм
stan				квартира
stanar				житель
stanca				строфа
standardizacija				стандартизация
standardizovati				стандартизировать
standardni				литературный
stanovati				жить
stanovnik				житель
stanovništvo				население
star				старый
starac				старик
staramajka				бабушка
starački				старческий
starenje				старение
starina				древность
starogrčki				древнегреческий
starorimski				древнеримский
starormski				древнеримский
staroruski				древнерусский
starost				старость
statistički				статистический
statut				статут
stav				абзац
stavka				абзац
stavljati				класть
stavropigija				ставропигия
stavropolj				ставрополь
staza				тропинка
stazica				тропинка
stažistkinja				стажёрка
stefan				стефан
stehiometrija				стехиометрия
stema				корона
stena				скала
stenografija				стенография
stenografirati				стенографировать
stenogram				стенограмма
stenokardija				стенокардия
stepenik				проступь
stepenište				лестница
stereobat				стереобат
stereometrija				стереометрия
stereotip				клише, стереотип
sterilizacija				стерилизация
sterlitamak				стерлитамак
stetoskop				стетоскоп
steza				тропа
stečaj				банкротство, несостоятельность
sticati				приобретать
stihotvorstvo				стихосложение, стихотворчество
stilobat				стилобат
stimulacija				возбуждение, стимулирование
stimulisanje				стимулирование
stipendija				стипендия
stizati				успевать
sto				сто, стол
stogodišnjica				столетие
stoicizam				стоицизм
stokholm				стокгольм
stol				стол
stolac				стул
stolar				столяр
stolešnica				столешница
stolica				стул
stoljeće				столетие
stolnjak				скатерть
stomak				желудок
stomatolog				стоматолог
stomatologija				стоматология
stočarstvo				животноводство, скотоводство
strabizam				косоглазие
strana				сторона
stranac				иностранец
strani				иностранный
stranica				страница
strast				страсть
strategija				стратегия
stratifikacija				стратификация
stratopauza				стратопауза
stratovulkan				стратовулкан
strašan				страшный
strašilo				пугало
strašljivost				трусость
stražariti				караулить
streljaštvo				стрельба
strelomet				арбалет
stremen				стремя
stresan				нервный
strihnin				стрихнин
strijela				стрела
strijelac				стрелок
strjelica				стрела
strmost				обрывистость
strofa				куплет, строфа
stromatoliti				строматолит
stroncij				стронций
stroncijum				стронций
strugacki				стругацкий
strugar				токарь
struja				струя, течение
struktura				структура
strukturiranje				структурирование
strukturirati				структурировать
struna				струна
stručnjak				знаток, профессионал
strvina				падаль
studenac				колодец
student				студент
studentica				студентка
studentkinja				студентка
stvar				вещь
stvaran				материальный
stvaranje				произведение
stvarnost				реальность
subdominanta				субдоминанта
subdukcija				субдукция
subordinacija				субординация
subota				суббота
subverzivan				подрывной
sudan				судан
sudanac				суданец
sudarač				коллайдер
sudba				судьба
sudbina				судьба, судьбина
sudija				судья
suditi				судить
sudski				судебный
sufija				суфист
sufista				суфист
sufizam				суфизм
sufler				суфлёр
sugestibilnost				внушаемость
suh				сухой
suicid				самоубийство
suicidologija				суицидология
sujeta				беготня
suknarstvo				сукноделие
suknja				юбка
sumnja				неверие, сомнение
sumnjiv				подозрительный
sumnjičav				подозрительный
sumpor				сера
sunarodnik				соотечественник
sunce				солнце
suncokret				подсолнечник
supa				суп
suparnik				противник
superfluidnost				сверхтекучесть
superheroina				супергероиня
superheroj				супергерой
superjunakinja				супергероиня
supermoć				сверхдержава
superprovodnik				сверхпроводник
supersila				сверхдержава
supertežak				сверхтяжёлый
supkultura				субкультура
suprotan				противоположный
suprotnost				противоположность
suprotstavljanje				противоборство
suprug				муж
supruga				жена
supružništvo				супружество
suptropski				субтропический
sur				серый
surgut				сургут
surov				бесчувственный
susam				кунжут
susetka				сосед
susjed				сосед
suspenzor				суспензорий
sutra				завтра
suvenir				сувенир
suviše				слишком
suze				слеза
sušiti				сушить
suština				существо
svadba				свадьба
svagda				всегда
svak				каждый
svaki				каждый
svakidašnji				повседневный
svalbard				шпицберген
svastika				свастика
svemir				вселенная, космос
svemoguć				всемогущий
svemoćan				всемогущий
svemoćnost				всемогущество
sveobuhvatan				всеобъемлющий
sveska				тетрадь
svestran				всесторонний, многосторонний, разносторонний
svetao				светлый
svetkovina				праздник
svetlo				свет
svetovnjak				мирянин
sveučilište				университет
sveća				свечка
svečanik				праздник
sveštenik				священник
sveštenoslužitelj				священнослужитель
sveštenstvo				духовенство
svijet				мир
svijeća				свеча
svila				шёлк
svilarstvo				шелководство
svinja				свинья
svirale				свирель
svizac				сурок
svizavac				сурок
svjetionik				маяк
svjetlo				свет
svjetonazor				мировоззрение
svrab				зуд, свербёж
svraka				сорока
svuda				везде, всюду
tabela				таблица
tabes				табес
tabla				номер
tablica				таблица
tabriz				тебриз
tacna				блюдце
tad				тогда
tada				тогда
tadija				фаддей
tadžik				таджик
tadžikistan				таджикистан
tadžikistanac				таджик
taganrog				таганрог
tahigrafija				стенография
tahikardija				тахикардия
tahipneja				тахипноэ
taj				тот, этот
tajanstven				таинственный
tajland				таиланд
tajnost				конспирация
tajđićuen				тайцзицюань
takav				такой
takmičar				конкурент
tako				так
takođe				тоже
taksimetar				таксометр
taksonometrija				таксонометрия
taksonomija				таксономия
taksonomist				таксономист
taktilan				тактильный
talac				заложник
talasovod				волновод
talenat				талант
talij				таллий
talija				талия
talijanski				италиянский, итальянский
talijum				таллий
talin				таллин
taljiv				плавкий
talk				тальк
tama				тьма
taman				тёмный
tambov				тамбов
tamjan				ладан
tamljan				ладан
tamnjan				ладан
tamo				там, туда
tampon				тампон
tamponirati				тампонировать
tanac				танец
tanak				тонкий
tanatologija				танатология
tane				пуля
tango				танго
tanin				танин
tanjir				тарелка
tanjurić				блюдце
tantal				тантал
tantijema				тантьема
tanzanija				танзания
taoistički				даосский
tapeta				обои
tapir				тапир
tapiserija				гобелен
tarantula				тарантул
tartufi				трюфель
tasmanija				тасмания
tasmanijski				тасманийский
tastatura				клавиатура
tata				папа
tatarski				татарский
tautologija				тавтология
tava				сковорода
tavanica				потолок
tačerizam				тэтчеризм
tačka				номер, точка
tačnost				правильность
tašna				сумка
tašt				тщеславный
tbilisi				тбилиси
teatologija				театроведение
tebriz				тебриз
tefra				тефра
tefrohronologija				тефрохронология
teheran				тегеран
tehnecijum				технеций
tehnokratija				технократия
tehnologija				технология
teizam				теизм
tek				только
tekovina				завоевание
teksas				техас
tekst				текст
tekstolog				текстолог
tekstologija				текстология
tektonika				тектоника
tekućina				жидкость
tele				телёнок
telefon				телефон
telefonski				телефонный
telegrafirati				телеграфировать
telegram				телеграмма
telemetar				дальномер
telemetrija				телеметрия
teleologija				телеология
telepatija				телепатия
teleportacija				телепортация
teleprompter				телесуфлёр
teleradiopredajnik				телерадиопередатчик
teleskop				телескоп
telesufler				телесуфлёр
teletranslacija				телетрансляция
televizija				телевидение
televizor				телевизор
telomeraza				теломераза
telur				теллур
tema				материя
temelj				фундамент
temeljan				всесторонний
tempera				темпера
temperament				темперамент
temperatura				температура
tendenciozan				тенденциозный
tendenciozno				тенденциозно
tenesi				теннесси
teniser				теннисист
tenk				танк
tenkist				танкист
tenzija				напряжённость
tenzor				тензор
teobromin				теобромин
teodolit				теодолит
teofan				феофан
teokratija				теократия
teokratski				теократический
teološki				богословский, теологический
teorema				теорема
teorija				теория
teorijski				теоретический
teozofija				теософия
teozofski				теософский
tepavac				мямля
tepih				ковёр
terapija				терапия
teratogenost				тератогенность
teravada				тхеравада
terazije				весы
teračina				террачина
teritorija				территория
terminologija				терминология
terminološki				терминологический
termodinamika				термодинамика
termoelastičan				термоэластичный
termoelektrana				теплоэлектростанция
termohemija				термохимия
termometar				термометр
termonuklearan				термоядерный
termoregulacija				терморегуляция
termos				термос
teror				террор
terorist				террорист
terorizam				терроризм
terpen				терпен
terpentin				скипидар
terpsihora				терпсихора
tesan				узкий
tesar				плотник
tesnac				перешеек
testament				завещание
testosteron				тестостерон
tetanus				столбняк
tetiva				сухожилие
tetovaža				татуировка
tetovirati				татуировать
tetraedar				тетраэдр
tetragramaton				тетраграмматон
tetrahidrokanabinol				тетрагидроканнабинол
tetrarhija				тетрархия
tetroda				тетрод
tezauriranje				тезаврация
tečnost				жидкость
teškoća				затруднительность
težak				грузный, затруднительный, тяжеловесный, тяжёлый
težiti				весить
tibetanski				тибетский
tibetski				тибетский
tibingen				тюбинген
tiganj				сковорода
tigar				тигр
tigrica				тигрица
tih				тихий
tijelo				тело
tijesto				тесто
tikva				тыква
tilda				тильда
tilo				тело
timbilding				командообразование, тимбилдинг
timokratija				тимократия
timol				тимол
timus				тимус
tiosulfat				тиосульфат
tipologija				типология
tipološki				типологически
tiranija				тирания
tirol				тироль
tisuća				тысяча
tisućljeće				тысячелетие
titan				титан
titanat				титанат
titanij				титан
tišina				тишина
tjumenj				тюмень
tkanina				материя
tkanje				ткачество
tkati				ткать
tlaka				толока
tmeza				тмеза, тмезис, тмесис
to				это
tofu				тофу
tok				течение
tokar				токарь
tokio				токио
toksikologija				токсикология
toksikomanija				токсикомания
toksikoza				токсикоз
toksičan				токсичный
tolerancija				толерантность
tolerantan				толерантный
tolerantnost				толерантность
tolerisati				толеранствовать
toljati				тольятти
tolstun				толстяк
tomahavk				томагавк
tomos				томос
tomsk				томск
tona				тонна
tonalitet				тональность
tonika				тоника
top				пушка
topao				тёплый
topaz				топаз
toplina				тепло
toplomer				термометр
toplomjer				термометр
toplota				тепло
topograf				топограф
topografija				топография
topola				тополь
topologija				топология
toponim				топоним
topovnjača				канонерка
torba				сумка
toreador				тореадор
torij				торий
torijum				торий
tornado				смерч
torus				тор
toskanski				тосканский
totalitaran				тоталитарный
točak				велосипед, колесо
tradicija				традиция
tradicionalist				традиционалист
tradicionalizam				традиционализм
tradicionalno				традиционно
tradicionalnost				традиционность
tragedija				трагедия
tragikomedija				трагикомедия
tragizam				трагизм
tragičan				трагический
trajekt				паром
trajektorija				траектория
traka				бант
traktor				трактор
trambulina				батут
trampa				бартер
tramponomika				трампономика
trankvilizator				транквилизатор
trans				транс
transformacija				превращение, трансформация
transformator				трансформатор
transformisati				обращаться
transhumanizam				трансгуманизм
transistor				транзистор
transkontinentalan				трансконтинентальный
transkripcija				транскрипция
transliteracija				транслитерация
transmitovati				передавать
transsibirski				транссибирский
tranzistor				транзистор
trapez				трапеция
trasjanka				трасянка
traumatolog				травматолог
traumatologija				травматология
trava				трава
travnjak				газон
tražiti				искать, ловить
trbuh				живот
treba				нужно
trejler				трейлер
trening				тренировка
treniranje				тренировка
trenje				трение
trens				транс
trenutan				моментальный
trepanacija				трепанация
trepavica				ресница
trepereti				танцевать
treset				торф
treći				третий
trećina				период
trg				площадь, рынок
trgnuti				вздрогнуть
trgovac				торговец
trgovina				торговля
triakontahedron				триаконтаэдр
triangulacija				триангуляция
triceratops				трицератопс
trideset				тридцать
tridesetogodišnji				тридцатилетний
tridesetougao				тридцатиугольник
triftong				трифтонг
triglif				триглиф
trigonometrijski				тригонометрический
trijera				триера
trijezan				трезвый
trilobit				трилобит
trinaest				тринадцать
trinaesti				тринадцатый
trinaestougao				тринадцатиугольник
trinitrotoluen				тринитротолуол
trinom				трёхчлен
triola				триоль
triper				триппер
triput				трижды, троекратно
triskaidekafobija				трискайдекафобия
trista				триста
tristoti				трёхсотый
trkač				бегун
trockizam				троцкизм
trodnevni				трёхдневный
trofimenko				трофименко
troja				троя
trojanski				троянский
trolejbus				троллейбус
trolist				клевер
tromav				нерасторопный
trombon				тромбон
tromesečje				квартал
tromost				инерция
tron				трон
tropizam				тропизм
tropski				тропический
trosložan				трёхсложный
trostruk				тройной
trotinet				самокат
trotoar				тротуар
trougao				треугольник
trovanje				заражение
trozubac				трезубец
trošenje				изнашивание
trošiti				расходовать
trpezarija				столовая
trpjeti				страдать
trska				тростник
trsljika				тростник
trubadur				трубадур
trubač				трубач
trudnoća				беременность
trudoljubije				трудолюбие
trudoljubiv				трудолюбивый
truo				гнилой
trust				трест
trčanje				беготня
trčkaranje				беготня
tržište				рынок
tu				здесь
tuba				туба, тюбик
tuber				клубень
tugrik				тугрик
tula				тула
tumor				опухоль
tunika				туника
tunj				тунец
tupougli				тупоугольный
turist				турист
turistički				туристический
turpija				напильник
turska				турция
turski				турецкий
tutkalo				клей
tutnjiti				грохотать
tučenje				рукоприкладство
tuđin				иностранец
tužakanje				ябеда
tužakati				ябедничать
tužibaba				ябедник
tužikati				ябедничать
tužilaštvo				прокуратура
tver				тверь
tvoj				твой
tvorac				бог
tvrd				твёрдый
tvrdica				жадина
tvrdoglav				несговорчивый, упрямый
tvrdoglavost				упрямство
tvrdokrilac				жук
tvrtka				фирма
u				в
uae				оаэ
ubedljiv				убедительный
ubica				убийца
ubijati				убивать
ubistvo				убийство
ubiti				убить
ubojstvo				убийство
ucjena				шантаж
ucjenjivati				шантажировать
ucjenjivač				шантажист
udaljavati				удалять
udaljenost				расстояние
udica				удочка
udmurtski				удмуртский
udobnost				комфорт
udomoćavanje				удочерение
udomočavanje				удочерение
udovica				вдова
udubljenje				углубление
udžbenik				учебник
ufa				уфа
ugalj				уголь
ugao				угол
ugled				имя
ugljenik				углерод
ugljovodonik				углеводород
ugodan				уютный
ugor				угорь
uhoditi				шпионить
uholaže				уховёртка
ujedinjenje				объединение
ujesti				кусать
ujtru				утром
ujutro				утром
uklija				уклейка
uključenje				инкорпорация
ukolov				уколов
ukočen				бесчувственный
ukočiti				парализовать
ukrainski				украинский
ukrajina				украина
ukrajinac				украинец
ukrajinka				украинка
ukrajinski				украинский
ukrotitelj				укротитель
ukrotiti				укротить
ukroćavati				дрессировать
ukusan				вкусный
ul				улей
ulan				улан
ulan-ude				улан-удэ
ulazeći				входящий
ulaziti				входить
ulica				улица
uličica				аллея
ulište				улей
uljanovsk				ульяновск
ulje				масло
ulm				ульм
ulog				вклад
uloga				роль
ultimatum				ультиматум
ultrazvuk				ультразвук
ulutkavanje				окукливание
um				ум
umak				соус
uman				умный
umanjenica				диминутив
umanjenje				уменьшение
umanjilac				вычитаемое
umekšavanje				мягкость
umešanost				невмешательство
umirući				умирающий
umišljen				тщеславный
umjetnica				художница
umjetnost				искусство
umnožavati				умножать
umor				усталость
umorstvo				убийство
umreti				умереть
umrijeti				умереть
unanimizam				унанимизм
unaprijed				заблаговременный
undina				ундина
uniforman				единообразный
unija				объединение
univerzalan				универсальный
univerzitet				университет
uništavajući				разрушительный
uništavanje				уничтожение
uništenje				уничтожение
unižavanje				унижение
uniženost				униженность
unktad				юнктад
unuk				внук
unuka				внучка
ununheksijum				унунгексий
ununkvadijum				унунквадий
unutar-				внутри-
unutra				внутри
uobičajenost				норма
upisati				регистрировать
uplivan				влиятельный
upotreba				использование, применение
upozoravati				предостерегать, предупреждать
upravljanje				администрирование, менеджмент
upravljati				распоряжаться
uprljati				запачкать, запятнать
uranija				урания
uranijum				уран
uredi				править
uremija				уремия
uređaj				приспособление
urologija				урология
urugvaj				уругвай
urugvajac				уругваец
urugvajski				уругвайский
uručiti				передавать
uručivati				вручать
usamljenost				одиночество
usavršavati				усовершенствовать
usev				посев
usisivač				пылесос
uskočiti				подпрыгивать
usmjeravati				сосредоточивать
usmjeriti				обращаться
usna				губа
usoljavanje				посол
usoljenje				посол
uspevati				успевать
usporavati				замедлять
usredsrediti				концентрировать, сосредоточивать, фокусировать
usta				рот
ustajati				вставать
ustanak				восстание
ustanik				повстанец
ustav				конституция
ustavan				конституционный
ustavnost				конституционность
ustjugov				устюгов
ustrašivanje				запугивание
ustupak				уступка
usurijsk				уссурийск
utemeljivač				основатель
uticaj				влияние
uticajan				влиятельный
utilitarizam				утилитаризм
utisak				впечатление
utjeha				утешение
utješan				утешительный
utorak				вторник
utreht				утрехт
utrkivač				автогонщик
utvrditi				фиксировать
uvala				углубление
uvelost				увядание
uvijek				всегда
uvis				вверх
uviđati				видеть
uvo				ухо
uvoz				импорт
uvoziti				импортировать
uvoznik				импортёр
uvreda				оскорбление
uz				вверх
uzak				узкий
uzalud				напрасно
uzaludan				бесполезный, тщетный
uzanemiren				суетливый
uzbekistan				узбекистан
uzbuna				возбуждение
uzbuđen				возбуждённый
uzbuđenje				возбуждение
uzde				узда
uzdrhtati				вздрогнуть
uzdržavanje				абстиненция
uzemljenje				заземление
uzengija				стремя
uzeti				взять
uzimati				брать
uznemiren				нервный, суетливый
uzročan				каузальный
uzrujan				возбуждённый
uzurpator				узурпатор
uzvik				междометие, междуметие
učenik				школьник
učenje				учение
učesnica				участница
učestalost				частота
učešće				партиципация
učitelj				учитель
učiteljica				учительница
učiteljski				учительский
učvrstiti				фиксировать
uš				вошь
ušće				устье
uže				верёвка
užežen				прогорклый
uživati				наслаждаться
vaga				весы
vagina				влагалище
vaginizam				вагинизм
vagon				вагон
vaišnavizam				вишнуизм
vajar				скульптор
vajarstvo				скульптура
vajblingen				вайблинген
vajoming				вайоминг
vakantan				вакантный
vakcinisati				вакцинировать
vakuola				вакуоль
vakuum				вакуум
val				баал
valcer				вальс
valentnost				валентность
valerijana				валериана, валерьяна
valjak				каток
valjevo				валево
valonski				валлонский
valuta				валюта
vampir				вампир
vanadij				ванадий
vanadijum				ванадий
vandalizam				вандализм
vanila				ваниль
vanilija				ваниль
vanilin				ванилин
vanjština				лук
vanzemaljski				инопланетный
vapnenac				известняк
vapno				известь
varalica				жулик, шарлатан
varati				мошенничать, обманывать, плутовать
varenje				переваривание, пищеварение
varijacija				вариация
varistor				варистор
varljiv				обманчивый
varnica				искра
varoš				город
varsonufija				варсонофия
vasiona				космос
vaskrs				паска, пасха
vaterlo				ватерлоо
vaterpolista				ватерполист
vatikan				ватикан
vatra				костёр, огонь
vavilon				вавилон
vazda				всегда
vazduh				воздух
vazduhoplovstvo				авиация
vazelin				вазелин
vaš				ваш
vašar				ярмарка
vašington				вашингтон
važan				важный
važnost				важность
vegetacija				растительность
vegetarijanac				вегетарианец
vek				век
velebilje				белладонна
velemajstor				гроссмейстер
veleniki				веленики
veleposlanik				посол
veleposlanstvo				посольство
veliki				большой
velikodušnost				великодушие
velikomučenik				великомученик
velodrom				велодром
velosiped				велосипед
vels				уэльс
velšanin				валлиец
venac				корона
vendeta				вендетта
venecija				венеция
venecuela				венесуэла
veneričan				венерический
venjenje				увядание
ventilacija				воздухообмен
ventrilokvista				чревовещатель
vera				вера
veranda				веранда
verbalen				вербальный
verdict				вердикт
verdikt				вердикт
verenik				жених
verifikovati				верифицировать
veriga				цепь
verižnjača				кольчуга
vermisel				вермишель
vermišel				вермишель
vermont				вермонт
vernisaž				вернисаж
verovatan				вероятный
verovati				верить
vertikalan				вертикальный
veruga				цепь
verzija				версия
veseo				весёлый
veslo				весло
vestalka				весталка
veza				контакт
veze				контакт
već				а, но, уже
većina				большинство
veče				вечер
večer				вечер
večera				вечеря, ужин
večernjača				вечерница
večernji				вечерний
večno				вечно
večnost				вечность
veđa				бровь
vežbati				муштровать
vežnjača				конъюнктива
vi				вы
viborg				выборг
viborški				выборгский
vibrafon				вибрафон
vibrion				вибрион
vicekancelar				вице-канцлер
vid				зрение
videoblog				видеоблог
videobloger				видеоблогер
videohosting				видеохостинг
videokaseta				видеокассета
videokonferencija				видеоконференцсвязь
videomagnetofon				видеомагнитофон
videorekorder				видеорегистратор
videti				видеть
vidra				выдра
vijadukt				виадук
vijača				скакалка
vijest				новость
vijetnam				вьетнам
vijetnamski				вьетнамский
vijećanje				совещание
vikati				кричать
vikend				уик-энд
vikentije				викентий
vikicitat				викицитатник
vikinovosti				викиновости
vikipedija				википедия
vikipedijanec				википедист
vikirječnik				викисловарь
vikont				виконт
vila				фея
vile				вилы
viljuška				вилка
vilnjus				вильнюс
vilnjuski				вильнюсский
vilorog				вилорог
vilorogast				вилорог
vime				вымя
vinarstvo				виноделие
vindikacija				виндикация
viniri				винир
vino				вино
vinograd				виноградник
vinotrgovina				виноторговля
violina				скрипица, скрипка
violončelo				виолончель
vir				водоворот
virdžinija				виргиния
virion				вирион
virologija				вирусология
virtuelan				виртуальный
virtuelnost				виртуальность
virus				вирус
visaljka				гамак
viskonsin				висконсин
viskoznost				вязкость
visok				высокий
visokoradioaktivan				высокорадиоактивный
vitez				рыцарь
vitlehem				вифлеем
vivijanit				вивианит
viviparija				живорождение
vizantija				византия
vizon				норка
višak				профицит
više				больше
višebojan				многоцветный
višeglasan				многоголосый
višejezičan				мультиязычный
višemesni				многоместный
višemilionski				многомиллионный
višenamjenski				универсальный
višesed				многоместный
višestran				многосторонний
višnja				вишня
višnuizam				вишнуизм
vjernost				преданность
vjerodostojnost				достоверность
vjeroispovijest				вероисповедание, деноминация
vjetar				ветер
vjetrokaz				флюгер
vjeverica				белка
vješanje				повешение
vještačnost				искусственность
vještina				сноровка
vježba				тренировка, упражнение
vlada				правительство
vladati				повелевать, царствовать
vladikavkaz				владикавказ
vladimir				владимир
vladivostok				владивосток
vlak				поезд
vlakno				волокно
vlasnik				владелец, обладатель, собственник
vlast				власть
vlasulja				парик
vlažnost				мокрость
vlog				видеоблог
vloger				видеоблогер
vod				взвод
voda				вода
vodeničar				мельник
vodenjak				тритон
vodenkrtica				выхухоль
vodokaz				водомер
vodomjer				водомер
vodonik				водород
vodopad				водопад
vodoravan				горизонтальный
vodozemac				амфибия
vojnik				солдат
vojnoslužac				военнослужащий, солдат
volatilnost				волатильность
voleti				любить
volfram				вольфрам
volframit				вольфрамит
volga				волга
volgodonsk				волгодонск
volgograd				волгоград
volinija				волынь
vologda				вологда
voltampermetar				вольтамперметр
voltmetar				вольтметр
volški				волжский
vombat				вомбат
vomitus				рвота
voodoo				вуду
voronež				воронеж
voronjež				воронеж
vorošilovgrad				ворошиловград
vosak				воск
votka				водка
voz				поезд
vozač				водитель
vozilo				автомобиль
voće				плод
voćka				плод, фрукт
vrabac				воробей
vragolan				баловень
vrana				ворона
vranje				вране
vrat				шея
vrata				дверь
vratilo				турник
vražda				композиция
vrba				ива
vrenje				брожение
vrh				остриё
vrijednost				стоимость, ценность
vrijeme				время, погода
vrijeđanje				оскорбление
vrlina				добродетель
vrlo				очень, очюнь, порато
vrt				сад
vrtar				садовник
vrtati				сверлить
vrteška				карусель
vrtlar				садовник
vrtlog				водоворот, карусель
vrtoglavica				головокружение
vruć				горячий
vudu				вуду
vuk				волк
vukodlak				оборотень
vulkan				вулкан
vulkanologija				вулканология
vulkanski				вулканический
vulva				вульва
vuna				волна
vučica				волчица
wječnik				викисловарь
wodnykus				водяной
za				для, за
zabavljati				забавлять
zabeležiti				фиксировать
zabit				провинция
zaboravljati				забывать
zabran				заповедник
zabraniti				запретить
zabranjen				запретный
zabranjivati				запрещать
zadah				смрад
zadnji				задний
zadnjica				ягодица
zadruga				задруга
zagaditi				загрязнить
zagonetka				головоломка
zagreb				загреб
zagrebački				загребский
zagrljaj				объятие
zahvalan				благодарный
zahvaljivati				благодарить
zahvalnica				благодарность
zahvalnost				благодарность
zair				заир
zajcev				зайцев
zajednički				совместно, совместный
zajedno				вместе, совместно
zakon				закон
zakonik				кодекс
zakonodavstvo				законодательство
zakonoprojekat				законопроект
zakonoprojekt				законопроект
zakrpa				заплата
zakržljao				абортивный
zakupac				арендатор
zakupodavac				арендодатель
zaliv				бухта
zamah				взмах
zamajac				маховик
zambijski				замбийский
zametak				зародыш
zamišljen				воображаемый
zamjenica				местоимение
zamka				петля
zamor				усталость
zanatlija				ремесленник
zanemarljivost				ничтожность
zanesen				восторженный
zanimanje				профессия
zanimljiv				интересный
zao				злой
zapad				запад
zapadnjaštvo				западничество
zapažanje				апперцепция
zapestje				запястье
zapeta				запятая
zapešćaj				запястье
zapešće				запястье
zapisati				записывать
zapovedati				приказывать
zapovest				приказ
zapovijedati				повелевать, распоряжаться
započinati				начинать
zapošljavanje				трудоустройство
zapremina				объём
zaprečavati				препятствовать
zaprljati				запачкать, запятнать
zapušač				пробка
zarada				жалованье
zaražavanje				заражение
zarez				запятая
zaručnik				жених
zasjeniti				заштриховать, заштриховывать
zaslonac				абажур
zastava				флаг
zastrašivanje				запугивание
zatajivati				умалчивать
zatim				потом
zato				поэтому
zatrpati				загромоздить
zatvarati				закрывать
zatvarač				затвор
zatvorenik				узник
zauzet				занятый
zauzeti				оккупировать
zaveštanje				завещание
zavidjeti				завидовать
zavisnost				аддикция, зависимость
zavojnica				резьба
zavolšk				заволжск
završavanje				окончание
završavati				кончать, оканчивать
završetak				окончание
završiti				оканчивать
završnica				окончание
začin				приправа
zaštita				покровительство
zašto				зачем, почему
zbunjenost				неловкость, неудобство
zdenac				колодец
zdjelica				таз
zdrav				здоровый
zdravilo				лекарство
zdravlje				здоровье
zdravnik				лекарь
zdravo				здравствуйте
zdrvenuvanje				одревеснение
zebra				зебра
zec				заяц
zekica				уклейка
zeland				зеландия
zelen				зелёный
zelenika				уклейка
zelenograd				зеленоград
zelje				капуста
zemlja				земля
zemljan				земляной
zemljanin				землянин
zemljopis				география
zemljoposjednik				землевладелец
zemljoradnik				земледелец, крестьянин
zemljotres				землетрясение
zenica				зрачок
zglavak				запястье
zglob				сустав
zgušnjavati				концентрировать
zid				стена
zidati				строить
zigurat				зиккурат
zijevanje				зевота
zima				зима
zimovati				зимовать
zindelfingen				зиндельфинген
zingšpil				зингшпиль
zira				зира
zlata				злата
zlato				злато, золото
zlatoust				златоуст
zlica				злюка
zlo				зло, плохо
zlomisao				мыслепреступление
zlostavljanje				буллинг
zlotvor				злодей
zločin				злодеяние, преступление
zločinac				злодей
zločinstvo				злодеяние
zmaj				дельтаплан, дракон
zmajica				дракон
zmija				змея
zmijast				змеевидный
zmijolik				змеевидный
znati				знать
zombi				зомби
zoofilija				зоофилия
zoologija				зоология
zoonomija				зоономия
zooteizam				зоотеизм
zoozastitnik				зоозащитник
zoozaštitnik				зоозащитник
zoroastrijanizam				зороастризм
zoroastrizam				зороастризм
zrak				луч
zraka				луч
zrakoplovstvo				авиация
zub				зуб
zubar				стоматолог
zujati				жужжать
zumbul				гиацинт
zurna				зурна
zvati				звать
zveckati				дребезжать
zveketati				дребезжать
zver				животное
zvijezda				звезда
zviždati				свистеть
zvjerolik				звероподобный
zvon				звон
zvonar				звонарь, звонец
zvonce				колокольчик
zvonik				колокольня
zvono				колокол
zvuk				звук
zvukoizolacija				шумозащита
zvučati				звучать
ćelav				лысый
ćerka				доча, дочь
ćevapčići				чевапчичи
ćilibar				янтарь
ćilim				ковёр
ćutati				молчать
ćutljiv				немногословный, неразговорчивый
čagalj				шакал
čahura				кокон
čaj				чай
čajni				чайный
čak				даже
čakra				чакра
čakšire				штаны
čaplja				цапля
čarapa				чулок
čarati				колдовать
čaroban				прелестный
čarobnjak				волшебник
čartizam				чартизм
čaršav				простыня
čas				урок, час
časlav				чеслав
časništvo				комитет
časopis				журнал
časoslov				требник
časovničar				часовщик
častiti				потчевать
čavao				гвоздь
čavka				галка
čačkalica				зубочистка
čaša				стакан
čeboksari				чебоксары
čedo				ребёнок
čehoslovačka				чехословакия
čekaonica				приёмная
čekati				ждать
čekinjast				щетинистый
čekinjav				щетинистый
čekić				молоточек
čelik				сталь
čeličanski				сталелитейный
čeljabinsk				челябинск
čelo				лоб, чело
čembalo				клавесин
čempres				кипарис
čep				пробка
čerepovec				череповец
černobilj				чернобыль
černozem				чернозём
čestit				добропорядочный
čestitost				честность
često				зачастую
četiri				четыре
četrdeset				сорок
četrdesetougao				сорокаугольник
četristo				четыреста
četrnaest				четырнадцать
četrnaesti				четырнадцатый
četrnaestougao				четырнадцатиугольник
četverougao				четырёхугольник
četvrtak				четверг
četvrtfinal				четвертьфинал
četvrti				четвёртый
čečenija				чечня
čečenski				чеченский
češalj				расчёска
češka				чехия
češljugar				щегол
češnjak				чеснок
čifut				жид
čiji				чей
čikago				чикаго
čile				чили
činovnik				чиновник
čist				чистый
čistilište				чистилище
čistunac				чистюля
čita				чита
čitalac				читатель
čitatelj				читатель
čitati				читать
čitulja				некролог
čizburger				чизбургер
čičak				лопух
članak				статья
čmar				анус
čokolada				шоколад
čovekomrzac				мизантроп
čovjek				человек
čovjekolik				человекообразный, человекоподобный
čovječanstvo				человечество
čudotvorac				чудотворец
čunak				челнок
čuti				слышать
čuvanje				хранение
čuven				знаменитый, известный
čvor				узел
čvorak				скворец
đak				ученик
đakon				диакон
đakonica				дьяконица
đakonik				дьяконник
đakonovica				дьяконица
đakonski				дьяконский
đakonstvo				дьяконство
đački				ученический
đenova				генуя
đerdan				колье
đinđer				имбирь
đul				роза
đumbir				имбирь
đurđevak				ландыш
šablon				клише, шаблон
šafran				шафран
šah				шахматы
šahist				шахматист
šahista				шахматист
šahistkinja				шахматистка
šahrati				заштриховать, заштриховывать
šahti				шахты
šaka				кисть, рука
šal				шарф
šala				шутка
šaljiv				шутливый
šaljivčina				комик, шутник
šalvare				шаровары
šaman				шаман
šamanizam				шаманизм
šampion				чемпион
šampionat				чемпионат
šampon				шампунь
šansona				шансон
šansonjer				шансонье
šap				ящур
šaptati				шептать
šaptač				суфлёр
šaputati				шептать
šarada				шарада
šargarepa				морковь
šarlatan				шарлатан
šarmantan				обворожительный, очаровательный, прелестный
šator				палатка
šeboj				желтофиоль
šef				шеф
šekel				шекель
šematski				схематический
šeremetjevo				шереметьево
šeri				херес
šerijat				шариат
šerpa				кастрюля
šesnaest				шестнадцать
šesnaestougao				шестнадцатиугольник
šest				шесть
šestar				циркуль
šesti				шестой
šestougao				шестиугольник
šetati				гулять
šetnja				прогулка
ševa				жаворонок
ševiot				шевиот
šezdeset				шестьдесят
šezdeseti				шестидесятый
šećer				сахар
šećernica				сахарница
šešir				шляпа
šhuna				шхуна
šibati				хлестать
šibica				спичка
šija				шея
šimpanza				шимпанзе
šintoizam				синтоизм
šiptar				албанец
širina				ширина
širiti				проповедовать
širok				широкий
širokogrudost				великодушие
šiti				шить
šizofreničar				шизик
škare				ножницы
škola				школа
škorpion				скорпион
škotska				шотландия
škrga				жабра
škripati				скрипеть
škrob				крахмал
škuna				шхуна
šlafrok				шлафрок
šljiva				слива
šljuka				вальдшнеп
šolja				чашка
šorts				шорты
šou				шоу
šou-biznis				шоу-бизнес
šovinizam				шовинизм
špaga				шпага
špageti				спагетти
španac				испанец
španija				испания
španjolac				испанец
španski				испанский
špijunirati				шпионить
šport				спорт
šrafciger				отвёртка
šrapnel				шрапнель
šta				что
štabeliranje				штабелирование
štafelaj				мольберт
štakor				крыса
štampač				принтер
štedeti				копить
štedljivost				бережливость
štenac				щенок
štene				щенок
šteta				вред
štiglic				щегол
štititi				оборонять
štitnik				абажур
što				что
štokavština				штокавщина
štoperica				секундомер
štrajkovati				бастовать
štrudla				штрудель
štucanje				икота
štuka				щука
šturmf				смурфик
šuma				лес
šumarstvo				лесоводство
šumica				роща
šumovit				лесистый
šumski				лесопродукция
šunka				ветчина
šura				шурин
šurak				шурин
šuriken				сюрикен
šuškati				пришёптывать
šuštanje				шорох
švabija				швабия
švedska				швеция
šveđ				швед
šveđanin				швед
šveđanka				шведка
švrljati				шататься, шляться
ščolkovo				щёлково
žaba				лягушка
žabac				лягушка
žabo				жабо
žaket				жакет
žalfija				шалфей
žandarm				жандарм
žargonski				жаргонный
žarki				страстный
žbun				куст
žderavac				росомаха
ždrijebac				жеребец
ždrijebe				жеребёнок
ždrijelo				глотка
žeda				жажда
želatin				желатин
železnogorsk				железногорск
željeznogorsk				железногорск
željezo				железо
želud				жёлудь
želudac				желудок
žena				жена, женщина
ženeva				женева
ženiti				женить
žeđ				жажда
židak				жидкий
židkinja				еврейка
židov				жид
židovka				еврейка
žir				жёлудь
žirafa				жираф
žirondinac				жирондист
žitelj				житель
živ				живой
živac				нерв
živahnost				бодрость
živeti				жить
život				жизнь
životinja				животное
životinjski				звериный
životopis				биография
žlica				ложка
žlijezda				железа
žongler				жонглёр
žrijebanje				жеребьёвка
žrtva				жертва, жертвоприношение
žrtvenik				алтарь
žrtvovanje				жертвоприношение
žrvanj				жёрнов
žulj				мозоль
žumanac				желток
žumance				желток
žumanjak				желток
župa				жупа
župnik				аббат
žurba				спешка
žuriti				торопить
žurnalista				журналист
žut				жёлтый
žućkast				желтоватый
žuč				желчь
