sr	ru	words	sr_id
Da.	Да.	1	12213724
Dole.	Внизу.	1	5691358
Dole.	Вниз.	1	5691358
Dođi!	Приходи!	1	4644937
Gluposti!	Глупости!	1	5599970
Grešiš.	Ошибаешься.	1	938723
Gubim.	Я проигрываю.	1	4992618
Gubite.	Вы проигрываете.	1	4993191
Gubiš.	Ты проигрываешь.	1	4993190
Halo.	Алло.	1	4264020
Hej.	Эй.	1	3303503
Hvala!	Спасибо!	1	3266203
Idem.	Я иду.	1	3311765
Idem.	Иду.	1	3311765
Izvini?	Извини?	1	5003566
Jedem.	Я ем.	1	3281651
Još.	Ещё.	1	5682428
Kasnim.	Я опаздываю.	1	4992619
Konačno!	Наконец!	1	475319
Konačno!	Наконец-то!	1	475319
Kretenizam!	Кретинизм!	1	4960979
Kuvaću.	Я буду готовить.	1	4999391
Kuvaću.	Я буду готовить еду.	1	4999391
Lud!	Сумасшедший!	1	460199
Mraz.	Мороз.	1	6159434
Napad!	Атака!	1	3439008
Napad!	Нападение!	1	3439008
Ne.	Нет.	1	4644940
Obećavam.	Обещаю.	1	3430028
Objasniću.	Я объясню.	1	4999388
Odlazim.	Я ухожу.	1	3292806
Ostaću.	Я останусь.	1	4999372
Otvori.	Открой.	1	5003538
Otvorite.	Откройте.	1	5003539
Ozbiljno?	Серьёзно?	1	3463605
Pazi!	Внимание!	1	5003531
Pevam.	Я пою.	1	2708808
Pokušaj.	Попробуй.	1	4781379
Pokušavamo.	Мы пытаемся.	1	4993206
Pokušavamo.	Мы пробуем.	1	4993206
Pokušaću.	Я попытаюсь.	1	4999371
Pozvaću.	Я позвоню.	1	4999399
Počeću.	Я начну.	1	4999373
Počni.	Начинай.	1	4997615
Počnite.	Начинайте.	1	4997616
Požuri!	Поспеши!	1	3304299
Požuri.	Поторопись.	1	3292817
Požuriću.	Я потороплюсь.	1	4999387
Prekasno.	Слишком поздно.	1	5003508
Prekini!	Прекрати!	1	3384105
Preživljavamo.	Мы выживаем.	1	4993209
Prijatno!	Приятного аппетита!	1	3430011
Probaj.	Попробуй.	1	4781378
Probajmo.	Давай попробуем.	1	4259864
Probajmo.	Давайте попробуем.	1	4259864
Probaću.	Я попробую.	1	4999370
Radi.	Работает.	1	4993344
Radim.	Я работаю.	1	5043646
Sačekaću.	Я подожду.	1	4999368
Shvatiću.	Я пойму.	1	4999369
Slavim.	Я праздную.	1	4999321
Slušaj.	Слушай.	1	5003502
Slušajte.	Слушайте.	1	5003503
Smešno!	Смешно!	1	901904
Smešno!	Забавно!	1	901904
Studiraću.	Я буду учиться.	1	2993055
Stvarno?	Действительно?	1	3264397
Sumnjam.	Сомневаюсь.	1	3650887
Svakako.	Непременно.	1	6895976
Svakako.	Обязательно.	1	6895976
Svetogrđe!	Святотатство!	1	2322607
Svetogrđe!	Кощунство!	1	2322607
Ućuti!	Замолчи!	1	3384106
Uživaj.	Наслаждайся!	1	4782954
Vidim.	Я вижу.	1	4250467
Vidim.	Вижу.	1	4250467
Zaboravi.	Забудь.	1	4960983
Zaista?	Реально?	1	3264399
Zaista?	Правда?	1	3264399
Zanimljivo.	Любопытно.	1	4250272
Zanimljivo...	Любопытно...	1	885595
Započeću.	Я начну.	1	4999374
Zaveži!	Заткнись!	1	3384104
Zašto?	Почему?	1	3384173
Zbogom.	Прощай.	1	3356088
Zbogom.	Прощайте.	1	3356088
Zdravo.	Привет.	1	3303505
Znam.	Знаю.	1	2263837
Znam.	Я знаю.	1	2263837
Znaće.	Они узнают.	1	4993313
Znaće.	Он узнает.	1	4993313
Znaće.	Она узнает.	1	4993313
Ćorsokak.	Тупик.	1	4251391
Čekam.	Я жду.	1	5043644
Čekam.	Жду.	1	5043644
Čekaću.	Я подожду.	1	4999366
Čestitam!	Поздравляю!	1	3644411
Šta?	Что?	1	3242661
Živeli!	Ваше здоровье!	1	3644299
Živeću.	Я буду жить.	1	4992621
Žmuri.	Зажмурься.	1	4240670
Žurim.	Я тороплюсь.	1	5603341
Žurim.	Я спешу.	1	5603341
A ti?	А ты?	2	3414401
Ali zašto?	Но почему?	2	4264018
Biću automehaničar.	Я буду автомехаником.	2	3472102
Biću tamo.	Я буду там.	2	5586402
Bog zna.	Бог знает.	2	5874298
Bojim se.	Я боюсь.	2	4999356
Brod tone.	Корабль тонет.	2	3281933
Da, možemo.	Да, можем.	2	3283428
Deca spavaju.	Дети спят.	2	4292342
Dobar dan!	Добрый день!	2	3314350
Dobro došli.	Добро пожаловать.	2	2332062
Dobro je.	Это хорошо.	2	3644358
Dobro je.	Оно хорошее.	2	3644358
Dobro jutro!	Доброе утро!	2	3384118
Dobro pitanje.	Хороший вопрос.	2	3263627
Dobro radiš.	Ты хорошо работаешь.	2	4273226
Dobro sam.	У меня всё хорошо.	2	4248516
Dolazi autobus.	Автобус подходит.	2	3279785
Dosadan sam.	Я скучный.	2	3669242
Dođi bliže.	Подойди ближе.	2	4995976
Dođi sutra.	Приходи завтра.	2	4995968
Dođite sutra.	Приходите завтра.	2	4995969
Drvo gori.	Дерево горит.	2	5003672
Duva vetar.	Дует ветер.	2	3463566
Evo knjige.	Вот книги.	2	3438803
Gde ćeš?	Где ты будешь?	2	3387240
Gladan sam.	Я голоден.	2	3264437
Gladan sam.	Я голодный.	2	3264437
Glup si.	Ты глуп.	2	3243180
Glupa si.	Ты глупая.	2	4993188
Glupi ste.	Вы глупые.	2	4993189
Govori jasno.	Говори ясно.	2	3654415
Hajdemo kući.	Пойдём домой.	2	3243882
Hladno je.	Холодно.	2	3242667
Hoću mač!	Я хочу меч!	2	3313557
I ja.	И я.	2	3390858
Idemo kući.	Мы идём домой.	2	5599964
Ignoriši ih.	Игнорируй их.	2	5043676
Igram hokej.	Я играю в хоккей.	2	5841833
Igram tenis.	Я играю в теннис.	2	3384568
Igraću tenis.	Я буду играть в теннис.	2	6993132
Imam 30.	Мне 30.	2	5043624
Imam glavobolju.	У меня болит голова.	2	3384084
Imam glavobolju.	У меня голова болит.	2	3384084
Imam granatu.	У меня граната.	2	3350419
Imam granatu.	У меня есть граната.	2	3350419
Imam ideju.	У меня есть идея.	2	2925861
Imam ideju.	У меня идея.	2	2925861
Imam knjigu.	У меня есть книга.	2	3434499
Imam modricu.	У меня синяк.	2	4967535
Imam pitanje.	У меня вопрос.	2	3424927
Imam pitanje.	У меня есть вопрос.	2	3424927
Imam porodicu.	У меня есть семья.	2	2499654
Imam rečnik.	У меня есть словарь.	2	3425851
Imam ćerku.	У меня есть дочь.	2	3266425
Imaš pravo.	Ты прав.	2	3243480
Imaš temperaturu.	У тебя температура.	2	3650677
Improvizovala sam.	Я импровизировала.	2	4999434
Izgledaš glupavo.	Ты глупо выглядишь.	2	6303055
Izgledaš glupavo.	Ты выглядишь глупо.	2	6303055
Izgledaš glupo.	Ты выглядишь глупо.	2	3430033
Izgledaš zdravo.	Ты выглядишь здоровым.	2	3650664
Izgledaš zdravo.	Ты выглядишь здоровой.	2	3650664
Izlazite odatle.	Выходите оттуда.	2	4449684
Izujte cipele.	Снимите обувь.	2	3419153
Izujte cipele.	Разуйтесь.	2	3419153
Ja plaćam.	Я плачу.	2	3425880
Ja predajem.	Я преподаю.	2	3243460
Ja, takođe.	Я тоже.	2	3390861
Još ne.	Ещё нет.	2	6895821
Kada odlaziš?	Когда уезжаешь?	2	3366750
Kakav ego!	Какое эго!	2	5955144
Kako brzo!	Как быстро!	2	4246036
Kako dirljivo!	Как трогательно!	2	4999454
Kako melodramatično!	Как мелодраматично!	2	4999458
Kako si?	Как ты?	2	3478064
Kako ste?	Как поживаете?	2	400925
Kako ste?	Как дела?	2	400925
Kako ste?	Как вы?	2	400925
Kasno je.	Поздно.	2	4960967
Kaži joj.	Скажи ей.	2	7009902
Kaži mu.	Скажи ему.	2	7009910
Kažnjen sam.	Я наказан.	2	4999271
Kažnjena sam.	Я наказана.	2	4999274
Klaustrofobična sam.	У меня клаустрофобия.	2	4999320
Ko kuca?	Кто стучит?	2	4248687
Ko kuca?	Кто стучится?	2	4248687
Koga briga?	Кого это волнует?	2	5003590
Koga čekate?	Кого вы ждёте?	2	3371112
Koga čekaš?	Кого ты ждёшь?	2	3371121
Koliko duboko?	Как глубоко?	2	5003570
Koliko jabuka?	Сколько яблок?	2	664830
Kuvam ručak.	Я готовлю обед.	2	6475469
Laku noć.	Спокойной ночи.	2	3392020
Ljudi greše.	Люди ошибаются.	2	6900220
Loše plivam.	Я плохо плаваю.	2	3387078
Mama radi.	Мама работает.	2	3430877
Mama, požuri!	Мама, поторопись!	2	3390925
Moje je.	Это моё.	2	4993374
Moje je.	Оно моё.	2	4993374
Mrtav si.	Ты мёртв.	2	4243583
Mrzim hemiju.	Ненавижу химию.	2	3644416
Mrzim te.	Ненавижу тебя.	2	805594
Mrzim školu.	Я ненавижу школу.	2	4781399
Mrzim školu.	Ненавижу школу.	2	4781399
Mrzimo Toma.	Мы ненавидим Тома.	2	4782995
Napad je.	Это нападение.	2	4246925
Napušteno je.	Оно заброшенное.	2	4992596
Nađi posao!	Найди работу!	2	3439022
Ne gledaj.	Не смотри.	2	4995904
Ne gledajte.	Не смотрите.	2	4995906
Ne govori.	Не говори.	2	4996840
Ne govorite.	Не говорите.	2	4996842
Ne pevaj.	Не пой.	2	4996826
Ne pevajte.	Не пойте.	2	4996828
Ne pevam.	Я не пою.	2	2708807
Ne pucaj!	Не стреляй!	2	3439027
Ne razgovaraj.	Не разговаривай.	2	4996884
Ne razgovarajte.	Не разговаривайте.	2	4996892
Ne razumem.	Я не понимаю.	2	3242664
Ne razumem.	Не понимаю.	2	3242664
Ne trči.	Не беги.	2	4996805
Ne trči.	Не бегай.	2	4996805
Ne trčite.	Не бегите.	2	4996807
Ne trčite.	Не бегайте.	2	4996807
Ne vičite.	Не кричите.	2	4996818
Ne znam.	Я не знаю.	2	3243810
Ne znam.	Не знаю.	2	3243810
Ne žuri.	Не спеши.	2	4996813
Ne žuri.	Не торопись.	2	4996813
Ne žurite.	Не спешите.	2	4996814
Ne žurite.	Не торопитесь.	2	4996814
Ne, hvala.	Нет, спасибо.	2	3254031
Nemam apetit.	У меня нет аппетита.	2	3275410
Nemam broj.	У меня нет номера.	2	3357657
Nemam gitaru.	У меня нет гитары.	2	4782915
Nemam kartu.	У меня нет карты.	2	3247840
Nemam kartu.	У меня нет билета.	2	3247840
Nemam odgovor.	У меня нет ответа.	2	3357592
Nemam pasoš.	У меня нет паспорта.	2	3359501
Nemam pojma.	Понятия не имею.	2	5874173
Nemam predrasuda.	У меня нет предрассудков.	2	3425236
Nemam reči.	У меня нет слов.	2	3414822
Nemam vremena.	У меня нет времени.	2	3357647
Nemamo izbora.	У нас нет выбора.	2	4254043
Nemamo vode.	У нас нет воды.	2	3429741
Nemaš temperaturu.	У тебя нет температуры.	2	3292426
Nešto nedostaje.	Чего-то не хватает.	2	3494449
Nešto novo?	Что-нибудь новое?	2	5003549
Nešto novo?	Что-то новое?	2	5003549
Nije loše.	Неплохо.	2	5003550
Nisam lep.	Я не красивый.	2	4246554
Nisam lepa.	Я не красивая.	2	4246555
Nisam nepismen.	Я не неграмотный.	2	3644439
Nisam star.	Я не старый.	2	3434501
Nisam učitelj.	Я не учитель.	2	2925858
Nisam učiteljica.	Я не учительница.	2	2925859
Nisam vlasnik.	Я не собственник.	2	4972113
Nisam znao.	Я не знал.	2	5955339
Nisu moje.	Они не мои.	2	5002922
Nisu moji.	Они не мои.	2	5002920
Obećala sam.	Я обещала.	2	4992637
Odakle si?	Откуда ты?	2	3334516
Odgovori mi.	Ответь мне.	2	5003616
Odgovorite mi.	Ответьте мне.	2	5003617
Odlično izgledaš.	Отлично выглядишь.	2	665235
Odlično izgledaš.	Ты отлично выглядишь.	2	665235
Odlučila sam.	Я решила.	2	5043661
Odlučio sam.	Я решил.	2	5043659
On pliva.	Он плывёт.	2	3384571
On pliva.	Он плавает.	2	3384571
On pokušava.	Он пытается.	2	5003653
On studira.	Он учится.	2	3386919
Ona plače.	Она плачет.	2	3438837
Ona pliva.	Она плывёт.	2	3384570
Ona pliva.	Она плавает.	2	3384570
Ona puca.	Она стреляет.	2	3478714
Ona čita.	Она читает.	2	13420943
Ona šeta.	Она гуляет.	2	5003670
Oni razgovaraju.	Они разговаривают.	2	3535496
Ono pliva.	Оно плывёт.	2	3384569
Ono pliva.	Оно плавает.	2	3384569
Opraštamo ti.	Мы тебя прощаем.	2	3430519
Oprosti nam.	Прости нас.	2	4997595
Oprostite nam.	Простите нас.	2	4997596
Ostala sam.	Я осталась.	2	4992627
Ovde sam.	Я здесь.	2	4999268
Ovde smo.	Мы здесь.	2	4993212
Pa šta?	И что?	2	3243822
Pada grad.	Идёт град.	2	3267007
Pada kiša.	Идёт дождь.	2	3242666
Pada sneg.	Идет снег.	2	3264898
Padaće kiša.	Пойдёт дождь.	2	3418820
Pametan sam.	Я умный.	2	5043614
Pametna sam.	Я умная.	2	5043615
Pasoš, molim.	Паспорт, пожалуйста.	2	3386990
Plaćam unapred.	Я заплачу вперёд.	2	893558
Plašim se.	Я боюсь.	2	4999357
Pobedila si!	Ты победила!	2	4993170
Pobedili smo!	Мы победили!	2	4993205
Pobedili smo.	Мы победили.	2	2057008
Pobedili ste!	Вы победили!	2	4993171
Pobedio si!	Ты победил!	2	4993169
Pogledaj nebo.	Посмотри на небо.	2	3370031
Pogledaj nebo.	Взгляни на небо.	2	3370031
Pogledaćemo kasnije.	Мы потом посмотрим.	2	4273218
Pokaži mi.	Покажи мне.	2	3439041
Pokreni se!	Пошевеливайся!	2	5909481
Pokušaj opet.	Попробуй снова.	2	3278264
Pomozi mi!	Помоги мне!	2	3478054
Pomozi mi.	Помоги мне.	2	5003629
Pomozite mi.	Помогите мне.	2	5003630
Popij lek.	Выпей лекарство.	2	3484257
Popravljam kuću.	Я ремонтирую дом.	2	3291852
Postajete neobazrivi.	Вы становитесь неосторожными.	2	4273366
Postaješ neobazriv.	Ты становишься неосторожным.	2	4273365
Pozovite policiju!	Вызовите полицию!	2	3243723
Pozovite policiju!	Позовите полицию!	2	3243723
Pošalji telegram!	Пошли телеграмму!	2	3425110
Prazan je.	Он пуст.	2	4992590
Prazan je.	Он пустой.	2	4992590
Prazna je.	Она пуста.	2	4992589
Prazna je.	Она пустая.	2	4992589
Prazno je.	Оно пустое.	2	4992588
Pretoplo je.	Слишком жарко.	2	665301
Prijatno veče.	Приятного вечера.	2	3245710
Prirodan sam.	Я естественный.	2	5043569
Prirodna sam.	Я естественная.	2	5043570
Pričaj polako.	Говори медленно.	2	3435477
Prodajem kafu.	Я продаю кофе.	2	5841797
Propustićeš sve.	Ты всё пропустишь.	2	4254020
Račun, molim.	Счёт, пожалуйста.	2	5003535
Reci joj.	Скажи ей.	2	7009905
Reci mu.	Скажи ему.	2	7009908
Riba je.	Это рыба.	2	4243589
Sada ručaj.	Сейчас обедай.	2	3244332
Samo gledam.	Я просто смотрю.	2	3425923
Samo gledam.	Я только смотрю.	2	3425923
Slušaj pažljivo.	Слушай внимательно.	2	5003552
Slušam muziku.	Я слушаю музыку.	2	3245667
Slušam radio.	Я слушаю радио.	2	3418697
Slušate li?	Вы слушаете?	2	4292396
Slušaš li?	Ты слушаешь?	2	4292395
Smanji televizor.	Сделай телевизор потише.	2	665166
Smisliću nešto.	Я что-нибудь придумаю.	2	4258246
Spavam čvrsto.	Я крепко сплю.	2	4972124
Spreman sam!	Я готов!	2	4992614
Spreman sam.	Я готов.	2	5043584
Spremna sam!	Я готова!	2	4992615
Spremna sam.	Я готова.	2	5043585
Srce bije.	Сердце бьется.	2	11889498
Srećan Božić!	Счастливого Рождества!	2	5003507
Srećan put.	Счастливого пути.	2	3244087
Srećan rođendan!	С днём рождения!	2	3328704
Stidim se.	Мне стыдно.	2	3365485
Stiže voz!	Поезд прибывает!	2	3303906
Studiram Engleski.	Я изучаю английский.	2	3266832
Studiram matematiku.	Я изучаю математику.	2	3411088
Svako zna.	Все знают.	2	4996917
Sve teče.	Всё течёт.	2	5691387
Sve znam.	Я всё знаю.	2	3245813
Svi idu.	Все идут.	2	4997544
Svi pričaju.	Все разговаривают.	2	4996934
Svi tapšu.	Все хлопают.	2	4996903
Svi tapšu.	Все аплодируют.	2	4996903
Svi znaju.	Все знают.	2	4996916
Svi čekaju.	Все ждут.	2	4997552
Taksi čeka.	Такси ждёт.	2	4324208
Tamo je.	Это там.	2	4993351
Tamo je.	Там.	2	4993351
Tata radi.	Папа работает.	2	3430878
Tačno je.	Точно.	2	4248672
Tačno je.	Правильно.	2	4248672
Teška je.	Она тяжёлая.	2	4992594
Teško je.	Тяжело.	2	4992592
Teško je.	Оно тяжёлое.	2	4992592
Težak je.	Он тяжёлый.	2	4992595
Tom je.	Это Том.	2	4993349
Tom peva.	Том поёт.	2	4644919
Tražim asistenta.	Я ищу ассистента.	2	892223
Tražim baterije.	Я ищу батарейки.	2	892213
Tražim posao.	Я ищу работу.	2	892219
Tu smo.	Мы тут.	2	4993214
Tvoj sam.	Я – твой.	2	5043653
Tvoj sam.	Я твой.	2	5043653
Tvoja sam.	Я твоя.	2	5043654
Udobno je.	Оно удобное.	2	4992601
Uključi svetlo.	Включи свет.	2	3425922
Uništen sam.	Я уничтожен.	2	5043610
Unutra smo.	Мы внутри.	2	4993211
Usvojen sam.	Меня усыновили.	2	4999361
Usvojen sam.	Меня удочерили.	2	4999361
Uzmi novac.	Возьми деньги.	2	5626287
Uzmi sve.	Возьми всё.	2	4997601
Uzmite malo.	Возьмите немного.	2	4997626
Učim japanski.	Я учу японский.	2	4264041
Učim korejski.	Я учу корейский.	2	4243342
Učim sada.	Я сейчас учусь.	2	5873225
Učimo španski.	Я учу испанский.	2	3362094
Učiću nemački.	Я буду учить немецкий.	2	2764229
Uđite unutra.	Войдите внутрь.	2	4997609
Vegetarijanac sam.	Я вегетарианец.	2	5043642
Vidim devojčicu.	Я вижу девочку.	2	3440617
Vidim lava.	Я вижу льва.	2	3438807
Vidim nekoga.	Я кого-то вижу.	2	3424903
Vidim ogledalo.	Я вижу зеркало.	2	3478287
Vidim pauka.	Я вижу паука.	2	3440953
Vidim ružu.	Я вижу розу.	2	3437876
Vidim to.	Я это вижу.	2	4250468
Volim boje.	Я люблю краски.	2	3470181
Volim hleb.	Я люблю хлеб.	2	4781352
Volim jezike.	Я люблю языки.	2	3334510
Volim mačke.	Я люблю кошек.	2	4644934
Volim prirodu.	Я люблю природу.	2	3535441
Volim pse.	Я люблю собак.	2	4644935
Volim slatkiše.	Я люблю сладкое.	2	3387075
Volim slatkiše.	Я люблю сладости.	2	3387075
Volim slatko.	Я люблю сладкое.	2	3387076
Volim te.	Я люблю тебя.	2	3253181
Vozi brže.	Едь быстрее.	2	4996899
Vozite brže.	Едьте быстрее.	2	4996900
Vratiću se.	Я вернусь.	2	5599965
Zabavno je.	Это забавно.	2	4993365
Zaboravila sam.	Я забыла.	2	5043666
Zaboravili smo.	Мы забыли.	2	4993216
Zaboravio sam.	Я забыл.	2	5043664
Zaboravite Toma.	Забудьте Тома.	2	4997594
Zatvori prozor.	Закрой окно.	2	664836
Zatvori vrata.	Закрой дверь.	2	3294874
Zatvori vrata.	Закрой ворота.	2	3294874
Završi ovo.	Закончи это.	2	4997588
Zašto ja?	Почему я?	2	5003547
Zašto odlazite?	Почему вы уходите?	2	5919378
Zašto odlaziš?	Почему ты уходишь?	2	5919377
Zašto pitaš?	Почему ты спрашиваешь?	2	3292856
Zdravo, prijatelju!	Привет, друг!	2	5806658
Zezam se.	Я веселюсь.	2	5043552
Znamo dovoljno.	Мы знаем достаточно.	2	5626291
Znaće oni.	Они узнают.	2	4993314
Znaš pravila.	Ты знаешь правила.	2	3645020
Ćitam sve.	Я читаю всё.	2	3494483
Čekala sam.	Я ждала.	2	4992623
Čekam brod.	Я жду корабль.	2	5396784
Čekam brod.	Я жду корабля.	2	5396784
Čekao sam.	Я ждал.	2	4992622
Čekaću ovde.	Я буду ждать здесь.	2	3434924
Čisto je.	Оно чистое.	2	4992604
Šalim se.	Я шучу.	2	5043551
Šališ se?	Ты шутишь?	2	3291028
Šta gledaš?	На что ты смотришь?	2	3425564
Šta hoćeš?	Чего ты хочешь?	2	3303668
Šta hoćeš?	Что ты хочешь?	2	3303668
Šta pije?	Что она пьёт?	2	4243505
Šta pije?	Что он пьёт?	2	4243505
Šta radite?	Что делаете?	2	2332056
Šta radite?	Чем занимаетесь?	2	2332056
Šta radite?	Что вы делаете?	2	2332056
Šta radite?	Чем вы занимаетесь?	2	2332056
Šta radiš?	Что ты делаешь?	2	2332057
Šta tražite?	Что вы ищете?	2	3384102
Šta tražite?	Что Вы ищете?	2	3384102
Šta tražiš?	Что ты ищешь?	2	3384098
Šta tražiš?	Что ищешь?	2	3384098
Šta čitaš?	Что ты читаешь?	2	888815
Šta čitaš?	Что читаешь?	2	888815
Žedan sam.	Мне хочется пить.	2	3243475
Žedan sam.	Я хочу пить.	2	3243475
Žene rade.	Женщины работают.	2	2499852
Auto je plav.	Машина синяя.	3	3334496
Bicikl je moj.	Велосипед мой.	3	3478048
Bili smo poslednji.	Мы были последними.	3	5028634
Bio sam učitelj.	Я был учителем.	3	3430712
Bitkoin je kriptovaluta.	Биткоин — это криптовалюта.	3	7010998
Bole me oči.	У меня болят глаза.	3	3477987
Boli me glava.	У меня болит голова.	3	3243462
Boli me grlo.	У меня болит горло.	3	3275306
Boli te glava?	У тебя болит голова?	3	7014784
Cena nije bitna.	Цена не имеет значения.	3	665363
Cene su pale.	Цены упали.	3	3243930
Da ili ne?	Да или нет?	3	3334520
Da li pušite?	Вы курите?	3	3253701
Da li siguran?	Ты уверен?	3	3243718
Da, volim to!	Да, я это люблю!	3	5894271
Daj mi broj.	Дай мне номер.	3	3244167
Daj mi kašiku.	Дай мне ложку.	3	4790584
Daj mi mač.	Дай мне меч.	3	4781276
Daj mi mleko.	Дай мне молоко.	3	6169164
Daj mi olovku.	Дай мне карандаш.	3	4783004
Daješ loš primer.	Ты подаёшь плохой пример.	3	3425542
Dajte hranu beskućnicima.	Дайте еды бездомным.	3	3362176
Dajte mi kašiku.	Дайте мне ложку.	3	4790585
Dan se završava.	День заканчивается.	3	3314326
Danas je hladno.	Сегодня холодно.	3	4726292
Danas je vruće.	Сегодня жарко.	3	3292476
Danas nema vetra.	Сегодня нет ветра.	3	3248309
Danas očekujem klijenta.	Сегодня я ожидаю клиента.	3	3391272
Danas sam slobodan.	Сегодня я свободен.	3	3307021
Devojka vidi dečaka.	Девочка видит мальчика.	3	5635183
Devojke su spavale.	Девушки спали.	3	4249129
Dodaj još vode.	Добавь ещё воды.	3	5024382
Dodajte još vode.	Добавьте ещё воды.	3	5024383
Doktor zna sve.	Доктор знает всё.	3	5396806
Doktor zna sve.	Доктор всё знает.	3	5396806
Dolaziš li, Tome?	Ты придёшь, Том?	3	4371176
Doneću ti nešto.	Я тебе кое-что принесу.	3	4254003
Dosadno mi je.	Мне скучно.	3	3669334
Drvo lako gori.	Дерево легко загорается.	3	3351973
Držala je kišobran.	Она держала зонтик.	3	3393542
Emili je Engleskinja.	Эмили - англичанка.	3	2925892
Evo nešto interesantno.	Вот кое-что интересное.	3	3395326
Evo šta mislim.	Вот что я думаю.	3	5002292
Fali nam nešto.	Нам чего-то не хватает.	3	3304184
Gde je Lori?	Где Лори?	3	2499649
Gde je Misisipi?	Где находится Миссисипи?	3	3314359
Gde je Teheran?	Где находится Тегеран?	3	3282889
Gde je Tom?	Где Том?	3	12402898
Gde je biletarnica?	Где касса?	3	3402150
Gde je hotel?	Где гостиница?	3	2499652
Gde je kelner?	Где официант?	3	3357157
Gde je knjiga?	Где книга?	3	3334500
Gde je studentkinja?	Где студентка?	3	5294773
Gde je votka?	Где водка?	3	3298602
Gde je žena?	Где женщина?	3	6960614
Gde on živi?	Где он живёт?	3	3295056
Gde sam pogrešila?	Где я ошиблась?	3	4449861
Gde sam pogrešio?	Где я ошибся?	3	4449860
Gde sam sad?	Где я сейчас?	3	5843314
Gde sam sada?	Где я сейчас?	3	5843312
Gde si bio?	Где ты был?	3	3429996
Gde si radila?	Где ты работала?	3	4986885
Gde si radio?	Где ты работал?	3	4986884
Gde si sad?	Где ты сейчас?	3	5843305
Gde si sada?	Где ты сейчас?	3	5039825
Gde smo sad?	Где мы сейчас?	3	5843310
Gde smo sada?	Где мы сейчас?	3	5843307
Gde ste radili?	Где вы работали?	3	4986886
Gde su noževi?	Где ножи?	3	900758
Gde su roditelji?	Где родители?	3	3344183
Gde su rukavice?	Где перчатки?	3	3370808
Gde su rukavice?	Где рукавицы?	3	3370808
Gde su viljuške?	Где вилки?	3	3292581
Gde su žirafe?	Где жирафы?	3	2499863
Gde svi idu?	Куда все идут?	3	3357152
Glasnije, molim te.	Громче, пожалуйста.	3	5003564
Godine su prošle.	Прошли годы.	3	5003642
Gospodine, moj šešir!	Господин, моя шляпа!	3	3254293
Govorite li engleski?	Вы говорите по-английски?	3	3382591
Govoriš li Italijanski?	Ты говоришь по-итальянски?	3	3298587
Govoriš li Latinski?	Ты говоришь на латыни?	3	3341497
Grešim li ikada?	Я когда-нибудь ошибаюсь?	3	4324455
Hajde, pomozi mi.	Давай, помоги мне.	3	4449678
Hajdemo po kafu.	Пойдём кофе попьём.	3	4253974
Heljda je poskupela.	Гречка подорожала.	3	3650891
Hladno mi je.	Мне холодно.	3	6895806
Hoće neko pivo?	Кто-нибудь хочет пива?	3	4324607
Hoće neko pivo?	Кто-нибудь хочет пиво?	3	4324607
Hoćeš li ribe?	Хочешь рыбы?	3	3430782
Hvala na informaciji.	Спасибо за информацию.	3	3244099
Hvala na komentaru.	Спасибо за комментарий.	3	3350398
Hvala vam puno!	Большое вам спасибо!	3	5806622
Hvala. Dobro sam.	Спасибо, хорошо.	3	884783
Idem na plažu.	Я иду на пляж.	3	4250142
Idem na plažu.	Я пойду на пляж.	3	4250142
Idem na putovanje.	Я еду путешествовать.	3	4782117
Idemo li kući?	Мы идём домой?	3	4333664
Idemo po Toma.	Мы сходим за Томом.	3	4247095
Idemo u pozorište.	Мы идём в театр.	3	3418950
Idemo u pozorište.	Мы ходим в театр.	3	3418950
Idi da pogledaš.	Иди посмотри.	3	4324582
Idi prvo ti.	Иди сначала ты.	3	3246279
Idite da pogledate.	Идите посмотрите.	3	4324583
Igrao sam fudbal.	Я играл в футбол.	3	3248255
Ima mnogo posla.	Работы много.	3	3275085
Imam 12 godina.	Мне 12 лет.	3	4246757
Imam 18 godina.	Мне 18 лет.	3	3298895
Imam belog konja.	У меня есть белый конь.	3	3317304
Imam crne oči.	У меня чёрные глаза.	3	3314349
Imam dobru intuiciju.	У меня хорошая интуиция.	3	3342553
Imam dosadan posao.	У меня скучная работа.	3	3424930
Imam dva automobila.	У меня два автомобиля.	3	3425849
Imam dve mačke.	У меня две кошки.	3	3081398
Imam dve ćerke.	У меня две дочери.	3	3265620
Imam li nož?	У меня есть нож?	3	6567915
Imam loš mamurluk.	У меня тяжелое похмелье.	3	4274693
Imam mnogo prijatelja.	У меня много друзей.	3	3245539
Imam ogromne probleme.	У меня огромные проблемы.	3	3432881
Imam ozbiljno pitanje.	У меня есть серьёзный вопрос.	3	5024423
Imam ozbiljno pitanje.	У меня серьёзный вопрос.	3	5024423
Imam plave oči.	У меня голубые глаза.	3	3435556
Imam težak dan.	У меня тяжёлый день.	3	4258205
Imam velikog psa.	У меня есть большая собака.	3	3350424
Imam velikog psa.	У меня большая собака.	3	3350424
Imamo dva sina.	У нас два сына.	3	3412962
Imamo dva televizora.	У нас два телевизора.	3	3425009
Imamo dvoje dece.	У нас двое детей.	3	706338
Imamo petoro dece.	У нас пятеро детей.	3	3362109
Imamo puno hrane.	У нас много еды.	3	4251424
Imate li pitanja?	У вас есть вопросы?	3	3253699
Imate li pivo?	У вас есть пиво?	3	6960623
Imate li psa?	У вас есть собака?	3	4784592
Imaćemo dvonedeljni raspust.	У нас будут двухнедельные каникулы.	3	3440798
Imaću mnogo dece.	У меня будет много детей.	3	3471168
Imaću velikih poteškoća.	У меня будут большие трудности.	3	3344298
Imaću velikih problema.	У меня будут большие проблемы.	3	3340716
Imaš lepe oči.	У тебя красивые глаза.	3	3380046
Imaš li Fejsbuk?	У тебя есть Фейсбук?	3	4246899
Imaš li glavobolju?	У тебя болит голова?	3	3253752
Imaš li psa?	У тебя есть собака?	3	4784591
Imaš li sestre?	У тебя есть сёстры?	3	3438687
Imaš lošu narav.	У тебя плохой характер.	3	5039840
Imaš nešto protiv?	Ты что-то имеешь против?	3	5843294
Imaš plave usne.	У тебя губы синие.	3	3476198
Imaš čudesan glas.	У тебя чудесный голос.	3	3418509
Instikti me vode.	Я руководствуюсь инстинктами.	3	3478672
Ispekao sam hleb.	Я испёк хлеб.	3	6305255
Italija nije Grčka.	Италия не Греция.	3	4995353
Izgledaš veoma umorno.	Ты выглядишь очень усталым.	3	3426503
Izgledaš veoma umorno.	Ты выглядишь очень усталой.	3	3426503
Izgovara se ovako:	Произносится как:	3	4243519
Iznajmili smo stan.	Мы сняли квартиру.	3	3425449
Izvinite što kasnim.	Извините за опоздание.	3	5778914
Ja dobro pevam.	Я хорошо пою.	3	3265715
Ja igram hokej.	Я играю в хоккей.	3	5841834
Ja imam prijatelje.	У меня есть друзья.	3	3424928
Ja imam problem.	У меня проблема.	3	3650927
Ja mrzim matematiku.	Я ненавижу математику.	3	3748920
Ja mrzim pse.	Я ненавижу собак.	3	3644854
Ja ne grešim.	Я не ошибаюсь.	3	3437532
Ja ne pevam.	Я не пою.	3	3430778
Ja nisam Kanađanin.	Я не канадец.	3	3334744
Ja nisam filolog.	Я не филолог.	3	3435499
Ja nisam grofica.	Я не графиня.	3	5628243
Ja nisam lekar.	Я не врач.	3	2634771
Ja nisam nastavnica.	Я не преподавательница.	3	2332086
Ja nisam nastavnik.	Я не учитель.	3	2332085
Ja nisam nastavnik.	Я не преподаватель.	3	2332085
Ja nisam popularan.	Я не популярен.	3	3644851
Ja nisam profesor.	Я не учитель.	3	2332087
Ja nisam profesorka.	Я не учительница.	3	2332088
Ja nisam učenik.	Я не ученик.	3	797466
Ja nisam učitelj.	Я не учитель.	3	2332083
Ja nisam učiteljica.	Я не учительница.	3	2332084
Ja nisam vlasnik.	Я не хозяин.	3	4972114
Ja nisam ćelav.	Я не лысый.	3	3644980
Ja predajem geografiju.	Я преподаю географию.	3	3424891
Ja prodajem kafu.	Я продаю кофе.	3	5841798
Ja sam Berlinac.	Я берлинец.	3	3430953
Ja sam Gregor.	Я Грегор.	3	2149766
Ja sam Jorge.	Я Хорхе.	3	665331
Ja sam Kanađanin.	Я канадец.	3	4999323
Ja sam Kanađanka.	Я канадка.	3	4999324
Ja sam Zemljanin.	Я землянин.	3	3473654
Ja sam arheolog.	Я археолог.	3	3340738
Ja sam astronom.	Я астроном.	3	6960611
Ja sam ateista.	Я атеист.	3	3387268
Ja sam dobro.	Я в порядке.	3	3311719
Ja sam doktor.	Я доктор.	3	3392021
Ja sam heroj.	Я герой.	3	3285959
Ja sam lekar.	Я врач.	3	3440822
Ja sam lekar.	Я доктор.	3	3440822
Ja sam lekar.	Я медик.	3	3440822
Ja sam lekar.	Врач — это я.	3	3440822
Ja sam levoruk.	Я левша.	3	3300231
Ja sam mehaničar.	Я механик.	3	4264024
Ja sam monah.	Я монах.	3	3542480
Ja sam nastavnica.	Я преподавательница.	3	2332075
Ja sam nastavnik.	Я преподаватель.	3	2332074
Ja sam novinar.	Я журналист.	3	2708802
Ja sam odlučio.	Я решил.	3	3298950
Ja sam opasan.	Я опасен.	3	3370609
Ja sam oženjen.	Я женат.	3	3334485
Ja sam početnik.	Я начинающий.	3	5848245
Ja sam profesor.	Я учитель.	3	2332076
Ja sam profesorka.	Я учительница.	3	2332077
Ja sam snažan.	Я сильный.	3	3343547
Ja sam stranac.	Я иностранец.	3	3274495
Ja sam student.	Я студент.	3	2332068
Ja sam studentkinja.	Я студентка.	3	2332070
Ja sam trkač.	Я бегун.	3	4250168
Ja sam udata.	Я замужем.	3	3334486
Ja sam učenica.	Я ученица.	3	2332067
Ja sam učenik.	Я ученик.	3	2332066
Ja sam učitelj.	Я учитель.	3	2332072
Ja sam učitelj.	Я - учитель.	3	2332072
Ja sam učiteljica.	Я учительница.	3	2332073
Ja sam vegetarijanac.	Я вегетарианец.	3	5043643
Ja sam ćelava.	Я лысая.	3	3644984
Ja se slažem.	Я согласен.	3	3267413
Ja sporo čitam.	Я медленно читаю.	3	5628175
Ja sve znam.	Я знаю всё.	3	475316
Ja sve znam.	Я все знаю.	3	475316
Ja sve znam.	Я всё знаю.	3	475316
Ja sviram violinu.	Я играю на скрипке.	3	5603343
Ja to zaslužujem.	Я заслуживаю этого.	3	5848780
Ja volim tenis.	Я люблю теннис.	3	3314357
Je li čisto?	Оно чистое?	3	6924611
Jedan nož, nedostaje.	Одного ножа не хватает.	3	3313383
Jedem puno mesa.	Я ем много мяса.	3	4324233
Jesi li ručala?	Ты обедала?	3	4261848
Jesi li ručao?	Ты обедал?	3	4261847
Jesi li spavala?	Ты спала?	3	4258417
Jesi li spavao?	Ты спал?	3	4258416
Jesi li spreman?	Ты готов?	3	4371149
Jeste li spremni?	Вы готовы?	3	4371150
Kada dolaziš kući?	Когда ты придёшь домой?	3	3419236
Kada dolaziš kući?	Когда ты приходишь домой?	3	3419236
Kada je ručak?	Когда обед?	3	3380095
Kada je spremna.	Ванна готова.	3	3425913
Kada obično doručkuješ?	Когда ты обычно обедаешь?	3	3440736
Kada počinje film?	Когда начинается фильм?	3	3418915
Kada si jeo?	Когда ты ел?	3	3424517
Kada si rođen?	Когда ты родился?	3	3287651
Kada stižeš kući?	Когда ты будешь дома?	3	3302934
Kada će ručak?	Когда будет обед?	3	3380094
Kada ćemo jesti?	Когда будем есть?	3	3248305
Kafa ili čaj?	Кофе или чай?	3	3437801
Kafa je hladna.	Кофе холодный.	3	2499650
Kako ga zovu?	Как его зовут?	3	4972337
Kako ide posao?	Как идёт работа?	3	5843375
Kako je škola?	Как школа?	3	5843373
Kako lep automobil!	Какой красивый автомобиль!	3	5039827
Kako lepa kuća!	Какой красивый дом!	3	5002949
Kako ona izgleda?	Как она выглядит?	3	3495054
Kako se zoveš?	Как тебя зовут?	3	4308102
Kako si, Tome?	Как ты, Том?	3	4258406
Kakve probleme imaš?	Какие у тебя проблемы?	3	6401105
Kakvo fantastično jutro!	Какое фантастическое утро!	3	3395299
Kakvo glupo pitanje!	Какой глупый вопрос!	3	3429749
Kakvu kafu želite?	Какой кофе вы хотите?	3	884960
Kanada nije raj.	Канада не рай.	3	3434984
Kao i obično.	Как обычно.	3	3327882
Ken ima gitaru.	У Кена есть гитара.	3	885010
Kiša jako pada.	Идёт сильный дождь.	3	3384136
Knjiga je ovde.	Книга здесь.	3	3438804
Ko je prva?	Кто первая?	3	4993204
Ko je prvi?	Кто первый?	3	4993203
Ko je tamo?	Кто там стоит?	3	3243207
Ko je to?	Кто это?	3	3425087
Ko smo mi?	Кто мы?	3	5993481
Kod roditelja sam.	Я у родителей.	3	6593653
Koje jezike govoriš?	На каких языках ты говоришь?	3	3440834
Koji jezik govoriš?	На каком языке ты говоришь?	3	5806723
Kojim putem ideš?	Каким путём ты идёшь?	3	6148838
Koliko imate dece?	Сколько у вас детей?	3	3424525
Koliko imaš godina?	Сколько тебе лет?	3	5944876
Koliko imaš knjiga?	Сколько у тебя книг?	3	3284534
Koliko je sati?	Который час?	3	3243720
Koliko je sati?	Сколько времени?	3	3243720
Koliko jezika govoriš?	На скольких языках ты говоришь?	3	3419230
Koliko me voliš?	Как сильно ты меня любишь?	3	5909359
Koliko to košta?	Сколько это стоит?	3	3242663
Koliko vremena imam?	Сколько у меня времени?	3	5800252
Koliko živite ovde?	Сколько вы живёте здесь?	3	5909467
Kompjuter je nov.	Компьютер новый.	3	888583
Konačno je petak.	Наконец-то пятница.	3	3651134
Konj je žedan.	Лошадь хочет пить.	3	3402683
Konj je žedan.	Конь хочет пить.	3	3402683
Kornjače nemaju zube.	У черепах нет зубов.	3	5308538
Kosti formiraju skelet.	Кости образуют скелет.	3	3477618
Kreda je bela.	Мел белый.	3	5294836
Kupio je tepih.	Он купил ковёр.	3	13466280
Latinski nije težak.	Латынь не трудная.	3	3384080
Lav jede meso.	Лев ест мясо.	3	3284678
Lepota nije važna.	Красота не важна.	3	3357521
Limun je kiseo.	Лимон кислый.	3	3247826
Lingvistika je korisna.	Лингвистика полезна.	3	3484162
Ljubav pobeđuje sve.	Любовь побеждает всё.	3	5848752
Ljudi nemaju vremena.	У людей нет времени.	3	799194
Loš sam glumac.	Я плохой актёр.	3	3340748
Marija mrzi paukove.	Мария терпеть не может пауков.	3	3429971
Marija se ugojila.	Мария растолстела.	3	3368246
Mačka lovi miševe.	Кошка ловит мышей.	3	3478324
Mačke su pametne.	Кошки умные.	3	3424985
Mi mrzimo paukove.	Мы терпеть не можем пауков.	3	3429970
Mi neznamo ništa.	Мы не знаем ничего.	3	3267506
Mi smo prijatelji.	Мы друзья.	3	3648727
Mi smo studenti.	Мы студенты.	3	3296420
Mi smo susedi.	Мы соседи.	3	3306706
Mi znamo Mariju.	Мы знаем Марию.	3	3535361
Mislim da grešiš.	Думаю, что ты ошибаешься.	3	3425575
Mleko je prokislo.	Молоко прокисло.	3	4894718
Mleko lako prokisne.	Молоко легко прокисает.	3	4894715
Mogu li ući?	Я могу войти?	3	6593981
Mogu li ući?	Можно войти?	3	6593981
Molim te, dođi.	Пожалуйста, приходи.	3	5003677
Molim te, požuri.	Пожалуйста, поторопись.	3	5003512
Molim vas, napišite.	Пожалуйста, напишите.	3	5848027
Moram nešto popiti.	Мне нужно чего-нибудь выпить.	3	6936617
Moraš da ideš.	Ты должен идти.	3	3318100
Moraš da ideš.	Ты должна идти.	3	3318100
Moraš joj pomoći.	Ты должен ей помочь.	3	3291899
Moraš joj pomoći.	Ты должна ей помочь.	3	3291899
Moraš mi verovati.	Ты должна мне верить.	3	3283215
Moraš mi verovati.	Ты должен мне верить.	3	3283215
Možete li govoriti?	Вы можете говорить?	3	5819413
Možeš da ideš.	Можешь идти.	3	3359658
Na plaži sam.	Я на пляже.	3	4992682
Nada nije strategija.	Надежда - не стратегия.	3	3245392
Najviše volim jesen.	Я больше всего люблю осень.	3	3391470
Napisaću Vam pismo.	Я напишу Вам письмо.	3	5980303
Napisaću ti pismo.	Я напишу тебе письмо.	3	5980304
Napunio sam čašu.	Я наполнил стакан.	3	3650886
Napunio sam čašu.	Я наполнил бокал.	3	3650886
Naš voz kasni.	Наш поезд опаздывает.	3	3438819
Ne budi glup.	Не будь глупым.	3	3307039
Ne derite se.	Не кричите.	3	4996824
Ne govorim japanski.	Я не говорю по-японски.	3	3242662
Ne govorim turski.	Я не говорю по-турецки.	3	4249198
Ne izgledaš loše.	Ты выглядишь неплохо.	3	4256587
Ne krivim te.	Я тебя не виню.	3	3426477
Ne lažem te.	Я тебе не вру.	3	4972151
Ne lažem te.	Я тебе не лгу.	3	4972151
Ne ljuti se!	Не сердись!	3	828613
Ne optužujem te.	Я тебя не обвиняю.	3	3426478
Ne otvaraj prozor.	Не открывай окно.	3	2499659
Ne otvarajte ga.	Не открывайте его.	3	5024388
Ne pij vodu!	Не пей воду!	3	3278464
Ne razumem Nemački.	Я не понимаю по-немецки.	3	3244035
Ne razumem vas.	Я не понимаю вас.	3	3478051
Ne tako brzo!	Не так быстро!	3	3334747
Ne verujem ženama.	Я не верю женщинам.	3	5396814
Ne vidim ništa.	Я ничего не вижу.	3	3300894
Ne volim kafu.	Я не люблю кофе.	3	3425928
Ne volim kolače.	Я не люблю пирожные.	3	3284425
Ne zatvaraj oči.	Не закрывай глаза.	3	906395
Ne znam istinu.	Я не знаю правду.	3	3432858
Ne želimo tog.	Мы этого не хотим.	3	4253992
Nebo je plavo.	Небо голубое.	3	3245670
Nebo je plavo.	Небо синее.	3	3245670
Neizmerno ti hvala.	Огромное тебе спасибо.	3	3425064
Neko svira klavir.	Кто-то играет на пианино.	3	3394945
Nemam bliskih prijatelja.	У меня нет близких друзей.	3	3439273
Nemam dovoljno memorije.	Мне не хватает памяти.	3	3394640
Nemam mnogo prijatelja.	У меня немного друзей.	3	3439275
Nemam puno prijatelja.	У меня немного друзей.	3	4238274
Nemam sada novaca.	У меня сейчас нет денег.	3	3387251
Nemam tvoje čizme.	У меня нет твоих сапог.	3	3357648
Nemamo drugog izbora.	У нас нет другого выбора.	3	4971979
Nemaš sve činjenice.	У вас нет всех фактов.	3	3531363
Nemaš sve činjenice.	У тебя нет всех фактов.	3	3531363
Nemaš sve činjenice.	Ты не располагаешь всеми фактами.	3	3531363
Nemoj da buljiš.	Не пялься.	3	4996860
Nemoj da gledaš.	Не смотри.	3	4995905
Nemoj da govoriš.	Не говори.	3	4996841
Nemoj da lažeš.	Не ври.	3	4995909
Nemoj da lažeš.	Не лги.	3	4995909
Nemoj da odgovaraš.	Не отвечай.	3	4995891
Nemoj da odgovoriš.	Не отвечай.	3	4995892
Nemoj da pevaš.	Не пой.	3	4996827
Nemoj da preteraš.	Не преувеличивай.	3	4995927
Nemoj da preteruješ.	Не преувеличивай.	3	4995926
Nemoj da preuveličavaš.	Не преувеличивай.	3	4995933
Nemoj da pričaš!	Не разговаривай!	3	3254291
Nemoj da pričaš.	Не разговаривай.	3	4996846
Nemoj da razgovaraš.	Не разговаривай.	3	4996893
Nemoj da skačeš!	Не прыгай!	3	4995913
Nemoj da skačeš!	Не скачи!	3	4995913
Nemoj da vičeš.	Не кричи.	3	4996819
Nemoj da žuriš.	Не спеши.	3	4996815
Nemoj da žuriš.	Не торопись.	3	4996815
Nemoj zvati policiju.	Не вызывай полицию.	3	3301053
Nemojte da gledate.	Не смотрите.	3	4995907
Nemojte da govorite.	Не говорите.	3	4996843
Nemojte da lažete.	Не врите.	3	4995911
Nemojte da lažete.	Не лгите.	3	4995911
Nemojte da odgovarate.	Не отвечайте.	3	4995894
Nemojte da odgovorite.	Не отвечайте.	3	4995893
Nemojte da pevate.	Не пойте.	3	4996829
Nemojte da preterate.	Не преувеличивайте.	3	4995929
Nemojte da preterujete.	Не преувеличивайте.	3	4995930
Nemojte da preuveličavate.	Не преувеличивайте.	3	4995935
Nemojte da pričate.	Не разговаривайте.	3	4996847
Nemojte da razgovarate.	Не разговаривайте.	3	4996894
Nemojte da vičete.	Не кричите.	3	4996820
Nemojte da žurite.	Не спешите.	3	4996816
Nemojte da žurite.	Не торопитесь.	3	4996816
Nestaje nam benzina.	У нас кончился бензин.	3	3262895
Neverovatno, ali istinito.	Невероятно, но правда.	3	6159428
Nešto je iskrslo.	Что-то появилось.	3	6893043
Nešto se dogodilo.	Что-то случилось.	3	3244899
Nešto smo zaboravili.	Мы что-то забыли.	3	3395297
Nije bilo odgovora.	Ответа не было.	3	3395358
Nije dobro lagati.	Лгать нехорошо.	3	3418885
Nije dobro lagati.	Врать нехорошо.	3	3418885
Nije teško raditi.	Работать не тяжело.	3	3305531
Niko ne zna.	Никто не знает.	3	3282784
Niko nije gledao.	Никто не смотрел.	3	6537000
Nisam imao izbor.	У меня не было выбора.	3	940178
Nisam imao pojma.	Я понятия не имел.	3	5848079
Nisam još spreman.	Я ещё не готов.	3	6895798
Nisam još spremna.	Я ещё не готова.	3	6895796
Nisam ljubitelj postmodernizma.	Я не любитель постмодернизма.	3	3437377
Nisam loš student.	Я не плохой студент.	3	4972173
Nisam nimalo iznenađena.	Я нисколько не удивлена.	3	4986745
Nisam noćna ptica.	Я не сова.	3	4972224
Nisam razumeo pitanje.	Я не понял вопрос.	3	3304927
Nisam razumeo pitanje.	Я не понял вопроса.	3	3304927
Nismo ništa pitali.	Мы ничего не спрашивали.	3	3410249
Ništa nije besplatno.	Ничто не бесплатно.	3	3256178
Ništa nisam izabrao.	Я ничего не выбрал.	3	4254032
Njam! Pohovan sir.	Вкуснятина! Жареный сыр.	3	7129497
Njoj nije hladno.	Ей не холодно.	3	3535347
Novac nije sve.	Деньги - не всё.	3	3535703
Nož nije oštar.	Нож не острый.	3	4975957
O kome govorite?	О ком вы говорите?	3	3391317
O čemu govoriš?	О чём ты говоришь?	3	3371567
Oblak je siv.	Облако серое.	3	3328701
Oborio si drvo.	Ты срубил дерево.	3	3402128
Odakle znaš to?	Откуда ты это знаешь?	3	4243492
Odgovori mi odmah.	Ответь мне сейчас.	3	4324598
Odgovori na pitanje!	Ответь на вопрос!	3	895165
Odgovori na pitanje!	Отвечай на вопрос!	3	895165
Odmori se, Tome.	Отдохни, Том.	3	4247106
On dobro radi.	Он хорошо работает.	3	1185029
On govori engleski.	Он говорит по-английски.	3	3366867
On grize nokte.	Он грызёт ногти.	3	3500266
On ide dalje.	Он идёт дальше.	3	3478712
On ide dalje.	Он едет дальше.	3	3478712
On igra golf.	Он играет в гольф.	3	800439
On je Francuz.	Он француз.	3	483034
On je biolog.	Он биолог.	3	3424951
On je glasan.	Он громкий.	3	5410812
On je heroj.	Он герой.	3	3334506
On je ljubomoran.	Он ревнивый.	3	3299024
On je trčao.	Он бежал.	3	2263836
On je trčao.	Он бегал.	3	2263836
On je uplašen.	Он испуган.	3	3371094
On je uplašen.	Он напуган.	3	3371094
On je učitelj.	Он учитель.	3	3392019
On je šampion.	Он является чемпионом.	3	4261998
On lepo piše.	Он красиво пишет.	3	3412943
On marljivo uči.	Он прилежно учится.	3	4245952
On me izbegava.	Он меня избегает.	3	4993479
On ne puši.	Он не курит.	3	3265324
On nije doktor.	Он не доктор.	3	665383
On nije društven.	Он необщителен.	3	665151
On nije društven.	Он необщительный.	3	665151
On nije gladan.	Он не голоден.	3	3350411
On nije mašina.	Он не машина.	3	3476228
On nije opasan.	Он не опасен.	3	3464214
On nosi brkove.	Он носит усы.	3	925357
On nosi naočare.	Он носит очки.	3	4243489
On nosi šešir.	У него на голове шляпа.	3	3369416
On obožava fudbal.	Он обожает футбол.	3	4992724
On poznaje gradonačelnika.	Он знаком с градоначальником.	3	3264392
On poznaje gradonačelnika.	Он знаком с мэром.	3	3264392
On priča glasno.	Он разговаривает громко.	3	3369410
On priča glasno.	Он громко разговаривает.	3	3369410
On prodaje cipele.	Он продаёт обувь.	3	3395226
On prodaje piće.	Он продает напитки.	3	3478691
On radi sporo.	Он работает медленно.	3	3278467
On radi sporo.	Он медленно работает.	3	3278467
On se ošišao.	Он постригся.	3	3369721
On se uplašio.	Он испугался.	3	3472815
On traži posao.	Он ищет работу.	3	3288638
On voli kafu.	Он любит кофе.	3	2149661
On voli pomorandže.	Он любит апельсины.	3	3287633
On voli životinje.	Он любит животных.	3	3357094
On će razumeti.	Он поймёт.	3	5955191
Ona ga voli.	Она его любит.	3	3314321
Ona govori poljski.	Она говорит по-польски.	3	3318253
Ona je bogata.	Она богата.	3	11955383
Ona je plavuša.	Она блондинка.	3	665293
Ona je trudna.	Она беременна.	3	3454069
Ona nema braće.	У нее нет братьев.	3	3243691
Ona nema braće.	У неё нет братьев.	3	3243691
Ona nema neprijatelje.	У нее нет врагов.	3	3265615
Ona nije pevačica.	Она не певица.	3	3245572
Ona nosi naočare.	Она носит очки.	3	4243490
Ona radi sama.	Она работает одна.	3	3342337
Ona se ugojila.	Она разжирела.	3	3368175
Ona se ugojila.	Она растолстела.	3	3368175
Ona voli slatkiše.	Она любит сладкое.	3	3438002
Ona voli slatkiše.	Она любит сладости.	3	3438002
Ona voli životinje.	Она любит животных.	3	3357089
One nisu moje.	Они не мои.	3	5002923
Oni gledaju film.	Они смотрят фильм.	3	3438833
Oni imaju računar?	У них есть компьютер?	3	3439358
Oni mrze paukove.	Они терпеть не могут пауков.	3	3429972
Oni nisu moji.	Они не мои.	3	5002921
Oni su deca.	Они дети.	3	3535459
Oni su plivali.	Они плавали.	3	3439314
Oni su učitelji.	Они учителя.	3	3300918
Oni će znati.	Они узнают.	3	4993315
Oni žive tamo.	Они живут там.	3	3434989
Oporavila sam se.	Я поправилась.	3	4992630
Osećam se glupo.	Я чувствую себя глупо.	3	3469778
Ostaću do prekosutra.	Я останусь до послезавтра.	3	3424543
Ostaću do sutra.	Я останусь до завтра.	3	879237
Ovde je hladno.	Здесь холодно.	3	3410447
Ovde su knjige.	Здесь книги.	3	5405467
Ovde svi skijaju.	Здесь все ходят на лыжах.	3	3306849
Ovo je Kopakabana!	Это Копакабана!	3	3283152
Ovo je anahronizam.	Это анахронизм.	3	3245157
Ovo je život.	Это жизнь.	3	5819528
Ovo nije kraj.	Это не конец.	3	4246098
Ovo nije važno.	Это не важно.	3	3292863
Ovo su pravila.	Это правила.	3	3429755
Pametan si ti.	Ты умный.	3	4784496
Pametna si ti.	Ты умная.	3	4784497
Papir trpi sve.	Бумага терпит всё.	3	5687892
Pas je mrtav.	Пёс мёртв.	3	3395183
Pas je mrtav.	Собака мёртвая.	3	3395183
Pas je mrtav.	Собака дохлая.	3	3395183
Pas sada laje.	Собака сейчас лает.	3	4237996
Plašim se pasa.	Я боюсь собаки.	3	3298729
Plašim se pasa.	Я боюсь собаку.	3	3298729
Plašim se visine.	Я боюсь высоты.	3	3430701
Plašim se zmija.	Я боюсь змей.	3	4972157
Plivam u okeanu.	Я плаваю в океане.	3	2708800
Pogrešila sam jutros.	Я сегодня утром ошиблась.	3	4258283
Pogrešio sam jutros.	Я сегодня утром ошибся.	3	4258277
Pogrešno sam razumeo.	Я неправильно понял.	3	4999431
Položio sam ispit!	Я сдал экзамен!	3	4238444
Popij malo vode.	Попей немного воды.	3	5397805
Posetićemo te nekad.	Мы тебя как-нибудь навестим.	3	4250237
Posetiću te sutra.	Я тебя завтра навещу.	3	3277803
Posle nas, potop.	После нас - хоть потоп.	3	5785604
Postalo je mračno.	Стало темно.	3	4993472
Poznajem tvog oca.	Я знаю твоего отца.	3	3318087
Poznajem tvog oca.	Я знаком с твоим отцом.	3	3318087
Poznajem tvog oca.	Я знакома с твоим отцом.	3	3318087
Počni da brojiš.	Начинай считать.	3	5841855
Počni s brojanjem.	Начинай считать.	3	5841858
Počni sa brojanjem.	Начинай считать.	3	5841856
Preplivala je reku.	Она переплыла реку.	3	3392271
Prestani da vrištiš.	Прекрати орать.	3	3748895
Prilično je hladno.	Достаточно холодно.	3	3285955
Prodao sam TV.	Я продал телевизор.	3	3650898
Prodao sam stan.	Я продал квартиру.	3	3650897
Prodaću moj auto.	Я продам свою машину.	3	3424536
Promenio sam posao.	Я сменил работу.	3	3356864
Prozor je otvoren.	Окно открыто.	3	3438993
Pročitao sam knjigu.	Я прочитал книгу.	3	4243494
Prsten je tesan.	Кольцо тесное.	3	3395222
Psi su pametni.	Собаки умные.	3	4250186
Radim u Milanu.	Я работаю в Милане.	3	2502367
Radim u banci.	Я работаю в банке.	3	3291067
Rat nije neizbežan.	Войны можно избежать.	3	3434929
Računar je novi.	Компьютер новый.	3	3284118
Reci mi istinu.	Скажи мне правду.	3	897906
Recite mi istinu.	Скажите мне правду.	3	888243
Rizik je prevelik.	Риск слишком велик.	3	4238272
Sa kim razgovaraju?	С кем они разговаривают?	3	5039847
Sa kime dolaziš?	С кем ты придёшь?	3	6593652
Sa kime razgovaraju?	С кем они разговаривают?	3	5039848
Sada je prehlađen.	Он сейчас простывший.	3	3369428
Sada je ručak.	Сейчас обед.	3	3387086
Sada ne učim.	Я сейчас не учусь.	3	3369396
Samo gubite vreme.	Вы только теряете время.	3	5045355
Server ne radi.	Сервер не работает.	3	3402655
Sloboda nema cenu.	У свободы нет цены.	3	13559439
Sloboda nema cenu.	Свобода бесценна.	3	13559439
Slušala je muziku.	Она слушала музыку.	3	3392070
Slušao sam muziku.	Я слушал музыку.	3	4243495
Srećna Nova godina!	С Новым годом!	3	3290645
Stalno govorim to.	Я постоянно это говорю.	3	5029162
Stigao je vikend.	Наступил уикенд.	3	4250242
Studiram u inostranstvu.	Я учусь за границей.	3	3311755
Sumnjate na nekoga?	Вы кого-то подозреваете?	3	5651579
Sunce je zvezda.	Солнце - звезда.	3	3394794
Sunce je zvezda.	Солнце - это звезда.	3	3394794
Sunce topi sneg.	Солнце растапливает снег.	3	1048556
Sutra je Božić.	Завтра Рождество.	3	3287647
Svako je znao.	Все знали.	3	4996915
Sve je besplatno.	Всё бесплатно.	3	4997563
Sve je besplatno.	Все бесплатно.	3	4997563
Sve je ovde.	Всё здесь.	3	4997565
Sve ostavljam tebi.	Я оставляю всё тебе.	3	3313471
Sve ostavljam tebi.	Оставлю всё тебе.	3	3313471
Sve se promenilo.	Всё изменилось.	3	3395314
Svetlost je život.	Свет — это жизнь.	3	12696537
Svi imamo cenu.	Мы все имеем свою цену.	3	4324330
Svi je vole.	Все её любят.	3	1387053
Svi još spavaju.	Все ещё спят.	3	3395313
Svi kažu tako.	Все так говорят.	3	4250673
Svi kažu to.	Все это говорят.	3	4250672
Svi mi lažemo.	Мы все врём.	3	3359300
Svi mi lažemo.	Все мы лжём.	3	3359300
Svi moramo umreti.	Мы все должны умереть.	3	4324347
Svi se smeju.	Все смеются.	3	4996918
Svi su aplaudirali.	Все аплодировали.	3	4996901
Svi su bolesni.	Все больны.	3	4997549
Svi su gledali.	Все смотрели.	3	4997539
Svi su mrtvi.	Все мертвы.	3	4997543
Svi su napolju.	Все на улице.	3	4997547
Svi su ostali.	Все остались.	3	4996930
Svi su ovde.	Все здесь.	3	4997545
Svi su spremni.	Все готовы.	3	3287650
Svi su tamo.	Все там.	3	4997551
Svi su zaspali.	Все заснули.	3	4790617
Svi su znali.	Все знали.	3	4996914
Svi su čekali.	Все ждали.	3	4996931
Svi znaju zakon.	Все знают закон.	3	3243826
Svi ćemo umreti.	Мы все умрём.	3	4992639
Sviđaš mi se.	Ты мне нравишься.	3	7030677
Takav je on.	Он такой.	3	3313590
Tako si mršav.	Ты такой худой.	3	3246453
Takva su pravila.	Таковы правила.	3	3430791
Tamo je izlaz.	Там выход.	3	4262033
Telefon nije zvonio.	Телефон не звонил.	3	3311355
Tečno govori Francuski.	Он свободно говорит по-французски.	3	3254999
Tečno govori Francuski.	Она свободно говорит по-французски.	3	3254999
Ti govoriš engleski.	Ты говоришь по-английски.	3	3425427
Ti ili ja?	Ты или я?	3	3438784
Ti imaš problem.	У тебя проблема.	3	3645019
Ti me razumeš.	Ты меня понимаешь.	3	3440669
Ti ne znaš.	Ты не знаешь.	3	3357177
Ti nemaš trideset.	Тебе нет тридцати.	3	3392048
Ti otvaraš vrata.	Ты открываешь дверь.	3	3353050
Ti se šališ!	Ты шутишь!	3	3359679
Ti si izvanredan.	Ты исключительный.	3	3357404
Ti si neprijatelj.	Ты враг.	3	3300724
Ti si nezamenjiv.	Ты незаменимый.	3	3357455
Ti si nezamenjiv.	Ты незаменим.	3	3357455
Ti si ubica.	Ты убийца.	3	3307058
To je Saturn.	Это Сатурн.	3	4993329
To je besmisleno.	Это бессмысленно.	3	3410384
To je cirkus!	Это цирк!	3	3268125
To je nevažno.	Это неважно.	3	3242665
To je nevažno.	Неважно.	3	3242665
To je riba.	Это рыба.	3	4243590
To je tačno.	Это точно.	3	3425034
To mi odgovara.	Меня это устраивает.	3	5848759
To mi odgovara.	Мне это подходит.	3	5848759
To nije važno.	Это неважно.	3	4993324
Tom brzo misli.	Том быстро соображает.	3	4253937
Tom ide kući.	Том идёт домой.	3	3301080
Tom je barbar.	Том варвар.	3	8472377
Tom je gluv.	Том глухой.	3	12818574
Tom je naivan.	Том наивный.	3	3350423
Tom je naivan.	Том наивен.	3	3350423
Tom je nezadovoljan.	Том недоволен.	3	3297893
Tom je površan.	Том поверхностный.	3	6332630
Tom je prolupao.	Том свихнулся.	3	3368358
Tom je siromašan.	Том бедный.	3	3391253
Tom je skočio.	Том подпрыгнул.	3	4967374
Tom je skočio.	Том прыгнул.	3	4967374
Tom mnogo pije.	Том много пьёт.	3	3505269
Tom mnogo čita.	Том много читает.	3	6966984
Tom mrzi Mariju.	Том ненавидит Марию.	3	3392008
Tom mrzi Meri.	Том ненавидит Мэри.	3	4644932
Tom mrzi strance.	Том ненавидит иностранцев.	3	5024822
Tom nema posao.	У Тома нет работы.	3	4247149
Tom nije lep.	Том некрасивый.	3	4247065
Tom nije loš.	Том не плох.	3	4247130
Tom nije loš.	Том не плохой.	3	4247130
Tom nije ovde.	Том не здесь.	3	3314362
Tom nije ovde.	Тома здесь нет.	3	3314362
Tom nije žurio.	Том не спешил.	3	4972319
Tom nije žurio.	Том не торопился.	3	4972319
Tom pije pivo.	Том пьёт пиво.	3	6895703
Tom poznaje Meri.	Том знаком с Мэри.	3	4644930
Tom razume francuski.	Том понимает по-французски.	3	4782036
Tom razume francuski.	Том понимает французский.	3	4782036
Tom se razbesneo.	Том взбесился.	3	3365599
Tom voli Meri.	Том любит Мэри.	3	4644929
Tom voli cveće.	Том любит цветы.	3	4247098
Tom voli sportove.	Том любит разные виды спорта.	3	4781917
Tom će govoriti.	Том будет говорить.	3	4993232
Tom će znati.	Том узнает.	3	4993244
Tom čeka brod.	Том ждёт корабль.	3	5397811
Tomu treba istina.	Тому нужна правда.	3	4250992
Tomu treba pomoć.	Тому нужна помощь.	3	4975976
Tomu treba san.	Тому нужен сон.	3	4250993
Tražim moj sat.	Я ищу свои часы.	3	3334771
Tražiš li nekoga?	Ты кого-то ищешь?	3	3248349
Treba da počnemo.	Нам надо начинать.	3	4251423
Treba mi papir.	Мне нужна бумага.	3	3440851
Treba mi pivo.	Мне нужно пиво.	3	4449762
Treba mi taksi.	Мне нужно такси.	3	3368553
Treba mi čekić.	Мне нужен молоток.	3	3437265
Treba nam novac.	Нам нужны деньги.	3	3306716
Treba nam papir.	Нам нужна бумага.	3	4983285
Treba ti hobi.	Тебе нужно хобби.	3	6593654
Treba ti novac.	Тебе нужны деньги.	3	5594067
Treba ti ovo.	Тебе это нужно.	3	3531366
Tri sladoleda, molim.	Три мороженых, пожалуйста.	3	3251028
Trčaćemo u parku.	Мы будем бегать в парке.	3	4253910
U Rimu sam.	Я в Риме.	3	6169162
Udobno mi je.	Мне удобно.	3	4999317
Uradi to sada!	Сделай это сейчас!	3	3304430
Usamljenost je strašna.	Одиночество ужасно.	3	3374224
Usput, gde živiš?	Кстати, где ты живешь?	3	3311332
Uvek govori istinu.	Всегда говори правду.	3	3334401
Uvek idem autobusom.	Я всегда езжу на автобусе.	3	4324416
Uvek imamo izbor.	У нас всегда есть выбор.	3	4256597
Učim nekoliko jezika.	Я изучаю несколько языков.	3	4248097
Učitelj čita knjigu.	Учитель читает книгу.	3	3440640
Veoma si lep.	Ты очень красивый.	3	4967424
Veoma si lepa.	Ты очень красивая.	3	4967423
Veoma ste lepi.	Вы очень красивые.	3	4967425
Veruj u ljubav!	Верь в любовь!	3	3486051
Veruj u sebe!	Верь в себя!	3	5626447
Veruj, ali proveri!	Доверяй, но проверяй!	3	6546932
Već imam konvertu.	У меня уже есть конверт.	3	3245696
Već sam odabrao.	Я уже выбрал.	3	6303073
Večera je spremna!	Ужин готов!	3	4995944
Vi ste ludi.	Вы сумасшедшие.	3	3650821
Videla sam autobus.	Я видела автобус.	3	5841815
Videla sam mačku.	Я видела кошку.	3	5841810
Videla sam miša.	Я видела мышь.	3	5841829
Video sam autobus.	Я видел автобус.	3	5841814
Video sam mačku.	Я видел кошку.	3	5841809
Video sam miša.	Я видел мышь.	3	5841826
Video sam zmiju.	Я видел змею.	3	5841818
Vidimo se kasnije!	До скорого!	3	3384160
Vidimo se kasnije!	Увидимся.	3	3384160
Vidimo se kasnije!	Увидимся позже.	3	3384160
Vidimo se sutra.	Увидимся завтра.	3	886007
Vidiš li to?	Ты это видишь?	3	3246664
Vodiš li dnevnik?	Ты ведёшь дневник?	3	3340835
Voli me sutra!	Люби меня завтра!	3	3334730
Volim Norveški jezik.	Я люблю норвежский язык.	3	3340822
Volim Oksitanski jezik.	Я люблю окситанский язык.	3	3334453
Volim analni seks.	Я люблю анальный секс.	3	3350457
Volim crnu čokoladu.	Я люблю тёмный шоколад.	3	3424915
Volim kratku kosu.	Я люблю короткие волосы.	3	3291895
Volim norveško leto.	Я люблю норвежское лето.	3	3477911
Volim norvešku prirodu.	Я люблю норвежскую природу.	3	3477958
Volim norvešku zimu.	Я люблю норвежскую зиму.	3	3438003
Volim ovaj restoran.	Я люблю этот ресторан.	3	3440957
Volim ovu pesmu.	Я люблю эту песню.	3	2763043
Volim ovu školu.	Я люблю эту школу.	3	3430868
Volim takve momente.	Я люблю такие моменты.	3	3474263
Volim vas oboje.	Я люблю вас обоих.	3	5848232
Volim šum mora.	Я люблю шум моря.	3	3535436
Voliš li golf?	Ты любишь гольф?	3	3302967
Voliš li kostime?	Ты любишь костюмы?	3	4246853
Vozim te kući.	Я отвезу тебя домой.	3	3429914
Vrlo si hrabar.	Ты очень храбрый.	3	3426505
Zatvoreno zbog renoviranja.	Закрыто из-за ремонтных работ.	3	5411004
Zatvoreno zbog renoviranja.	Закрыто на ремонт.	3	5411004
Zatvori oči, Tome.	Закрой глаза, Том.	3	4449658
Zavisi od situacije.	Зависит от ситуации.	3	3476229
Zašto baš ja?	Почему я?	3	6314414
Zašto mi radimo?	Зачем мы работаем?	3	3484693
Zašto sam ovde?	Почему я здесь?	3	4324468
Zašto sam ovde?	Для чего я здесь?	3	4324468
Zašto tako mislite?	Почему вы так думаете?	3	5990940
Zašto to misliš?	Почему ты так думаешь?	3	5990937
Zašto uvek ja?	Почему всегда я?	3	924317
Zemlja je planeta.	Земля - это планета.	3	3366101
Zemlja je planeta.	Земля - планета.	3	3366101
Zidovi imaju uši.	У стен есть уши.	3	3299042
Zidovi su beli.	Стены белые.	3	3475741
Znam ti lice.	Я знаю твоё лицо.	3	4992857
Znam ti lice.	Мне знакомо твоё лицо.	3	4992857
Znam tvoje ime.	Я знаю твоё имя.	3	3426493
Znam tvoje lice.	Я знаю твоё лицо.	3	4992856
Znam tvoje lice.	Мне знакомо твоё лицо.	3	4992856
Znam šta misliš.	Я знаю, что ты думаешь.	3	3425224
Znate li arapski?	Вы знаете арабский?	3	3440842
Znaš li Engleski?	Ты знаешь английский?	3	3263527
Znaš li Francuski?	Ты знаешь французский?	3	3318259
Znaš li Latinski?	Ты знаешь латинский?	3	3341484
Zvala se Marija.	Её звали Мария.	3	4434774
Čašu vode, molim.	Стакан воды, пожалуйста.	3	3318074
Čeka te pakao.	Гореть тебе в аду.	3	3437600
Čestitam ti rođendan.	Поздравляю тебя с днём рождения.	3	870439
Čije je ovo?	Чьё это?	3	3281750
Čitaš nešto zanimljivo?	Что-то интересное читаешь?	3	5990980
Šetali smo parkom.	Мы гуляли по парку.	3	5043452
Škola nalikuje zatvoru.	Школа похожа на тюрьму.	3	3243986
Škole su zatvorene.	Школы закрыты.	3	3390824
Šta ima novo?	Что нового?	3	2332060
Šta imate tamo?	Что у вас там?	3	4258333
Šta imaš tamo?	Что у тебя там?	3	4258332
Šta je ovo?	Что это?	3	3384176
Šta je problem?	В чем проблема?	3	3650921
Šta je sreća?	Что такое счастье?	3	3440313
Šta je to?	Что это?	3	2057027
Šta je umetnost?	Что такое искусство?	3	4238036
Šta je umetnost?	Что есть искусство?	3	4238036
Šta krijete sada?	Что вы сейчас прячете?	3	4967395
Šta ona pije?	Что она пьёт?	3	4243506
Šta pije Tom?	Что пьёт Том?	3	4245958
Šta pije ona?	Что она пьёт?	3	4243507
Šta proučava sovjetolog?	Что изучает советолог?	3	3434472
Šta sada radiš?	Что ты сейчас делаешь?	3	5778950
Šta se desilo?	Что случилось?	3	5003686
Šta se dogodilo?	Что случилось?	3	5003687
Šta si jeo?	Что ты ел?	3	3434926
Šta si odgovorio?	Что ты ответил?	3	3318211
Šta si radila?	Что ты делала?	3	4258321
Šta si radio?	Что ты делал?	3	4258320
Šta si rekao?	Что ты сказал?	3	3440707
Šta si sakrio?	Что ты спрятал?	3	3347551
Šta ti fali?	Чего тебе не хватает?	3	3418978
Šta ti je?	Кто ты?	3	891936
Šta ti misliš?	Что ты думаешь?	3	3301071
Šta ti smeta?	Что тебе мешает?	3	3418546
Šta to znači?	Что это значит?	3	3362008
Šta znači "onkologija"?	Что означает "онкология"?	3	3650876
Šta žene žele?	Чего хотят женщины?	3	5874247
Žao mi je.	Мне жаль.	3	3382610
Žao mi je.	Извините.	3	3382610
Žao mi je.	Извините меня.	3	3382610
Žao mi je.	Сожалею.	3	3382610
Žena jede hleb.	Женщина ест хлеб.	3	3430710
Živeću u Kambodži.	Я буду жить в Камбодже.	3	2763110
Živim u Indoneziji.	Я живу в Индонезии.	3	4292449
Živim u Moldovi.	Я живу в Молдове.	3	3484216
Živim u stanu.	Я живу в квартире.	3	3402679
Živimo u kući.	Мы живём в доме.	3	3333561
Život je kratak.	Жизнь коротка.	3	4649511
Život se nastavlja!	Жизнь продолжается!	3	5894339
"Koliko imaš godina?" "Šesnaest."	"Сколько тебе лет?" - "Шестнадцать".	4	4995349
A ko si ti?	А ты кто?	4	4243554
A ti, šta radiš?	А ты, что делаешь?	4	5919193
Ali ja želim automobil.	Но я хочу автомобиль.	4	3313570
Alkohol ne rešava probleme.	Алкоголь не решает проблемы.	4	3425432
Ana veoma voli muziku.	Анна очень любит музыку.	4	3356490
Avion ide tako brzo!	Самолёт движется так быстро!	4	3355823
Banka ne radi nedeljom.	Банк не работает в воскресенье.	4	3366622
Barak Obama je hrišćanin.	Барак Обама - христианин.	4	3429874
Beli suncobran je tvoj.	Белый зонтик от солнца - твой.	4	3484266
Bez upornosti nema uspeha.	Без упорства не бывает успеха.	4	5588831
Bila je luda godina.	Это был сумасшедший год.	4	5028935
Bila je odlična godina.	Это был отличный год.	4	5028936
Bila je velika eksplozija.	Был большой взрыв.	4	4971893
Bili smo dobri prijatelji.	Мы были хорошими друзьями.	4	3373365
Bilo je oko deset.	Было около десяти.	4	3359302
Bilo je vrlo vetrovito.	Было очень ветрено.	4	3650968
Bio je dobar dan.	Хороший был день.	4	4238281
Bio je dobar dan.	Это был хороший день.	4	4238281
Bio je veliki uspeh.	Это был большой успех.	4	6567930
Bio sam u Rimu.	Я был в Риме.	4	3318254
Bio sam u banci.	Я был в банке.	4	3366632
Bio sam u bioskopu.	Я был в кино.	4	3306669
Bob je moj prijatelj.	Боб — мой друг.	4	3334517
Boston je prelep grad.	Бостон — прекрасный город.	4	3410296
Braon šešir je star.	Коричневая шляпа старая.	4	3440806
Britanci su pobedili Francuze.	Британцы победили французов.	4	3356184
Brod je promenio kurs.	Корабль изменил курс.	4	3282406
Budućnost zavisi od nas.	Будущее зависит от нас.	4	5396810
Cirkus je u gradu.	Цирк в городе.	4	3268141
Da li govorite engleski?	Вы говорите по-английски?	4	3382590
Da li govorite italijanski?	Вы говорите по-итальянски?	4	2057033
Da li govoriš kineski?	Ты говоришь по-китайски?	4	6169165
Da li idemo kući?	Мы идём домой?	4	4333665
Da li igrate fudbal?	Вы играете в футбол?	4	4273336
Da li imam nož?	У меня есть нож?	4	6567914
Da li imate pitanja?	У вас есть вопросы?	4	3284644
Da li imate psa?	У вас есть собака?	4	4784590
Da li imaš blog?	У тебя есть блог?	4	2499655
Da li imaš jedan?	У тебя есть один?	4	3426497
Da li imaš jedno?	У тебя есть одно?	4	3426499
Da li imaš jednu?	У тебя есть одна?	4	3426498
Da li imaš nekog?	У тебя кто-то есть?	4	3357515
Da li imaš olovku?	У тебя есть карандаш?	4	3295021
Da li imaš plan?	У тебя есть план?	4	3284640
Da li imaš psa?	У тебя есть собака?	4	4784589
Da li imaš rečnik?	У тебя есть словарь?	4	3425433
Da li imaš rešenje?	У тебя есть решение?	4	800081
Da li je tamo?	Это там?	4	3402173
Da li je tamo?	Она там?	4	3402173
Da li je tamo?	Он там?	4	3402173
Da li je tamo?	Оно там?	4	3402173
Da li me voli?	Он меня любит?	4	6147463
Da li me voli?	Она меня любит?	4	6147463
Da li me voliš?	Ты меня любишь?	4	3470325
Da li si dobro?	Ты в порядке?	4	3478062
Da li si gladan?	Ты голоден?	4	3384112
Da li si gledao?	Ты смотрел?	4	4258409
Da li si ručala?	Ты обедала?	4	4261846
Da li si ručao?	Ты обедал?	4	4261845
Da li si spavala?	Ты спала?	4	4258414
Da li si spavao?	Ты спал?	4	4258413
Da li si spreman?	Ты готов?	4	3417982
Da li si umoran?	Ты устал?	4	3384127
Da li si zauzet?	Ты занят?	4	941202
Da li ste spremni?	Вы готовы?	4	3318091
Da li voliš kostime?	Ты любишь костюмы?	4	4246854
Da li voliš muziku?	Ты любишь музыку?	4	3287631
Da li zahtevam previše?	Я слишком многого требую?	4	4324510
Da li zahtevam previše?	Я слишком много требую?	4	4324510
Da li znaš Kineski?	Ты знаешь китайский?	4	3311760
Da li živiš ovde?	Ты живёшь здесь?	4	3318107
Daj mi moje naočare.	Дай мне мои очки.	4	3304309
Daj mi tu knjigu.	Дай мне ту книгу.	4	3412949
Daj mi tu knjigu.	Подай мне ту книгу.	4	3412949
Danas je jak vetar.	Сегодня сильный ветер.	4	3314417
Danas je strašno hladno.	Сегодня ужасно холодно.	4	3314317
Danas je tako vruće!	Сегодня так жарко!	4	3248244
Danas je veoma vruće.	Сегодня очень жарко.	4	3371626
Danas nisam kročio napolje.	Я сегодня не выходил на улицу.	4	4782975
Daću ti jednu knjigu.	Я дам тебе одну книгу.	4	3307026
Decembar ima 31 dan.	В декабре 31 день.	4	3305848
Devojka je medicinska sestra.	Девушка - медицинская сестра.	4	3245175
Dobio je prvu nagradu.	Он получил первую награду.	4	3340721
Dobro jutro. Kako si?	Доброе утро. Как ты?	4	5991026
Dobro, kao i uvek.	Хорошо, как и всегда.	4	5806618
Dobrodošao u San Francisko.	Добро пожаловать в Сан-Франциско.	4	3402130
Dođi i pomozi mi.	Иди и помоги мне.	4	6968725
Dođi i pomozi mi.	Приходи и помоги мне.	4	6968725
Došli smo po tebe.	Мы пришли за тобой.	4	4253864
Došli smo po vas.	Мы пришли за вами.	4	4253865
Dugujem ti deset dolara.	Я должен тебе десять долларов.	4	3425059
Džon živi u Njujorku.	Джон живет в Нью-Йорке.	4	3288346
Emili je napisala rečenicu.	Эмили написала предложение.	4	3340833
Eto šta se dešava.	Вот что происходит.	4	4259757
Evo šta ja mislim.	Вот что я думаю.	4	5002291
Filipini su u Aziji.	Филиппины в Азии.	4	3478830
Gde ide ovaj voz?	Куда идёт этот поезд?	4	3248254
Gde je moj sat?	Где мои часы?	4	3425863
Gde je moja knjiga?	Где моя книга?	4	3391152
Gde je moja lopta?	Где мой мяч?	4	4339804
Gde je moja soba?	Где моя комната?	4	5919200
Gde je najbliža banka?	Где ближайший банк?	4	3263603
Gde je tvoj otac?	Где твой отец?	4	3384150
Gde je tvoj prijatelj?	Где твой друг?	4	3380092
Gde je tvoj računar?	Где твой компьютер?	4	3357160
Gde je tvoja škola?	Где твоя школа?	4	3306998
Gde mi je kofer?	Где мой чемодан?	4	4243524
Gde mi je lopta?	Где мой мяч?	4	4339803
Gde mi je četka?	Где моя щётка?	4	3360356
Gde sam ga stavila?	Куда я его поставила?	4	4449846
Gde sam ga stavila?	Куда я его положила?	4	4449846
Gde sam ga stavio?	Куда я его положил?	4	4449844
Gde sam ga stavio?	Куда я его поставил?	4	4449844
Gde sam je stavila?	Куда я её положила?	4	4449847
Gde sam je stavila?	Куда я её поставила?	4	4449847
Gde sam je stavio?	Куда я её положил?	4	4449845
Gde sam je stavio?	Куда я её поставил?	4	4449845
Gde se sada nalazimo?	Где мы сейчас находимся?	4	5843311
Gde se sada nalaziš?	Где ты сейчас находишься?	4	5843306
Gde si ih video?	Где ты их видел?	4	3438991
Gde si je video?	Где ты её видел?	4	888471
Gde si je video?	Где ты его видел?	4	888471
Gde si kupila cipele?	Где ты купила туфли?	4	899012
Gde si kupio cipele?	Где ты купил туфли?	4	899013
Gde si naučio engleski?	Где ты выучил английский?	4	5945091
Gde si našao ključeve?	Где ты нашёл ключи?	4	4246030
Gde si našla ključeve?	Где ты нашла ключи?	4	4246032
Gde si pronašao ključeve?	Где ты нашёл ключи?	4	4246031
Gde si se sakrio?	Где ты спрятался?	4	6311723
Gde si videla Toma?	Где ты видела Тома?	4	4246055
Gde si video Toma?	Где ты видел Тома?	4	4246054
Gde su naši kišobrani?	Где наши зонты?	4	3430713
Gde su tvoje stvari?	Где твои вещи?	4	3292434
Gde ti je prijatelj?	Где твои друзья?	4	3360357
Gde ćeš da studiraš?	Где ты будешь учиться?	4	2993057
Gde želiš da sediš?	Где ты хочешь сидеть?	4	3331315
Gde živi tvoj deda?	Где живёт твой дед?	4	3425516
Gde živi tvoj deda?	Где живёт твой дедушка?	4	3425516
Gde živi tvoj ujak?	Где живет твой дядя?	4	3425158
Gladan sam kao vuk.	Я голоден как волк.	4	3282895
Gledam televiziju ceo dan.	Я весь день смотрю телевизор.	4	888639
Gledam televiziju ceo dan.	Я целый день смотрю телевизор.	4	888639
Gledam, ali ne vidim.	Я смотрю, но не вижу.	4	6550990
Gledao sam jutros TV.	Сегодня утром я смотрел телевизор.	4	3364068
Gorela je od ljubomore.	Она сгорала от ревности.	4	3392077
Grešim li ja ikad?	Я когда-нибудь ошибаюсь?	4	4324453
Grešim li ja ikada?	Я когда-нибудь ошибаюсь?	4	4324458
Hajde da budemo prijatelji.	Давай будем друзьями.	4	3599415
Hajde da popijemo nešto.	Пойдём чего-нибудь выпьем.	4	4246002
Hajde da probamo nešto.	Давайте что-нибудь попробуем.	4	3292799
Hajde da promenimo temu.	Давайте изменим тему.	4	6583434
Hajde da ručamo ovde.	Давай здесь пообедаем.	4	4253530
Hijena je divlja životinja.	Гиена - дикое животное.	4	12682148
Hjustone, imali smo problem.	Хьюстон, у нас была проблема.	4	6059324
Holandija je mala zemlja.	Голландия — маленькая страна.	4	3250716
Hoćeš li malo kajgane?	Хочешь немножко яичницы?	4	3439089
Hoćeš li sa nama?	Хочешь с нами?	4	3418721
Hoću da imam MP3-plejer!	Я хочу MP3-плейер!	4	3371536
Hvala ti mnogo, Tome.	Большое тебе спасибо, Том.	4	5029110
I da, i ne.	И да и нет.	4	5944927
I ja sam učitelj.	И я учитель.	4	3439331
I ja tako mislim.	И я так думаю.	4	6580728
Idemo tamo svi zajedno.	Мы идём туда все вместе.	4	3470165
Idemo u tržni centar.	Мы идём в торговый центр.	4	3395350
Idi pričaj s Tomom.	Иди поговори с Томом.	4	4324595
Ili Cezar ili ništa.	Или Цезарь, или ничего.	4	5809523
Ili Cezar ili ništa.	Или Цезарь, или ничто.	4	5809523
Ima li Tom ključ?	У Тома есть ключ?	4	4251066
Ima li kraja ovome?	Есть ли конец этому?	4	13395088
Ima mnogo neiskrenih ljudi.	Есть много неискренних людей.	4	3484082
Imam alergiju na mleko.	У меня аллергия на молоко.	4	3484163
Imam još dva pitanja.	У меня ещё два вопроса.	4	3366327
Imam još dva pitanja.	У меня есть ещё два вопроса.	4	3366327
Imam kamen u cipeli.	У меня камень в туфле.	4	4239860
Imam mačku i psa.	У меня есть кошка и собака.	4	3307023
Imam mnogo da radim.	Мне много чего нужно сделать.	4	3438758
Imam mnogo da radim.	У меня много работы.	4	3438758
Imam nekoliko uticajnih prijatelja.	У меня есть несколько влиятельных друзей.	4	3439261
Imam nešto za tebe.	У меня для тебя кое-что есть.	4	3371261
Imam nešto za tebe.	У меня есть кое-что для тебя.	4	3371261
Imam novu e-mail adresu.	У меня новый электронный адрес.	4	3368565
Imam prijatelja u Engleskoj.	У меня есть друг в Англии.	4	3278183
Imam privremenu vozačku dozvolu.	У меня временные водительские права.	4	3279778
Imam samo dvadeset evra.	У меня только двадцать евро.	4	3473436
Imam samo jednu knjigu.	У меня только одна книга.	4	4292441
Imamo samo dva dolara.	У нас только два доллара.	4	4967439
Imamo samo dva dolara.	У нас всего два доллара.	4	4967439
Imamo šta nam treba.	У нас есть то, что нам нужно.	4	4261960
Imao sam dobar život.	У меня была хорошая жизнь.	4	3368904
Imao si dug dan.	У тебя был длинный день.	4	3650682
Imate li jeftinijih soba?	У вас есть дешёвые комнаты?	4	665175
Imaš li email adresu?	У тебя есть электронный адрес?	4	3267428
Imaš vremena do ponoći.	У тебя есть время до полуночи.	4	4292419
Imaš šta ti treba.	У тебя есть то, что тебе нужно.	4	4256590
Ispekla mi je tortu.	Она испекла мне торт.	4	3393838
Ispričaću ti jednu priču.	Я расскажу тебе одну историю.	4	3340366
Izgleda da će kiša.	Кажется, будет дождь.	4	3256226
Izgubio sam moj fotoaparat.	Я потерял свой фотоаппарат.	4	3262901
Izgubio sam moj ključ.	Я потерял свой ключ.	4	3350412
Izgubio sam moj sat.	Я потерял свои часы.	4	897694
Izgubio sam moju olovku.	Я потерял свой карандаш.	4	3438994
Izvinite, gde je pošta?	Извините, где почта?	4	3387067
Izvinite, imam jedno pitanje.	Извините, у меня есть один вопрос.	4	3425453
Izvinite, kako se zovete?	Извините, как вас зовут?	4	3391280
Izvinite, nisam Vas razumeo.	Извините, я Вас не понял.	4	3438890
Ja govorim malo engleski.	Я немного говорю по-английски.	4	3418937
Ja idem sa njom.	Я иду с ним.	4	3292501
Ja jedem puno mesa.	Я ем много мяса.	4	4324234
Ja ne mislim tako.	Я так не думаю.	4	3441057
Ja ne volim filmove.	Я не люблю фильмы.	4	3390085
Ja nemam ništa protiv.	Я не имею ничего против.	4	3263137
Ja nemam široke kukove.	У меня бёдра не широкие.	4	3304531
Ja sam Tomova žena.	Я жена Тома.	4	3531361
Ja sam bez posla.	Я без работы.	4	3311706
Ja sam bogat čovek.	Я богатый человек.	4	3284529
Ja sam građanin sveta.	Я гражданин мира.	4	5819525
Ja sam igrač tenisa.	Я теннисист.	4	3298725
Ja sam iz Norveške.	Я из Норвегии.	4	3327906
Ja sam noćna ptica.	Я сова.	4	3387080
Ja sam pio mleko.	Я пил молоко.	4	1181830
Ja sam protiv rata.	Я против войны.	4	3573300
Ja sam slobodan čovek.	Я свободный человек.	4	3426473
Ja sam stanovnik Berlina.	Я житель Берлина.	4	3430954
Ja sam tvoja savest.	Я твоя совесть.	4	3644143
Ja sam u Londonu.	Я в Лондоне.	4	3425854
Ja sam u Rimu.	Я в Риме.	4	6169163
Ja svetu nisam potreban.	Я не нужен миру.	4	3430974
Ja to govorim stalno.	Я говорю это постоянно.	4	5029160
Ja to stalno govorim.	Я это постоянно говорю.	4	5029161
Ja trčim za suncem.	Я бегу за солнцем.	4	3303740
Ja volim mog oca.	Я люблю своего отца.	4	3499732
Ja ću ukloniti dodatak.	Я буду удалять червеобразный отросток.	4	895107
Ja čitam ovu knjigu.	Я читаю эту книгу.	4	3314345
Ja živim u Indoneziji.	Я живу в Индонезии.	4	4292448
Jako mi je žao.	Мне очень жаль.	4	3395232
Je li Tom poludeo?	Том сошёл с ума?	4	4264044
Je li Tom poludeo?	Том тронулся умом?	4	4264044
Je li to ptica?	Это птица?	4	4781363
Jesam li pitala tebe?	Я тебя спрашивала?	4	4449805
Jesam li pitao tebe?	Я тебя спрашивал?	4	4449803
Jesen je vreme izobilja.	Осень — время изобилия.	4	3453819
Jesi li jela nešto?	Ты что-нибудь ела?	4	4292390
Jesi li jeo nešto?	Ты ел что-нибудь?	4	4292389
Jesi li jeo nešto?	Ты что-нибудь ел?	4	4292389
Jesi li pojela nešto?	Ты чего-нибудь поела?	4	4292392
Jesi li pojeo nešto?	Ты чего-нибудь поел?	4	4292391
Jesi li sa Tomom?	Ты с Томом?	4	4238288
Jesmo li svi ovde?	Мы все здесь?	4	4324658
Jesmo li svi tu?	Мы все тут?	4	4324656
Jezik Evrope je prevod.	Язык Европы - перевод.	4	6482073
Još ništa nisam rekao.	Я ещё ничего не сказал.	4	4364000
Jumi ima mnogo knjiga.	У Юми много книг.	4	3380027
Juče je bilo vruće.	Вчера было жарко.	4	3414795
Juče je padala kiša.	Вчера шел дождь.	4	923624
Juče je padao sneg.	Вчера шёл снег.	4	4993451
Juče sam bila srećna.	Вчера я была счастлива.	4	2925864
Kada je to bilo?	Когда это было?	4	3384582
Kada počinje pozorišni komad?	Когда начинается спектакль?	4	3419141
Kada počinje zimski raspust?	Когда начинаются зимние каникулы?	4	5843387
Kada si jutros ustao?	Во сколько ты сегодня утром встал?	4	3440724
Kada si ustao jutros?	Во сколько ты встал сегодня утром?	4	898463
Kada stiže sledeći voz?	Когда прибывает следующий поезд?	4	3386971
Kakav je bio koncert?	Как прошёл концерт?	4	5843380
Kakav jogurt najviše voliš?	Какой йогурт ты больше всего любишь?	4	4781280
Kako je dospelo ovde?	Как я сюда попал?	4	4449813
Kako je na poslu?	Как дела на работе?	4	5843376
Kako je ona izgledala?	Как она выглядела?	4	3495248
Kako je prošao intervju?	Как прошло интервью?	4	3371252
Kako on brzo trči!	Как он быстро бежит!	4	3440826
Kako on brzo trči!	Как он быстро бегает!	4	3440826
Kako se dečak zove?	Как зовут этого мальчика?	4	3478274
Kako se ovo zove?	Как это называется?	4	5843361
Kako si samo veliki!	Какой же ты большой!	4	3247767
Kako si uradila to?	Как ты это сделала?	4	6567902
Kako si uradio to?	Как ты это сделал?	4	6567904
Kako ti je žena?	Как твоя жена?	4	3311744
Kakvu muziku sluša tom?	Какую музыку слушает Том?	4	4507072
Kaži mi gde živiš.	Скажи мне, где ты живёшь.	4	4261883
Kiša je padala danima.	Дождь шёл несколько дней.	4	945339
Kiša pada od utorka.	Дождь идёт со вторника.	4	3425015
Kišna sezona počinje juna.	Сезон дождей начинается в июне.	4	4246593
Klin se klinom izbija.	Клин клином вышибают.	4	6880167
Ključ je na stolu.	Ключ на столе.	4	3340744
Knjiga je na polici.	Книга на полке.	4	4971855
Knjiga je na polici.	Книга лежит на полке.	4	4971855
Knjiga je na stolu.	Книга на столе.	4	2345996
Knjige imaju svoju sudbinu.	У книг есть своя судьба.	4	6947303
Knjige imaju svoju sudbinu.	Книги имеют свою судьбу.	4	6947303
Ko je napisao Hamleta?	Кто написал Гамлета?	4	3311726
Ko je ovaj čovek?	Кто этот человек?	4	488798
Ko kuca na vratima?	Кто стучит в дверь?	4	4248688
Ko kuca na vratima?	Кто стучится в дверь?	4	4248688
Ko si ti zaista?	Кто ты на самом деле?	4	5893984
Ko su ovi ljudi?	Кто эти люди?	4	3429825
Ko su tvoji prijatelji?	Кто твои друзья?	4	5397784
Ko to ne radi?	Кто этого не делает?	4	3650920
Ko to ne radi?	Кто этим не занимается?	4	3650920
Ko će toplu čokoladu?	Кто будет горячий шоколад?	4	3290972
Ko želi toplu čokoladu?	Кто хочет горячего шоколада?	4	3430030
Koja je ovo godina?	Какой это год?	4	3395340
Koja je tvoja knjiga?	Которая книга твоя?	4	3425926
Koja je tvoja knjiga?	Какая книга твоя?	4	3425926
Koje te oko boli?	Какой глаз у тебя болит?	4	665373
Koje ti je ime?	Какое у тебя имя?	4	3317298
Koji je dan sutra?	Какой день завтра?	4	5874138
Koji je danas dan?	Какой сегодня день?	4	3267229
Koji je njegov posao?	Какая у него работа?	4	5919309
Koji je tvoj auto?	Которая машина твоя?	4	4251415
Koji ste film gledali?	Какой фильм вы смотрели?	4	3439096
Koju vrstu umetnosti preferirate?	Какой вид искусства вы предпочитаете?	4	909844
Koliko dugo živiš ovde?	Как давно ты живёшь здесь?	4	5909468
Koliko ima do aerodroma?	Сколько до аэропорта?	4	3393697
Koliko imaš bliskih prijatelja?	Сколько у тебя близких друзей?	4	3292827
Koliko knjiga pročitaš mesečno?	Сколько книг ты читаешь за месяц?	4	3250842
Koliko košta flaša piva?	Сколько стоит бутылка пива?	4	7774257
Koliko košta ovaj foto-aparat?	Сколько стоит этот фотоаппарат?	4	5843355
Koliko košta ovaj kišobran?	Сколько стоит этот зонтик?	4	5843318
Koliko košta ovaj kišobran?	Сколько стоит этот зонт?	4	5843318
Koliko košta ovaj telefon?	Сколько стоит этот телефон?	4	6535541
Koliko košta ovaj šešir?	Сколько стоит эта шляпа?	4	5843357
Koliko nam novca treba?	Сколько нам нужно денег?	4	4781341
Koliko novca nam treba?	Сколько денег нам нужно?	4	4781339
Koliko si velik porastao!	Какой ты большой вырос!	4	931762
Koliko stvarno imaš godina?	Сколько тебе на самом деле лет?	4	5028679
Koliko često dolaziš ovde?	Как часто ты сюда приходишь?	4	3418044
Koliko često koristiš telefon?	Как часто ты пользуешься телефоном?	4	4238282
Konačno sam postao odrastao.	Наконец я стал взрослым.	4	3374228
Kraljevi imaju duge ruke.	У королей длинные руки.	4	3334300
Kravata je veoma lepa.	Галстук очень красив.	4	12682111
Kupio sam nešto odeće.	Я купил кое-что из одежды.	4	3410459
Kuća mi je daleko.	Мой дом далеко.	4	4781371
Latinski je jezik budućnosti!	Латинский — язык будущего!	4	3341495
Latinski je mrtav jezik.	Латынь - мёртвый язык.	4	3341490
Lenjir je ispod knjige.	Линейка под книгой.	4	5294716
Lignit je fosilno gorivo.	Лигнит - это ископаемое топливо.	4	798387
Ljudi se plaše rata.	Люди боятся войны.	4	3265622
Loše sam znao Engleski.	Я плохо знаю английский.	4	3243533
Marija je kupila mikroskop.	Мария купила микроскоп.	4	4434772
Marija je već otišla.	Мария уже ушла.	4	3311352
Marija je već počela.	Мария уже начала.	4	3311351
Marija skoro uvek kasni.	Мария почти всегда опаздывает.	4	3473442
Marija te zaista voli.	Мария тебя действительно любит.	4	3429945
Mario je kupio mikroskop.	Марио купил микроскоп.	4	4434769
Mačka ima dva uva.	У кошки два уха.	4	3313613
Mačka je ispod stola.	Кошка под столом.	4	3430388
Mačka spava na stolici.	Кошка спит на стуле.	4	3285274
Mačka vidi u mraku.	Кошка видит в темноте.	4	3248292
Mačke vide u mraku.	Кошки видят в темноте.	4	905803
Medvedi su prilično opasni.	Медведи достаточно опасны.	4	4250283
Medvedi su veoma opasni.	Медведи очень опасны.	4	4250285
Meta je na vidiku.	Цель на горизонте.	4	4246039
Mi smo iz Francuske.	Мы из Франции.	4	6169167
Mi smo iz Rusije.	Мы из России.	4	3437783
Mi smo njegovi sinovi.	Мы его сыновья.	4	3251041
Mi smo pričali telefonom.	Мы разговаривали по телефону.	4	3419045
Mi smo već počeli.	Мы уже начали.	4	3395295
Mi verujemo u demokratiju.	Мы верим в демократию.	4	3267538
Mi više nismo deca.	Мы уже не дети.	4	5028578
Mi želimo veliku porodicu.	Мы хотим большую семью.	4	3300778
Mislim da sam debela.	Думаю, я толстая.	4	4250441
Mislim da su pogrešili.	Думаю, они ошиблись.	4	5034769
Mislim da su srećni.	Думаю, они счастливы.	4	5002271
Mislim da te razumem.	Думаю, я тебя понимаю.	4	5034770
Mislim da znam zašto.	Думаю, я знаю почему.	4	3410518
Mislim da znaš zašto.	Думаю, ты знаешь почему.	4	3410499
Mislio sam da spavaš.	Я думал, что ты спишь.	4	3439310
Mnogo ljudi ima san.	У многих людей есть мечта.	4	3430915
Mnogo vremena je prošlo.	Прошло много времени.	4	5028956
Mogu da ti pomognem.	Я могу тебе помочь.	4	4449741
Moj brat je idiot.	Мой брат - идиот.	4	3302927
Moj brat svira gitaru.	Мой брат играет на гитаре.	4	3311737
Moj motocikl je nov.	Мой мотоцикл новый.	4	5024376
Moj otac je ostario.	Мой отец постарел.	4	3380344
Moj otac je ostario.	Мой отец состарился.	4	3380344
Moj pas je srećan.	Моя собака счастлива.	4	3470205
Moj pas me gleda.	Моя собака смотрит на меня.	4	3470198
Moj rođendan se približava.	Приближается мой день рожденья.	4	808572
Moj rođendan se približava.	Приближается мой день рождения.	4	808572
Moj rođendan se približava.	Мой день рождения приближается.	4	808572
Moj sin ima sina.	У моего сына есть сын.	4	1183395
Moja majka voli muziku.	Моя мама любит музыку.	4	2424525
Moja mati je Grkinja.	Моя мать гречанка.	4	4597910
Moja porodica nije bogata.	Моя семья не богатая.	4	5396788
Moja sestra je lepa.	Моя сестра красивая.	4	3451158
Moja sestra je udovica.	Моя сестра — вдова.	4	3244886
Moja soba je svinjac.	Моя комната - настоящий свинарник.	4	3386961
Moja žena mrzi mačke.	Моя жена терпеть не может кошек.	4	3266418
Moje cipele su iznošene.	Мои туфли износились.	4	3366745
Moje ime je Luis.	Моё имя - Луис.	4	3440830
Moji roditelji su umrli.	Мои родители умерли.	4	7037766
Moram da to uzmem.	Я должен это взять.	4	3365556
Moram da to uzmem.	Я должна это взять.	4	3365556
Moram da uhvatim voz.	Я должен сесть на поезд.	4	4274674
Moram da uhvatim voz.	Я должна сесть на поезд.	4	4274674
Moram da uradim nešto.	Я должен что-то сделать.	4	3395185
Moram da zaradim novac.	Я должен заработать денег.	4	3484673
Moram da zaradim novac.	Я должна заработать денег.	4	3484673
Moramo da se vratimo.	Мы должны вернуться.	4	4253880
Moramo da uradimo nešto!	Мы должны что-нибудь сделать!	4	3244710
Moramo nešto da uradimo.	Нам нужно кое-что сделать.	4	3395298
Moramo nešto da uradimo.	Нам нужно что-нибудь сделать.	4	3395298
Moraću da učim sutra.	Завтра я должен буду учиться.	4	938781
Moraću da učim sutra.	Завтра я должна буду учиться.	4	938781
Moraš da govoriš glasnije.	Ты должен говорить громче.	4	4261836
Moraš da govoriš glasnije.	Ты должна говорить громче.	4	4261836
Moraš da nam pomogneš.	Ты должен нам помочь.	4	3644985
Moraš da nam pomogneš.	Ты должна нам помочь.	4	3644985
Moraš da nosiš kacigu.	Ты должен надеть каску.	4	3469815
Moraš da se sakriješ.	Ты должен спрятаться.	4	3650642
Moraš da se sakriješ.	Ты должна спрятаться.	4	3650642
Moraš da uradiš ovo.	Ты должен это сделать.	4	3645005
Moraš da uradiš ovo.	Ты должна это сделать.	4	3645005
Možemo li ovo kasnije?	Можем ли мы сделать это позже?	4	4258715
Možeš li mi pokazati?	Ты можешь мне показать?	4	3244412
Možeš li mi pomoći?	Ты можешь мне помочь?	4	3265321
Mrzim nedelju! Odvratan dan!	Ненавижу воскресенье! Отвратительный день!	4	4246688
Na moru su ostrva.	В море есть острова.	4	3664054
Najviše volim ovu knjigu.	Больше всего я люблю эту книгу.	4	801030
Napisala je mnogo pesama.	Она написала много песен.	4	3288626
Napisao sam ti pismo.	Я написал тебе письмо.	4	3341505
Napišite svoje ime ovde.	Напишите здесь своё имя.	4	4248733
Napravila mi je zvezdu.	Она сделала мне звезду.	4	3393837
Napuštamo Japan sutra ujutru.	Я покидаю Японию завтра утром.	4	3387083
Naučiću te da pišeš.	Я научу тебя писать.	4	4248734
Naše je vreme ograničeno.	Наше время ограничено.	4	3366078
Ne diraj moj bicikl.	Не трогай мой велосипед.	4	3250632
Ne govori ništa, OK?	Не говори ничего, OK?	4	4248502
Ne govori tako brzo.	Не говори так быстро.	4	898450
Ne govorim Klingonski jezik.	Я не говорю на клингонском языке.	4	3313378
Ne idem sa vama.	Я с вами не пойду.	4	665338
Ne idi tako brzo.	Не иди так быстро.	4	3250463
Ne mogu da čekam.	Я не могу ждать.	4	5806728
Ne mogu čekati zauvek.	Я не могу ждать вечно.	4	5806735
Ne moraš da govoriš.	Ты не должен говорить.	4	3357178
Ne moraš da govoriš.	Ты не должна говорить.	4	3357178
Ne ostavljaj me samog.	Не оставляй меня одного.	4	4967427
Ne ostavljaj me samu.	Не оставляй меня одну.	4	4967428
Ne ostavljaš mi izbora.	Ты не оставляешь мне выбора.	4	3430959
Ne pipaj plavo dugme.	Не трогай синюю кнопку.	4	3395305
Ne podržavam njegove ideje.	Я не поддерживаю его идеи.	4	3394625
Ne prevodi ovu rečenicu.	Не переводи это предложение.	4	3244744
Ne treba mi ništa.	Мне ничего не нужно.	4	5909492
Ne treba mi zaštita.	Мне не нужна защита.	4	3357653
Ne verujem ti, Tome.	Я не верю тебе, Том.	4	4259855
Ne verujem u sudbinu.	Я не верю в судьбу.	4	3350470
Ne verujem u to.	Я в это не верю.	4	3494429
Ne volim da pišem.	Я не люблю писать.	4	4248698
Ne volim tople zime.	Я не люблю тёплые зимы.	4	3394628
Ne znam dobro Latinski.	Я не силён в латыни.	4	3341491
Ne znam gde ću.	Я не знаю, где я буду.	4	3440938
Ne znam njeno ime.	Я не знаю её имени.	4	899824
Ne znam tu reč.	Я не знаю это слово.	4	3357650
Ne živim sa Tomom.	Я не живу с Томом.	4	3298946
Ne, ne i ne!	Нет, нет и нет!	4	5785693
Nebo je puno zvezda.	Небо полно звёзд.	4	3350413
Nedeljom idem u crkvu.	По воскресеньям я хожу в церковь.	4	800088
Neko je bio ovde.	Кто-то здесь был.	4	4976038
Nemam braće i sestara.	У меня нет братьев и сестёр.	4	3430870
Nemam ništa da dodam.	Мне нечего добавить.	4	3386932
Nemam želju za tim.	Мне этого не хочется.	4	4250578
Nemačka je parlamentarna republika.	Германия — парламентская республика.	4	3292499
Nemački nije jednostavan jezik.	Немецкий - не простой язык.	4	3535699
Nemaš ženu, zar ne?	У тебя нет жены, не так ли?	4	5980248
Nemoj biti tako ljut.	Не будь таким злым.	4	907928
Nemoj biti tako ljut.	Не будь таким сердитым.	4	907928
Nemoj da gubiš nadu.	Не теряй надежду.	4	3317256
Nemoj da ideš prebrzo.	Не иди слишком быстро.	4	3357569
Nemoj da me gledaš.	Не смотри на меня.	4	3438781
Nemoj da mu veruješ.	Не верь ему.	4	3424966
Nemoj da pušiš toliko.	Не кури столько.	4	4976108
Nemoj da se ljutiš.	Не злись.	4	3424964
Nemoj da se ljutiš.	Не сердись.	4	3424964
Nemoj da zatvoriš oči.	Не закрывай глаза.	4	3350532
Nensi je iz Londona.	Нэнси из Лондона.	4	3374536
Nepoznata mi je melodija.	Мелодия мне незнакома.	4	3248394
Neću da ti smetam.	Я не буду тебе мешать.	4	4274715
Nikad ne gubi nadu.	Никогда не теряй надежду.	4	5894332
Nikad ne gubimo nadu.	Мы никогда не теряем надежду.	4	4967685
Nikad ne reci nikad.	Никогда не говори никогда.	4	6148854
Nikad nećemo saznati razlog.	Мы никогда не узнаем причину.	4	4981319
Nikad nećemo znati razlog.	Мы никогда не узнаем причину.	4	4981320
Nikad nisam volela biologiju.	Я никогда не любила биологию.	4	4264052
Nikad nisam voleo biologiju.	Я никогда не любил биологию.	4	4264053
Nikad nismo bili ovde.	Мы никогда здесь не были.	4	4261956
Nikada nisam imala dečka.	У меня никогда не было парня.	4	3361884
Nikada nisam imao devojku.	У меня никогда не было девушки.	4	3361883
Nikada nismo imali auto.	У нас никогда не было автомобиля.	4	3374226
Niko joj nije poverovao.	Никто ей не поверил.	4	4308130
Niko joj nije verovao.	Никто ей не верил.	4	4308131
Niko ne voli rat.	Никто не любит войну.	4	3287634
Niko ne zna ništa.	Никто ничего не знает.	4	3387040
Niko nije ništa rekao.	Никто ничего не сказал.	4	6147438
Nisam dobar u sportovima.	Я не силён в спорте.	4	3425856
Nisam mogao da govorim.	Я не мог говорить.	4	3412936
Nisam te video tamo.	Я тебя там не видел.	4	3380010
Nisam znao odakle sam.	Я не знал, откуда я.	4	3292862
Nisam čitao tu knjigu.	Я не читал ту книгу.	4	3374231
Nisi mu ništa rekao?	Ты ему ничего не сказал?	4	3371624
Nisi rekao ništa loše.	Ты не сказал ничего плохого.	4	4258309
Nisi rekla ništa loše.	Ты не сказала ничего плохого.	4	4258310
Nismo imali ništa zajedničkog.	У нас не было ничего общего.	4	3465649
Nisu svi bili dečaci.	Не все были мальчиками.	4	4250322
Ništa mu nisi rekao?	Ты ничего ему не сказал?	4	3265634
Ništa nisam rekla Tomu.	Я ничего не сказала Тому.	4	5619107
Njegov bicikl je plav.	У него синий велосипед.	4	3288342
Njegov bicikl je plav.	Его велосипед синий.	4	3288342
Njegova je, zar ne?	Это его, не так ли?	4	13395078
Njegova majka je Jugoslovenka.	Его мать югославка.	4	3486165
Njen muž je Amerikanac.	Её муж — американец.	4	8106589
Njujork zovemo "velika jabuka".	Нью-Йорк называют "большим яблоком".	4	3386997
Norveška me je iznenadila.	Норвегия удивила меня.	4	3650896
Norveška me je iznenadila.	Норвегия меня удивила.	4	3650896
Nosorog je veoma velik.	Носорог очень большой.	4	843988
Novac je na stolu.	Деньги на столе.	4	3246440
Novac nije kriterijum uspeha.	Деньги - не критерий успеха.	4	5588858
Noć je. Porodica večera.	Ночь. Семья ужинает.	4	3438851
Oba brata su muzičari.	Оба брата - музыканты.	4	3243501
Obe sestre su plavuše.	Обе сестры - блондинки.	4	3298570
Obično nisam kući ponedeljkom.	По понедельникам меня обычно не бывает дома.	4	4250313
Odlučiću šta da radim.	Я решу, что делать.	4	5049806
Olovka je na knjizi.	Карандаш лежит на книге.	4	5294678
On dobro igra fudbal.	Он хорошо играет в футбол.	4	3313457
On dobro zna Engleski.	Он хорошо знает английский.	4	3263566
On ima 31 godinu.	Ему 31 год.	4	3256748
On ima bujnu maštu.	У него богатая фантазия.	4	3291257
On ima dobar ugled.	У него хорошая репутация.	4	3369417
On ima dobro pamćenje.	У него хорошая память.	4	3369420
On ima dobru memoriju.	У него хорошая память.	4	3369422
On ima dubok glas.	У него низкий голос.	4	3369425
On ima dugačak nos.	У него длинный нос.	4	3369411
On ima interesantnu knjigu.	У него есть интересная книга.	4	3369415
On ima japanski auto.	У него японский автомобиль.	4	3369413
On ima jedanaest godina.	Ему одиннадцать лет.	4	3430518
On ima kameno srce.	У него каменное сердце.	4	1636371
On ima malo novca.	У него мало денег.	4	3414381
On ima nekoliko prijatelja.	У него есть несколько друзей.	4	3369424
On ima slabo srce.	У него слабое сердце.	4	3369629
On ima tri sina.	У него три сына.	4	3311587
On ima trideset godina.	Ему тридцать лет.	4	3391251
On ima troje dece.	У него трое детей.	4	3245362
On ima veliku porodicu.	У него большая семья.	4	3334341
On je bio besan.	Он был в бешенстве.	4	3434514
On je iz Francuske.	Он из Франции.	4	3327290
On je moj brat.	Он мой брат.	4	3244095
On je mrmljao nešto.	Он что-то пробормотал.	4	3303391
On je na brodu.	Он на корабле.	4	3281929
On je na sastanku.	Он на встрече.	4	3244017
On je otvorio usta.	Он открыл рот.	4	3267678
On je otvorio vrata.	Он открыл дверь.	4	3494419
On je otvorio vrata.	Он отворил ворота.	4	3494419
On je otvorio vrata.	Он открыл ворота.	4	3494419
On je oženio glumicu.	Он женился на актрисе.	4	3331262
On je pio pivo.	Он пил пиво.	4	3281287
On je pod anestezijom.	Он под анестезией.	4	3291881
On je razbio prozor.	Он разбил окно.	4	3440811
On je sada prehlađen.	Он сейчас простывший.	4	3369426
On je strpljiv čovek.	Он терпеливый человек.	4	3414421
On joj se sviđa.	Он ей нравится.	4	3387263
On ljušti svoju jabuku.	Он чистит своё яблоко.	4	3384564
On mnogo voli fudbal.	Он очень любит футбол.	4	4992726
On mnogo voli muziku.	Он очень любит музыку.	4	3245270
On nije nosio šešir.	Он не носил шляпу.	4	3369705
On nije više dete.	Он больше не ребёнок.	4	7010364
On nije više dete.	Он уже не ребёнок.	4	7010364
On nikada ne laže.	Он никогда не лжёт.	4	3392024
On poznaje moju ženu.	Он знаком с моей женой.	4	3484572
On puno voli muziku.	Он очень любит музыку.	4	3284685
On radi u banci.	Он работает в банке.	4	3387243
On se plaši pasa.	Он боится собак.	4	3247824
On sluša rado radio.	Он любит слушать радио.	4	925347
On uvek govori istinu.	Он всегда говорит правду.	4	4967555
On veoma voli bejzbol.	Он очень любит бейсбол.	4	3287629
On vodi buran život.	Он ведет бурную жизнь.	4	3297745
On voli da lovi.	Он любит охотиться.	4	3313397
On voli da putuje.	Он любит путешествовать.	4	3285930
On zna gde živimo.	Он знает, где мы живем.	4	3314316
On zna gde živimo.	Он знает, где мы живём.	4	3314316
On često svira klavir.	Он часто играет на пианино.	4	3402682
On živi na selu.	Он живёт в деревне.	4	3303512
On živi u Osaki.	Он живёт в Осаке.	4	3311725
On živi u jabuci.	Он живёт в яблоке.	4	3306856
Ona ga veoma poštuje.	Она его очень уважает.	4	3392265
Ona govori deset jezika.	Она говорит на десяти языках.	4	3390800
Ona hoće novi šešir.	Она хочет новую шляпу.	4	3392096
Ona ima dobar ukus.	У неё хороший вкус.	4	3429928
Ona ima lepe oči.	У неё красивые глаза.	4	3304324
Ona ima lepe oči.	У нее красивые глаза.	4	3304324
Ona ima sedam sinova.	У неё семеро сыновей.	4	5562489
Ona ima sto godina.	Ей сто лет.	4	3430517
Ona izgleda kao učiteljica.	Она похожа на учительницу.	4	3393892
Ona izgleda veoma uplašeno.	Она выглядит очень напуганной.	4	3393885
Ona izgleda veoma uplašeno.	Она выглядит очень испуганной.	4	3393885
Ona je isključila radio.	Она выключила радио.	4	3392149
Ona je isključila svetlo.	Она выключила свет.	4	3392150
Ona je medicinska sestra.	Она медсестра.	4	3392018
Ona je mirna žena.	Она спокойная женщина.	4	3244278
Ona je osvojila telefon.	Она приобрела телефон.	4	3425479
Ona je rekla nešto.	Она что-то сказала.	4	3414591
Ona je sada napolju.	Она сейчас на улице.	4	3281031
Ona je uključila svetlo.	Она включила свет.	4	3392118
Ona još nije došla.	Она ещё не пришла.	4	3374225
Ona obožava italijansku operu.	Она обожает итальянскую оперу.	4	3437366
Ona više nije dete.	Она уже не ребёнок.	4	7010367
Ona živi na selu.	Она живёт в деревне.	4	3245808
Ona živi u Njujorku.	Она живёт в Нью-Йорке.	4	3307967
Ona živi veoma blizu.	Она живёт очень близко.	4	3382611
Onda mi imamo problem...	Тогда у нас проблема...	4	3415086
Oni su se poljubili.	Они поцеловались.	4	3439313
Oni veruju u Boga.	Они верят в Бога.	4	4967458
Orao je car ptica.	Орёл - царь птиц.	4	1183402
Ostavi mi malo sladoleda.	Оставь мне немного мороженого.	4	3425872
Ostavila je otvoren prozor.	Она оставила окно открытым.	4	3382626
Otvorite vrata za ljubav.	Откройте дверь для любви.	4	5919492
Ova je još živa.	Эта ещё жива.	4	4261760
Ova je još živa.	Эта всё ещё жива.	4	4261760
Ova kafa je odlična.	Это отличный кофе.	4	4250432
Ova olovka ne radi.	Этот карандаш не пишет.	4	5002888
Ova riba je velika.	Эта рыба большая.	4	3395191
Ova stolica je premala.	Этот стул слишком маленький.	4	3440813
Ova stolica je ružna.	Этот стул некрасивый.	4	3425920
Ova zgrada je plava.	Это здание голубое.	4	4238244
Ovaj auto dobro vozi.	Эта машина хорошо ездит.	4	4250433
Ovaj je još živ.	Этот всё ещё жив.	4	4261759
Ovaj je još živ.	Этот ещё жив.	4	4261759
Ovaj nož nije oštar.	Этот нож не острый.	4	4975958
Ovas je dragocena hrana.	Овёс — это ценная пища.	4	3244239
Ovde je neka knjiga.	Здесь какая-то книга.	4	3438805
Ovde je vrlo prijatno.	Здесь очень приятно.	4	3450795
Ovde napiši svoju adresu.	Здесь напиши свой адрес.	4	3426491
Ovde sam tri meseca.	Я здесь три месяца.	4	3402193
Ovi psi su naši.	Эти собаки наши.	4	3318245
Ovo je glupa greška.	Это глупая ошибка.	4	3281966
Ovo je iz Australije.	Это из Австралии.	4	3282891
Ovo je ljubavna pesma.	Это песня о любви.	4	4239821
Ovo je moj kompjuter.	Это мой компьютер.	4	2346893
Ovo je moj konj.	Это моя лошадь.	4	3317271
Ovo je moj konj.	Это мой конь.	4	3317271
Ovo je moj računar.	Это мой компьютер.	4	2346894
Ovo je moj tata.	Это мой папа.	4	957666
Ovo je najverovatnije glupost.	Это, скорее всего, чушь.	4	3474280
Ovo je sigurno glupost.	Это наверняка ерунда.	4	3474281
Ovo je važno pitanje.	Это важный вопрос.	4	3484616
Ovo je veoma lako!	Это очень легко!	4	4246064
Ovo je čudno pismo.	Это странное письмо.	4	3284654
Ovo jezero je duboko.	Это озеро глубокое.	4	3439315
Ovo more je duboko.	Это море глубокое.	4	3439317
Ovo nisam napisao ja.	Это не я написал.	4	4248754
Pacijent je izgledao zdravo.	Пациент выглядел здоровым.	4	3429736
Palo je mnogo snega.	Выпало много снега.	4	931822
Pas nije jeo meso.	Собака не ела мяса.	4	3288669
Pas trči za mačkom.	Собака бежит за кошкой.	4	3307051
Petnaest do dva je.	Сейчас без пятнадцати два.	4	4992722
Pevali su havajske pesme.	Они пели гавайские песни.	4	4246726
Pijem vitamine svaki dan.	Я каждый день пью витамины.	4	5002951
Pismo sadrži beli prah.	В письме содержится белый порошок.	4	3478291
Pitala sam te sinoć.	Я тебя спрашивала вчера вечером.	4	4254058
Pitao sam te sinoć.	Я тебя спрашивал вчера вечером.	4	4254057
Pišem skoro svaki dan.	Я пишу почти каждый день.	4	4248717
Platila sam za to.	Я платила за это.	4	5841842
Pogledati to u rečniku.	Посмотрите это в словаре.	4	3245587
Pokažite mi vaša dokumenta!	Покажите мне ваши документы!	4	6966989
Poklonili smo mu sat.	Мы подарили ему часы.	4	3298562
Ponašala se veoma glupo.	Она вела себя очень глупо.	4	809201
Popravila sam moj kompjuter.	Я починила свой компьютер.	4	6289847
Poslala mi je pismo.	Она послала мне письмо.	4	3393621
Postoji greška u rečenici.	В предложении есть ошибка.	4	3245263
Postoji li objektivna istorija?	Существует ли объективная история?	4	475314
Postoji samo jedan izlaz.	Есть только один выход.	4	6475455
Potpuno sam bez para.	У меня нет никаких денег.	4	3384108
Potpuno sam bez para.	Я совсем без денег.	4	3384108
Potraži u žutim stranama!	Поищи в "жёлтых страницах".	4	931817
Potreban sam svojoj deci.	Я нужен своим детям.	4	4971860
Potreban si Tomu ovde.	Ты нужен Тому здесь.	4	4247179
Potrebno mi je prenoćište.	Мне нужно где-то переночевать.	4	3478582
Potrebno mi je prenoćište.	Мне необходимо где-то переночевать.	4	3478582
Pozvaću te na suši.	Я приглашу тебя на суши.	4	897926
Počeli smo od nule.	Мы начали с нуля.	4	3477623
Približava se kraj avgusta.	Приближается конец августа.	4	3351985
Pričali su o politici.	Они разговаривали о политике.	4	3394773
Proglasili su nezavisnost 1847.	Они провозгласили независимость в 1847 году.	4	3296427
Proleće stiže posle zime.	Весна наступает вслед за зимой.	4	3288354
Proleće stiže posle zime.	Весна наступает после зимы.	4	3288354
Pročitao sam njegovu knjigu.	Я прочитал его книгу.	4	3340793
Prva faza je završena.	Первая фаза завершена.	4	4250207
Prva lekcija je laka.	Первый урок простой.	4	4250221
Puši 20 cigareta dnevno.	Он выкуривает по 20 сигарет в день.	4	3243531
Puši 20 cigareta dnevno.	Она выкуривает по 20 сигарет в день.	4	3243531
Radio je na stolu.	Радио на столе.	4	3440818
Radio sam ceo dan.	Я целый день работал.	4	3298922
Radio sam ceo dan.	Я весь день работал.	4	3298922
Rasisti su glupi ljudi.	Расисты - глупые люди.	4	4264039
Razumeš li šta govorim?	Ты понимаешь, что я говорю?	4	3440832
Računari se stalno poboljšavaju.	Компьютеры постоянно совершенствуются.	4	3253421
Reci mi gde si.	Скажи мне, где ты.	4	4253846
Reci mi gde živite.	Скажи мне, где вы живёте.	4	4261888
Reci mi gde živiš.	Скажи мне, где ты живёшь.	4	4261884
Reci mi šta znaš.	Скажи мне, что ты знаешь.	4	4253847
Reci mi šta želiš.	Скажи мне, чего ты хочешь.	4	3419225
Recite mi gde živite.	Скажите мне, где вы живёте.	4	4261887
Roditelji su me stvorili.	Родители меня родили.	4	5650869
Roditelji su mi umrli.	Мои родители умерли.	4	7037772
Ručao sam na brzinu.	Я пообедал в спешке.	4	6961710
Ručao sam na brzinu.	Я наскоро пообедал.	4	6961710
Sad nam treba istina.	Сейчас нам нужна правда.	4	5028610
Sada je on zauzet.	Сейчас он занят.	4	3473455
Sada je vrlo hladno.	Сейчас очень холодно.	4	3439113
Sada ljudi žive duže.	Сейчас люди живут дольше.	4	3374278
Sada možeš da ideš.	Сейчас можешь идти.	4	3645030
Sada možeš da pogledaš.	Сейчас можешь посмотреть.	4	3645031
Sada nam treba istina.	Сейчас нам нужна правда.	4	5028611
Sada radim u Tokiju.	Сейчас я работаю в Токио.	4	3365484
Sada su svi spremni.	Сейчас все готовы.	4	3470404
Sagradio sam novu kuću.	Я построил новый дом.	4	3394685
Sam sam to napravio.	Я сам это сделал.	4	3366781
Samo mi daj novac.	Просто дай мне деньги.	4	4251386
Samo mi daj novac.	Просто дай мне денег.	4	4251386
Samo mi reci istinu.	Просто скажи мне правду.	4	4261922
Samo nam daj priliku.	Просто дай нам шанс.	4	4251384
Samo si me iskoristio.	Ты просто меня использовал.	4	3440942
Sastanak počinje u tri.	Встреча начинается в три.	4	3419101
Sat je na zidu.	Часы висят на стене.	4	3343440
Sezona lova je završena.	Сезон охоты закрыт.	4	4972322
Skoro je pola tri.	Почти половина третьего.	4	4781272
Skuvaću ti malo kafe.	Я приготовлю тебе немного кофе.	4	3425008
Slavili smo njegov rođendan.	Мы праздновали его день рождения.	4	884474
Slavili smo njegov rođendan.	Мы отмечали его день рождения.	4	884474
Slažem se sa njim.	Я согласен с ним.	4	938884
Slobodan sam u nedelju.	В воскресенье я свободен.	4	3351484
Slušaj i čitaj tekst!	Слушай и читай текст!	4	3479223
Snaga vode okreće točak.	Сила воды вращает колесо.	4	4967445
Sneg je prekrio autobus.	Снег покрыл автобус.	4	3244723
Soba je bila mračna.	Комната была мрачной.	4	4967481
Soba je bila mračna.	Комната была тёмной.	4	4967481
Soba je bila prazna.	Комната была пуста.	4	3477729
Spavaće sobe su gore.	Спальни наверху.	4	3644145
Spremni smo da idemo.	Мы готовы идти.	4	5949348
Sreća neće trajti zauvek.	Счастье никогда не длится вечно.	4	4790695
Srušite,srušite zidove među narodima!	Разрушьте, разрушьте стены между народами!	4	884929
Stalno smo se svađali.	Мы постоянно ссорились.	4	3418030
Stalno smo se svađali.	Мы постоянно ругались.	4	3418030
Stavi ruke na glavu!	Положи руки на голову!	4	5848006
Stavite to na sto.	Поставьте это на стол.	4	3425086
Sutra se vraćam kući.	Завтра я возвращаюсь домой.	4	3414568
Sve devojke vole Toma.	Все девушки любят Тома.	4	5396753
Sve izgleda kao laž.	Всё похоже на ложь.	4	3426510
Sve je mnogo jednostavnije.	Всё намного проще.	4	3351324
Sve je u redu.	Всё в порядке.	4	3644357
Sve je velika šala.	Это всё большая шутка.	4	4324321
Sve vidiš u crnom.	Ты всё видишь в чёрном цвете.	4	4245999
Svi autobusi su puni.	Все автобусы переполнены.	4	3292521
Svi mi sviramo klavir.	Мы все играем на пианино.	4	4784561
Svi moramo da umrem.	Мы все должны умереть.	4	4324344
Svi muškarci su isti.	Все мужчины одинаковы.	4	4324614
Svi oni su Kanađani.	Все они канадцы.	4	3267449
Svi su bili tamo.	Все были там.	4	3412952
Svi su još tamo.	Все ещё там.	4	3395312
Svi su zadržali dah.	Все задержали дыхание.	4	4967376
Svi su znali to.	Все знали это.	4	4250722
Svim stvarima dođe kraj.	Всем вещам приходит конец.	4	4324360
Sviraš li neke instrumente?	Ты играешь на каком-нибудь инструменте?	4	3418539
Sviraš li neki instrument?	Ты играешь на каком-нибудь инструменте?	4	4246977
Sviđa mi se Meri.	Мне нравится Мэри.	4	4255060
Sviđaju mi se boje.	Я люблю краски.	4	3470180
Ta kuća je velika.	Тот дом большой.	4	3318212
Ta torba je moja.	Та сумка моя.	4	488810
Taj čovek je opasan.	Тот человек опасен.	4	4250284
Tako je previše lako.	Так слишком легко.	4	5028958
Tamo je velika gomila.	Там большая куча.	4	3327353
Tamo je velika gomila.	Там большая толпа.	4	3327353
Tata radi u banci.	Папа работает в банке.	4	3463543
Teheran je u Iranu.	Тегеран в Иране.	4	3282890
Televizor je veoma težak.	Телевизор очень тяжёлый.	4	3360409
Ti imaš dve knjige.	У тебя две книги.	4	3439106
Ti izgledaš veoma dobro.	Ты выглядишь очень хорошо.	4	3645037
Ti me uvek lažeš.	Ты всегда врёшь мне.	4	4324364
Ti me uvek lažeš.	Ты всегда лжёшь мне.	4	4324364
Ti mi se sviđaš.	Ты мне нравишься.	4	4251412
Ti piješ, zar ne?	Ты ведь пьешь, да?	4	4274656
Ti si dobio ulogu.	Ты получил роль.	4	3645027
Ti si moj anđeo.	Ты мой ангел.	4	3359321
Ti si moj prijatelj.	Ты мой друг.	4	3281270
Ti si moja inspiracija.	Ты моё вдохновение.	4	5894223
Ti si moja princeza.	Ты моя принцесса.	4	5894253
Ti si moja sreća.	Ты — моё счастье.	4	5800279
Ti si neverovatno glup.	Ты невероятно глуп.	4	3410292
Ti si pametan dečak.	Ты умный мальчик.	4	3650694
Ti si samo devojčica.	Ты всего лишь девочка.	4	3650669
Ti si samo dečak.	Ты всего лишь мальчик.	4	3650697
Ti si veoma lep.	Ты очень красивый.	4	3357492
Ti si veoma pametan.	Ты очень умный.	4	931754
Ti si živa legenda.	Ты живая легенда.	4	3429794
Ti tečno govoriš Engleski.	Ты свободно говоришь по-английски.	4	3311336
Ti znaš, zar ne?	Ты знаешь, так ведь?	4	3396038
To je bila greška.	Это была ошибка.	4	5843296
To je dobar odgovor.	Это хороший ответ.	4	5594071
To je dobra škola.	Это хорошая школа.	4	3410448
To je dobro pitanje.	Это хороший вопрос.	4	3334431
To je duga priča.	Это долгая история.	4	3357029
To je dužnost policije.	Это обязанность полиции.	4	3350867
To je glupo pitanje!	Это глупый вопрос!	4	3485412
To je glupo pitanje.	Это глупый вопрос.	4	4259852
To je ispod stolice.	Это под стулом.	4	3365512
To je lep brod.	Это красивый корабль.	4	3465824
To je loš znak.	Это плохой знак.	4	6147431
To je moj savet.	Это мой совет.	4	3267432
To je moja kuća.	Это мой дом.	4	3425908
To je moja mačka.	Это моя кошка.	4	3438893
To je nažalost istina.	К сожалению это правда.	4	3414831
To je prvi korak.	Это первый шаг.	4	4250211
To je samo ogrebotina.	Это просто царапина.	4	6303068
To je severni vetar.	Это северный ветер.	4	3463594
To je simbol uspeha.	Это символ успеха.	4	5588843
To je slepa ulica.	Это тупик.	4	3340681
To je stvar ukusa.	Это дело вкуса.	4	3350432
To je velika iluzija.	Это большая иллюзия.	4	3466998
To je veoma opasno.	Это очень опасно.	4	4782974
To je višefazni proces.	Это многоступенчатый процесс.	4	3493077
To je zaista problem.	Это действительно проблема.	4	3243201
To je čista glupost.	Это полная чушь.	4	3391820
To mi je poznato.	Это мне знакомо.	4	3278457
To nije moj auto.	Это не моя машина.	4	4783019
To nije moj automobil.	Это не мой автомобиль.	4	4783021
To nije teško raditi.	Это не трудно делать.	4	3305532
To piše na internetu.	Это пишут в интернете.	4	3478632
To su loše vesti.	Это плохие новости.	4	4250295
To su moje pantalone.	Это мои брюки.	4	3440821
To ti neće pomoći.	Это тебе не поможет.	4	3434506
To uopšte nije problem.	Это вообще не проблема.	4	925345
To zaista nije moguće.	Это правда невозможно.	4	3387287
Tom ceni savremenu umetnost.	Том ценит современное искусство.	4	665167
Tom ima dvoje dece.	У Тома двое детей.	4	4332298
Tom ima lepu baštu.	У Тома красивый сад.	4	3437130
Tom ima loš dan.	У Тома плохой день.	4	4292222
Tom ima masnu kožu.	У Тома жирная кожа.	4	4247104
Tom ima mračnu tajnu.	У Тома есть мрачная тайна.	4	4251404
Tom ima težak posao.	У Тома трудная работа.	4	5043545
Tom je danas bolestan.	Том сегодня болеет.	4	4251195
Tom je imao nož.	У Тома был нож.	4	3299160
Tom je jutros stigao.	Том сегодня утром приехал.	4	5002762
Tom je na sastanku.	Том на встрече.	4	4273245
Tom je otvorio vrata.	Том открыл дверь.	4	4256602
Tom je otvorio vrata.	Том открыл ворота.	4	4256602
Tom je pomalo ekscentričan.	Том немного эксцентричен.	4	4781916
Tom je poštovani biznismen.	Том — уважаемый бизнесмен.	4	4238014
Tom je sin sveštenika.	Том - сын священника.	4	3506031
Tom je stigao jutros.	Том приехал сегодня утром.	4	5002761
Tom je u opasnosti.	Том в опасности.	4	3365608
Tom je ubio Mariju.	Том убил Марию.	4	5621688
Tom je ugasio televizor.	Том выключил телевизор.	4	4258359
Tom je veoma strpljiv.	Том очень терпеливый.	4	4243550
Tom je voleo Meri.	Том любил Мэри.	4	4644928
Tom je vrlo srećan.	Том очень счастлив.	4	3469402
Tom je vrlo star.	Том очень старый.	4	3438648
Tom kuva za nas.	Том нам готовит.	4	4250249
Tom neće imati izbora.	У Тома не будет выбора.	4	5043487
Tom nije bio debeo.	Том не был толстым.	4	4250442
Tom nije izgledao zadovoljno.	Том не выглядел довольным.	4	4292338
Tom nije video ništa.	Том ничего не видел.	4	4784572
Tom radi noćnu smenu.	Том работает в ночную смену.	4	3438515
Tom radi sa nama.	Том работает с нами.	4	5029146
Tom radi večernju smenu.	Том работает в вечернюю смену.	4	3438514
Tom sada zna to.	Том сейчас это знает.	4	4250915
Tom se igra napolju.	Том играет на улице.	4	4339789
Tom se još skriva.	Том всё ещё прячется.	4	4251017
Tom se loše ljubi.	Том неважно целуется.	4	4238404
Tom stvarno zna mnogo.	Том действительно много знает.	4	5029154
Tom uči veoma brzo.	Том учится очень быстро.	4	4983332
Tom više nije dete.	Том уже не ребёнок.	4	5043527
Tom voli da piše.	Том любит писать.	4	4248691
Tom voli ekstremne sportove.	Том любит экстремальные виды спорта.	4	4237982
Tom će da razume.	Том поймёт.	4	4993255
Tom će da shvati.	Том поймёт.	4	4993256
Tom će da umre.	Том умрёт.	4	4993284
Tom će ga tražiti.	Том будет его искать.	4	5397810
Tom često nosi crno.	Том часто носит чёрное.	4	4784545
Tom šapuće nešto Meri.	Том что-то шепчет Мэри.	4	3251070
Tomove oči su crvene.	У Тома красные глаза.	4	3438588
Tomovo lice je crveno.	У Тома красное лицо.	4	3438598
Tomu se sviđa Meri.	Тому нравится Мэри.	4	4644927
Tomu se sviđaju oba.	Тому нравятся оба.	4	4250999
Tomu se sviđaju obe.	Тому нравятся обе.	4	4251003
Treba da budemo realistični.	Нам нужно быть реалистами.	4	5043471
Treba da manje pušiš.	Тебе нужно меньше курить.	4	3327867
Treba da napišeš knjigu.	Тебе нужно написать книгу.	4	4248714
Treba da pojedem nešto.	Мне нужно что-нибудь поесть.	4	4261721
Treba da uhvatim voz.	Мне нужно сесть на поезд.	4	4274675
Treba da više treniraš.	Тебе нужно больше тренироваться.	4	3334410
Treba li ti novac?	Тебе нужны деньги?	4	4243513
Treba mi dobar rečnik.	Мне нужен хороший словарь.	4	4967420
Treba mi kuhinjski nož.	Мне нужен кухонный нож.	4	3277807
Treba mi malo sna.	Мне нужно немного поспать.	4	3424908
Treba mi nov bicikl.	Мне нужен новый велосипед.	4	3390857
Treba mi poštanska marka.	Мне нужна почтовая марка.	4	3311750
Treba mi tvoj potpis.	Мне нужна твоя подпись.	4	6895720
Treba mi tvoja pomoć.	Мне нужна твоя помощь.	4	3535748
Treba nam tvoja pomoć.	Нам нужна твоя помощь.	4	4261732
Treba nam vaša pomoć.	Нам нужна ваша помощь.	4	4261731
Trebaju mi nove naočare.	Мне нужны новые очки.	4	4250730
Tretman se odvija uspešno.	Лечение идёт успешно.	4	885605
Trčim dva puta nedeljno.	Я бегаю два раза в неделю.	4	3435555
Tvoj odgovor je pogrešan.	Твой ответ неправильный.	4	3426492
Tvoj čamac nije veliki.	Твоя лодка не большая.	4	3477980
Tvoja torba je ovde.	Твоя сумка здесь.	4	3245801
Tvoje su pantalone prljave.	Твои брюки грязные.	4	3425253
U Parizu pada sneg.	В Париже идёт снег.	4	3366085
U kupatilu nema nikoga.	В ванной никого нет.	4	4644949
U početku beše Reč.	В начале было Слово.	4	5848773
U šta ti veruješ?	Во что ты веришь?	4	5909470
Udala se u sedamnaestoj.	Она вышла замуж в семнадцать.	4	3243557
Ukraden joj je pasoš.	У неё украли паспорт.	4	4644913
Ukradena mi je torba.	У меня украли сумку.	4	923578
Ukrali su mi novac.	У меня украли деньги.	4	3286427
Umem da čuvam tajnu.	Я умею хранить секреты.	4	4992702
Uradio si odličan posao.	Ты сделал отличную работу.	4	4449810
Uskoro će pola tri.	Скоро будет полтретьего.	4	4781273
Uspeh zavisi od napora.	Успех зависит от усилий.	4	5588852
Uvek mislim o tome.	Я всегда об этом думаю.	4	5002950
Uvek sam voleo knjige.	Я всегда любил книги.	4	3380342
Uzimam vitamine svaki dan.	Я принимаю витамины каждый день.	4	5002953
Uzimam vitamine svaki dan.	Я каждый день принимаю витамины.	4	5002953
Uzmi papir i piši!	Возьми бумагу и пиши!	4	3245697
Vama je ovo potrebno.	Вам это нужно.	4	3535311
Važno je za mene.	Это важно для меня.	4	4250184
Velike devojčice ne plaču.	Большие девочки не плачут.	4	5396763
Veliki dečaci ne plaču.	Большие мальчики не плачут.	4	5396762
Veliki sam obožavatelj fudbala.	Я большой поклонник футбола.	4	4972202
Veruješ li u duhove?	Ты веришь в призраков?	4	3265624
Vetar duva sa istoka.	Ветер дует с востока.	4	3463568
Vetar duva sa severa.	Ветер дует с севера.	4	3463573
Vetar duva sa zapada.	Ветер дует с запада.	4	3463571
Već mi je dosadno.	Мне уже скучно.	4	3414453
Već sam znao istinu.	Я уже знал правду.	4	2925872
Večeras ću se odmarati.	Сегодня вечером я буду отдыхать.	4	807912
Vi ste bili zauzeti.	Вы были заняты.	4	3357095
Vidim lanac od zlata.	Я вижу золотую цепочку.	4	3478032
Vidim more i reku.	Я вижу море и реку.	4	3350434
Više nemam mobilni telefon.	У меня больше нет мобильного телефона.	4	4995350
Više te ne volim.	Я больше тебя не люблю.	4	3371653
Više volim da čitam.	Больше всего я люблю читать.	4	3445844
Voli da igra tenis.	Он любит играть в теннис.	4	3264407
Volim da gradim mostove.	Я люблю строить мосты.	4	3440676
Volim da slušam muziku.	Я люблю слушать музыку.	4	3484258
Volim da sviram klavir.	Я люблю играть на пианино.	4	3265717
Volim da učim istoriju.	Я люблю учить историю.	4	3340283
Volim da učim istoriju.	Мне нравится учить историю.	4	3340283
Volim da čitam knjige.	Я люблю читать книги.	4	3264438
Volim svog biseksualnog dečka!	Я люблю своего парня-бисексуала!	4	4264046
Volimo da igramo fudbal.	Мы любим играть в футбол.	4	4782969
Volite li svoju majku?	Вы любите свою маму?	4	4264007
Voliš li svoju majku?	Ты любишь свою маму?	4	4264006
Voz nije još stigao.	Поезд ещё не прибыл.	4	3311747
Vratite mi moju flašu.	Верните мне мою бутылку.	4	4273217
Vreme je za spavanje.	Пора спать.	4	5944762
Vrlo često dolazim ovde.	Я очень часто прихожу сюда.	4	13395107
Zaboravila sam njegovo ime.	Я забыла его имя.	4	3440362
Zaboravljam gde ostavim šešir.	Я забыл, где оставил шляпу.	4	4250452
Zadovoljan sam svojim poslom.	Я доволен своей работой.	4	3265426
Zakasnio si na posao.	Ты опоздал на работу.	4	3425619
Zar oni nisu Amerikanci?	Разве они не американцы?	4	3347561
Zarađujem 100 evra dnevno.	Я зарабатываю 100 евро в день.	4	3243813
Zatvorite vrata, molim Vas.	Пожалуйста, закройте дверь.	4	5294915
Zatvorite vrata, molim Vas.	Закройте, пожалуйста, дверь.	4	5294915
Zašto je jezero ružičasto?	Почему озеро розовое?	4	13464838
Zašto je nebo plavo?	Почему небо голубое?	4	3334752
Zašto nam Tom pomaže?	Почему Том нам помогает?	4	4645002
Zašto ne jedeš povrće?	Почему ты не ешь овощи?	4	3390107
Zašto ne učiš engleski?	Почему ты не учишь английский?	4	4248489
Zašto niko ne odgovara?	Почему никто не отвечает?	4	3410279
Zašto optužuješ mog sina?	Почему ты обвиняешь моего сына?	4	884902
Zašto postoje godišnja doba?	Почему существуют времена года?	4	3478206
Zašto sam ja ovde?	Зачем я здесь?	4	4324466
Zašto sam ja ovde?	Почему я здесь?	4	4324466
Zašto si to uradila?	Зачем ты это сделала?	4	4258336
Zašto si to uradio?	Зачем ты это сделал?	4	4258335
Zašto ste to uradili?	Зачем вы это сделали?	4	4258337
Zašto žene vole poklone?	Почему женщины любят подарки?	4	3478058
Zdravlje mi znači sve.	Здоровье значит для меня всё.	4	3344175
Zečevi imaju dugačke uši.	У зайцев длинные уши.	4	3266900
Zmija puzi kroz pustinju.	Змея ползёт через пустыню.	4	840851
Zmija puzi kroz pustinju.	Змея ползёт по пустыне.	4	840851
Znam ko su oni.	Я знаю, кто они такие.	4	3392051
Znam ko su oni.	Я знаю, кто они.	4	3392051
Znam koliko i ti.	Я знаю столько же, сколько и ты.	4	7032864
Znam na šta misliš.	Я знаю, о чём ты думаешь.	4	3425225
Znam njegovu lošu reputaciju.	Я знаю, что у него плохая репутация.	4	4783033
Znam samo njegovo ime.	Я знаю только его имя.	4	3265450
Znaće šta da rade.	Они будут знать, что делать.	4	4292236
Znaće šta da urade.	Они будут знать, что сделать.	4	4292237
Čekam na svoj red.	Я жду своей очереди.	4	4324571
Čekaš li na nešto?	Ты чего-то ждёшь?	4	3357520
Čija je ovo gitara?	Чья это гитара?	4	3305664
Čija je ovo soba?	Чья это комната?	4	3307027
Čija su ovo kola?	Чья это машина?	4	5843369
Čije su ovo cipele?	Чьи это туфли?	4	3438841
Čiji je ovo automobil?	Чей это автомобиль?	4	5843370
Čiji je ovo bicikl?	Чей это велосипед?	4	3286424
Čiji je ovo kišobran?	Чей это зонт?	4	5843362
Čiji je ovo kišobran?	Чей это зонтик?	4	5843362
Čovek je čoveku vuk.	Человек человеку - волк.	4	5687962
Čujem da neko peva.	Я слышу, как кто-то поёт.	4	3370556
Šetali smo kroz park.	Мы прогуливались по парку.	4	5043453
Šetali smo kroz park.	Мы гуляли по парку.	4	5043453
Škola liči na zatvor.	Школа похожа на тюрьму.	4	3243987
Škola počinje u Aprilu.	Занятия в школе начинаются в апреле.	4	3245487
Šofer čeka na putnike.	Водитель ждёт пассажиров.	4	3499733
Šta bi Tom želeo?	Чего бы хотел Том?	4	4251067
Šta ja radim ovde?	Что я делаю здесь?	4	6391076
Šta ja radim ovde?	Что я здесь делаю?	4	6391076
Šta je sa vama?	Что с вами?	4	5909347
Šta je tu problem?	В чём тут проблема?	4	4976068
Šta je tvoj posao?	Какая у тебя работа?	4	5806711
Šta je unutra, Tome?	Что внутри, Том?	4	4250959
Šta misliš o njemu?	Что ты о нём думаешь?	4	3535520
Šta moramo da uradimo?	Что мы должны сделать?	4	4253496
Šta radi tvoja tetka?	Что делает твоя тётя?	4	3425159
Šta radiš ovde, dole?	Что ты здесь делаешь внизу?	4	5848074
Šta si po profesiji?	Кто ты по профессии?	4	3394964
Šta si radio danas?	Что ты сегодня делал?	4	897888
Šta si rekao Tomu?	Что ты сказал Тому?	4	4261852
Šta si rekla Tomu?	Что ты сказала Тому?	4	4261853
Šta si sad uradila?	Что ты сейчас сделала?	4	4258326
Šta si sad uradio?	Что ты сейчас сделал?	4	4258325
Šta ste rekli Tomu?	Что вы сказали Тому?	4	4261854
Šta ste sad uradili?	Что вы сейчас сделали?	4	4258331
Šta ste sada uradili?	Что вы сейчас сделали?	4	4258330
Šta su ti rekli?	Что они тебе сказали?	4	4261856
Šta treba da kupim?	Что мне нужно купить?	4	3300817
Šta treba da uradiš?	Что тебе нужно сделать?	4	5909449
Šta znači ova reč?	Что означает это слово?	4	4644911
Šta znači to sve?	Что это всё значит?	4	4251197
Šta znači to sve?	Что это всё означает?	4	4251197
Šta znaš o njemu?	Что ты знаешь о нём?	4	3370613
Šta znaš o njemu?	Что ты о нём знаешь?	4	3370613
Šta ćeš da radiš?	Что ты будешь делать?	4	3419231
Šta ćeš za užinu?	Что у тебя будет на полдник?	4	3244006
Šta? Šta si rekao?	Что? Что ты сказал?	4	3412964
Želim da budem plivačica.	Я хочу стать пловчихой.	4	2708803
Želim da gledam film.	Я хочу фильм посмотреть.	4	4781291
Želim da upoznam Mariju.	Я хочу познакомиться с Марией.	4	3244648
Želim da upoznam Toma.	Я хочу познакомиться с Томом.	4	3244650
Želim da usavršim engleski.	Я хочу совершенствовать свой английский.	4	3418926
Želiš li da pogledaš?	Хочешь посмотреть?	4	3304895
Živim u staroj kući.	Я живу в старом доме.	4	3396035
Živimo na šestom spratu.	Мы живём на седьмом этаже.	4	4250169
Živiš u mojem srcu.	Ты живёшь в моём сердце.	4	2499658
Život mi je ugrožen.	Моя жизнь под угрозой.	4	3425099
Životinje se plaše vatre.	Животные боятся огня.	4	3244365
„Ja?“ - „Da, ti!“	"Я?" - "Да, ты!"	4	2502378
"Gde živiš?" "Živim u Tokiju."	"Где ты живёшь?" - "Я живу в Токио".	5	3313788
A ko je bio drugi?	А кто был вторым?	5	3274451
Ah, kakve su to besmislice!	Да ну, бред какой-то!	5	5651605
Akira je dobar igrač tenisa.	Акира - хороший теннисист.	5	3365625
Auto mog oca je nov.	Машина моего отца новая.	5	901139
Autobus ide svakih deset minuta.	Автобусы ходят каждые десять минут.	5	3251058
Biblioteka je osamdeset godina stara.	Библиотеке восемьдесят лет.	5	4434775
Bila je to loša situacija.	Это была плохая ситуация.	5	5028718
Bila je to teška odluka.	Это было трудное решение.	5	5028721
Bili smo siromašni, ali srećni.	Мы были бедными, но счастливыми.	5	3437802
Bili su članovi srednje klase.	Они принадлежали к среднему классу.	5	4967450
Bilo je mračno ispod mosta.	Под мостом было темно.	5	3366509
Bio je siguran u uspeh.	Он был уверен в успехе.	5	5588822
Bio je to divan uspeh.	Это был удивительный успех.	5	5588840
Bio je to dobar šešir.	Хорошая была шляпа.	5	4250446
Bio sam mršav u mladosti.	В молодости я был тощим.	5	3245558
Bio sam tamo dva puta.	Я был там два раза.	5	5586403
Bliži se fantastična norveška jesen.	Приближается фантастическая норвежская осень.	5	3456598
Bob i Marija sviraju flautu.	Боб и Мария играют на флейте.	5	3333536
Bogati ljudi nisu uvek srećni.	Богатые люди не всегда счастливы.	5	3267420
Broj od jedan do deset.	Считай от одного до десяти.	5	3311722
Broj od jedan do deset.	Сосчитай от одного до десяти.	5	3311722
Da li Tom ima ključ?	У Тома есть ключ?	5	4251065
Da li Vi govorite Engleski?	Вы говорите по-английски?	5	3311705
Da li dugo radiš ovde?	Ты долго здесь работаешь?	5	4243539
Da li imate japansko pivo?	У вас есть японское пиво?	5	801031
Da li imaš brata, Petre?	Пётр, у тебя есть брат?	5	3438774
Da li imaš engleski rečnik?	У тебя есть английский словарь?	5	3418932
Da li imaš vozačku dozvolu?	У тебя есть права?	5	3418909
Da li imaš vozačku dozvolu?	У тебя есть водительские права?	5	3418909
Da li ja ikada grešim?	Я когда-нибудь ошибаюсь?	5	4324460
Da li je ispit sutra?	Экзамен завтра?	5	4238414
Da li je ona lekar?	Она врач?	5	3266831
Da li je to daleko?	Это далеко?	5	3371631
Da li je to ptica?	Это птица?	5	4781364
Da li me neko čuje?	Меня кто-нибудь слышит?	5	3424992
Da li pričate o nama?	Вы о нас говорите?	5	4986704
Da li razumete šta govorim?	Вы понимаете, что я говорю?	5	5909300
Da li sam sad bezbedna?	Я сейчас в безопасности?	5	4324489
Da li si danas zauzet?	Ты сегодня занят?	5	3425001
Da li si izgubio nešto?	Вы что-то потеряли?	5	3419178
Da li si nekome rekao?	Ты кому-нибудь сказал?	5	3395325
Da li si nešto izgubio?	Вы что-то потеряли?	5	3424979
Da li si pronašao posao?	Ты нашёл работу?	5	3424980
Da li ste jeli nešto?	Вы что-нибудь ели?	5	4292394
Da li ste svi spremni?	Вы все готовы?	5	3268029
Da li ste vi dobro?	Вы в порядке?	5	3650720
Da li su oni visoki?	Они высокие?	5	3440828
Da li ti živiš ovde?	Ты живёшь здесь?	5	3341471
Da li ti živiš ovde?	Ты здесь живёшь?	5	3341471
Da li ti živiš tamo?	Ты там живёшь?	5	3412954
Da li veruješ u Boga?	Ты веришь в Бога?	5	3425699
Da li vi govorite engleski?	Вы говорите по-английски?	5	3311702
Da li volite svoju majku?	Вы любите свою маму?	5	4264009
Da li voliš crne mačke?	Ты любишь чёрных кошек?	5	3307024
Da li voliš da pišeš?	Ты любишь писать?	5	4248696
Da li voliš svoju majku?	Ты любишь свою маму?	5	4264004
Da li voliš tvoju majku?	Ты любишь свою маму?	5	3445850
Da li često dolazite ovde?	Вы часто сюда приходите?	5	5843372
Da li često dolaziš ovde?	Ты часто сюда приходишь?	5	5843371
Daj mi dan ili dva.	Дай мне день или два.	5	4324209
Dali su vode njihovim konjima.	Они напоили своих лошадей.	5	3414670
Dali su vode njihovim konjima.	Они напоили своих коней.	5	3414670
Dali su vode svojim konjima.	Они напоили своих лошадей.	5	3414671
Dali su vode svojim konjima.	Они напоили своих коней.	5	3414671
Dama uzima privatne časove klavira.	Дама берёт частные уроки игры на фортепиано.	5	5596944
Danas je nebo pokriveno oblacima.	Сегодня небо покрыто облаками.	5	5843301
Danas je pao prvi sneg.	Сегодня выпал первый снег.	5	4250231
Danas je tvojoj ćerki rođendan.	Сегодня день рождения твоей дочери.	5	3425426
Danas je veliki dan, sine!	Сегодня великий день, сын!	5	4249108
Danas je veliki dan, sinko!	Сегодня великий день, сынок!	5	4249109
Danas sam pročitao jednu knjigu.	Я сегодня прочитал одну книгу.	5	3386969
Dao sam joj moju adresu.	Я дал ей свой адрес.	5	3391983
Dao sam mu nekoliko knjiga.	Я дал ему несколько книг.	5	664811
Daću ti sve što želiš.	Я дам тебе всё, что ты хочешь.	5	2797705
Devojke su ga uvek volele.	Девушки всегда его любили.	5	3268096
Disciplina je najvažniji deo uspeha.	Дисциплина - самая важная часть успеха.	5	5588876
Do Pariza ima 50 kilometara.	До Парижа 50 километров.	5	3391480
Doktore, ja se zovem Mutaz.	Доктор, меня зовут Мутаз.	5	3391450
Donesi mi malo hladne vode.	Принеси мне немного холодной воды.	5	3438896
Došao je oko četiri sata.	Он пришёл около четырёх часов.	5	885110
Drži se podalje od mene.	Держись от меня подальше.	5	3425939
Evo ključa od mog stana.	Вот ключ от моей квартиры.	5	5396828
Film počinje u deset sati.	Фильм начинается в десять часов.	5	3418913
Francuski je nastao od Latinskog.	Французский произошёл от латинского.	5	3341481
Fudbal je moj omiljeni sport.	Футбол - мой любимый вид спорта.	5	3311478
Gde mogu da kupim kartu?	Где я могу купить карту?	5	3424523
Gde moram da promenim voz?	Где мне нужно сделать пересадку?	5	3384581
Gde se mogu kupiti knjige?	Где можно купить книги?	5	4972449
Gde si bio u Japanu?	Где ты был в Японии?	5	3304894
Gde si kupila ovu haljinu?	Где ты купила это платье?	5	3313554
Gde si našao ovaj nož?	Где ты нашёл этот нож?	5	4782996
Gde si našla ovaj nož?	Где ты нашла этот нож?	5	4782999
Gde si pronašao ovaj nož?	Где ты нашёл этот нож?	5	4782998
Gde si pronašla ovaj nož?	Где ты нашла этот нож?	5	4783000
Gde si video ovu ženu?	Где ты видел эту женщину?	5	714519
Glasina se proširila celim gradom.	Слух распространился по всему городу.	5	4248670
Glavni grad Holandije je Amsterdam.	Столица Голландии - Амстердам.	5	3275992
Glavni grad Japana je Tokijo.	Столица Японии — Токио.	5	3440820
Glavni grad Norveške je Oslo.	Столица Норвегии — Осло.	5	3387058
Govori li Tom stvarno francuski?	Том действительно говорит по-французски?	5	4239775
Greškom sam uzeo tvoj kišobran.	Я по ошибке взял твой зонтик.	5	3425160
Hajde da napravimo neke slike.	Давай нарисуем какие-нибудь картинки.	5	4273269
Hajde da slušamo malo muzike.	Давай немного послушаем музыку.	5	3418554
Hajdemo na kuglanje neki dan.	Давайте как-нибудь сходим в боулинг.	5	4249194
Hoćemo u Boston i Čikago.	Мы хотим в Бостон и Чикаго.	5	6567922
Hoću da naučim da plivam.	Я хочу научиться плавать.	5	3392059
Hoću da otpevam jednu pesmu.	Я хочу спеть одну песню.	5	3365521
Hristos voskrese! - Vaistinu voskrese!	"Христос воскресе!" - "Воистину воскресе!"	5	3484256
Hvala ti što me voliš.	Спасибо, что ты меня любишь.	5	4971848
I mali uspeh je važan.	Даже небольшой успех важен.	5	5588839
I posle nas - potop.	После нас - хоть потоп.	5	3439321
Idem u kupovinu svakog jutra.	Я хожу за покупками каждое утро.	5	3284680
Igrali smo poker ceo dan.	Мы целый день играли в покер.	5	4781282
Igrali smo poker ceo dan.	Мы весь день играли в покер.	5	4781282
Imala sam mnogo loš dan.	У меня был очень плохой день.	5	4274699
Imali su samo jedno dete.	У них был только один ребёнок.	5	938880
Imam kod kuće dva papagaja.	У меня дома два попугая.	5	3347571
Imam mnogo knjiga o jezicima.	У меня много книг о языках.	5	3350456
Imam mnogo knjiga o jezicima.	У меня много книг про языки.	5	3350456
Imam nekoliko prijatelja iz Kanade.	У меня есть несколько друзей из Канады.	5	5035475
Imam važan zadatak za tebe.	У меня есть для тебя важное задание.	5	3411096
Imam veliku kolekciju poštanskih marki.	У меня большая коллекция почтовых марок.	5	3275326
Imamo dobre šanse za pobedu.	У нас хорошие шансы на победу.	5	5029232
Imao sam mnogo loš dan.	У меня был очень плохой день.	5	4274697
Imate li vremena sutra poslepodne?	У вас будет время завтра после обеда?	5	894070
Imaš izbor između dve mogućnosti.	У тебя есть выбор между двумя возможностями.	5	3484700
Imaš li neku drugu ideju?	У тебя есть какая-нибудь другая идея?	5	3370088
Imaš li više od 18?	Тебе больше 18?	5	3424999
Informisao se o svim činjenicama.	Он ознакомился со всеми фактами.	5	5397822
Internet nije tvoja lična armija.	Интернет — не твоя личная армия.	5	4248481
Internet nije tvoja lična armija.	Интернет не твоя личная армия.	5	4248481
Ispekao sam pitu od jabuka.	Я испёк яблочный пирог.	5	4240720
Italijenski je moj maternji jezik.	Итальянский — мой родной язык.	5	3314440
Izgleda mlad za svoje godine.	Он выглядит молодо для своих лет.	5	3371468
Izgubila je svoj novi sat.	Она потеряла свои новые часы.	5	3393877
Izgubio sam interes za golf.	Я потерял интерес к гольфу.	5	3298962
Izrael je veoma mala zemlja.	Израиль - очень маленькая страна.	5	3424529
Izvinite, ali to nije moguće.	Извините, но это невозможно.	5	3318077
Izvinite, ko je ova žena?	Простите, кто эта женщина?	5	488807
Izvinite, ko je ova žena?	Извините, кто эта женщина?	5	488807
Izvinite, mama nije sada kući.	Извините, мамы сейчас нет дома.	5	3281220
Ja moram da mnogo čitam.	Я должен много читать.	5	3424907
Ja sam kasno jutros ustao.	Сегодня утром я встал поздно.	5	3288400
Ja sam ostavio otvorena vrata.	Я оставил дверь открытой.	5	3313487
Ja sam platila za to.	Я за это заплатила.	5	5841845
Ja sam platio za to.	Я за это заплатил.	5	5841843
Ja sam protiv tog projekta.	Я против этого проекта.	5	3298728
Ja sam spreman, a ti?	Я готов, а ты?	5	3371753
Ja sam to objasnio Tomu.	Я объяснил это Тому.	5	3414389
Ja sam veliki obožavatelj fudbala.	Я большой поклонник футбола.	5	4972204
Ja se sada dobro osećam.	Сейчас я чувствую себя хорошо.	5	13395223
Ja znam gde je on.	Я знаю, где он.	5	3391945
Jabuka je na pisaćem stolu.	Яблоко на письменном столе.	5	3256228
Jabuka je pala sa drveta.	Яблоко упало с дерева.	5	3497858
Japan nije veliki poput Kanade.	Япония небольшая по сравнению с Канадой.	5	3365557
Je li ovo mesto zauzeto?	Это место занято?	5	7010403
Jedan automobil stoji ispred zgrade.	Перед зданием стоит автомобиль.	5	3267487
Jedite supu dok je vruća.	Ешьте суп, пока он горячий.	5	5024379
Jesi li ikada video jednog?	Ты когда-нибудь видел такого?	5	5024879
Jesi li ikada video jednu?	Ты когда-нибудь видел такую?	5	5024882
Jesi li rekao Tomu ovo?	Ты сказал это Тому?	5	4261933
Jesi li slobodna u nedelju?	Ты свободна в воскресенье?	5	4239891
Jesi li videla Tomovu sobu?	Ты видела комнату Тома?	5	5039797
Jesi li videla mog psa?	Ты видела мою собаку?	5	5002305
Jesi li video mog psa?	Ты видел мою собаку?	5	5002297
Jesu li mi crvene uši?	У меня красные уши?	5	4324621
Jesu li mi uši crvene?	У меня уши красные?	5	4324622
Jesu li ovo vaše torbe?	Это ваши сумки?	5	4324650
Jesu li to moje naočare?	Это мои очки?	5	4324643
Jesu li to nove cipele?	Это новые туфли?	5	4324646
Jezik je oštriji od mača.	Язык острее меча.	5	6137826
Jutro je mudrije od večeri.	Утро вечера мудренее.	5	6088174
Jutro je pametnije od večeri.	Утро вечера мудренее.	5	6088176
Juče sam pričao sa Tomom.	Вчера я разговаривал с Томом.	5	5034784
Juče sam razgovarao sa Tomom.	Вчера я разговаривал с Томом.	5	5034789
Juče uveče sam slušao radio.	Вчера вечером я слушал радио.	5	3477994
Kada ona odlazi u inostranstvo?	Когда она уезжает за границу?	5	3356153
Kada se vraćaš iz Nemačke?	Когда ты возвращаешься из Германии?	5	3439229
Kada si bio u Bostonu?	Когда ты был в Бостоне?	5	3357150
Kada si imao prvu ljubav?	Когда у тебя была первая любовь?	5	3370591
Kada ćeś biti na stanici?	Когда ты будешь на станции?	5	3251064
Kako mogu da mrzim Toma?	Как я могу ненавидеть Тома?	5	4449742
Kako mogu da se zaštitim?	Как я могу себя защитить?	5	5002289
Kako mogu da ti pomognem?	Как я могу тебе помочь?	5	3429765
Kako se zove ova ulica?	Как называется эта улица?	5	3311752
Kako se zove taj restoran?	Как называется тот ресторан?	5	5002757
Kako su Tom i Meri?	Как Том и Мэри?	5	4324653
Kako ti je ime oca?	Как зовут твоего отца?	5	3317295
Kakvu hranu voliš da kuvaš?	Какую еду ты любишь готовить?	5	4239896
Kao u stara lepa vremena.	Как в старые добрые времена.	5	6196055
Kiša je dobovala o prozor.	Дождь барабанил в окно.	5	3253815
Kiša je padala tri dana.	Дождь шёл три дня.	5	3305662
Kiša je prešla u sneg.	Дождь перешёл в снег.	5	3418839
Kiša je trajala tri dana.	Дождь продолжался три дня.	5	899412
Knjiga je pala na pod.	Книга упала на пол.	5	4967504
Knjige su moji najbolji prijatelji.	Книги - мои лучшие друзья.	5	923291
Ko je napisao ovu knjigu?	Кто написал эту книгу?	5	3356455
Ko je napisao to pismo?	Кто написал то письмо?	5	3311757
Ko je ostavio otvorena vrata?	Кто оставил дверь открытой?	5	939957
Ko je ostavio otvorena vrata?	Кто оставил ворота открытыми?	5	939957
Ko je tvoj učitelj engleskog?	Кто твой учитель английского?	5	893071
Ko je vlasnik ove gitare?	Кто владелец этой гитары?	5	3305733
Ko od tvojih prijatelja dolazi?	Кто из твоих друзей придёт?	5	3305851
Ko su moji novi susedi?	Кто мои новые соседи?	5	3425091
Ko su ova tri muškarca?	Кто эти трое мужчин?	5	5039846
Ko živi u susednoj kući?	Кто живёт в соседнем доме?	5	4975962
Koja je tvoja krvna grupa?	Какая у тебя группа крови?	5	3248301
Koji je glavni grad Finske?	Какая столица у Финляндии?	5	3250712
Koji je tvoj omiljeni film?	Какой у тебя любимый фильм?	5	898383
Koji jezik govore u Meksiku?	На каком языке говорят в Мексике?	5	3262892
Koji jezik ima najkomplikovaniju gramatatiku?	У какого языка самая сложная грамматика?	5	3244742
Koliko dugo već živite ovde?	Как долго вы уже живёте здесь?	5	5909466
Koliko ima konja u Švedskoj?	Сколько в Швеции лошадей?	5	3296167
Koliko imaš braće i sestara?	Сколько у тебя братьев и сестёр?	5	3362096
Koliko je dugačka reka Nil?	Какой длины река Нил?	5	4262004
Koliko je dugo banka otvorena?	Как долго открыт банк?	5	3366620
Koliko je ljudi na slici?	Сколько людей на картине?	5	3477701
Koliko je odavde do parka?	Сколько отсюда до парка?	5	3245649
Koliko je star ovaj avion?	Сколько лет этому самолёту?	5	5039790
Koliko ljudi je bilo tamo?	Сколько там было человек?	5	4243436
Koliko ljudi je bilo tamo?	Сколько человек там было?	5	4243436
Koliko ljudi je bilo tamo?	Сколько людей там было?	5	4243436
Koliko nam je novca potrebno?	Сколько нам нужно денег?	5	4781336
Koliko ona ima telefonskih brojeva?	Сколько у неё телефонных номеров?	5	3429738
Koliko često Tom dolazi ovde?	Как часто Том приходит сюда?	5	3418587
Koliko često ideš u Boston?	Как часто ты ездишь в Бостон?	5	4239898
Koristimo mnogo vode svaki dan.	Мы каждый день расходуем много воды.	5	3267427
Kralj je zloupotrebio svoju moć.	Король злоупотреблял своей властью.	5	714486
Kreč se meša sa vodom.	Известь смешивается с водой.	5	3472735
Kupila je knjigu u prodavnici.	Она купила книгу в магазине.	5	3357131
Kupio je knjigu u prodavnici.	Он купил книгу в магазине.	5	3357135
Kupio mi je novi rečnik.	Он купил мне новый словарь.	5	3266914
Kupio sam šargarepe i kelerabu.	Я купил морковь и кольраби.	5	3644196
Laku noć i lepi snovi!	Спокойной ночи и приятных снов!	5	3450957
Lejla ima širok krug prijatelja.	У Лейлы широкий круг друзей.	5	6024225
Lepo je videti te ovde.	Приятно видеть тебя здесь.	5	3494430
Maja Keuc je dobra pevačica.	Майя Кеуц — хорошая певица.	5	12406380
Maja Keuc je slovenačka pevačica.	Майя Кеуц — словенская певица.	5	12406436
Majk i Ken su prijatelji.	Майк и Кен - друзья.	5	3305522
Majčino srce nikada ne greši.	Материнское сердце никогда не ошибается.	5	5650882
Male ribe plivaju u akvarijumu.	В аквариуме плавают маленькие рыбки.	5	3402680
Malo ljudi doživi sto godina.	Немногие люди доживают до ста лет.	5	3243162
Mama mi je kupila knjigu.	Мама купила мне книгу.	5	3477963
Mama će nam kupiti štene.	Мама купит нам щенка.	5	4784559
Maria je kupila sebi mikroskop.	Мария купила себе микроскоп.	5	4434771
Marija i Maki su sestre.	Мария и Маки - сёстры.	5	3313755
Marija i ja radimo zajedno.	Мы с Марией работаем вместе.	5	3342339
Marija je dobila na težini.	Мария набрала вес.	5	3368236
Marija je moje usvojeno dete.	Мария - мой приёмный ребёнок.	5	3445798
Marija zna da govori japanski.	Мария умеет говорить по-японски.	5	3391943
Marija zna vrlo dobro Norveški.	Мария очень хорошо знает норвежский.	5	3370951
Mariji su potrebne nove pantalone.	Марии нужны новые брюки.	5	3469430
Mario i Luiđi su braća.	Марио и Луиджи — братья.	5	3254421
Mario je kupio sebi mikroskop.	Марио купил себе микроскоп.	5	4434770
Matematika je osnova svim naukama.	Математика - основа всех наук.	5	3478041
Mačka je zaspala na stolu.	Кошка заснула на столе.	5	3440668
Mi mu se ne sviđamo.	Мы ему не нравимся.	5	3425835
Mi smo doživeli tri rata.	Мы пережили три войны.	5	3396040
Mi tu ništa ne možemo.	Мы тут ничего не можем.	5	4251209
Mi znamo ko je on.	Мы знаем, кто он.	5	3396034
Mi znamo ko si ti.	Мы знаем, кто ты такой.	5	3441067
Milano je glavni grad Lombardije.	Милан - столица Ломбардии.	5	3370970
Mislim da Tom voli bejzbol.	Я думаю, Том любит бейсбол.	5	5002793
Mislim da Tomu treba pomoć.	Я думаю, Тому нужна помощь.	5	4975985
Mislim da niko ne zna.	Думаю, никто не знает.	5	4250301
Mislim da smo imali sreće.	Я думаю, что нам повезло.	5	5002942
Mislim da su svi spremni.	Думаю, все готовы.	5	5002738
Miš beži od gladne mačke.	Мышь убегает от голодной кошки.	5	3478668
Mnogi misle da sam glup.	Многие думают, что я глупый.	5	3361902
Mnogo je brodova u luci.	В порту много кораблей.	5	3313396
Mnogo je ljudi u parku.	В парке много людей.	5	3438701
Mnogo vam hvala, moji prijatelji!	Большое вам спасибо, мои друзья!	5	5397783
Mogao sam da iskoristim to.	Я мог это использовать.	5	4254055
Mogla sam da iskoristim to.	Я могла это использовать.	5	4254056
Mogu da nosim veliki teret.	Я могу нести большой груз.	5	3343550
Mogu da otpevam drugu pesmu.	Я могу спеть другую песню.	5	5397825
Mogu da pevam drugu pesmu.	Я могу спеть другую песню.	5	5397824
Mogu da čitam bez naočara.	Я могу читать без очков.	5	3311743
Mogu da živim bez vode.	Я могу жить без воды.	5	2655864
Mogu li da idem prvi?	Я могу пойти первым?	5	3424995
Mogu li da otvorim prozor?	Я могу открыть окно?	5	4262026
Mogu li da pitam zašto?	Я могу спросить почему?	5	4449723
Mogu li da postavim pitanje?	Я могу задать вопрос?	5	3371636
Mogu li da te poljubim?	Я могу тебя поцеловать?	5	5949315
Mogu li da ti pomognem?	Я могу тебе помочь?	5	3290643
Mogu li dobiti čašu vode?	Можно мне стакан воды?	5	3318076
Mogu li uzeti tvoj rečnik?	Могу я взять твой словарь?	5	6906530
Moj arapski nije naročito dobar.	Мой арабский не особо хорош.	5	3414597
Moj automobil je u garazi.	Мой автомобиль в гараже.	5	6024223
Moj brat igra dobro tenis.	Мой брат хорошо играет в теннис.	5	3313560
Moj brat je pronašao rešenje.	Мой брат нашёл решение.	5	3344156
Moj brat koristi ovaj bicikl.	Мой брат пользуется этим велосипедом.	5	3311749
Moj brat radi u Francuskoj.	Мой брат работает во Франции.	5	3438778
Moj deda je rođen 1920.	Мой дедушка родился в 1920 году.	5	3391358
Moj deda je rođen 1920.	Мой дед родился в 1920 году.	5	3391358
Moj mali brat gleda TV.	Мой младший брат смотрит телевизор.	5	3371585
Moj mlađi brat gleda TV.	Мой младший брат смотрит телевизор.	5	3371580
Moj muž je dobar čovek.	Мой муж — хороший человек.	5	4784608
Moj muž je izgubio posao.	Мой муж потерял работу.	5	4971851
Moj muž sve vreme pije.	Мой муж всё время пьёт.	5	3476375
Moj otac ima dobar posao.	У моего отца хорошая работа.	5	3370988
Moj otac ima poremećaj ličnosti.	У моего отца расстройство личности.	5	3370990
Moj otac je nastavnik Engleskog.	Мой отец - преподаватель английского.	5	3288330
Moj otac je rekao ne.	Мой отец сказал нет.	5	6548137
Moj otac je trenutno zauzet.	Мой отец в данный момент занят.	5	3304230
Moj otac je vozač autobusa.	Мой отец - водитель автобуса.	5	3430917
Moj otac ne voli fudbal.	Мой отец не любит футбол.	5	3286443
Moj otac radi u fabrici.	Мой отец работает на фабрике.	5	3244711
Moj otac sluša klasičnu muziku.	Мой отец слушает классическую музыку.	5	3644178
Moj pas ima dugačak rep.	У моей собаки длинный хвост.	5	3313606
Moj posao je moj hobi.	Моя работа - моё хобби.	5	3340695
Moj prijatelj studira u inostranstvu.	Мой друг учится за границей.	5	3318120
Moj sat mora biti popravljen.	Мои часы нужно починить.	5	3343439
Moj sat pokazuje tačno vreme.	Мои часы показывают точное время.	5	664819
Moj ujak ima veliku porodicu.	У моего дяди большая семья.	5	3440452
Moj ujak živi blizu škole.	Мой дядя живёт недалеко от школы.	5	3387245
Moj život je u opasnosti.	Моя жизнь в опасности.	5	3425098
Moja baka ima brata blizanca.	У моей бабушки есть брат-близнец.	5	3476188
Moja je porodica volela Toma.	Моя семья любила Тома.	5	3414398
Moja majka je bila alkoholičarka.	Моя мать была алкоголичкой.	5	4971936
Moja sestra vrlo lepo peva.	Моя сестра очень красиво поёт.	5	3648841
Moji klijenti su uvek zadovoljni.	Мои клиенты всегда довольны.	5	5397831
Moji me prijatelji zovu profesor.	Друзья зовут меня профессором.	5	3478029
Molim Vas izvinite što kasnim.	Пожалуйста, извините за опоздание.	5	3382594
Molim Vas ne otvarajte prozor.	Пожалуйста, не открывайте окно.	5	800024
Molim Vas popunite ovaj formular.	Пожалуйста, заполните этот бланк.	5	3253889
Molim te da mi veruješ.	Пожалуйста, поверь мне.	5	4246083
Molim te govori malo glasnije.	Пожалуйста, говори чуть погромче.	5	3248283
Moram da mislim na decu.	Я должен думать о детях.	5	5843289
Moram da napunim akvarijum vodom.	Мне нужно наполнить аквариум водой.	5	3300733
Morate učiti od svojih grešaka.	Вы должны учиться на своих ошибках.	5	3311733
Moraš da sačekaš sledeći autobus.	Ты должен подождать следующего автобуса.	5	3478031
Možeš li da ovo otvoriš?	Ты можешь это открыть?	5	3439344
Mraz i sunce, predivan dan!	Мороз и солнце; день чудесный!	5	5674509
Muž mi je izgubio posao.	Мой муж потерял работу.	5	4971852
Na koju si hranu alergičan?	На какую пищу у тебя аллергия?	5	4238343
Najlepši cvetovi imaju najoštrije trnje.	У самых красивых цветов самые острые шипы.	5	3429712
Naoko živi u beloj kući.	Наоко живёт в белом доме.	5	2763053
Napisao je knjigu o Kini.	Он написал книгу о Китае.	5	3305653
Napisao je knjigu u Kini.	Он написал книгу в Китае.	5	3305651
Napisao sam pesmu o Tatoebi.	Я написал песню про Татоэбу.	5	3368061
Napokon sam zavrsio svoj zadatak.	Наконец я закончил своё задание.	5	3125195
Napravio sam mnogo glupih grešaka.	Я сделал много глупых ошибок.	5	5308573
Naravno, Tom voli svoju decu.	Конечно, Том любит своих детей.	5	4986725
Nazovi me ako pronađeš nešto.	Позвони мне, если что-нибудь найдёшь.	5	3266907
Naš učitelj je prilično duhovit.	Наш учитель достаточно остроумный.	5	4248482
Naša učiteljica je prilično duhovita.	Наша учительница достаточно остроумна.	5	4248483
Naša škola postoji 80 godina.	Нашей школе 80 лет.	5	3392032
Ne mogu da to uradim.	Я не могу этого сделать.	5	3425938
Ne mogu da više jedem.	Я не могу больше есть.	5	3390086
Ne mogu da zaboravim to.	Я не могу этого забыть.	5	4250679
Ne mogu ti reci istinu.	Я не могу тебе сказать правду.	5	930875
Ne mogu ti reci istinu.	Я не могу сказать тебе правду.	5	930875
Ne moraš da to pojedeš.	Ты не должен это есть.	5	3380023
Ne možeš da nas otpustiš.	Ты не можешь нас отпустить.	5	3644986
Ne možeš da sada ideš.	Ты не можешь сейчас идти.	5	3645033
Ne postoji pravilo bez izuzetka.	Нет правила без исключения.	5	6196050
Ne razumem šta govori učitelj.	Я не понимаю, что говорит учитель.	5	4246016
Ne selim se u Boston.	Я не переезжаю в Бостон.	5	4972311
Ne sećam se njegovog imena.	Я не помню его имени.	5	4308107
Ne stavljaj laktove na sto.	Не клади локти на стол.	5	4240734
Ne stavljaj laktove na sto.	Не ложи локти на стол.	5	4240734
Ne treba da radiš nedeljom.	Тебе не нужно работать по воскресеньям.	5	3359648
Ne vidim ko je to.	Я не вижу, кто это.	5	4251253
Ne zna da vozi bicikl?	Он не умеет ездить на велосипеде?	5	5596468
Ne zna da vozi bicikl?	Она не умеет ездить на велосипеде?	5	5596468
Ne znam ništa o njemu.	Я ничего о нём не знаю.	5	3366777
Ne znam ništa o njoj.	Я ничего о ней не знаю.	5	3366779
Ne znam ništa o ženama.	Я ничего не знаю о женщинах.	5	3440632
Ne znam šta se dogodilo.	Я не знаю, что произошло.	5	3394627
Ne znam šta se dogodilo.	Я не знаю, что случилось.	5	3394627
Ne želim da idem sam.	Я не хочу идти один.	5	884468
Ne želim ništa od tebe.	Я ничего от тебя не хочу.	5	3394935
Ne živim daleko od škole.	Я живу недалеко от школы.	5	3371002
Ne živim u ovom gradu.	Я не живу в этом городе.	5	2925848
Ne živim u tom gradu.	Я не живу в том городе.	5	2925852
Nebo je bilo prekriveno oblacima.	Небо было покрыто тучами.	5	3366703
Nebo je postajalo sve tamnije.	Небо становилось всё темнее.	5	3366727
Nedeljom nikada nisam kod kuće.	По воскресеньям меня никогда не бывает дома.	5	3357080
Neka mačka je ispod stola.	Под столом какая-то кошка.	5	3430386
Neko je u ovoj sobi.	В этой комнате кто-то есть.	5	3414566
Nemam ništa novca kod mene.	У меня нет с собой нисколько денег.	5	3311700
Nemam ništa zajedničkog sa njima.	У меня нет с ними ничего общего.	5	3484108
Nemam o čemu da pišem.	Мне не о чем писать.	5	4248813
Nemam pojima šta se dešava.	Понятия не имею, что происходит.	5	3298908
Nemam reči, koliko sam zahvalan.	У меня нет слов, насколько я благодарен.	5	3266836
Nemam želju da uradim to.	У меня нет желания это делать.	5	4250579
Nemačka se graniči sa Holandijom.	Германия граничит с Голландией.	5	3439124
Nemoguće je živeti bez vode.	Невозможно жить без воды.	5	3265626
Nemoj da jedeš kao svinja.	Не ешь как свинья.	5	3535661
Nemoj da ovde igraš bejzbol.	Не играй здесь в бейсбол.	5	3265507
Nemoj da zaboraviš moje ime!	Не забывай моё имя!	5	3414405
Nesreća nikad ne dolazi sama.	Беда никогда не приходит одна.	5	3288896
Nešto je ležalo na zemlji.	Что-то лежало на земле.	5	4250733
Nije zlato sve što sija.	Не всё то золото, что блестит.	5	11932718
Nik mi duguje deset dolara.	Ник должен мне десять долларов.	5	3311613
Nikad nisam bio vernik Hrišćanstva.	Я никогда не был верующим христианином.	5	664760
Nikad ranije nismo igrali fudbal.	Мы никогда раньше не играли в футбол.	5	5035430
Nikad se nećemo vratiti tamo.	Мы никогда туда больше не вернёмся.	5	4983352
Nikad ti nisam ništa obećao.	Я тебе никогда ничего не обещал.	5	3395248
Nikada ranije nisam opazila to.	Я никогда раньше этого не замечала.	5	5035503
Nikada ranije nismo igrale fudbal.	Мы никогда раньше не играли в футбол.	5	5035432
Nikada ranije nismo igrali fudbal.	Никогда раньше мы в футбол не играли.	5	5035431
Niko ne vidi moje suze.	Никто не видит моих слёз.	5	3391984
Niko nije brz kao vi.	Нет никого быстрее вас.	5	4292348
Niko ovde ne jede meso.	Никто здесь не ест мясо.	5	4250731
Nisam ljut ni na koga.	Я ни на кого не злюсь.	5	4972234
Nisam nikada čitao tu knjigu.	Я никогда не читал ту книгу.	5	3304406
Nisam razumeo šta je rekao.	Я не понял, что он сказал.	5	5594072
Nisam te ranije viđala ovde.	Я тебя раньше здесь не видела.	5	4264055
Nisam toliko visok kao ti.	Я не такой высокий, как ты.	5	665274
Nisi bio juče u školi.	Тебя вчера не было в школе.	5	3307057
Nisu svi studenti bili prisutni.	Не все студенты присутствовали.	5	3243950
Njegovo ime nije na listi.	Его имени нет в списке.	5	3265560
Njen prijatelj voli svog psa.	Её друг любит свою собаку.	5	3478030
Njeno ime je bilo nepoznato.	Её имя было неизвестно.	5	5919546
Norveška je moja nova domovina.	Норвегия - моя новая родина.	5	3362168
O tome ne treba brinuti.	Об этом не нужно беспокоиться.	5	3299756
Obe moje sestre su učitelji.	Обе мои сестры - учителя.	5	5035492
Obe moje sestre su učiteljice.	Обе мои сестры - учительницы.	5	5035489
Obično nisam u kancelariji ponedeljkom.	Обычно меня не бывает в офисе по понедельникам.	5	4250312
Obožavam da idem u bioskop.	Я обожаю ходить в кино.	5	3304229
Ofarbao je plafon u plavo.	Он выкрасил потолок в синий цвет.	5	3242717
Ofarbao je plafon u plavo.	Он покрасил потолок в голубой цвет.	5	3242717
Ogromna moć leži u rečima.	В словах заключена огромная сила.	5	5626598
Olovka je na pisaćem stolu.	Карандаш лежит на письменном столе.	5	3386944
On bi nas sve pobio!	Он нас всех угробит!	5	5651572
On igra tenis svaki dan.	Он играет в теннис каждый день.	5	3253154
On igra tenis svaki dan.	Он каждый день играет в теннис.	5	3253154
On ima nešto protiv mene.	Он что-то против меня имеет.	5	3313446
On ima nešto u džepu.	У него что-то в кармане.	5	3445882
On ima velike plave oči.	У него большие голубые глаза.	5	3535745
On je bio moj kolega.	Он был моим коллегой.	5	3506040
On je došao u sobu.	Он вошёл в комнату.	5	900754
On je moj biološki otac.	Он мой биологический отец.	5	3424948
On je moja prva ljubav.	Он моя первая любовь.	5	3370594
On je napisao dve knjige.	Он написал две книги.	5	3303491
On je otkrio novu zvezdu.	Он открыл новую звезду.	5	3306836
On je sa svojim roditeljima.	Он со своими родителями.	5	3424943
On misli da zna sve.	Он думает, что знает всё.	5	939021
On ne jede sirovu ribu.	Он не ест сырую рыбу.	5	805709
On nikada ne ide vozom.	Он никогда не ездит на поезде.	5	3424958
On nikada ne ide vozom.	Он никогда не ездит поездом.	5	3424958
On puno govori o njoj.	Он много говорит о ней.	5	5397812
On sada živi u stanu.	Он сейчас живёт в квартире.	5	3327342
On se vratio iz Amerike.	Он вернулся из Америки.	5	3248250
On se šetao kroz šumu.	Он гулял по лесу.	5	3440827
On stalno krivi druge ljude.	Он постоянно обвиняет других людей.	5	890871
On stalno postavlja glupa pitanja.	Он постоянно задаёт глупые вопросы.	5	3435118
On veoma dobro govori španski.	Он очень хорошо говорит по-испански.	5	3484249
On želi čašu hladne vode.	Он хочет стакан холодной воды.	5	3300834
Ona danas izgleda veoma srećno.	Она сегодня выглядит очень счастливой.	5	3393886
Ona ima i dobru memoriju.	У неё и память хорошая.	5	3366225
Ona izgleda kao grčka boginja.	Она похожа на греческую богиню.	5	6813506
Ona je ljuta na mene.	Она на меня сердится.	5	934210
Ona je ljuta na mene.	Она на меня злится.	5	934210
Ona je moja prva ljubav.	Она моя первая любовь.	5	3370592
Ona je pevala neku pesmu.	Она пела какую-то песню.	5	3425420
Ona je prijateljica moje sestre.	Она подруга моей сестры.	5	6197183
Ona je takođe kupila rečnik.	Она тоже купила словарь.	5	3304427
Ona je već bila trudna.	Она уже была беременна.	5	3304830
Ona malo zna arapski jezik.	Она немного знает арабский язык.	5	3393555
Ona ponekad piše svome sinu.	Она иногда пишет своему сыну.	5	3245616
Ona pravi od komarca slona.	Она делает из мухи слона.	5	3440928
Ona se mnogo plaši zmija.	Она очень боится змей.	5	3256196
Ona se rodila prošle godine.	Она родилась в прошлом году.	5	3392085
Ona spava sa dva jastuka.	Она спит на двух подушках.	5	3393585
Ona uvek nosi drečavu odeću.	Она всегда носит вызывающую одежду.	5	4243560
Ona voli poeziju i muziku.	Она любит поэзию и музыку.	5	3386920
Ona živi daleko od mene.	Она живёт далеко от меня.	5	3650956
Oni kupuju povrće u supermarketu.	Они покупают овощи в супермаркете.	5	892939
Oni moraju da piju vodu.	Они должны пить воду.	5	3304811
Oni moraju sutra da rade.	Они должны завтра работать.	5	3395200
Oni nemaju krov nad glavom.	У них нет крыши над головой.	5	935622
Oni prodaju ribu i meso.	Они продают рыбу и мясо.	5	938341
Oni su pokušavali tri puta.	Они пробовали три раза.	5	3313480
Oni žele da te upoznaju.	Они хотят с тобой познакомиться.	5	3430407
Ono tamo je naša kuća.	Вон там наш дом.	5	3440843
Osam minus šest je dva.	Восемь минус шесть — два.	5	3370919
Osam plus deset je osamnaest.	Восемь плюс десять — восемнадцать.	5	3370904
Oslo je glavni grad Norveške.	Осло - столица Норвегии.	5	3439249
Ostavi moj auto na miru.	Оставь мою машину в покое.	5	3425858
Otac mi je kupio knjigu.	Отец купил мне книгу.	5	3243678
Otvorite stanu devet u knjizi.	Откройте книгу на девятой странице.	5	3366626
Ova knjiga je o zvezdama.	Это книга о звёздах.	5	3438840
Ova knjiga je veoma korisna.	Эта книга очень полезная.	5	3266451
Ova knjiga košta 3000 jena.	Эта книга стоит три тысячи иен.	5	4975954
Ova kutija je skoro prazna.	Эта коробка почти пустая.	5	4790620
Ova kuća ima dva kupatila.	В этом доме две ванных комнаты.	5	3347554
Ova mi je košulja premala.	Эта рубашка мне мала.	5	3384609
Ova supa ima ukus ribe.	У этого супа рыбный вкус.	5	6582989
Ova zemlja daje dobar prinos.	Эта земля даёт хороший урожай.	5	3265460
Ovaj argument je čista retorika.	Этот аргумент - чистая риторика.	5	3391948
Ovaj je najbolji od svih.	Этот — лучший из всех.	5	13395063
Ovaj posao nije bio lak.	Эта работа не была лёгкой.	5	5306457
Ovaj voz ide za Njujork.	Этот поезд идёт до Нью-Йорка.	5	3244016
Ovaj šešir je iz Australije.	Эта шляпа из Австралии.	5	3282893
Ovako je trebalo da bude.	Вот как это должно было быть.	5	4238252
Ovde moraš da govoriš engleski.	Здесь ты должен говорить по-английски.	5	3359667
Ovde moraš da govoriš engleski.	Здесь ты должна говорить по-английски.	5	3359667
Ovde smo živeli od jula.	Здесь мы жили с июля.	5	3253011
Ovde ćeš neminovno postati sujeveran.	Тут поневоле станешь суеверным.	5	5651582
Ovo je bila glupa greška.	Это была глупая ошибка.	5	3281967
Ovo je bilo razumno pravilo.	Это было разумное правило.	5	3477610
Ovo je bio veliki uspeh.	Это был большой успех.	5	3472817
Ovo je bio veliki uspeh.	Это было большим успехом.	5	3472817
Ovo je ispalo sa kamiona.	Это выпало из грузовика.	5	4253931
Ovo je kuća gospodina Jamade.	Это дом господина Ямады.	5	3260911
Ovo je moj brat, Tom.	Это мой брат Том.	5	4784535
Ovo je moj brat, Tom.	Это мой брат - Том.	5	4784535
Ovo je moj pisaći sto.	Это мой письменный стол.	5	2502342
Ovo je moj treći brak.	Это мой третий брак.	5	5002924
Ovo je moja sestra, Meri.	Это моя сестра Мэри.	5	4784534
Ovo je vrlo dobra rečenica.	Это очень хорошее предложение.	5	3494479
Ovo meso ima loš miris.	У этого мяса неприятный запах.	5	3311696
Ovo mora da je važno.	Это должно быть важно.	5	4261819
Ovo nije voda za piće.	Это не питьевая вода.	5	4243557
Ovo su moji najbolji prijatelji.	Это мои лучшие друзья.	5	5002915
Ovo će biti vrlo interesantno.	Это будет очень интересно.	5	3534964
Ovu pesmu je lako naučiti.	Эту песню легко выучить.	5	3288948
Pa gde je Tom otišao?	Ну и куда Том пошёл?	5	4251054
Pa šta je Tom rekao?	Ну и что Том сказал?	5	4251056
Pa šta je Tom video?	Ну и что Том увидел?	5	4251055
Pa šta je Tom video?	И что Том видел?	5	4251055
Pa, takve stvari se dešavaju.	Что ж, бывает.	5	4784493
Pa, to je onda jasno.	Ну тогда понятно.	5	3484710
Pa, šta je tvoja tajna?	Так что у тебя за тайна?	5	4261744
Padao je sneg celog dana.	Весь день шёл снег.	5	3278171
Padao je sneg celog dana.	Целый день шёл снег.	5	3278171
Pas brže trči od čoveka.	Собака бегает быстрее, чем человек.	5	3366094
Persijska mačka spava ispod stola.	Персидская кошка спит под столом.	5	3313498
Pevala je bolje nego obično.	Она пела больше, чем обычно.	5	3393645
Pevala je dok se šetala.	Она пела, пока гуляла.	5	3393656
Pisaći sto je prekriven prašinom.	Письменный стол покрыт пылью.	5	3317253
Pogrešno si napisao moje ime.	Ты неправильно написал моё имя.	5	3544592
Pokazaću ti moj novi auto.	Я покажу тебе мою новую машину.	5	665290
Pokaži mi šta si kupio.	Покажи мне, что ты купил.	5	3366752
Pokušavam da osvojim njeno srce.	Я пытаюсь завоевать её сердце.	5	3391871
Policija je odbacila mogućnost samoubistva.	Полиция исключила возможность самоубийства.	5	5029227
Policija je uhapsila četiri muškarca.	Полиция арестовала четверых мужчин.	5	3644296
Popeo sam se kroz prozor.	Я залез через окно.	5	3412937
Poslala sam mapu Tomu faksom.	Я отправила карту Тому по факсу.	5	4324245
Postoji mnogo galaksija u univerzumu.	Во Вселенной есть много галактик.	5	890855
Postoji mnogo galaksija u univerzumu.	Во Вселенной много галактик.	5	890855
Potreban mi je dobar rečnik.	Мне нужен хороший словарь.	5	4967419
Pozli mi kada vidim krv.	Мне становится плохо, когда я вижу кровь.	5	3366868
Poznajem čoveka koji govori latinski.	Я знаком с человеком, который говорит по-латински.	5	3384081
Poznajem čoveka koji govori latinski.	Я знакома с человеком, который говорит по-латински.	5	3384081
Poznajem čoveka koji govori latinski.	Я знаю человека, который говорит по-латински.	5	3384081
Prestao sam sa jedenjsm mesa.	Я перестал есть мясо.	5	3298915
Prestar sam ja za ovo.	Я слишком стар для этого.	5	4781920
Prestara sam ja za ovo.	Я слишком старая для этого.	5	4781922
Prevedi ove rečenice na engleski.	Переведи эти предложения на английский.	5	3311590
Pričajte mi o svom učitelju.	Расскажите мне про своего учителя.	5	6536985
Problem je što je preskupo.	Проблема в том, что это слишком дорого.	5	665254
Pročitao sam obe ove knjige.	Я прочитал обе эти книги.	5	3298671
Pua je pevao u crkvi.	Пуа пел в церкви.	5	3281011
Puno sam mislila na tebe.	Я много думала о тебе.	5	800104
Puno sam mislio na tebe.	Я много думал о тебе.	5	800010
Razlikujemo žive i nežive objekte.	Мы различаем живые и неживые объекты.	5	3374219
Reci Tomu da sam spreman.	Скажи Тому, что я готов.	5	4781303
Reci Tomu da sam spremna.	Скажи Тому, что я готова.	5	4781305
Reci mi da nije istina.	Скажи мне, что это неправда.	5	4253849
Reci mi šta je ovo.	Скажи мне, что это.	5	4971947
Reci mi šta je ovo.	Скажи мне, что это такое.	5	4971947
Reci mi šta je to.	Скажи мне, что это.	5	4971953
Reci mi šta si napisala.	Скажи мне, что ты написала.	5	4261896
Reci mi šta si napisao.	Скажи мне, что ты написал.	5	4261895
Reka je preplavila celu oblast.	Река затопила целую область.	5	3248395
Reka je preplavila celu oblast.	Река затопила всю область.	5	3248395
Reka teče, ali kamenje ostaje.	Река течёт, а камни остаются.	5	3340364
Rekao si da si spreman.	Ты сказал, что готов.	5	5955213
Riba je dobra za tebe.	Рыба для тебя полезна.	5	4243481
Sada je skoro tri sata.	Сейчас почти три часа.	5	3314408
Sada možeš da ideš kući.	Теперь можешь идти домой.	5	3425531
Sada možeš ići na spavanje.	Теперь можешь идти спать.	5	5594070
Sada sedim ispred mog računara.	Сейчас я сижу перед моим компьютером.	5	3435401
Sada treba da ideš kući.	Сейчас тебе нужно идти домой.	5	3359665
Sakrio sam se ispod stola.	Я спрятался под столом.	5	665379
Samo hoćemo da idemo kući.	Мы просто хотим пойти домой.	5	4273275
Sastanak je trajao dva sata.	Встреча продолжалась два часа.	5	3419099
Sedam minus četiri je tri.	Семь минус четыре — три.	5	3370914
Sedam minus četiri je tri.	Семь минус четыре будет три.	5	3370914
Siromašni seljani su jeli krompir.	Бедные крестьяне ели картошку.	5	3394888
Slobodno možeš da pitaš Toma.	Ты легко можешь спросить Тома.	5	5843292
Sneg je padao celu noć.	Снег шёл всю ночь.	5	3371255
Sneg je padao celu noć.	Снег шёл целую ночь.	5	3371255
Sneg se topi u proleće.	Весной снег тает.	5	835326
Soba je bila puna ljudi.	Комната была полна людей.	5	3463563
Srbi su stari slovenski narod.	Сербы - древний славянский народ.	5	1183421
Srećan rođendan, moj dragi prijatelju!	С днём рождения, мой дорогой друг!	5	3350449
Stidim se lenjivosti mog sina.	Мне стыдно, что у меня такой ленивый сын.	5	3327899
Studirao sam Francuski četiri godine.	Я изучал французский четыре года.	5	3334417
Sutra sam ceo dan kući.	Завтра я весь день дома.	5	5843359
Sutra sam ceo dan kući.	Завтра я целый день дома.	5	5843359
Sutra sam kući ceo dan.	Завтра я весь день дома.	5	5843360
Sutra ću ići u prodavnicu.	Завтра я пойду в магазин.	5	3287645
Sutra ću ti to dati.	Завтра я тебе это дам.	5	3424546
Svakog dana ustajem u sedam.	Я каждый день встаю в семь.	5	3395124
Sve ove knjige su moje.	Все эти книги мои.	5	3485473
Sve vidiš u crnim bojama.	Ты всё видишь в чёрном цвете.	5	4245998
Svi govore dobro o njoj.	Все говорят о ней хорошо.	5	938344
Svi putevi vode u Rim.	Все дороги ведут в Рим.	5	3294873
Svi smo umorni od ovoga.	Мы все от этого устали.	5	5043464
Sviđa mi se instrumentalna muzika.	Мне нравится инструментальная музыка.	5	3387077
Sviđa mi se tvoj auto.	Мне нравится твоя машина.	5	3318084
Sviđaju mi se ovi šeširi.	Мне нравятся эти шляпы.	5	3411092
Sviđaju mi se tvoji psi.	Мне нравятся твои собаки.	5	3411091
Sviđaju mi se tvoji članci.	Мне нравятся твои статьи.	5	3343892
Taj sat žuri jedan minut.	Те часы спешат на одну минуту.	5	665165
Tamo nije bilo žive duše.	Там не было ни одной живой души.	5	897936
Tamo smo živeli šest nedelja.	Мы там жили шесть недель.	5	3465618
Telefon nije prestao da zvoni.	Телефон не прекращал звонить.	5	894049
Telefon nije prestao da zvoni.	Телефон звонил, не переставая.	5	894049
Telefon nije prestao da zvoni.	Телефон не переставал звонить.	5	894049
Tečno je govorila Francuski jezik.	Она свободно говорила по-французски.	5	3392074
Ti govoriš kao moja baba.	Ты говоришь как моя бабушка.	5	3284686
Ti možeš bolje od ovoga.	Ты можешь больше, чем это.	5	3395225
Ti nikada nisi bio srećan.	Ты никогда не был счастлив.	5	3357501
Ti si jedan od nas.	Ты один из нас.	5	4324619
Ti si ljubav mog života.	Ты любовь всей моей жизни.	5	5894262
Ti si moj najbolji prijatelj!	Ты мой лучший друг!	5	3473696
Ti si moj najbolji prijatelj.	Ты мой лучший друг.	5	3366289
Ti si umoran, zar ne?	Ты устал, правда?	5	3318116
Ti to možeš, zar ne?	Ты это можешь, так ведь?	5	3425282
Ti više nisi samo dete.	Ты уже не просто ребёнок.	5	3327866
Ti zaista ništa ne razumeš!	Ты и правда ничего не понимаешь!	5	3469423
To je bila loša situacija.	Это была плохая ситуация.	5	5028717
To je bila velika eksplozija.	Это был большой взрыв.	5	4971895
To je bilo dobro iskustvo.	Это был хороший опыт.	5	3499705
To je bilo vrlo jeftino.	Это было очень дёшево.	5	3425925
To je bio dobar šešir.	Это была хорошая шляпа.	5	4250444
To je bio samo početak.	Это было только начало.	5	5949403
To je bio smešan film.	Это был смешной фильм.	5	5029112
To je bio veliki uspeh.	Это был большой успех.	5	3472818
To je moj omiljeni projekat.	Это мой любимый проект.	5	3311736
To može biti bilo šta.	Это может быть что угодно.	5	5919506
To nije daleko od hotela.	Это не далеко от отеля.	5	3244023
To nije istina, zar ne?	Это не правда, да?	5	4256624
To nije ono što tražim.	Это не то, что я ищу.	5	892215
To nije sve što imamo.	Это не всё, что у нас есть.	5	5029123
To ti ne mogu reći.	Этого я не могу тебе сказать.	5	3386956
Tofu dobro ide uz Sake.	Тофу хорошо идёт под сакэ.	5	897930
Tokio je glavni grad Japana.	Токио — столица Японии.	5	665174
Tom ga je kupio 2013.	Том купил его в 2013.	5	4251370
Tom i Marija su susedi.	Том и Мария - соседи.	5	3505277
Tom ima mlađu sestru Meri.	У Тома есть младшая сестра Мэри.	5	5308566
Tom ima starijeg brata Džona.	У Тома есть старший брат Джон.	5	5308564
Tom ima tri odrasla sina.	У Тома три взрослых сына.	5	5039749
Tom jako dobro svira klavir.	Том очень хорошо играет на пианино.	5	4781410
Tom je Mariji sve objasnio.	Том всё объяснил Марии.	5	3365358
Tom je bio dobar čovek.	Том был хорошим человеком.	5	3387284
Tom je bio loš glumac.	Том был плохим актёром.	5	3481535
Tom je bio zauzet poslom.	Том был занят работой.	5	4251072
Tom je brzo otvorio pismo.	Том быстро распечатал письмо.	5	3418776
Tom je govorio o muzici.	Том говорил о музыке.	5	4261831
Tom je govorio tri minuta.	Том говорил три минуты.	5	5045376
Tom je govorio veoma glasno.	Том говорил очень громко.	5	4253508
Tom je govorio čvrstim glasom.	Том говорил твёрдым голосом.	5	3494084
Tom je imao užasno detinjstvo.	У Тома было ужасное детство.	5	3418591
Tom je napravio tri fotografije.	Том сделал три фотографии.	5	6536994
Tom je nosio crni šešir.	Том носил черную шляпу.	5	3368340
Tom je otpio veliki gutljaj.	Том отпил большой глоток.	5	4251400
Tom je pokazao na nebo.	Том показал на небо.	5	4256610
Tom je prijatelj mog prijatelja.	Том — друг моего друга.	5	3439335
Tom je zaljubljen u Mariju.	Том влюблён в Марию.	5	3440807
Tom kaže da je zdrav.	Том говорит, что здоров.	5	5028963
Tom mora da se odmori.	Том должен отдохнуть.	5	4247181
Tom može da bude opasan.	Том может быть опасен.	5	4250282
Tom mrzi kada pada sneg.	Том терпеть не может, когда идёт снег.	5	3366869
Tom nas se ne boji.	Том нас не боится.	5	5029147
Tom nema novca kod sebe.	У Тома нет с собой денег.	5	6567929
Tom nije rekao ni reč.	Том не сказал ни слова.	5	3414418
Tom nije zainteresovan za nauku.	Том не интересуется наукой.	5	3395356
Tom nije znao da pliva.	Том не умел плавать.	5	3368348
Tom nikad nije pitao zašto.	Том никогда не спрашивал почему.	5	4250991
Tom piše svoju novu knjigu.	Том пишет свою новую книгу.	5	4784526
Tom se nije plašio smrti.	Том не боялся смерти.	5	3368350
Tom se sam vratio kući.	Том вернулся домой один.	5	5843293
Tom ume da piše lepo.	Том умеет красиво писать.	5	4248694
Tom više ne voli Mariju.	Том больше не любит Марию.	5	4507060
Tom voli da igra bilijar.	Том любит играть в бильярд.	5	3250210
Tom često koristi tu reč.	Том часто использует это слово.	5	5045382
Tom živi u centru grada.	Том живёт в центре города.	5	5024377
Tomov biznis ide prilično dobro.	Бизнес Тома идёт достаточно хорошо.	5	3438558
Tomova kuća je na prodaju.	Дом Тома выставлен на продажу.	5	3438607
Tomova kuća je na prodaju.	Дом Тома продаётся.	5	3438607
Tomova porodica živi u Bostonu.	Семья Тома живёт в Бостоне.	5	3438599
Tomovi roditelji su bili učitelji.	Родители Тома были учителями.	5	3438639
Tomu se ne sviđa Marija.	Тому не нравится Мария.	5	3392009
Tražim nekog ko govori potugalski.	Я ищу кого-нибудь, кто говорит по-португальски.	5	3435467
Tražim nešto što ne postoji.	Я ищу то, чего не существует.	5	3266421
Treba da istakneš tu činjenicu.	Тебе стоит подчеркнуть этот факт.	5	3425279
Treba da jedeš više povrća.	Тебе нужно есть побольше овощей.	5	4262023
Treba da ostanem kod kuće.	Мне нужно остаться дома.	5	3439312
Treba da prestaneš da pušiš.	Тебе нужно бросить курить.	5	3334384
Treba nam još norveških rečenica.	Нам нужно ещё норвежских предложений.	5	3440696
Treba nam više norveških rečenica.	Нам нужно больше норвежских предложений.	5	3440694
Tri puta tri je devet.	Трижды три — девять.	5	3370928
Tri su osobe na slici.	На картине три человека.	5	3477700
Tvoj bicikl je sličan mom.	Твой велосипед похож на мой.	5	3248420
Tvoj bickl liči na moj.	Твой велосипед похож на мой.	5	3425235
Tvoj problem liči na moj.	Твоя проблема сходна с моей.	5	3425254
Tvoj sat kasni deset minuta.	Твои часы отстают на десять минут.	5	3425228
U Africi ima puno lavova.	В Африке много львов.	5	665344
U Grčkoj ima puno ostrva.	В Греции много островов.	5	665356
U decembru ima 31 dan.	В декабре 31 день.	5	665369
U kojoj je učionici ispit?	В какой аудитории экзамен?	5	4238415
U koliko je sati ispit?	Во сколько экзамен?	5	4238413
U kupatilu je tečni sapun.	В ванной есть жидкое мыло.	5	3366154
U ovom gradu kamenje govori.	В этом городе камни говорят.	5	3470236
Udario me je dva puta.	Он ударил меня два раза.	5	3412946
Udata sam, i imam ćerku.	Я замужем, и у меня есть дочь.	5	3437777
Umio sam se hladnom vodom.	Я умылся холодной водой.	5	3644354
Uspeh ne zavisi od novca.	Успех не зависит от денег.	5	5588859
Utrnula mi je leva noga.	У меня левая нога затекла.	5	6905790
Uvek treba da govoriš istinu.	Всегда нужно говорить правду.	5	3380036
Učenje engleskog je težak posao.	Изучение английского - трудная работа.	5	3418935
Učio sam italijanski par meseci.	Я пару месяцев учил итальянский.	5	884454
Ušli smo u uzak hodnik.	Мы вошли в узкий коридор.	5	3644840
Već sam pročitao ovu knjigu.	Я уже прочитал эту книгу.	5	3318201
Vi ste jedan od nas.	Вы один из нас.	5	4324620
Više volim Engleski od Matematike.	Я больше люблю английский, чем математику.	5	3250517
Više volim Kolu od kafe.	Я больше люблю колу, чем кофе.	5	3313479
Više volim narandže od jabuka.	Я больше люблю апельсины, чем яблоки.	5	4239857
Vladivostok je grad u Rusiji.	Владивосток - город в России.	5	3437796
Vodite ljubav, a ne rat!	Занимайтесь любовью, а не войной!	5	5711740
Volela bih da te poljubim.	Я хотела бы поцеловать тебя.	5	6332596
Voleo bih da te poljubim.	Я хотел бы поцеловать тебя.	5	6332597
Voleću te do kraja života.	Я буду любить тебя до конца жизни.	5	3535527
Volim da plivam u reci.	Я люблю плавать в реке.	5	3311762
Volim i pse i mačke.	Я люблю и кошек, и собак.	5	3365474
Volim svu svoju decu podjednako.	Я люблю всех своих детей одинаково.	5	4238263
Vreme će reći svoju reč.	Время скажет своё слово.	5	13395070
Za koga su ovi pokloni?	Для кого эти подарки?	5	6567928
Za koga su ovi pokloni?	Кому эти подарки?	5	6567928
Za mene je ovde preglasno.	Для меня здесь слишком шумно.	5	4971882
Zaboravio sam tvoj broj telefona.	Я забыл твой номер телефона.	5	3419187
Zar ništa nećeš da pojedeš?	Разве ты ничего не поешь?	5	4248505
Zar ništa nećeš da pojedeš?	Неужели ты ничего не поешь?	5	4248505
Zar te nisam video ranije?	Разве я тебя раньше не видел?	5	3334413
Zašto ja to nisam video?	Почему я этого не видел?	5	3357161
Zašto je ovo naš problem?	Почему это наша проблема?	5	5039823
Zašto je to tako komplikovano?	Почему это так сложно?	5	5909441
Zašto ne kupiš neko vozilo?	Почему ты не купишь какое-нибудь транспортное средство?	5	3430429
Zašto radiš to što radiš?	Зачем ты делаешь то, что ты делаешь?	5	3493627
Zašto se ljutiš na mene?	Почему ты сердишься на меня?	5	6305205
Zašto se ljutiš na mene?	Почему ты злишься на меня?	5	6305205
Zašto si ti ovde došao?	Зачем ты сюда пришёл?	5	3350805
Zašto si ti tako spor?	Почему ты такой медлительный?	5	3473636
Zašto su zečije uši velike?	Почему у зайцев большие уши?	5	4243525
Zašto zečevi imaju dugačke uši?	Почему у зайцев длинные уши?	5	3430143
Zašto zečevi imaju velike uši?	Почему у кроликов большие уши?	5	4243526
Zašto želiš da učiš norveški?	Почему ты хочешь учить норвежский?	5	3387062
Zgrada se srušila tokom zemljotresa.	Здание рухнуло во время землетрясения.	5	4967503
Zima je moje omiljeno doba.	Зима — моё любимое время года.	5	3387230
Zlato je dragocenije od gvožđa.	Золото ценится дороже, чем железо.	5	3366596
Znam da je život kratak.	Я знаю, что жизнь коротка.	5	665350
Znam da ništa ne znam.	Я знаю, что я ничего не знаю.	5	3254057
Znam da ću napraviti greške.	Я знаю, что сделаю ошибки.	5	13394380
Znam kako se to radi.	Я знаю, как это делается.	5	4250608
Znam ko je to bio.	Я знаю, кто это был.	5	3425089
Znam zašto Tom to radi.	Я знаю, зачем Том это делает.	5	3435392
Znate li koliko je sati?	Знаете, сколько время?	5	5843389
Znate li koliko je sati?	Вы знаете, сколько времени?	5	5843389
Znaš li koliko je sati?	Ты знаешь, сколько времени?	5	5843388
Znaš li koliko je sati?	Ты знаешь, который час?	5	5843388
Zoološki vrt je zatvoren ponedeljkom.	Зоопарк закрыт по понедельникам.	5	4250311
Čekam vas u 11 sati.	Я жду вас в 11 часов.	5	5603347
Često idu na piknik biciklom.	Они часто ездят на пикник на велосипеде.	5	5596442
Često igram tenis sa njim.	Я часто играю с ним в теннис.	5	3266441
Čitala je knjigu cele noći.	Она читала книгу всю ночь.	5	3387241
Čovek je hodao po Mesecu.	Человек ходил по Луне.	5	4782116
Šest plus četiri je deset.	Шесть плюс четыре - десять.	5	3370929
Šta Vi mislite o tome?	Что Вы об этом думаете?	5	797688
Šta danas ima za večeru?	Что сегодня на ужин?	5	5843386
Šta je na pisaćem stolu?	Что на письменном столе?	5	3317255
Šta je to dobar život?	Что такое хорошая жизнь?	5	3368907
Šta misliš o modernoj umetnosti?	Что ты думаешь по поводу современного искусства?	5	3253736
Šta radiš u slobodno vreme?	Чем ты занимаешься в свободное время?	5	3390113
Šta si video nakon toga?	Что ты увидел после этого	5	13395044
Šta tvoja deca obično doručkuju?	Что твои дети обычно едят на завтрак?	5	3396041
Šta ćeš danas da radiš?	Что ты собираешься сегодня делать?	5	6314281
Šta ćeš raditi ovog leta?	Что ты будешь делать этим летом?	5	4238338
Šta želiš da me pitaš?	Что ты хочешь у меня спросить?	5	4449891
Želim da idem na Bali.	Я хочу поехать на Бали.	5	4243541
Želim da ispravim ovaj članak.	Я хочу откорректировать эту статью.	5	4264038
Želim da kupim novi automobil.	Я хочу купить новый автомобиль.	5	3248306
Želim da vidim moje roditelje.	Я хочу увидеться с моими родителями.	5	3410491
Živimo samo ovde i sada.	Мы живём только здесь и сейчас.	5	3434519
Život je bez njega pust.	Жизнь без него пуста.	5	3387233
Život me je mnogo naučio.	Жизнь меня многому научила.	5	3373968
"Izgledaš umorno." - "Loše sam spavao."	"Ты выглядишь усталым". - "Я плохо спал".	6	3463965
"Izgledaš umorno." - "Loše sam spavao."	"Ты выглядишь уставшим". - "Я плохо спал".	6	3463965
Ako izlaziš, molim te zatvori vrata.	Как уйдёшь, пожалуйста, закрой дверь.	6	665364
Alesija ne zna da govori Engleski.	Алеся не умеет говорить по-английски.	6	3244897
Atomska energija je skupa i opasna.	Атомная энергия дорога и опасна.	6	3437263
Autobus je bio skoro potpuno prazan.	Автобус был почти совсем пустой.	6	3478625
Bila je velika gužva na aerodromu.	В аэропорту было полно народу.	6	890869
Bilo je malo ljudi na plaži.	На пляже было мало людей.	6	3244049
Bilo je mnogo ljudi u sobi.	В комнате было много людей.	6	3463561
Bog je mrtav.Mi smo ga ubili.	Бог мёртв. Мы его убили.	6	935243
Cena ove knjige je pet dolara.	Цена этой книги — пять долларов.	6	4967500
Ceo šećer je pao na zemlju.	Весь сахар упал на землю.	6	898651
Crveno vino ide dobro uz meso.	Красное вино хорошо сочетается с мясом.	6	3244221
Da li biste želeli da govorite?	Хотели бы вы поговорить?	6	13394357
Da li biste želeli nešto drugo?	Хотели бы вы что-то другое?	6	13394363
Da li imaš neke natprirodne sposobnosti?	У тебя есть какие-нибудь сверхъестественные способности?	6	3412955
Da li je Meri prirodno plava?	Мэри - натуральная блондинка?	6	4246062
Da li je Nemačka iznad svega?	Германия превыше всего?	6	925349
Da li je ovo mesto zauzeto?	Это место занято?	6	7010400
Da li je ovo na latinskom?	Это на латинском?	6	3384501
Da li je ovo tvoj DVD?	Это твой DVD?	6	3291849
Da li je ovo tvoj auto?	Это твоя машина?	6	3425918
Da li je ovo tvoj bicikl?	Это твой велосипед?	6	3302922
Da li je ovo tvoj bickl?	Это твой велосипед?	6	3425919
Da li je ovo tvoj novac?	Это твои деньги?	6	3424530
Da li je ovo tvoja knjiga?	Это твоя книга?	6	3425917
Da li je to daleko odavde?	Это далеко отсюда?	6	3371629
Da li je to tvoj cilj?	Это твоя цель?	6	3424532
Da li je to tvoj kišobran?	Это твой зонт?	6	3304547
Da li je to tvoj kišobran?	Это твой зонтик?	6	3304547
Da li je tvoj konj crn?	Твоя лошадь чёрная?	6	3477982
Da li je tvoj konj crn?	Твой конь чёрный?	6	3477982
Da li me optužuješ za nešto?	Ты меня в чём-то обвиняешь?	6	3410294
Da li možete da zasmejete Toma?	Вы можете рассмешить Тома?	6	5024896
Da li sam ja plašljivi egoista?	Я трусливый эгоист?	6	3478649
Da li se interesujete za politiku?	Вы интересуетесь политикой?	6	908607
Da li si bio kod lekara?	Ты был у врача?	6	3365515
Da li si bio u Americi?	Ты был в Америке?	6	3425266
Da li si bio u Australji?	Ты был в Австралии?	6	3245505
Da li si bio u Rimu?	Ты был в Риме?	6	3365450
Da li si ikad video jednog?	Ты когда-нибудь такого видел?	6	5024883
Da li si ikada pao ispit?	Ты когда-нибудь заваливал экзамен?	6	4238428
Da li si kupio novi auto?	Ты купил новую машину?	6	3426509
Da li si kupio povratnu kartu?	Ты купил обратный билет?	6	3418560
Da li si nekada video NLO?	Ты видел когда-нибудь НЛО?	6	3425541
Da li si nekada video NLO?	Ты когда-нибудь видел НЛО?	6	3425541
Da li si ostavio otvoren prozor?	Ты оставил окно открытым?	6	3425265
Da li si slobodan danas popodne?	Ты сегодня после обеда свободен?	6	6359072
Da li si slobodan u utorak?	Ты свободен во вторник?	6	3425018
Da li si ti iz Amerike?	Ты из Америки?	6	3357128
Da li si video Toma besnog?	Ты видел Тома в ярости?	6	5843382
Da li si video ovaj film?	Ты видел этот фильм?	6	3288357
Da li si čitao Svetu Bibliju.	Ты читал Библию?	6	3243823
Da li su mi crvene uši?	У меня красные уши?	6	4324623
Da li su mi uši crvene?	У меня уши красные?	6	4324625
Da li su ovo tvoje torbe?	Это твои сумки?	6	4324649
Da li su ovo vaše torbe?	Это ваши сумки?	6	4324651
Da li su ti čiste ruke?	У тебя чистые руки?	6	3292435
Da li su to moje naočare?	Это мои очки?	6	4324642
Da li su to nove cipele?	Это новые туфли?	6	4324645
Da li su zrele ove banane?	Эти бананы спелые?	6	3250559
Da li svi vi govorite francuski?	Вы все говорите по-французски?	6	3395184
Da li svi vi govorite kineski?	Вы все говорите по-китайски?	6	3424977
Da li te je neko prevario?	Тебя кто-то обманул?	6	3535851
Da li ti se sviđaju filmovi?	Тебе нравятся фильмы?	6	3313447
Da li ti to meni govoriš?	Ты это мне говоришь?	6	3418559
Da li ti treba hitna pomoć?	Тебе нужна скорая помощь?	6	3366397
Da li tvoja žena dobro kuva?	Твоя жена хорошо готовит?	6	3418562
Da li vam se sviđa Moskva?	Вам нравится Москва?	6	3440838
Da li verujete u večni život?	Вы верите в вечную жизнь?	6	5909473
Da li veruješ u večni život?	Ты веришь в вечную жизнь?	6	5909475
Da li vidiš ko vozi automobil?	Ты видишь, кто за рулём автомобиля?	6	3456654
Da li znaš gde ja živim?	Ты знаешь, где я живу?	6	3438897
Daj mi malo vode, i požuri.	Дай мне немного воды, и побыстрее.	6	3243675
Danas je bio veoma težak dan.	Сегодня был очень тяжёлый день.	6	801407
Danas joj je prvi dan škole.	Сегодня у неё первый школьный день.	6	4250215
Deca su, naravno, bila kod mene.	Дети, конечно, были со мной.	6	3456632
Deca vole da se igraju napolju.	Дети любят играть на улице.	6	3484267
Deset je deset procenata od sto.	Десять - это десять процентов от ста.	6	4992529
Devojčice vole da se igraju kuće.	Девочки любят играть дома.	6	5034672
Dečko koga volim, ne voli mene.	Парень, которого я люблю, меня не любит.	6	3255002
Dečko koga volim, ne voli mene.	Парень, которого я люблю, не любит меня.	6	3255002
Dođi da nas gledaš kako igramo.	Приходи посмотреть, как мы играем.	6	3357530
Držite ovaj lek dalje od dece.	Держите это лекарство подальше от детей.	6	918515
Eva je dala Adamu jabuku znanja.	Ева дала Адаму яблоко познания.	6	5980147
Gde ima dima, ima i vatre.	Дыма без огня не бывает.	6	3414328
Gde ima dima, ima i vatre.	Нет дыма без огня.	6	3414328
Gde ima dima, ima i vatre.	Где дым, там и огонь.	6	3414328
Gde je dobro, tamo je domovina.	Где хорошо, там и родина.	6	5691371
Gde su sakrili svoju špijunsku opremu?	Где они спрятали своё шпионское снаряжение?	6	3370093
Govore da je ona bila bogata.	Говорят, она была богата.	6	3366864
Govore da je ona bila bogata.	Говорят, она была богатой.	6	3366864
Govore da je ona bila bogata.	Говорят, она была богатая.	6	3366864
Hajde da to čuvamo kao tajnu.	Давай держать это в тайне.	6	3298665
Hajde da to čuvamo kao tajnu.	Давай держать это в секрете.	6	3298665
Hoćeš li još soka od jabuke?	Хочешь ещё яблочного сока?	6	6567919
Hoćeš li mi dati malo vremena?	Ты дашь мне немного времени?	6	4246618
Hteo bih da popijem nešto toplo.	Я бы хотел выпить чего-нибудь горячего.	6	3358501
I ja želim da vidim okean.	И я хочу увидеть океан.	6	4246040
Ima komaraca čak i u Grčkoj.	Комары есть даже в Греции.	6	3296430
Ima li olovaka na pisaćem stolu?	На письменном столе есть карандаши?	6	3438849
Ima mnogo loših ljudi na svetu.	В мире много плохих людей.	6	4784506
Ima mnogo loših ljudi na svetu.	На свете много плохих людей.	6	4784506
Imam niski prag tolerancije na bol.	У меня низкий болевой порог.	6	3470789
Imamo devet osoba u mojoj porodici.	В моей семье девять человек.	6	3370998
Imamo dve ćerke i dva sina.	У меня две дочери и двое сыновей.	6	3334388
Imamo dve ćerke i dva sina.	У меня две дочери и два сына.	6	3334388
Ispostavilo se da je glasina lažna.	Слухи оказались ложными.	6	891420
Izaberi haljinu koja ti se sviđa.	Выбери платье, которое тебе нравится.	6	3390079
Izašli su rezultati ispita iz matematike!	Стали известны результаты экзамена по математике!	6	4238440
Između glave i tela je vrat.	Между головой и туловищем — шея.	6	3477869
Izvinite, ja sam izgubio moj nož.	Извините, я потерял мой нож.	6	3395231
Izvinite, ja sam izgubio moj nož.	Извините, я потерял свой нож.	6	3395231
Išao sam za Pariz sledećeg jutra.	На следующее утро я уехал в Париж.	6	3394586
Ja mislim da me ti razumeš.	Я думаю, что ты меня понимаешь.	6	3469793
Ja ne znam ko su oni.	Я не знаю, кто они такие.	6	6922062
Ja nikada nisam video crveni frižider.	Я никогда не видел красного холодильника.	6	3288348
Ja volim životinje. Imam dva psa.	Я люблю животных. У меня две собаки.	6	3535445
Ja živim na drugoj strani ulice.	Я живу на другой стороне улицы.	6	3424913
Januar je prvi mesec u kalendaru.	Январь - первый месяц в календаре.	6	3437266
Japan nije tako veliki kao Kanada.	Япония не такая большая, как Канада.	6	3365946
Japanci vole da putuju u grupi.	Японцы любят путешествовать группами.	6	3248300
Japanski ima nešto zajedničko sa Korejanskim.	Японский язык имеет что-то общее с корейским.	6	3311764
Jasno je da je on kriv.	Ясно, что он виноват.	6	3318243
Je li to da ili ne?	Это "да" или "нет"?	6	4324261
Jesi li ikad pojeo morskog ježa?	Ты когда-нибудь ел морского ежа?	6	6024226
Jesi li ikada video nešto ovako?	Ты когда-нибудь видел что-то подобное?	6	4240796
Jutros sam primio email od Toma.	Сегодня утром я получил электронное сообщение от Тома.	6	3430308
Jutros sam primio pismo od Toma.	Сегодня утром я получил письмо от Тома.	6	3430306
Juče sam čuo jednu lepu pesmu.	Вчера я слышал красивую песню.	6	3476388
Kad mačke nema, miševi kolo vode.	Кот за двери - мыши в пляс.	6	3256118
Kada Tom može da dođe kući?	Когда Том может прийти домой?	6	4259788
Kada si poslednji put otvorila torbu?	Когда ты последний раз открывала сумку?	6	3445834
Kada si počeo da pišeš pesme?	Когда ты начал писать песни?	6	4248765
Kada si započeo da učiš engleski?	Когда ты начал учить английский?	6	938947
Kada sledeći put ideš u Boston?	Когда ты в следующий раз поедешь в Бостон?	6	4449887
Kada ste poslednji put to uradili?	Когда вы последний раз это делали?	6	5894217
Kakav bi bio svet bez žena?	Каким был бы мир без женщин?	6	3242687
Kako se dogodila ova avionska nesreća?	Как произошла эта авиакатастрофа?	6	3256449
Kako si saznala gde je Tom?	Как ты узнала, где Том?	6	4246111
Kako si saznao gde je Tom?	Как ты узнал, где Том?	6	4246112
Kakva je hrana u tom restoranu?	Какая в том ресторане еда?	6	5039789
Kanada je zemlja-majka hokeja na ledu.	Канада - родина хоккея на льду.	6	4243222
Ken ima više knjiga od tebe.	У Кена больше книг, чем у тебя.	6	3311341
Ken je visok kao i Bil.	Кен такой же высокий, как и Билл.	6	3253120
Ko je napisao ovu knjigu? Džon.	Кто написал эту книгу? Джон.	6	3242742
Ko je tvoj omiljeni član porodice?	Кто у тебя любимый член семьи?	6	3534961
Ko je u vašoj kući gazda?	Кто у вас в доме хозяин?	6	6117854
Ko je čovek koji svira violinu?	Кто этот человек, играющий на скрипке?	6	3300815
Ko te je naučio da plešeš?	Кто научил тебя танцевать?	6	3245593
Koja je najduža reka na svetu?	Какая самая длинная река в мире?	6	3440733
Koji se jezici govore u Americi?	На каких языках говорят в Америке?	6	3331381
Koliko ljudi živi u tvom gradu?	Сколько людей живёт в твоём городе?	6	6167445
Koliko novca bi želeo da imaš?	Сколько денег ты хотел бы иметь?	6	3425267
Koliko puta si gledao taj fim?	Сколько раз ты видел этот фильм?	6	3265614
Koliko sati je sada u Londonu?	Сколько сейчас времени в Лондоне?	6	3365454
Koliko si dugo bio u Osaki?	Как долго ты был в Осаке?	6	3331285
Količina ništa ne govori o kvalitetu.	Количество ничего не говорит о качестве.	6	3368338
Kompjuter igra važnu ulogu pri učenju.	Компьютер играет важную роль во время учёбы.	6	879391
Koristim veliki lonac da napravim supu.	Я варю суп в большой кастрюле.	6	3394984
Kupio sam knjigu za 10 dolara.	Я купил книгу за десять долларов.	6	888572
Kupio sam nov šešir u prodavnici.	Я купил в магазине новую шляпу.	6	4790651
Kupio sam novi računar prošlog meseca.	Я купил новый компьютер в прошлом месяце.	6	3265623
Leti je veoma vruće u Tokiju.	Летом в Токио очень жарко.	6	3366152
Ljudi koji krše zakon bivaju kažnjeni.	Люди, которые нарушают закон, подлежат наказанию.	6	3331594
Ljudi su bili dobri prema meni.	Люди были добры ко мне.	6	4971941
Malo studenata može da čita Latinski.	Немногие из студентов могут читать по-латински.	6	3341498
Malo učenika može da razume Latinski.	Немногие ученики могут понять латынь.	6	3341500
Mama voli da jede glavu ribe.	Мама любит есть рыбьи головы.	6	4243480
Marija je odlučila da ga otruje.	Мария решила его отравить.	6	3499796
Marija zna napamet kineske klasične tekstove.	Мария наизусть знает классические китайские тексты.	6	3474311
Marija živi prilično daleko od škole.	Мария живёт достаточно далеко от школы.	6	3469664
Meni je prosto potrebna tvoja ljubav.	Мне просто нужна твоя любовь.	6	3359225
Meri je stavila prsten na prst.	Мария надела кольцо на палец.	6	4243549
Metak je prošao kroz njegovo telo.	Пуля прошла сквозь его тело.	6	6813509
Mi nikad nećemo da ih koristimo.	Мы никогда не будем ими пользоваться.	6	4264050
Mislila sam da si srećna ovde.	Я думала, что ты здесь счастлива.	6	5034751
Mislim da je Tom veoma pametan.	Я думаю, что Том очень умён.	6	5002792
Mislim da je Tom veoma pametan.	Я думаю, Том очень умный.	6	5002792
Mislim da je Tomu potrebna pomoć.	Думаю, Тому нужна помощь.	6	4975986
Mislim da je ona iz Austrije.	Думаю, она из Австрии.	6	6217705
Mislim da je to gubljenje vremena.	Я думаю, что это потеря времени.	6	3410517
Mislim da je to slatkovodna riba.	Я думаю, это пресноводная рыба.	6	3265329
Mislim da mi se sviđa Tom.	Думаю, Том мне нравится.	6	5034680
Mislim da si ti to uradio.	Я думаю, это ты сделал.	6	3424889
Mislim da će Tom reći "da".	Думаю, Том скажет да.	6	13395082
Mnogo je lepih parkova u Londonu.	В Лондоне много красивых парков.	6	3437481
Mnogo ljudi je došlo na koncert.	На концерт пришло много людей.	6	3363546
Mnogo sam naučio iz njegovih knjiga.	Я многому научился из его книг.	6	3430893
Mnogo ti hvala za ovu informaciju!	Большое тебе спасибо за эту информацию!	6	3535750
Mogu li da platim kreditnom karticom?	Я могу заплатить кредитной картой?	6	3371478
Mogu li da platim kreditnom karticom?	Я могу расплатиться кредитной картой?	6	3371478
Mogu li da pričam sa Bilom?	Я могу поговорить с Биллом?	6	3243494
Mogu li da trčim sa tobom?	Я могу побегать с тобой?	6	3418722
Mogu li da vidim Vaš pasoš?	Я могу увидеть Ваш паспорт?	6	901911
Moj brat je kupio nov televizor.	Мой брат купил новый телевизор.	6	4781419
Moj brat veoma liči na mene.	Мой брат очень похож на меня.	6	918888
Moj brat zatvara oči kada pije.	Мой брат закрывает глаза, когда пьёт.	6	3370930
Moj mali unuk vrlo glasno vrišti.	Мой маленький внук очень громко орёт.	6	3453823
Moj muž uvek čita u krevetu.	Мой муж всегда читает в кровати.	6	888821
Moj otac je popravio polomljenu stolicu.	Мой отец починил сломанный стул.	6	665177
Moj otac voli da svira gitaru.	Мой отец любит играть на гитаре.	6	3362092
Moj pas leži uz moje noge.	Моя собака лежит у моих ног.	6	3470199
Moj pas me liže po rukama.	Моя собака лижет мне руки.	6	3470203
Moj prijatelj živi u ovoj kući.	Мой друг живёт в этом доме.	6	3439099
Moj ujak mi je dao poklon.	Мой дядя подарил мне подарок.	6	3256199
Moja deca nemaju svoje lične sobe.	У моих детей нет своих собственных комнат.	6	4243497
Moja majka mrzi da piše pisma.	Моя мама ненавидит писать письма.	6	3313363
Moja sestra je bila lepa žena.	Моя сестра была красивой женщиной.	6	6169166
Moja sestra mi je otvorila vrata.	Моя сестра открыла мне дверь.	6	3244887
Moja sestra se igra sa lutkama.	Моя сестра играет в куклы.	6	800881
Moja tetka mi je dala cveće.	Моя тетя дала мне цветы.	6	3477634
Moji jedini prijatelji su moje pčele.	Мои единственные друзья - мои пчёлы.	6	5633770
Molim te mi daj komad pite.	Пожалуйста, дай мне кусок пирога.	6	3485382
Molim te, pošalji mi tvoju sliku.	Пожалуйста, пришли мне свою фотографию.	6	4782939
Moraš da odgovoriš na ova pitanja.	Ты должен ответить на эти вопросы.	6	3359673
Možeš da se osloniš na njega.	Можешь на него положиться.	6	3429973
Možeš li da jedeš sirove ostige?	Можно ли есть сырые устрицы?	6	3425703
Muka mi je od tvog cmizdrenja.	Я устал от твоего нытья.	6	5002867
Na tvom mestu uradio bih isto.	На твоём месте я бы сделал то же самое.	6	942388
Na ulici se igraju dvoje dece.	На улице играют двое детей.	6	715007
Napisao sam mnogo rečenica na esperantu.	Я написал много предложений на эсперанто.	6	3440626
Naša škola je stara 80 godina.	Нашей школе 80 лет.	6	2637056
Ne izlazi napolje posle zalaska sunca.	Не выходи на улицу после захода солнца.	6	3365491
Ne mogu da koristim ovu mašinu.	Я не могу пользоваться этой машиной.	6	3243989
Ne mogu da otvorim ovu flašu.	Я не могу открыть эту бутылку.	6	3340293
Ne mogu da zaboravim njene oči.	Я не могу забыть её глаза.	6	3290336
Ne mogu da čekam do ponedeljka.	Я не могу ждать до понедельника.	6	5024428
Ne mogu da živim bez televizora.	Я не могу жить без телевизора.	6	3371633
Ne radim to samo zbog para.	Я делаю это не только ради денег.	6	6905679
Ne sudi o knjizi po koricama.	Не суди о книге по обложке.	6	3256119
Ne sviđa mi se ovaj sat.	Мне не нравятся эти часы.	6	3248352
Ne volim da radim u banci.	Я не люблю работать в банке.	6	3286454
Ne znam gde je tvoja knjiga.	Я не знаю, где твоя книга.	6	5397787
Ne znam gde ti je knjiga.	Я не знаю, где у тебя книга.	6	5397786
Ne znam ko je taj čovek.	Я не знаю, кто тот человек.	6	3265726
Ne znam skoro ništa o tebi.	Я не знаю почти ничего о тебе.	6	4245942
Ne želim da idem u školu.	Я не хочу идти в школу.	6	3644139
Ne želim da igram ovu igru.	Я не хочу играть в эту игру.	6	3394910
Ne želim da izgledam kao Tom.	Я не хочу выглядеть, как Том.	6	5841799
Ne želim da me ljudi mrze.	Я не хочу, чтобы люди меня ненавидели.	6	3394932
Ne želim da ti uništim dan.	Я не хочу испортить тебе день.	6	5024412
Ne želim da to radim ovde.	Я не хочу делать это здесь.	6	3394968
Ne želim da to radim ovde.	Я не хочу заниматься этим здесь.	6	3394968
Ne želim da učestvujem u tome.	Я не хочу в этом участвовать.	6	3371755
Ne želim da živim sa tim.	Я не хочу с этим жить.	6	3394912
Ne želim ni meso ni ribu.	Не хочу ни мяса, ни рыбы.	6	3267837
Nekada je ovde bio veliki park.	Когда-то здесь был большой парк.	6	3243657
Nekoliko minuta kasnije je zazvonio telefon.	Несколькими минутами позже зазвонил телефон.	6	3287708
Nemam pojima o čemu ti pričaš.	Понятия не имею, о чём ты говоришь.	6	3297153
Nemam sina koji se zove Tom.	У меня нет сына по имени Том.	6	3386922
Nemam vremena, možeš li da požuriš?	У меня нет времени, ты можешь поторопиться?	6	3340737
Nemoj da loše misliš o meni.	Не думай обо мне плохо.	6	3357564
Nemoj da mi smetaš da učim.	Не мешай мне учить.	6	3356491
Nemojte da stavljate ruke kroz prozor.	Не суйте руки в окно.	6	3414781
Neverovatno je koliko sam bio slep!	Невероятно, насколько я был слеп!	6	3494401
Neću više govoriti Francuski sa tobom.	Я больше не буду говорить с тобой по-французски.	6	3278488
Ni sam ljuta ni na koga.	Я ни на кого не злюсь.	6	4972237
Nikad nije trebalo te da poslušam.	Не надо было мне тебя слушать.	6	5909454
Nikad nisam video Toma ovako zauzetog.	Я никогда не видел Тома таким занятым.	6	4644921
Nikad nisam video tako velikog kita.	Я никогда не видел такого большого кита.	6	3244025
Nikada nećeš znati, ako ne probaš.	Никогда не узнаешь, если не попробуешь.	6	3418709
Niko ne kuca na moja vrata.	Никто не стучит ко мне в дверь.	6	3296175
Niko ne može da zna sve.	Никто не может знать всё.	6	665368
Niko ne može da zna sve.	Никто не может знать всего.	6	665368
Niko ne zna njegovo pravo ime.	Никто не знает его настоящего имени.	6	3286258
Niko ne živi u ovoj kući.	В этом доме никто не живёт.	6	664827
Niko te nije pitao za mišljenje.	Твоего мнения никто не спрашивал.	6	6964404
Nisam imao pojma, šta da napišem.	Я понятия не имел, что мне написать.	6	5874038
Nisam te bio čuo da kucaš.	Я не слышал, как ты стучишь.	6	3395334
Nisam ti rekao da uradiš to.	Я не говорил тебе это делать.	6	4250601
Nisam ti rekla da uradiš to.	Я не говорила тебе это делать.	6	4250602
Nisam želeo da se ovo dogodi.	Я не хотел, чтобы это случилось.	6	3387038
Njegova žena mu je zakrpila košulju.	Его жена зашила ему рубашку.	6	714991
Norveška ima dosta starih praznih štala.	В Норвегии достаточно старых заброшенных конюшен и коровников.	6	3492511
Novi film bio je veoma uspešan.	Новый фильм имел большой успех.	6	5588854
Novčanik mi je ukraden u autobusu.	Мой кошелёк украли в автобусе.	6	4248497
Obično ne kupujem ništa sa interneta.	Я обычно ничего не покупаю через Интернет.	6	4986737
Objasni mi, molim te, pravila fudbala.	Пожалуйста, объясни мне правила футбола.	6	801027
Oktopod Pol je bio u pravu.	Осьминог Пауль был прав.	6	3438497
On ima mnogo knjiga o istoriji.	У него много книг по истории.	6	901395
On izgleda stariji od mog brata.	Он выглядит старше моего брата.	6	3648737
On je bio ispred svog vremena.	Он опередил своё время.	6	3571468
On je bio moj bliski prijatelj.	Он был моим близким другом.	6	3248322
On je jeo hleb i meso.	Он ел хлеб и мясо.	6	3440630
On je očistio sneg sa krova.	Он убрал снег с крыши.	6	3290783
On je veliki ljubitelj naučne fantastike.	Он большой любитель научной фантастики.	6	908419
On je zadovoljan sa svojim poslom.	Он доволен своей работой.	6	884951
On je zadubljen u učenje latinskog.	Он погружён в изучение латыни.	6	3384496
On je čovek s velikim iskustvom.	Он человек с большим опытом.	6	3499344
On mora kupiti novi bicikl sinu.	Он должен купить сыну новый велосипед.	6	5596447
On pije mnogo mleka svaki dan.	Он пьет много молока каждый день.	6	3276413
On se razlikovao od drugih dečaka.	Он отличался от других мальчиков.	6	3535854
On stalno gubi njegov mobilni telefon.	Он постоянно теряет свой мобильный телефон.	6	938954
On ustaje u sedam i deset.	Он встаёт в семь-десять.	6	3370877
On voli da peva popularne pesme.	Он любит петь популярные песни.	6	3244321
On voli sve što je slatko.	Он любит всё сладкое.	6	938347
On zatvara vrata i zaključava ih.	Он закрывает дверь и запирает её на ключ.	6	3473447
On zna imena svih svojih mušterija.	Он знает имена всех своих клиентов.	6	4238251
Ona govori engleski, takođe i francuski.	Она говорит по-английски, а также и по-французски.	6	1183296
Ona ima mačku. Mačka je bela.	У неё есть кошка. Кошка белая.	6	3307054
Ona je bila popularnija u gradu.	Она была популярна в городе.	6	3365442
Ona je bila veoma ambiciozna žena.	Она была очень амбициозной женщиной.	6	2708806
Ona je starija od dve sestre.	Она старшая из двух сестёр.	6	3478102
Ona neće da priča sa njim.	Она не будет с ним разговаривать.	6	3355818
Ona popije flašu mleka svako jutro.	Она выпивает бутылку молока каждое утро.	6	3366871
Ona popije flašu mleka svako jutro.	Каждое утро она выпивает бутылку молока.	6	3366871
Ona voli Toma, a ne mene.	Она любит Тома, а не меня.	6	3393840
Oni stalno zaboravljaju da plate račune.	Они постоянно забывают оплачивать счета.	6	3360419
Oni su bili članovi srednje klase.	Они принадлежали к среднему классу.	6	4967449
Oni su plivali u ovom jezeru.	Они плавали в этом озере.	6	5405469
Oni će znati šta da rade.	Они будут знать, что делать.	6	4292234
Otac mi je kupio novi bicikl.	Отец купил мне новый велосипед.	6	3438832
Otkazao je sastanak u poslednjem trenutku.	Он отменил встречу в последний момент.	6	6966961
Otkrili smo veliku grešku u sistemu.	Мы обнаружили большую ошибку в системе.	6	5993436
Ova je knjiga popularna među studentima.	Эта книга популярна среди студентов.	6	3402678
Ova knjiga je štampana u Engleskoj.	Эта книга напечатана в Англии.	6	3535747
Ova knjiga mi je veoma važna.	Эта книга для меня очень важна.	6	3351340
Ova knjiga mi se najmanje sviđa.	Эта книга мне меньше всего нравится.	6	4248679
Ova kuća je izgrađena od kamena.	Этот дом построен из камня.	6	3362141
Ova stolica je napravljena od plastike.	Этот стул сделан из пластика.	6	3438847
Ovaj fenomen je veoma lako objasniti.	Этот феномен очень легко объяснить.	6	3391620
Ovaj sat je jeftiniji od tog.	Эти часы дешевле, чем те.	6	715033
Ovi paraziti se razmnožavaju u krvi.	Эти паразиты размножаются в крови.	6	3359209
Ovi paraziti se razmnožavaju zaista brzo.	Эти паразиты очень быстро размножаются.	6	3359198
Ovo je bio njen prvi posao.	Это была её первая работа.	6	3494404
Očekujemo da će danas padati kiša.	Мы ожидаем, что сегодня пойдёт дождь.	6	5398739
Oženjen sam i imam dvoje dece.	Я женат, и у меня двое детей.	6	3364063
Pa šta ako je to tačno?	А что, если это правда?	6	5029104
Peške ili biciklom ideš u školu?	Ты ходишь в школу пешком или ездишь на велосипеде?	6	5596942
Pitam se čija je ovo rečenica.	Интересно, чьё это предложение.	6	6159455
Planina je pokrivena snegom cele godine.	Гора покрыта снегом круглый год?	6	3264409
Planiraš da sve to pojedeš sam?	Ты планируешь сам всё это съесть?	6	5843302
Pokazaćemo vam kako da upecate ribu.	Мы покажем вам, как поймать рыбу.	6	4243534
Pokušao sam da pričam sa tobom.	Я пытался с тобой поговорить.	6	3410494
Pomogli smo Tomu da nađe posao.	Мы помогли Тому найти работу.	6	13395131
Postoji mnogo loših ljudi na svetu.	На свете есть много плохих людей.	6	3244883
Postoji mnogo loših ljudi na svetu.	На свете много плохих людей.	6	3244883
Požuri, inače ćeš da propustiš avion.	Поспеши, а то опоздаешь на самолёт.	6	3356007
Prelepa plavuša sunčala se na plaži.	Красивая блондинка загорала на пляже.	6	4238267
Prevedite ovo na engleski, molim vas.	Переведите это на английский, пожалуйста.	6	4248101
Primetio sam da nema mog auta.	Я заметил, что моей машины нет.	6	3394608
Pronašao sam to u jednoj knjizi.	Я это нашёл в одной книге.	6	3283888
Prvo želim da ti pokažem nešto.	Сначала я хочу кое-что тебе показать.	6	4249122
Rat je počeo tri godine kasnije.	Война началась три года спустя.	6	884910
Rekao sam mu šta da radi.	Я сказал ему, что делать.	6	3303837
Sigurna sam da si im potrebna.	Я уверена, что ты им нужна.	6	4972276
Slučajno sam je sreo na ulici.	Я случайно встретил ее на улице.	6	3265632
Stariji ljudi se često boje promene.	Старые люди часто боятся перемен.	6	665185
Sutra ću biti kući ceo dan.	Завтра я весь день буду дома.	6	5843358
Sutra ću biti kući ceo dan.	Завтра я целый день буду дома.	6	5843358
Sve je bila jedna velika laž.	Всё было одной большой ложью.	6	4324324
Svet ne postoji samo zbog tebe.	Мир существует не только из-за тебя.	6	3371543
Svi kažu da ličim na tatu.	Все говорят, что я похож на папу.	6	5993490
Svi kažu da ličim na tatu.	Все говорят, что я похожа на папу.	6	5993490
Svi verovatno misle da sam lud.	Все вероятно думают, что я сумасшедший.	6	3364575
Svi znaju da ne volim Toma.	Все знают, что я не люблю Тома.	6	5035354
Sviđa mi se kad je hladno.	Я люблю, когда холодно.	6	2926255
Sviđa mi se norveški kozji sir.	Мне нравится норвежский козий сыр.	6	3477956
Sviđa mi se šta si napisala.	Мне нравится то, что ты написала.	6	4248727
Sviđa mi se šta si napisao.	Мне нравится то, что ты написал.	6	4248726
Ta greška ga je koštala glave.	Та ошибка стоила ему головы.	6	3306752
Ta reka izlgeda plitko, zar ne?	Та река кажется мелкой, да?	6	4249164
Tamo je bilo više stotina ljudi.	Там было больше сотни людей.	6	893238
Tata mi je kupio novi bicikl.	Папа купил мне новый велосипед.	6	801016
Ti ništa o meni ne znaš.	Ты не знаешь обо мне ничего.	6	5650885
Ti si velika ljubav mog života.	Ты - большая любовь моей жизни.	6	5909309
To izgleda kao Latinski, ali nije.	Это похоже на латынь, но это не она.	6	3341499
To je bio samo delimičan uspeh.	Это был только частичный успех.	6	5588850
To je moj posao, ne Tomov.	Это моя работа, а не Тома.	6	5024449
To je moj problem, ne tvoj.	Это моя проблема, а не твоя.	6	4246863
To je moja četkica za zube.	Это моя зубная щётка.	6	3395247
To je ono šta žene hoće.	Это то, чего хотят женщины.	6	6063838
To je vrlo ljubazno od Vas.	Это очень любезно с Вашей стороны.	6	3410383
To nije dobro za spavanje noću.	Это не полезно для ночного сна.	6	3484152
To nije urađeno za sat vremena.	Это не за час сделано.	6	3478391
To se kosi s mojim principima.	Это противоречит моим принципам.	6	3243318
Tom govori pet jezika, uključujući ruski.	Том говорит на пяти языках, включая русский.	6	3414870
Tom i ja smo bili prijatelji.	Мы с Томом были друзьями.	6	5396785
Tom i ja smo bili zauzeti.	Мы с Томом были заняты.	6	4251050
Tom i njegova žena žive odvojeno.	Том и его жена живут отдельно.	6	3414485
Tom ima veliku čvorugu na potiljku.	У Тома большая шишка на затылке.	6	3292534
Tom je jedini koji ovo može.	Том - единственный, кто это может.	6	5029213
Tom je otrčao do svog automobila.	Том побежал к своему автомобилю.	6	4247171
Tom je potpuno zadubljen u igru.	Том полностью погружен в игру.	6	3265649
Tom je prošao kroz detektor metala.	Том прошёл через металлодетектор.	6	3414562
Tom je rekao da izgledam glupo.	Том сказал, что я выгляжу глупо.	6	5873224
Tom je rekao da izgledam užasno.	Том сказал, что я выгляжу ужасно.	6	5841817
Tom je rekao da je zdrav.	Том сказал, что он здоров.	6	5024843
Tom je uradio nešto veoma glupo.	Том сделал что-то очень глупое.	6	3275372
Tom je učio francuski u školi.	Том учил французский в школе.	6	3418593
Tom je verovatno rođen u Australiji.	Том, вероятно, родился в Австралии.	6	5308596
Tom je zapisao Merin broj telefona.	Том записал номер телефона Мэри.	6	4248783
Tom je znao šta je želeo.	Том знал, чего хочет.	6	5043524
Tom jede čokoladu skoro svaki dan.	Том ест шоколад почти каждый день.	6	5308568
Tom me je naučio da čitam.	Том научил меня читать.	6	4975949
Tom mi je danas rekao to.	Том сегодня мне это сказал.	6	4975948
Tom mi je danas rekao to.	Том мне сегодня это сказал.	6	4975948
Tom mi je dao tu knjigu.	Том дал мне ту книгу.	6	5397769
Tom ne voli da radi to.	Том не любит это делать.	6	4250498
Tom ne zna da vozi auto.	Том не умеет водить автомобиль.	6	3440814
Tom neće znati da sam ovde.	Том не узнает, что я здесь.	6	4975921
Tom nije bio spreman da umre.	Том не был готов умереть.	6	3368355
Tom nije imao šta da izgubi.	Тому было нечего терять.	6	5043546
Tom radi od devet do pet.	Том работает с девяти до пяти.	6	3438496
Tom samo što je bio ovde.	Том только что был здесь.	6	4247117
Tom se igra sa svojim sinom.	Том играет со своим сыном.	6	3304892
Tom se uopšte ne plaši zmija.	Том вообще не боится змей.	6	3364114
Tom uskoro dolazi ovde iz Australije.	Том скоро приедет сюда из Австралии.	6	3438453
Tom zna imena svih svojih mušterija.	Том знает имена всех своих клиентов.	6	4790634
Tom zna imena svih svojih mušterija.	Том знает имена всех своих покупателей.	6	4790634
Tom zna imena svih svojih mušterija.	Том знает имена всех своих заказчиков.	6	4790634
Tom zna šta mu se sviđa.	Том знает, что ему нравится.	6	5043522
Tom će dati otkaz u ponedeljak.	Том даст ответ в понедельник.	6	5043486
Tom će se uskoro vratiti kući.	Том скоро вернётся домой.	6	3438458
Tom čita Bibliju po ceo dan.	Том читает Библию целыми днями.	6	4248684
Tom čita Bibliju po ceo dan.	Том читает Библию весь день.	6	4248684
Tomas ne zna kako se zovem.	Томас не знает, как меня зовут.	6	3391260
Tome, potrebna mi je tvoja pomoć.	Том, мне нужна твоя помощь.	6	3438537
Tomov auto ima sto konjskih snaga.	В машине Тома сто лошадиных сил.	6	6475381
Tomu je otac kupio stari moped.	Отец купил Тому старый мопед.	6	3469811
Treba da misliš na svoje zdravlje.	Тебе нужно думать о своём здоровье.	6	5603416
Treba mi soba za dve osobe.	Мне нужна комната на две персоны.	6	3437269
Treba mi soba za dve osobe.	Мне нужен номер на две персоны.	6	3437269
Tri puta sam bio u Kjotou.	Я три раза был в Киото.	6	3253739
Tri četvrtine površine Zemlje je voda.	Вода занимает три четверти поверхности Земли.	6	3262896
Tvoj bicikl je bolji od mog.	Твой велосипед больше моего.	6	3419209
Tvoja knjiga je na pisaćem stolu.	Твоя книга на письменном столе.	6	3425256
Tvoja knjiga je na pisaćem stolu.	Твоя книга лежит на письменном столе.	6	3425256
Tvoja knjiga je u mojoj kancelariji.	Твоя книга в моём офисе.	6	6905695
Tvoja olovka je bolja od moje.	Твой карандаш больше, чем мой.	6	3425248
Tvoja žena je ljuta na tebe.	Твоя жена на тебя сердится.	6	3418564
Tvoja žena je ljuta na tebe.	Твоя жена на тебя злится.	6	3418564
U Bostonu me niko ne zna.	В Бостоне меня никто не знает.	6	5002904
U mojoj bašti ima mnogo voćki.	В моём саду много фруктовых деревьев.	6	3438783
U mom početku je moj kraj.	В моём начале есть мой конец.	6	5848407
Ukrao je veoma dragocen dijamantski prsten.	Он украл очень ценное кольцо с алмазом.	6	4250227
Uspeh je došao polako, ne odjednom.	Успех пришёл медленно, не сразу.	6	5588867
Uvek držim prozor otvorenim dok spavam.	Я всегда держу окно открытым, когда сплю.	6	5028570
Uvek govori o vladi sa prezirom.	Всегда говори о власти с презрением.	6	957661
Uvek sam želeo da te upoznam.	Я всегда хотел с тобой познакомиться.	6	3365503
Učim francuski svakog dana posle večere.	Каждый день после ужина я учу французский.	6	3435319
Učim francuski svakog dana posle večere.	Я каждый день после ужина учу французский.	6	3435319
Vaša imena su Tom i Ken.	Ваши имена - Том и Кен.	6	3243832
Veoma volim ovaj stari deo grada.	Я очень люблю эту старую часть города.	6	3476265
Verovatno nikad više neću koristiti ovo.	Видимо, я никогда больше не буду этим пользоваться.	6	5035386
Većina kuća je bila potpuno uništena.	Большинство домов было полностью уничтожено.	6	3654418
Vidiš, on je dobar igrač bejzbola.	Видишь, он хороший бейсболист.	6	884824
Više ne želim da te vidim.	Я больше не хочу тебя видеть.	6	5397795
Više nema riba u ovoj reci.	В этой реке больше нет рыбы.	6	3311582
Voda ključa na sto stepeni Celzijusa.	Вода кипит при 100 градусах Цельсия.	6	4248495
Voda u bunaru je bila ledena.	Вода в колодце была ледяная.	6	3304814
Volim da dobijam pisma od prijatelja.	Я люблю получать письма от друзей.	6	3440680
Volim da spavam na mekom krevetu.	Я люблю спать на мягкой кровати.	6	3333629
Volim da te gledam dok plešeš.	Я люблю смотреть, как ты танцуешь.	6	5035287
Volim da vas gledam dok igrate.	Я люблю смотреть, как вы играете.	6	5035292
Volim da vas gledam kako igrate.	Я люблю смотреть, как вы играете.	6	5035294
Zaista mi se sviđa vaša muzika.	Мне правда нравится ваша музыка.	6	5034810
Zapravo sam odlučio da uradim to.	Вообще-то я решил сделать это.	6	13395060
Zašro ne pitaju njega za savet?	Почему они не спросят у него совета?	6	3285289
Zašto dijamanti koštaju više od vode?	Почему алмазы стоят дороже воды?	6	3358439
Zašto dijamanti koštaju više od vode?	Почему алмазы ценятся выше воды?	6	3358439
Zašto ne možemo da kažemo Tomu?	Почему мы не можем сказать Тому?	6	4253533
Zašto si ofarbao klupu u crveno?	Зачем ты покрасил скамейку в красный цвет?	6	3263577
Zašto ti treba tako puno cipela?	Зачем тебе столько обуви?	6	4237980
Zašto želiš da budeš medicinska sestra?	Почему ты хочешь быть медсестрой?	6	3245538
Zašto želiš da pričaš sa mnom?	Почему ты хочешь со мной поговорить?	6	3360338
Zbog lošeg vremena, avion je kasnio.	Самолёт опоздал из-за плохой погоды.	6	5919385
Zima je moje omiljeno godišnje doba.	Зима — моё любимое время года.	6	3248380
Zlato je daleko teže od vode.	Золото намного тяжелее воды.	6	3366593
Zlato je mnogo teže od vode.	Золото намного тяжелее воды.	6	3311467
Zna li neko gde je Tom?	Кто-нибудь знает, где Том?	6	3435501
Znala sam da ste pročitali pismo.	Я знала, что вы прочитали письмо.	6	1299987
Znam tačno šta treba da radim.	Я точно знаю, что мне нужно делать.	6	4256584
Znao sam kako se Tom osećao.	Я знал, как Том себя чувствовал.	6	13395215
Znaš li kog je Tom ubio?	Ты знаешь, кого убил Том?	6	4971836
Znaš li koga je Tom ubio?	Ты знаешь, кого убил Том?	6	4971835
Znaš li šta muškarci potajno žele?	Знаешь, чего втайне хотят мужчины?	6	3494425
Znaš li šta znači ova rečenica?	Ты знаешь, что означает это предложение?	6	4249171
Čaj je prejak. Dospi malo vode.	Чай слишком крепкий. Долей немного воды.	6	3434478
Četiri oka vide bolje od dva.	Четыре глаза видят лучше, чем два.	6	3430971
Čija je knjiga na pisaćem stolu?	Чья это книга на письменном столе?	6	3281746
Čovek se uči dok je živ.	Человек всю жизнь учится.	6	6895775
Čula sam da ne jedeš meso.	Я слышала, что ты не ешь мясо.	6	4250425
Čuo sam da ne jedeš meso.	Я слышал, что ты не ешь мясо.	6	4250424
Čuo sam da ne jedeš meso.	Я слышал, ты не ешь мясо.	6	4250424
Šećer se topi u toploj kafi.	Сахар растворяется в горячем кофе.	6	3263552
Šta ide brže, brod ili voz?	Что движется быстрее, корабль или поезд?	6	3245154
Šta je to što želiš, Tome?	Это то, что ты хочешь, Том?	6	3394969
Šta je to što želiš, Tome?	Это то, чего ты хочешь, Том?	6	3394969
Šta je veće, Sunce ili Zemlja?	Что больше: Солнце или Земля?	6	890854
Šta misliš, šta znači ova rečenica?	Как ты думаешь, что значит это предложение?	6	4249168
Šta nije u redu s tobom?	Что с тобой не так?	6	3418548
Šta planiraš da radiš ovog leta?	Что ты планируешь делать этим летом?	6	4238339
Šta planiraš da radiš ovog leta?	Чем ты планируешь заниматься этим летом?	6	4238339
Šta si danas pojeo za užinu?	Что ты сегодня ел на полдник?	6	3387237
Šta si jeo? Ribu ili meso?	Что ты ел? Рыбу или мясо?	6	3390917
Šta ti misliš da sam radio?	Что, ты думаешь, я делал?	6	3644372
Šta ti misliš o otvorenom odnosu?	Что ты думаешь об открытых отношениях?	6	3531397
Šta više voliš, fiziku ili hemiju?	Что ты больше любишь, физику или химию?	6	3244062
Šta više voliš: planine ili more?	Что ты больше любишь - горы или море?	6	3347552
Šta ćeš da radiš ovog leta?	Чем ты будешь заниматься этим летом?	6	4238340
Šta ćeš da radiš u petak?	Что ты будешь делать в пятницу?	6	3439296
Šta želiš da budeš kada porasteš?	Кем ты хочешь стать, когда вырастешь?	6	3267224
Šta želiš da uradim za tebe?	Что ты хочешь, чтобы я для тебя сделал?	6	4783036
Šta želiš da uradim za tebe?	Что ты хочешь, чтобы я для тебя сделала?	6	4783036
Šuma je zimi bela i tiha.	Лес зимой белый и тихий.	6	3373224
Žao mi je, nisam zapamtio ime.	К сожалению, я не запомнил имени.	6	5944884
Želim da naučim još jedan jezik.	Я хочу выучить ещё один язык.	6	3473642
Živim u Kanadi gotovo pet godina.	Я живу в Канаде почти пять лет.	6	799312
Život je smrtna seksualno prenosiva bolest.	Жизнь - смертельная болезнь, передающаяся половым путем.	6	3256215
