sites	count	lemma	pos	where	forms
9	1415	prijaviti	ADJ	ananas.rs,emmezeta.rs,ikea.rs,jysk.me,jysk.rs,kupujemprodajem,maxi.rs,oglasi.me,voli.me	prijavite prijavi prijavili
9	812	web	NOUN	ananas.rs,emmezeta.rs,ikea.rs,jysk.me,jysk.rs,kupujemprodajem,maxi.rs,oglasi.me,voli.me	web
8	42592	image	NOUN	ananas.rs,emmezeta.rs,gigatron.me,ikea.rs,jysk.rs,kupujemprodajem,maxi.rs,oglasi.me	image
8	5888	oprema	NOUN	ananas.rs,emmezeta.rs,ikea.rs,jysk.me,jysk.rs,kupujemprodajem,maxi.rs,oglasi.me	oprema opremu opreme
8	5456	radni	ADJ	ananas.rs,emmezeta.rs,ikea.rs,jysk.me,jysk.rs,kupujemprodajem,maxi.rs,oglasi.me	radne radni radno
8	4613	search	NOUN	ananas.rs,emmezeta.rs,ikea.rs,jysk.rs,kupujemprodajem,maxi.rs,oglasi.me,voli.me	search
8	3460	set	NOUN	ananas.rs,emmezeta.rs,ikea.rs,jysk.me,jysk.rs,kupujemprodajem,maxi.rs,oglasi.me	setovi set setovima
8	3089	kućni	ADJ	ananas.rs,emmezeta.rs,ikea.rs,jysk.me,jysk.rs,kupujemprodajem,maxi.rs,voli.me	kućni kućne kućna
8	2449	proizvoditi	VERB	ananas.rs,emmezeta.rs,ikea.rs,jysk.me,jysk.rs,kupujemprodajem,maxi.rs,voli.me	proizvodi proizvodimo
8	970	dodatan	ADJ	ananas.rs,emmezeta.rs,ikea.rs,jysk.me,jysk.rs,kupujemprodajem,maxi.rs,voli.me	dodatna dodatnu dodatni
8	940	čišćenje	NOUN	ananas.rs,emmezeta.rs,ikea.rs,jysk.me,jysk.rs,kupujemprodajem,maxi.rs,oglasi.me	čišćenje čišćenja
8	483	privatnost	NOUN	ananas.rs,emmezeta.rs,ikea.rs,jysk.rs,kupujemprodajem,maxi.rs,oglasi.me,voli.me	privatnosti privatnost
8	447	asortiman	NOUN	ananas.rs,emmezeta.rs,ikea.rs,jysk.me,jysk.rs,kupujemprodajem,maxi.rs,voli.me	asortiman asortimana asortimanu
8	81	voliti	VERB	emmezeta.rs,ikea.rs,jysk.me,jysk.rs,kupujemprodajem,maxi.rs,oglasi.me,voli.me	voli voliš vole
7	8807	store	NOUN	ananas.rs,emmezeta.rs,ikea.rs,jysk.me,jysk.rs,maxi.rs,oglasi.me	store
7	7179	baštenski	ADJ	ananas.rs,emmezeta.rs,ikea.rs,jysk.me,jysk.rs,kupujemprodajem,maxi.rs	baštenski baštenske baštenska
7	4113	email	NOUN	ananas.rs,gigatron.me,ikea.rs,kupujemprodajem,maxi.rs,oglasi.me,voli.me	email emaila
7	4097	pribor	NOUN	ananas.rs,emmezeta.rs,ikea.rs,jysk.me,jysk.rs,kupujemprodajem,maxi.rs	pribor pribora priborom
7	3342	detalj	NOUN	emmezeta.rs,ikea.rs,jysk.me,jysk.rs,kupujemprodajem,maxi.rs,voli.me	detaljima detalje detalji
7	2567	veš	NOUN	ananas.rs,emmezeta.rs,ikea.rs,jysk.me,jysk.rs,kupujemprodajem,maxi.rs	veš veša vešu
7	2531	prikazati	VERB	emmezeta.rs,ikea.rs,jysk.me,jysk.rs,kupujemprodajem,maxi.rs,oglasi.me	prikaži prikažemo prikazani
7	2050	isporuka	NOUN	ananas.rs,emmezeta.rs,ikea.rs,jysk.me,jysk.rs,kupujemprodajem,maxi.rs	isporuke isporuku isporuka
7	1814	dekoracija	NOUN	ananas.rs,emmezeta.rs,ikea.rs,jysk.me,jysk.rs,kupujemprodajem,maxi.rs	dekoracija dekoracije dekoraciju
7	1428	kompanija	NOUN	emmezeta.rs,ikea.rs,jysk.me,jysk.rs,kupujemprodajem,maxi.rs,voli.me	kompaniji kompaniju kompanije
7	1367	plaćanje	NOUN	ananas.rs,emmezeta.rs,ikea.rs,jysk.rs,kupujemprodajem,maxi.rs,voli.me	plaćanje plaćanja plaćanju
7	1326	kancelarijski	ADJ	ananas.rs,emmezeta.rs,ikea.rs,jysk.me,jysk.rs,kupujemprodajem,maxi.rs	kancelarijski kancelarijske kancelarijska
7	1262	dnevni	ADJ	ananas.rs,emmezeta.rs,ikea.rs,jysk.me,jysk.rs,kupujemprodajem,maxi.rs	dnevna dnevnu dnevni
7	988	mobilan	ADJ	ananas.rs,emmezeta.rs,ikea.rs,kupujemprodajem,maxi.rs,oglasi.me,voli.me	mobilni mobilnog mobilne
7	904	dostava	NOUN	ananas.rs,emmezeta.rs,ikea.rs,jysk.rs,kupujemprodajem,maxi.rs,voli.me	dostava dostavu
7	840	shop	NOUN	ananas.rs,emmezeta.rs,ikea.rs,jysk.rs,kupujemprodajem,maxi.rs,voli.me	shop shopu
7	742	pretraga	NOUN	ikea.rs,jysk.me,jysk.rs,kupujemprodajem,maxi.rs,oglasi.me,voli.me	pretraga pretragu pretrage
7	700	omiljen	ADJ	emmezeta.rs,ikea.rs,jysk.me,jysk.rs,kupujemprodajem,maxi.rs,voli.me	omiljene omiljeni omiljenih
7	667	postaviti	ADJ	emmezeta.rs,ikea.rs,jysk.me,jysk.rs,kupujemprodajem,maxi.rs,oglasi.me	postavi postavljena postavite
7	604	urediti	ADJ	emmezeta.rs,ikea.rs,jysk.me,jysk.rs,kupujemprodajem,maxi.rs,voli.me	uredi uredimo uredite
7	527	nega	NOUN	ananas.rs,emmezeta.rs,ikea.rs,jysk.me,jysk.rs,kupujemprodajem,maxi.rs	nega negu negom
7	479	veličina	NOUN	emmezeta.rs,ikea.rs,jysk.me,jysk.rs,kupujemprodajem,maxi.rs,oglasi.me	veličina veličinu veličine
7	465	logo	NOUN	ananas.rs,emmezeta.rs,ikea.rs,jysk.rs,kupujemprodajem,maxi.rs,oglasi.me	logo
7	437	poslovanje	NOUN	ananas.rs,emmezeta.rs,ikea.rs,jysk.me,jysk.rs,kupujemprodajem,maxi.rs	poslovanja poslovanje
7	391	materijal	NOUN	ananas.rs,emmezeta.rs,ikea.rs,jysk.me,jysk.rs,kupujemprodajem,maxi.rs	materijali materijal materijala
7	333	stil	NOUN	emmezeta.rs,ikea.rs,jysk.me,jysk.rs,kupujemprodajem,maxi.rs,oglasi.me	stil stila stilovima
7	293	letnji	ADJ	emmezeta.rs,ikea.rs,jysk.me,jysk.rs,kupujemprodajem,maxi.rs,oglasi.me	letnja letnje letnju
7	248	kvalitet	NOUN	emmezeta.rs,ikea.rs,jysk.me,jysk.rs,kupujemprodajem,maxi.rs,oglasi.me	kvalitet kvaliteta kvalitetu
7	220	iskoristiti	ADJ	ananas.rs,emmezeta.rs,ikea.rs,jysk.me,jysk.rs,kupujemprodajem,maxi.rs	iskoristi iskoristiti iskoristite
7	211	također	ADV	emmezeta.rs,ikea.rs,jysk.me,jysk.rs,kupujemprodajem,maxi.rs,oglasi.me	takođe također
7	201	cel	ADJ	emmezeta.rs,ikea.rs,jysk.me,jysk.rs,kupujemprodajem,maxi.rs,voli.me	celoj celu ceo
7	173	prednost	NOUN	ananas.rs,emmezeta.rs,ikea.rs,jysk.me,jysk.rs,kupujemprodajem,maxi.rs	prednosti prednostima prednost
7	170	website	NOUN	gigatron.me,ikea.rs,jysk.rs,kupujemprodajem,maxi.rs,oglasi.me,voli.me	website
7	104	prodavac	NOUN	ananas.rs,emmezeta.rs,jysk.me,jysk.rs,kupujemprodajem,maxi.rs,oglasi.me	prodavac prodavci prodavca
7	79	nuditi	VERB	emmezeta.rs,ikea.rs,jysk.me,jysk.rs,kupujemprodajem,maxi.rs,oglasi.me	nudi nude nudimo
7	69	određen	ADJ	emmezeta.rs,ikea.rs,jysk.me,jysk.rs,kupujemprodajem,maxi.rs,oglasi.me	određeno određeni određene
6	46944	element	NOUN	emmezeta.rs,ikea.rs,jysk.me,jysk.rs,kupujemprodajem,maxi.rs	element elementi elemente
6	12360	odlaganje	NOUN	emmezeta.rs,ikea.rs,jysk.me,jysk.rs,kupujemprodajem,maxi.rs	odlaganje odlaganjem odlaganja
6	11033	kuhinjski	ADJ	ananas.rs,emmezeta.rs,ikea.rs,jysk.me,jysk.rs,kupujemprodajem	kuhinjski kuhinjske kuhinjska
6	7896	rasveta	NOUN	ananas.rs,emmezeta.rs,ikea.rs,jysk.me,jysk.rs,kupujemprodajem	rasveta rasvetom rasvjeta
6	3784	istražiti	VERB	emmezeta.rs,ikea.rs,jysk.me,jysk.rs,kupujemprodajem,maxi.rs	istraži istražite istražimo
6	3038	sofa	NOUN	ananas.rs,emmezeta.rs,ikea.rs,jysk.me,jysk.rs,kupujemprodajem	sofe sofa sofu
6	2452	login	NOUN	ananas.rs,ikea.rs,kupujemprodajem,maxi.rs,oglasi.me,voli.me	login
6	2186	online	ADV	ananas.rs,emmezeta.rs,jysk.rs,kupujemprodajem,maxi.rs,oglasi.me	online
6	1946	veštački	ADJ	emmezeta.rs,ikea.rs,jysk.me,jysk.rs,kupujemprodajem,maxi.rs	veštačke veštačko veštačka
6	1922	filter	NOUN	ananas.rs,ikea.rs,jysk.me,kupujemprodajem,maxi.rs,voli.me	filter filteri filtere
6	1897	profil	NOUN	ananas.rs,emmezeta.rs,ikea.rs,maxi.rs,oglasi.me,voli.me	profile profili profil
6	1631	format	NOUN	emmezeta.rs,ikea.rs,jysk.rs,kupujemprodajem,maxi.rs,voli.me	formatu format formata
6	1395	default	NOUN	ananas.rs,emmezeta.rs,ikea.rs,jysk.rs,kupujemprodajem,maxi.rs	default
6	1205	country	NOUN	ikea.rs,jysk.rs,kupujemprodajem,maxi.rs,oglasi.me,voli.me	country
6	1177	update	NOUN	ananas.rs,emmezeta.rs,ikea.rs,jysk.me,jysk.rs,maxi.rs	update
6	1170	ukras	NOUN	ananas.rs,emmezeta.rs,ikea.rs,jysk.me,jysk.rs,kupujemprodajem	ukrasi ukrase ukras
6	1076	jelka	NOUN	ananas.rs,emmezeta.rs,ikea.rs,jysk.rs,kupujemprodajem,maxi.rs	jelke jelku jelka
6	1036	ispravan	ADJ	jysk.me,jysk.rs,kupujemprodajem,maxi.rs,oglasi.me,voli.me	ispravnom ispravan ispravne
6	1002	zimski	ADJ	ananas.rs,emmezeta.rs,ikea.rs,jysk.me,jysk.rs,kupujemprodajem	zimski zimske zimsko
6	900	korisnički	ADJ	ananas.rs,ikea.rs,jysk.me,jysk.rs,maxi.rs,voli.me	korisnička korisničku korisnički
6	846	ličan	ADJ	emmezeta.rs,ikea.rs,jysk.me,jysk.rs,kupujemprodajem,maxi.rs	lična ličnih lični
6	843	artikl	NOUN	emmezeta.rs,ikea.rs,jysk.me,jysk.rs,maxi.rs,voli.me	artikle artikala artikli
6	840	kombinovati	ADV	emmezeta.rs,ikea.rs,jysk.me,jysk.rs,kupujemprodajem,maxi.rs	kombinovani kombinovane kombinuj
6	815	opcija	NOUN	emmezeta.rs,ikea.rs,jysk.me,jysk.rs,kupujemprodajem,maxi.rs	opcija opciju opcije
6	782	servis	NOUN	emmezeta.rs,ikea.rs,kupujemprodajem,maxi.rs,oglasi.me,voli.me	servisi servis servisa
6	746	kolačić	NOUN	ananas.rs,emmezeta.rs,ikea.rs,jysk.rs,maxi.rs,voli.me	kolačići kolačića kolačiće
6	729	zaliha	NOUN	emmezeta.rs,ikea.rs,jysk.me,jysk.rs,maxi.rs,voli.me	zaliha zalihe zalihama
6	728	kontaktirati	VERB	emmezeta.rs,ikea.rs,jysk.me,jysk.rs,kupujemprodajem,maxi.rs	kontaktirajte kontaktiraj kontaktirati
6	667	input	NOUN	emmezeta.rs,ikea.rs,jysk.me,jysk.rs,maxi.rs,voli.me	input
6	623	kreirati	VERB	emmezeta.rs,ikea.rs,jysk.rs,kupujemprodajem,maxi.rs,voli.me	kreirajte kreiraj kreiran
6	591	ugaoni	ADJ	emmezeta.rs,ikea.rs,jysk.me,jysk.rs,kupujemprodajem,oglasi.me	ugaone ugaoni ugaona
6	528	rashladni	ADJ	ananas.rs,emmezeta.rs,ikea.rs,jysk.me,jysk.rs,maxi.rs	rashladne rashladnih
6	524	novogodišnji	ADJ	ananas.rs,emmezeta.rs,ikea.rs,jysk.rs,kupujemprodajem,maxi.rs	novogodišnja novogodišnje novogodišnji
6	498	uređenje	NOUN	emmezeta.rs,ikea.rs,jysk.me,jysk.rs,kupujemprodajem,maxi.rs	uređenje uređenja uređenju
6	478	metalan	ADJ	ananas.rs,emmezeta.rs,ikea.rs,jysk.me,jysk.rs,kupujemprodajem	metalni metalne metalna
6	423	garnitura	NOUN	emmezeta.rs,ikea.rs,jysk.me,jysk.rs,kupujemprodajem,oglasi.me	garniture garnitura garnituru
6	395	sortirati	VERB	ikea.rs,jysk.me,kupujemprodajem,maxi.rs,oglasi.me,voli.me	sortiraj sortirane sortiramo
6	390	podni	ADJ	ananas.rs,emmezeta.rs,ikea.rs,jysk.me,kupujemprodajem,maxi.rs	podna podni podnog
6	368	e-mail	NOUN	emmezeta.rs,jysk.me,jysk.rs,kupujemprodajem,maxi.rs,voli.me	e-mail e-mailu
6	298	post	NOUN	ananas.rs,emmezeta.rs,jysk.me,jysk.rs,kupujemprodajem,maxi.rs	post postove postovi
6	293	domaćinstvo	NOUN	emmezeta.rs,ikea.rs,jysk.me,jysk.rs,kupujemprodajem,maxi.rs	domaćinstvo domaćinstva domaćinstvima
6	293	naredan	ADJ	emmezeta.rs,ikea.rs,jysk.rs,kupujemprodajem,maxi.rs,voli.me	naredne narednih narednu
6	288	tag	NOUN	ananas.rs,emmezeta.rs,ikea.rs,kupujemprodajem,maxi.rs,oglasi.me	tag tagovi
6	265	rola	NOUN	ananas.rs,emmezeta.rs,ikea.rs,jysk.me,jysk.rs,kupujemprodajem	rolo role roli
6	252	memorijski	ADJ	ananas.rs,emmezeta.rs,ikea.rs,jysk.me,jysk.rs,kupujemprodajem	memorijske memorijskih memorijskom
6	240	podeliti	ADJ	emmezeta.rs,ikea.rs,jysk.me,jysk.rs,kupujemprodajem,maxi.rs	podeli podelite podeliš
6	239	postavljati	VERB	ananas.rs,ikea.rs,jysk.me,jysk.rs,kupujemprodajem,maxi.rs	postavljana postavljate postavljaju
6	232	jednostavan	ADJ	emmezeta.rs,ikea.rs,jysk.me,jysk.rs,kupujemprodajem,maxi.rs	jednostavan jednostavnom jednostavni
6	229	beliti	VERB	emmezeta.rs,ikea.rs,jysk.me,jysk.rs,kupujemprodajem,maxi.rs	beli bele bijeli
6	223	redovan	ADJ	emmezeta.rs,ikea.rs,jysk.rs,kupujemprodajem,maxi.rs,voli.me	redovna redovni redovnih
6	212	enterijer	NOUN	ananas.rs,emmezeta.rs,ikea.rs,jysk.me,jysk.rs,kupujemprodajem	enterijera enterijer enterijeri
6	212	pogodnost	NOUN	ananas.rs,emmezeta.rs,ikea.rs,jysk.rs,kupujemprodajem,maxi.rs	pogodnosti pogodnost pogodnostima
6	180	dostupan	ADJ	emmezeta.rs,ikea.rs,jysk.me,jysk.rs,kupujemprodajem,maxi.rs	dostupni dostupan dostupna
6	170	muški	ADJ	ananas.rs,jysk.me,jysk.rs,kupujemprodajem,maxi.rs,oglasi.me	muška muški muške
6	169	podešavanje	NOUN	emmezeta.rs,ikea.rs,jysk.me,jysk.rs,kupujemprodajem,maxi.rs	podešavanja podešavanjem podešavanje
6	154	prirodan	ADJ	emmezeta.rs,ikea.rs,jysk.me,jysk.rs,kupujemprodajem,maxi.rs	prirodni prirodnog prirodnim
6	126	sniziti	ADJ	emmezeta.rs,ikea.rs,jysk.me,jysk.rs,kupujemprodajem,oglasi.me	snižena snižene snizili
6	125	pristupačan	ADJ	emmezeta.rs,ikea.rs,jysk.me,jysk.rs,kupujemprodajem,maxi.rs	pristupačne pristupačni pristupačnim
6	121	visina	NOUN	emmezeta.rs,ikea.rs,jysk.me,jysk.rs,kupujemprodajem,oglasi.me	visina visine visinom
6	120	prilagoditi	ADJ	emmezeta.rs,ikea.rs,jysk.me,jysk.rs,kupujemprodajem,maxi.rs	prilagođena prilagoditi prilagođen
6	103	kvalitetan	ADJ	emmezeta.rs,ikea.rs,jysk.me,jysk.rs,kupujemprodajem,maxi.rs	kvalitetni kvalitetan kvalitetne
6	103	svakodnevno	ADV	emmezeta.rs,ikea.rs,jysk.me,jysk.rs,kupujemprodajem,maxi.rs	svakodnevno
6	100	sportski	ADJ	ananas.rs,emmezeta.rs,jysk.me,jysk.rs,kupujemprodajem,oglasi.me	sportske sportski sportska
6	99	stručan	ADJ	emmezeta.rs,ikea.rs,jysk.me,jysk.rs,kupujemprodajem,maxi.rs	stručna stručni stručne
6	91	izgled	NOUN	emmezeta.rs,ikea.rs,jysk.me,jysk.rs,kupujemprodajem,maxi.rs	izgled izgledu izgledom
6	90	praktičan	ADJ	emmezeta.rs,ikea.rs,jysk.me,jysk.rs,kupujemprodajem,maxi.rs	praktična praktični praktične
6	83	potražiti	VERB	emmezeta.rs,ikea.rs,jysk.me,jysk.rs,kupujemprodajem,maxi.rs	potraži potražite potražiti
6	81	paket	NOUN	ananas.rs,emmezeta.rs,ikea.rs,jysk.rs,kupujemprodajem,maxi.rs	paket paketa pakete
6	81	životan	ADJ	emmezeta.rs,ikea.rs,jysk.me,jysk.rs,kupujemprodajem,maxi.rs	životne životni životno
6	76	profesionalan	ADJ	ananas.rs,emmezeta.rs,ikea.rs,jysk.rs,kupujemprodajem,maxi.rs	profesionalni profesionalna profesionalne
6	68	funkcionalan	ADJ	emmezeta.rs,ikea.rs,jysk.me,jysk.rs,kupujemprodajem,maxi.rs	funkcionalni funkcionalan funkcionalne
6	64	pravilno	ADV	emmezeta.rs,ikea.rs,jysk.me,jysk.rs,kupujemprodajem,maxi.rs	pravilno
6	62	odgovarajući	ADJ	emmezeta.rs,ikea.rs,jysk.me,jysk.rs,kupujemprodajem,maxi.rs	odgovarajući odgovarajuća odgovarajuću
6	54	omogućavati	VERB	emmezeta.rs,ikea.rs,jysk.me,jysk.rs,kupujemprodajem,maxi.rs	omogućava omogućavaju
6	44	prav	ADJ	emmezeta.rs,ikea.rs,jysk.me,jysk.rs,kupujemprodajem,maxi.rs	pravi pravog pravih
6	42	birati	VERB	emmezeta.rs,ikea.rs,jysk.me,jysk.rs,kupujemprodajem,maxi.rs	biraš birajte biraj
6	39	fiksan	ADJ	ananas.rs,emmezeta.rs,ikea.rs,jysk.me,jysk.rs,kupujemprodajem	fiksna fiksni fiksne
6	35	kreativan	ADJ	ananas.rs,emmezeta.rs,ikea.rs,jysk.rs,kupujemprodajem,maxi.rs	kreativne kreativni kreativan
6	34	popularan	ADJ	ananas.rs,emmezeta.rs,ikea.rs,jysk.rs,kupujemprodajem,voli.me	popularna najpopularnijih popularne
6	34	praktično	ADV	emmezeta.rs,ikea.rs,jysk.me,jysk.rs,kupujemprodajem,maxi.rs	praktično praktičnije
6	30	pružati	VERB	emmezeta.rs,ikea.rs,jysk.me,jysk.rs,kupujemprodajem,maxi.rs	pruža pružaju pružamo
6	23	centralan	ADJ	emmezeta.rs,ikea.rs,jysk.me,jysk.rs,kupujemprodajem,oglasi.me	centralna centralni centralne
6	22	gledanje	NOUN	emmezeta.rs,ikea.rs,jysk.me,jysk.rs,kupujemprodajem,maxi.rs	gledanja gledanje
6	17	dodatno	ADV	emmezeta.rs,ikea.rs,jysk.me,jysk.rs,kupujemprodajem,maxi.rs	dodatno
6	17	upotpuniti	ADJ	emmezeta.rs,ikea.rs,jysk.me,jysk.rs,kupujemprodajem,maxi.rs	upotpuni upotpunili upotpunite
6	12	savremen	ADJ	emmezeta.rs,ikea.rs,jysk.me,jysk.rs,kupujemprodajem,maxi.rs	savremenog savremenijeg savremenom
6	10	obavezno	ADV	ikea.rs,jysk.me,jysk.rs,kupujemprodajem,maxi.rs,voli.me	obavezno
5	8347	dodatak	NOUN	emmezeta.rs,ikea.rs,jysk.me,jysk.rs,kupujemprodajem	dodaci dodatke dodataka
5	6748	original	NOUN	ikea.rs,jysk.rs,kupujemprodajem,maxi.rs,voli.me	original originali
5	6711	show	NOUN	ananas.rs,ikea.rs,jysk.rs,kupujemprodajem,maxi.rs	show
5	6544	card	NOUN	ananas.rs,ikea.rs,kupujemprodajem,maxi.rs,voli.me	card
5	4938	pretražiti	VERB	emmezeta.rs,ikea.rs,kupujemprodajem,maxi.rs,oglasi.me	pretražite pretraži pretražiti
5	4395	kombinacija	NOUN	emmezeta.rs,ikea.rs,jysk.me,jysk.rs,maxi.rs	kombinacije kombinacija kombinaciju
5	4147	unesti	VERB	ikea.rs,jysk.rs,kupujemprodajem,maxi.rs,voli.me	unesite unesi uneseš
5	4140	navlaka	NOUN	emmezeta.rs,ikea.rs,jysk.me,jysk.rs,kupujemprodajem	navlake navlaka navlakama
5	3335	zidni	ADJ	emmezeta.rs,ikea.rs,jysk.me,jysk.rs,kupujemprodajem	zidne zidni zidna
5	3176	posuda	NOUN	emmezeta.rs,ikea.rs,jysk.me,jysk.rs,kupujemprodajem	posude posuda posudi
5	2885	trpezarijski	ADJ	ananas.rs,emmezeta.rs,ikea.rs,jysk.me,jysk.rs	trpezarijski trpezarijske trpezarijskih
5	2817	komoda	NOUN	emmezeta.rs,ikea.rs,jysk.me,jysk.rs,kupujemprodajem	komode komoda komodu
5	2566	ogledati	VERB	emmezeta.rs,ikea.rs,jysk.me,jysk.rs,kupujemprodajem	ogledala
5	2405	inspiracija	NOUN	emmezeta.rs,ikea.rs,jysk.me,jysk.rs,maxi.rs	inspiracija inspiracije inspiraciju
5	2301	panel	NOUN	ananas.rs,emmezeta.rs,ikea.rs,kupujemprodajem,maxi.rs	paneli panele panel
5	2051	saksija	NOUN	emmezeta.rs,ikea.rs,jysk.me,jysk.rs,kupujemprodajem	saksije saksiji saksijom
5	1905	posteljina	NOUN	emmezeta.rs,ikea.rs,jysk.me,jysk.rs,kupujemprodajem	posteljina posteljine posteljinu
5	1622	gejmerski	ADJ	ananas.rs,ikea.rs,jysk.me,jysk.rs,kupujemprodajem	gejmerski gejmerske gejmerska
5	1520	dečji	ADJ	emmezeta.rs,ikea.rs,jysk.me,jysk.rs,kupujemprodajem	dečju dečji dečja
5	1441	mobil	NOUN	ananas.rs,ikea.rs,kupujemprodajem,maxi.rs,voli.me	mobile mobil
5	1383	stalak	NOUN	emmezeta.rs,ikea.rs,jysk.me,jysk.rs,kupujemprodajem	stalci stalak stalkom
5	1382	organizator	NOUN	emmezeta.rs,ikea.rs,jysk.me,kupujemprodajem,maxi.rs	organizatori organizator organizatora
5	1354	pranje	NOUN	ananas.rs,ikea.rs,jysk.me,jysk.rs,kupujemprodajem	pranje pranja pranjem
5	1251	klupa	NOUN	emmezeta.rs,ikea.rs,jysk.me,jysk.rs,kupujemprodajem	klupe klupa klupu
5	1235	ukrasni	ADJ	emmezeta.rs,ikea.rs,jysk.me,jysk.rs,kupujemprodajem	ukrasni ukrasne ukrasna
5	1187	držač	NOUN	emmezeta.rs,ikea.rs,jysk.me,jysk.rs,kupujemprodajem	držači držač držačem
5	1063	ormar	NOUN	emmezeta.rs,ikea.rs,jysk.me,jysk.rs,kupujemprodajem	ormari ormar ormaru
5	1050	tehnika	NOUN	ananas.rs,emmezeta.rs,kupujemprodajem,maxi.rs,oglasi.me	tehnika tehnike tehniku
5	991	preuzimanje	NOUN	emmezeta.rs,ikea.rs,kupujemprodajem,maxi.rs,voli.me	preuzimanje preuzimanja preuzimanju
5	980	region	NOUN	ikea.rs,jysk.rs,kupujemprodajem,maxi.rs,oglasi.me	region regionu
5	973	klizni	ADJ	emmezeta.rs,ikea.rs,jysk.me,jysk.rs,kupujemprodajem	klizna kliznih klizni
5	948	kolica	NOUN	ananas.rs,emmezeta.rs,ikea.rs,jysk.me,kupujemprodajem	kolica kolicima
5	909	vitrina	NOUN	ananas.rs,emmezeta.rs,ikea.rs,jysk.me,jysk.rs	vitrine vitrina
5	850	tuš	NOUN	emmezeta.rs,ikea.rs,jysk.me,jysk.rs,kupujemprodajem	tuš tuševi tuša
5	775	total	NOUN	ikea.rs,jysk.rs,kupujemprodajem,maxi.rs,voli.me	total
5	772	dekorativan	ADJ	emmezeta.rs,ikea.rs,jysk.me,jysk.rs,kupujemprodajem	dekorativne dekorativni dekorativna
5	753	aplikacija	NOUN	emmezeta.rs,ikea.rs,kupujemprodajem,maxi.rs,oglasi.me	aplikaciju aplikacije aplikacija
5	686	trosed	NOUN	ananas.rs,emmezeta.rs,ikea.rs,jysk.me,jysk.rs	trosedi trosed trosjed
5	675	laptop	NOUN	ikea.rs,jysk.me,jysk.rs,kupujemprodajem,oglasi.me	laptop laptopa laptopom
5	650	komplet	NOUN	emmezeta.rs,ikea.rs,jysk.me,jysk.rs,kupujemprodajem	kompleti komplet kompleta
5	592	brend	NOUN	ananas.rs,emmezeta.rs,kupujemprodajem,maxi.rs,voli.me	brendovi brend brenda
5	587	alt	NOUN	ikea.rs,jysk.me,jysk.rs,maxi.rs,oglasi.me	alt alta
5	569	medij	NOUN	ikea.rs,jysk.me,jysk.rs,kupujemprodajem,maxi.rs	medije medija medijima
5	549	stoni	ADJ	ananas.rs,emmezeta.rs,ikea.rs,jysk.me,kupujemprodajem	stona stone stoni
5	535	dvosed	NOUN	emmezeta.rs,ikea.rs,jysk.me,jysk.rs,oglasi.me	dvosedi dvosed dvosjed
5	526	kompletan	ADJ	emmezeta.rs,ikea.rs,jysk.rs,kupujemprodajem,maxi.rs	kompletne kompletan kompletnu
5	509	pokloniti	ADJ	ananas.rs,emmezeta.rs,ikea.rs,jysk.rs,kupujemprodajem	pokloni pokloniš pokloniti
5	504	vis	NOUN	emmezeta.rs,ikea.rs,jysk.me,maxi.rs,voli.me	visa
5	483	session	NOUN	ananas.rs,ikea.rs,jysk.rs,kupujemprodajem,maxi.rs	session
5	479	razvoj	NOUN	emmezeta.rs,ikea.rs,jysk.rs,kupujemprodajem,maxi.rs	razvoj razvoja razvoju
5	467	donji	ADJ	ikea.rs,jysk.me,jysk.rs,kupujemprodajem,maxi.rs	donji donje donjeg
5	452	ležaljka	NOUN	emmezeta.rs,ikea.rs,jysk.me,jysk.rs,kupujemprodajem	ležaljke ležaljka ležaljki
5	444	početan	ADJ	ikea.rs,jysk.me,jysk.rs,kupujemprodajem,maxi.rs	početna početnu početni
5	439	zaštitni	ADJ	emmezeta.rs,ikea.rs,jysk.me,jysk.rs,kupujemprodajem	zaštitne zaštitna zaštitni
5	430	paviljon	NOUN	emmezeta.rs,ikea.rs,jysk.me,jysk.rs,kupujemprodajem	paviljoni paviljon paviljona
5	428	priroda	NOUN	emmezeta.rs,ikea.rs,jysk.me,jysk.rs,maxi.rs	prirodi prirode priroda
5	425	vrednost	NOUN	emmezeta.rs,ikea.rs,kupujemprodajem,maxi.rs,voli.me	vrednost vrednosti vrijednost
5	380	istek	NOUN	emmezeta.rs,ikea.rs,jysk.me,maxi.rs,voli.me	isteka
5	367	reklamacija	NOUN	ananas.rs,emmezeta.rs,ikea.rs,jysk.rs,maxi.rs	reklamacije reklamacija
5	354	vodič	NOUN	emmezeta.rs,ikea.rs,jysk.me,jysk.rs,kupujemprodajem	vodič vodiči vodiče
5	341	podloga	NOUN	emmezeta.rs,ikea.rs,jysk.me,jysk.rs,kupujemprodajem	podloga podloge podlogom
5	337	prekrivač	NOUN	emmezeta.rs,ikea.rs,jysk.me,jysk.rs,kupujemprodajem	prekrivači prekrivač prekrivače
5	336	priprema	NOUN	emmezeta.rs,ikea.rs,jysk.rs,kupujemprodajem,maxi.rs	pripremu pripreme pripremi
5	331	solarni	ADJ	ananas.rs,ikea.rs,jysk.me,jysk.rs,kupujemprodajem	solarne solarni solarna
5	326	suncobran	NOUN	emmezeta.rs,ikea.rs,jysk.me,jysk.rs,kupujemprodajem	suncobrani suncobran suncobrana
5	321	gornji	ADJ	ikea.rs,jysk.me,jysk.rs,kupujemprodajem,maxi.rs	gornji gornja gornjim
5	316	objekt	NOUN	emmezeta.rs,ikea.rs,kupujemprodajem,maxi.rs,oglasi.me	objekata objektima objekti
5	310	mreža	NOUN	emmezeta.rs,ikea.rs,jysk.rs,kupujemprodajem,maxi.rs	mreže mrežama mreža
5	308	besplatno	ADV	emmezeta.rs,ikea.rs,kupujemprodajem,maxi.rs,voli.me	besplatno
5	303	sadržaj	NOUN	emmezeta.rs,ikea.rs,jysk.me,jysk.rs,maxi.rs	sadržaj sadržajem sadržaja
5	301	stolnjak	NOUN	emmezeta.rs,ikea.rs,jysk.me,jysk.rs,kupujemprodajem	stolnjaci stolnjak stolnjaka
5	286	level	NOUN	ananas.rs,emmezeta.rs,ikea.rs,kupujemprodajem,maxi.rs	level
5	274	limited	NOUN	ananas.rs,ikea.rs,kupujemprodajem,maxi.rs,voli.me	limited
5	274	spoljni	ADJ	emmezeta.rs,ikea.rs,jysk.rs,kupujemprodajem,maxi.rs	spoljna spoljne spoljnim
5	268	display	NOUN	ananas.rs,gigatron.me,ikea.rs,jysk.rs,kupujemprodajem	display
5	268	favorit	NOUN	ikea.rs,jysk.rs,kupujemprodajem,maxi.rs,voli.me	favorite favoriti favorita
5	267	srednji	ADJ	ikea.rs,jysk.rs,kupujemprodajem,maxi.rs,oglasi.me	srednji srednja srednje
5	262	raspolaganje	NOUN	emmezeta.rs,jysk.me,jysk.rs,kupujemprodajem,maxi.rs	raspolaganju
5	262	uneti	VERB	ikea.rs,jysk.rs,kupujemprodajem,maxi.rs,voli.me	uneli uneti uneta
5	251	blog	NOUN	ananas.rs,emmezeta.rs,jysk.me,jysk.rs,kupujemprodajem	blog blogu
5	250	manual	NOUN	ananas.rs,ikea.rs,kupujemprodajem,maxi.rs,voli.me	manual
5	242	pakovanje	NOUN	emmezeta.rs,ikea.rs,jysk.rs,kupujemprodajem,maxi.rs	pakovanje pakovanja pakovanju
5	238	net	NOUN	emmezeta.rs,jysk.rs,kupujemprodajem,maxi.rs,oglasi.me	net
5	235	uputstvo	NOUN	ananas.rs,ikea.rs,jysk.rs,kupujemprodajem,maxi.rs	uputstva uputstvo uputstvom
5	208	gaming	NOUN	ananas.rs,ikea.rs,jysk.me,jysk.rs,kupujemprodajem	gaming
5	191	dekor	NOUN	emmezeta.rs,ikea.rs,jysk.me,jysk.rs,kupujemprodajem	dekori dekor dekora
5	191	rata	NOUN	ananas.rs,emmezeta.rs,ikea.rs,jysk.rs,kupujemprodajem	rate
5	190	iznos	NOUN	emmezeta.rs,ikea.rs,jysk.rs,maxi.rs,voli.me	iznos iznosu
5	190	sezona	NOUN	ananas.rs,ikea.rs,jysk.me,kupujemprodajem,maxi.rs	sezonu sezona sezone
5	181	započeti	VERB	emmezeta.rs,ikea.rs,jysk.me,kupujemprodajem,maxi.rs	započni započnite započne
5	173	kućica	NOUN	ananas.rs,emmezeta.rs,ikea.rs,kupujemprodajem,oglasi.me	kućica kućice kućicom
5	172	prihvatati	VERB	ikea.rs,jysk.rs,kupujemprodajem,maxi.rs,voli.me	prihvataju prihvatam prihvatamo
5	166	saglasnost	NOUN	ikea.rs,jysk.me,jysk.rs,maxi.rs,oglasi.me	saglasnost saglasnosti
5	160	sakriti	VERB	ikea.rs,jysk.rs,maxi.rs,oglasi.me,voli.me	sakrij sakriti sakrijte
5	152	dvostruk	ADJ	ikea.rs,jysk.me,jysk.rs,kupujemprodajem,maxi.rs	dvostruka dvostruku dvostruke
5	152	jedinstven	ADJ	ikea.rs,jysk.me,jysk.rs,kupujemprodajem,maxi.rs	jedinstveni jedinstvenim jedinstvene
5	146	odabir	NOUN	emmezeta.rs,ikea.rs,jysk.me,jysk.rs,maxi.rs	odabir odabiru odabira
5	135	zona	NOUN	ananas.rs,ikea.rs,jysk.rs,kupujemprodajem,maxi.rs	zone zoni zona
5	134	pregledati	VERB	ikea.rs,jysk.rs,kupujemprodajem,maxi.rs,voli.me	pregledani pregledano pregledaj
5	134	vaučer	NOUN	ananas.rs,emmezeta.rs,ikea.rs,jysk.rs,maxi.rs	vaučer vaučeri vaučere
5	127	kozmetika	NOUN	ananas.rs,ikea.rs,jysk.rs,kupujemprodajem,maxi.rs	kozmetika kozmetiku
5	126	pripremati	VERB	ananas.rs,emmezeta.rs,ikea.rs,maxi.rs,voli.me	priprema pripremaš
5	112	oblik	NOUN	ikea.rs,jysk.me,jysk.rs,kupujemprodajem,maxi.rs	obliku oblik oblici
5	112	zamena	NOUN	ananas.rs,ikea.rs,kupujemprodajem,maxi.rs,oglasi.me	zamena zamene zamenom
5	111	sajt	NOUN	jysk.me,kupujemprodajem,maxi.rs,oglasi.me,voli.me	sajtovima sajtu sajta
5	108	svetlost	NOUN	emmezeta.rs,ikea.rs,jysk.me,jysk.rs,kupujemprodajem	svetlosti svetlost svetlošću
5	104	montaža	NOUN	emmezeta.rs,ikea.rs,jysk.rs,kupujemprodajem,maxi.rs	montaže montaža montažu
5	104	opremanje	NOUN	emmezeta.rs,jysk.me,jysk.rs,kupujemprodajem,maxi.rs	opremanje opremanja opremanju
5	99	nakit	NOUN	ananas.rs,ikea.rs,jysk.me,kupujemprodajem,oglasi.me	nakit nakita
5	97	vinski	ADJ	ananas.rs,emmezeta.rs,ikea.rs,kupujemprodajem,maxi.rs	vinski vinska vinske
5	95	izabran	ADJ	emmezeta.rs,ikea.rs,jysk.rs,kupujemprodajem,maxi.rs	izabranim izabranu izabrane
5	94	celokupan	ADJ	emmezeta.rs,jysk.me,jysk.rs,kupujemprodajem,oglasi.me	celokupnog celokupnom celokupni
5	91	filtrirati	VERB	emmezeta.rs,ikea.rs,jysk.rs,kupujemprodajem,maxi.rs	filtriraj filtrirajte filtrirati
5	78	slatkiš	NOUN	ananas.rs,emmezeta.rs,kupujemprodajem,maxi.rs,voli.me	slatkiše slatkiši slatkiša
5	76	sredstvo	NOUN	ikea.rs,jysk.me,jysk.rs,kupujemprodajem,maxi.rs	sredstva sredstava sredstvo
5	74	sličan	ADJ	emmezeta.rs,ikea.rs,jysk.rs,kupujemprodajem,maxi.rs	slična slične sličnih
5	73	plastika	NOUN	ikea.rs,jysk.me,jysk.rs,kupujemprodajem,maxi.rs	plastika plastiku plastike
5	72	lagan	ADJ	ikea.rs,jysk.me,jysk.rs,kupujemprodajem,maxi.rs	lagana lagane lagan
5	72	postavljanje	NOUN	ikea.rs,jysk.me,jysk.rs,kupujemprodajem,maxi.rs	postavljanje postavljanja postavljanjem
5	72	smanjiti	VERB	emmezeta.rs,ikea.rs,jysk.rs,kupujemprodajem,maxi.rs	smanji smanjiš smanjiti
5	70	težina	NOUN	ikea.rs,jysk.me,jysk.rs,kupujemprodajem,maxi.rs	težina težinu
5	66	istraživanje	NOUN	ikea.rs,jysk.me,jysk.rs,kupujemprodajem,maxi.rs	istraživanja istraživanje istraživanjima
5	66	poslužiti	VERB	ikea.rs,jysk.me,jysk.rs,kupujemprodajem,maxi.rs	poslužiti posluži poslužite
5	64	udoban	ADJ	emmezeta.rs,ikea.rs,jysk.me,jysk.rs,kupujemprodajem	udoban udobne udobnu
5	60	garderoba	NOUN	ananas.rs,ikea.rs,jysk.rs,kupujemprodajem,oglasi.me	garderobe garderoba garderobi
5	58	prikaz	NOUN	emmezeta.rs,ikea.rs,jysk.rs,maxi.rs,oglasi.me	prikaz prikaza prikazu
5	56	registracija	NOUN	emmezeta.rs,ikea.rs,kupujemprodajem,maxi.rs,voli.me	registracija registraciju registracijama
5	54	isključivo	ADV	emmezeta.rs,ikea.rs,jysk.rs,maxi.rs,voli.me	isključivo
5	52	čitanje	NOUN	emmezeta.rs,ikea.rs,jysk.me,jysk.rs,kupujemprodajem	čitanje čitanja čitanjem
5	46	preporučivati	VERB	ikea.rs,jysk.me,jysk.rs,kupujemprodajem,maxi.rs	preporučujemo preporučuje
5	46	primiti	VERB	ikea.rs,jysk.rs,kupujemprodajem,maxi.rs,voli.me	primili prime primi
5	44	osvežiti	VERB	ikea.rs,jysk.me,jysk.rs,kupujemprodajem,maxi.rs	osvežite osveži osvežiti
5	44	sušenje	NOUN	ananas.rs,ikea.rs,jysk.me,jysk.rs,kupujemprodajem	sušenje
5	43	fleksibilan	ADJ	ikea.rs,jysk.me,jysk.rs,kupujemprodajem,maxi.rs	fleksibilna fleksibilno fleksibilni
5	38	podesiti	ADJ	emmezeta.rs,ikea.rs,jysk.me,kupujemprodajem,maxi.rs	podešena podesi podesite
5	36	područje	NOUN	emmezeta.rs,ikea.rs,jysk.rs,maxi.rs,voli.me	područje području područja
5	36	uklapati	VERB	emmezeta.rs,ikea.rs,jysk.me,jysk.rs,maxi.rs	uklapa uklapaju uklapati
5	34	olakšati	VERB	emmezeta.rs,ikea.rs,jysk.me,jysk.rs,kupujemprodajem	olakšati olakša olakšali
5	27	funkcionalnost	NOUN	emmezeta.rs,ikea.rs,jysk.rs,kupujemprodajem,maxi.rs	funkcionalnost funkcionalnosti funkcionalnostima
5	27	pogodan	ADJ	emmezeta.rs,ikea.rs,jysk.me,jysk.rs,kupujemprodajem	pogodno pogodna pogodan
5	24	poboljšati	VERB	ikea.rs,jysk.rs,kupujemprodajem,maxi.rs,voli.me	poboljšaj poboljšani poboljšati
5	22	ljubitelj	NOUN	emmezeta.rs,ikea.rs,jysk.rs,kupujemprodajem,maxi.rs	ljubitelje ljubitelji ljubitelj
5	20	olakšavati	ADV	emmezeta.rs,ikea.rs,jysk.rs,kupujemprodajem,maxi.rs	olakšava olakšavaju olakšavajući
5	18	redovno	ADV	ikea.rs,jysk.me,jysk.rs,kupujemprodajem,maxi.rs	redovno
5	18	uredan	ADJ	emmezeta.rs,ikea.rs,jysk.me,jysk.rs,maxi.rs	uredne urednim uredan
5	17	izdvajati	VERB	ananas.rs,emmezeta.rs,jysk.me,jysk.rs,maxi.rs	izdvajamo izdvajaju
5	17	održavati	VERB	emmezeta.rs,ikea.rs,jysk.me,jysk.rs,maxi.rs	održavati održavaj održavajte
5	16	koristan	ADJ	emmezeta.rs,ikea.rs,jysk.me,jysk.rs,kupujemprodajem	korisna korisne korisnih
5	16	uživanje	NOUN	ikea.rs,jysk.me,jysk.rs,kupujemprodajem,maxi.rs	uživanje uživanja uživanju
5	15	sastojati	VERB	emmezeta.rs,ikea.rs,jysk.me,jysk.rs,kupujemprodajem	sastoji sastoje
5	14	doprinositi	VERB	emmezeta.rs,ikea.rs,jysk.me,jysk.rs,kupujemprodajem	doprinosi doprinose
5	14	unaprediti	VERB	ikea.rs,jysk.me,jysk.rs,kupujemprodajem,maxi.rs	unaprediti unapredimo unaprede
5	13	aktuelan	ADJ	emmezeta.rs,jysk.me,jysk.rs,kupujemprodajem,maxi.rs	aktuelnim aktuelni aktuelne
5	13	opremiti	ADJ	emmezeta.rs,ikea.rs,jysk.me,jysk.rs,kupujemprodajem	opremiti opremiš opremio
5	13	zahtevati	VERB	emmezeta.rs,ikea.rs,jysk.rs,kupujemprodajem,maxi.rs	zahtevaju zahteva zahtevate
5	12	istovremeno	ADV	emmezeta.rs,ikea.rs,jysk.me,jysk.rs,kupujemprodajem	istovremeno
5	12	postići	VERB	emmezeta.rs,ikea.rs,jysk.me,jysk.rs,kupujemprodajem	postići postigneš postignete
5	11	provoditi	VERB	emmezeta.rs,ikea.rs,jysk.me,jysk.rs,kupujemprodajem	provodimo provodite provoditi
5	11	proširiti	VERB	emmezeta.rs,ikea.rs,jysk.me,jysk.rs,kupujemprodajem	proširen prošireni proširiti
5	11	zadovoljiti	VERB	emmezeta.rs,ikea.rs,jysk.me,jysk.rs,maxi.rs	zadovoljiti zadovolje zadovoljile
5	10	zauzimati	VERB	emmezeta.rs,ikea.rs,jysk.me,jysk.rs,kupujemprodajem	zauzimaju zauzima zauzimala
5	8	pritom	ADV	emmezeta.rs,ikea.rs,jysk.rs,kupujemprodajem,maxi.rs	pritom
5	8	svratiti	VERB	emmezeta.rs,ikea.rs,jysk.me,jysk.rs,kupujemprodajem	svratite svrati svratiš
5	7	pristajati	VERB	ikea.rs,jysk.me,jysk.rs,maxi.rs,voli.me	pristaje pristajete pristaješ
5	7	uticati	VERB	emmezeta.rs,ikea.rs,jysk.rs,kupujemprodajem,maxi.rs	utiče uticati
5	7	značaj	NOUN	ikea.rs,jysk.me,jysk.rs,kupujemprodajem,maxi.rs	značaja značaj
5	6	značajan	ADJ	emmezeta.rs,ikea.rs,jysk.me,jysk.rs,maxi.rs	značajan najznačajniji značajne
5	6	truditi	VERB	emmezeta.rs,jysk.me,jysk.rs,kupujemprodajem,maxi.rs	trudimo trudi
4	27322	mena	NOUN	ananas.rs,emmezeta.rs,ikea.rs,maxi.rs	menu
4	21052	sit	ADJ	gigatron.me,ikea.rs,jysk.rs,maxi.rs	site
4	6046	siz	NOUN	ikea.rs,jysk.rs,kupujemprodajem,maxi.rs	size
4	3324	kuvanje	NOUN	ananas.rs,emmezeta.rs,ikea.rs,kupujemprodajem	kuvanje kuvanja
4	3252	ploča	NOUN	emmezeta.rs,ikea.rs,jysk.me,kupujemprodajem	ploče ploču ploča
4	2995	tekstil	NOUN	emmezeta.rs,ikea.rs,jysk.rs,kupujemprodajem	tekstil tekstili tekstila
4	2852	ormarić	NOUN	emmezeta.rs,ikea.rs,jysk.me,jysk.rs	ormarići ormariće ormarić
4	2413	ugradni	ADJ	ananas.rs,emmezeta.rs,ikea.rs,kupujemprodajem	ugradne ugradna ugradni
4	2247	popustiti	VERB	emmezeta.rs,ikea.rs,jysk.me,jysk.rs	popusti
4	1721	audio	NOUN	ananas.rs,emmezeta.rs,ikea.rs,kupujemprodajem	audio
4	1671	razvlačenje	NOUN	ananas.rs,ikea.rs,jysk.me,jysk.rs	razvlačenje
4	1506	ljubimac	NOUN	emmezeta.rs,ikea.rs,kupujemprodajem,maxi.rs	ljubimce ljubimci ljubimaca
4	1458	standard	NOUN	emmezeta.rs,ikea.rs,kupujemprodajem,maxi.rs	standard standardom standardima
4	1415	mina	NOUN	emmezeta.rs,ikea.rs,kupujemprodajem,maxi.rs	mini
4	1393	kabl	NOUN	ikea.rs,jysk.me,jysk.rs,kupujemprodajem	kablovi kabl kablove
4	1299	food	NOUN	ikea.rs,kupujemprodajem,maxi.rs,voli.me	food
4	1282	roletna	NOUN	ikea.rs,jysk.me,jysk.rs,kupujemprodajem	roletne roletna roletnama
4	1280	posuđe	NOUN	emmezeta.rs,ikea.rs,jysk.rs,kupujemprodajem	posuđe posuđa posuđem
4	1219	aspirator	NOUN	ananas.rs,emmezeta.rs,ikea.rs,kupujemprodajem	aspiratori aspiratore aspiratorom
4	1186	desktop	NOUN	ananas.rs,ikea.rs,kupujemprodajem,maxi.rs	desktop
4	1151	aktuelno	ADV	emmezeta.rs,ikea.rs,kupujemprodajem,maxi.rs	aktuelno
4	1143	sačuvati	VERB	ikea.rs,kupujemprodajem,maxi.rs,oglasi.me	sačuvaj sačuvam sačuvane
4	1140	rang	NOUN	ikea.rs,kupujemprodajem,maxi.rs,oglasi.me	range
4	1138	pregrada	NOUN	emmezeta.rs,ikea.rs,jysk.me,jysk.rs	pregrade pregradama pregrada
4	1134	elektronika	NOUN	emmezeta.rs,ikea.rs,kupujemprodajem,maxi.rs	elektronika elektroniku elektronike
4	1105	unutrašnji	ADJ	emmezeta.rs,ikea.rs,jysk.me,kupujemprodajem	unutrašnji unutrašnje unutrašnju
4	1105	viseći	ADJ	emmezeta.rs,ikea.rs,jysk.me,kupujemprodajem	viseće viseći viseća
4	1070	obloga	NOUN	emmezeta.rs,ikea.rs,jysk.rs,kupujemprodajem	obloge obloga oblogama
4	1021	spavaći	ADJ	emmezeta.rs,ikea.rs,jysk.me,jysk.rs	spavaća spavaću spavaće
4	937	ćebad	NOUN	emmezeta.rs,ikea.rs,jysk.me,jysk.rs	ćebad
4	894	razno	ADV	emmezeta.rs,jysk.me,jysk.rs,kupujemprodajem	razno
4	848	tablet	NOUN	emmezeta.rs,ikea.rs,kupujemprodajem,maxi.rs	tablet tableti tabletom
4	842	zvučnik	NOUN	ananas.rs,emmezeta.rs,ikea.rs,kupujemprodajem	zvučnici zvučnik zvučnike
4	755	roštilj	NOUN	emmezeta.rs,ikea.rs,kupujemprodajem,maxi.rs	roštilji roštilj roštilja
4	733	uredno	ADV	emmezeta.rs,ikea.rs,jysk.me,jysk.rs	uredno urednije
4	728	mikrotalasan	ADJ	ananas.rs,emmezeta.rs,ikea.rs,kupujemprodajem	mikrotalasne mikrotalasna mikrotalasnu
4	704	narudžbina	NOUN	emmezeta.rs,ikea.rs,jysk.rs,kupujemprodajem	narudžbine narudžbinu narudžbinom
4	704	noćni	ADJ	emmezeta.rs,ikea.rs,jysk.me,jysk.rs	noćni noćno noćnih
4	691	jastučnica	NOUN	emmezeta.rs,ikea.rs,jysk.me,jysk.rs	jastučnica jastučnice jastučnicu
4	687	termin	NOUN	emmezeta.rs,ikea.rs,maxi.rs,voli.me	termin termina termini
4	622	ukupno	ADV	ikea.rs,kupujemprodajem,maxi.rs,voli.me	ukupno
4	597	tabure	NOUN	emmezeta.rs,ikea.rs,jysk.me,jysk.rs	taburei tabure tabureom
4	592	vešalica	NOUN	emmezeta.rs,ikea.rs,jysk.me,jysk.rs	vešalice vješalice vešalica
4	575	karakter	NOUN	ikea.rs,kupujemprodajem,maxi.rs,voli.me	karaktera karakter karakterom
4	571	peglanje	NOUN	emmezeta.rs,ikea.rs,jysk.me,kupujemprodajem	peglanje
4	555	barski	ADJ	emmezeta.rs,ikea.rs,jysk.me,jysk.rs	barski barske barska
4	547	index	NOUN	ananas.rs,ikea.rs,kupujemprodajem,maxi.rs	index
4	537	preduzeće	NOUN	ikea.rs,jysk.me,jysk.rs,maxi.rs	preduzeća preduzeće preduzeću
4	526	merenje	NOUN	emmezeta.rs,ikea.rs,kupujemprodajem,maxi.rs	merenje merenjem merenju
4	516	vat	NOUN	ikea.rs,jysk.rs,maxi.rs,voli.me	vat
4	491	uštedeti	VERB	ikea.rs,jysk.me,kupujemprodajem,maxi.rs	uštedi uštedite uštedeli
4	476	personalizovati	VERB	ikea.rs,jysk.me,jysk.rs,maxi.rs	personalizovane personalizovana personalizovani
4	457	tab	NOUN	ananas.rs,jysk.rs,kupujemprodajem,maxi.rs	tab
4	449	shopping	NOUN	emmezeta.rs,ikea.rs,maxi.rs,voli.me	shopping
4	438	poslastica	NOUN	emmezeta.rs,ikea.rs,maxi.rs,voli.me	poslastice poslastica poslasticom
4	433	podrazumevati	ADJ	emmezeta.rs,jysk.me,kupujemprodajem,maxi.rs	podrazumevanu podrazumevana podrazumevano
4	425	box	NOUN	ikea.rs,jysk.rs,kupujemprodajem,maxi.rs	box
4	420	podesiv	ADJ	ikea.rs,jysk.me,jysk.rs,kupujemprodajem	podesivog podesiva podesive
4	417	planirati	VERB	emmezeta.rs,ikea.rs,jysk.rs,maxi.rs	planiraj planirate planiraš
4	410	sjaj	NOUN	ikea.rs,jysk.me,jysk.rs,kupujemprodajem	sjaja sjaj sjajem
4	407	bazen	NOUN	ananas.rs,emmezeta.rs,kupujemprodajem,maxi.rs	bazene bazeni bazen
4	404	sedenje	NOUN	emmezeta.rs,ikea.rs,jysk.me,jysk.rs	sedenje sjedenja sedenja
4	399	opruga	NOUN	ikea.rs,jysk.me,jysk.rs,kupujemprodajem	oprugama opruge opruga
4	398	isteći	VERB	ikea.rs,kupujemprodajem,maxi.rs,voli.me	istekao isteklo istekla
4	394	marketing	NOUN	emmezeta.rs,kupujemprodajem,maxi.rs,oglasi.me	marketing marketingu marketinga
4	388	ležaj	NOUN	ananas.rs,ikea.rs,jysk.me,kupujemprodajem	ležaj ležajevi
4	385	osnovan	ADJ	emmezeta.rs,ikea.rs,kupujemprodajem,maxi.rs	osnovni osnovne osnovna
4	356	benefit	NOUN	ananas.rs,emmezeta.rs,ikea.rs,maxi.rs	benefite benefiti benefitima
4	354	putni	ADJ	ananas.rs,ikea.rs,jysk.rs,kupujemprodajem	putne putna putni
4	352	plastičan	ADJ	emmezeta.rs,ikea.rs,jysk.me,kupujemprodajem	plastične plastični plastična
4	347	token	NOUN	emmezeta.rs,jysk.me,jysk.rs,maxi.rs	token
4	346	završan	ADJ	emmezeta.rs,ikea.rs,jysk.rs,maxi.rs	završni završnu završne
4	341	ručni	ADJ	ananas.rs,emmezeta.rs,ikea.rs,kupujemprodajem	ručni ručna ručnih
4	337	prostirka	NOUN	ikea.rs,jysk.me,jysk.rs,kupujemprodajem	prostirke prostirka
4	332	regular	NOUN	ananas.rs,ikea.rs,maxi.rs,voli.me	regular
4	327	električan	ADJ	ananas.rs,emmezeta.rs,jysk.me,kupujemprodajem	električne električni električna
4	311	kožni	ADJ	emmezeta.rs,ikea.rs,jysk.me,kupujemprodajem	kožne kožna
4	302	copyright	NOUN	gigatron.me,kupujemprodajem,maxi.rs,oglasi.me	copyright
4	297	trošak	NOUN	emmezeta.rs,ikea.rs,jysk.rs,maxi.rs	troškovi trošak troškova
4	294	nekretnina	NOUN	emmezeta.rs,kupujemprodajem,maxi.rs,oglasi.me	nekretnine nekretninu
4	286	svećnjak	NOUN	emmezeta.rs,ikea.rs,jysk.rs,kupujemprodajem	svećnjaci svećnjak svećnjake
4	285	sadržati	VERB	ikea.rs,jysk.rs,kupujemprodajem,maxi.rs	sadrži sadržati sadrže
4	281	sklopiv	ADJ	ikea.rs,jysk.me,jysk.rs,kupujemprodajem	sklopive sklopivi sklopiva
4	270	letvica	NOUN	emmezeta.rs,ikea.rs,jysk.rs,kupujemprodajem	letvice letvica
4	264	cookie	NOUN	ikea.rs,jysk.rs,maxi.rs,voli.me	cookie
4	264	sobni	ADJ	ananas.rs,ikea.rs,jysk.me,kupujemprodajem	sobne sobni sobna
4	259	nalepnica	NOUN	emmezeta.rs,ikea.rs,kupujemprodajem,maxi.rs	nalepnice nalepnica
4	254	suv	ADJ	emmezeta.rs,ikea.rs,jysk.rs,kupujemprodajem	suvo suvu suvi
4	252	otirač	NOUN	emmezeta.rs,ikea.rs,jysk.me,jysk.rs	otirači otirač otirače
4	244	webshop	NOUN	emmezeta.rs,jysk.rs,kupujemprodajem,voli.me	webshop webshopu webshopa
4	241	četka	NOUN	ikea.rs,jysk.me,jysk.rs,kupujemprodajem	četke četka četkom
4	239	out	NOUN	ikea.rs,kupujemprodajem,maxi.rs,voli.me	out
4	229	povratak	NOUN	ananas.rs,ikea.rs,kupujemprodajem,maxi.rs	povratak povratka
4	219	galanterija	NOUN	ananas.rs,emmezeta.rs,kupujemprodajem,maxi.rs	galanterija galanteriju
4	217	standardan	ADJ	ikea.rs,jysk.rs,kupujemprodajem,maxi.rs	standardne standardni
4	209	vršiti	VERB	jysk.rs,maxi.rs,oglasi.me,voli.me	vršimo vrši vršena
4	205	punjenje	NOUN	ikea.rs,jysk.me,jysk.rs,kupujemprodajem	punjenje punjenjem punjenja
4	201	održivost	NOUN	ikea.rs,jysk.me,jysk.rs,maxi.rs	održivost održivosti
4	196	distanca	NOUN	ikea.rs,jysk.rs,kupujemprodajem,maxi.rs	distance
4	196	negativ	NOUN	ikea.rs,jysk.rs,kupujemprodajem,maxi.rs	negative
4	195	nisko	ADV	emmezeta.rs,ikea.rs,jysk.me,jysk.rs	najniže niže nisko
4	191	vremenski	ADJ	ikea.rs,jysk.rs,kupujemprodajem,maxi.rs	vremenski vremenskim vremenske
4	190	print	NOUN	ikea.rs,jysk.rs,kupujemprodajem,maxi.rs	print printa
4	190	rezervisati	VERB	emmezeta.rs,jysk.rs,kupujemprodajem,maxi.rs	rezervisani rezervisan rezervisano
4	188	sigurnost	NOUN	ikea.rs,jysk.me,jysk.rs,maxi.rs	sigurnost sigurnošću
4	184	opuštanje	NOUN	emmezeta.rs,ikea.rs,jysk.me,kupujemprodajem	opuštanje opuštanja
4	181	ergonomski	ADJ	emmezeta.rs,ikea.rs,jysk.me,jysk.rs	ergonomski ergonomskih ergonomsko
4	181	grickalica	NOUN	ananas.rs,ikea.rs,jysk.rs,maxi.rs	grickalice grickalica
4	179	obavezan	ADJ	ikea.rs,jysk.rs,kupujemprodajem,maxi.rs	obavezna obavezni obavezne
4	175	higijena	NOUN	ananas.rs,jysk.rs,kupujemprodajem,maxi.rs	higijena higijene higijenu
4	170	poneti	VERB	emmezeta.rs,ikea.rs,kupujemprodajem,maxi.rs	poneti poneseš
4	170	šminkanje	NOUN	ikea.rs,jysk.me,jysk.rs,kupujemprodajem	šminkanje
4	168	isticati	VERB	emmezeta.rs,ikea.rs,kupujemprodajem,maxi.rs	ističe ističu ističemo
4	168	platforma	NOUN	ananas.rs,ikea.rs,kupujemprodajem,maxi.rs	platforma platformi platforme
4	168	pripremiti	ADJ	emmezeta.rs,ikea.rs,jysk.rs,maxi.rs	pripremljena pripremiš pripremili
4	167	oslonac	NOUN	ikea.rs,jysk.me,jysk.rs,kupujemprodajem	oslonac osloncem
4	150	roba	NOUN	ananas.rs,emmezeta.rs,kupujemprodajem,maxi.rs	robe roba robu
4	141	slušalica	NOUN	ananas.rs,emmezeta.rs,ikea.rs,kupujemprodajem	slušalice slušalica slušalicama
4	140	osvetljenje	NOUN	emmezeta.rs,ikea.rs,jysk.me,kupujemprodajem	osvetljenje osvjetljenje osvetljenjem
4	137	ostvariti	VERB	emmezeta.rs,ikea.rs,kupujemprodajem,maxi.rs	ostvari ostvarite ostvariš
4	133	full	NOUN	ananas.rs,kupujemprodajem,maxi.rs,voli.me	full
4	130	poslužavnik	NOUN	emmezeta.rs,ikea.rs,jysk.me,jysk.rs	poslužavnici poslužavnik poslužavnicima
4	129	sezonski	ADJ	ikea.rs,jysk.me,jysk.rs,maxi.rs	sezonskog sezonska sezonske
4	129	zaposlen	ADJ	emmezeta.rs,ikea.rs,jysk.rs,maxi.rs	zaposlenih zaposleni zaposlene
4	125	antracit	NOUN	ananas.rs,ikea.rs,jysk.me,jysk.rs	antracita antracit
4	122	kliknuti	VERB	ikea.rs,jysk.rs,kupujemprodajem,maxi.rs	klikni kliknite kliknete
4	120	uplata	NOUN	emmezeta.rs,kupujemprodajem,maxi.rs,oglasi.me	uplate uplatom uplata
4	120	zahtev	NOUN	emmezeta.rs,ikea.rs,jysk.me,maxi.rs	zahtevima zahtev zahteve
4	118	oznaka	NOUN	emmezeta.rs,ikea.rs,jysk.rs,kupujemprodajem	oznaka oznake oznaku
4	118	sredina	NOUN	ikea.rs,jysk.rs,kupujemprodajem,maxi.rs	sredine sredini sredinu
4	115	android	NOUN	emmezeta.rs,ikea.rs,kupujemprodajem,maxi.rs	android
4	111	povući	ADJ	ikea.rs,jysk.me,jysk.rs,maxi.rs	povučem povučene povučeni
4	109	otpad	NOUN	emmezeta.rs,ikea.rs,kupujemprodajem,oglasi.me	otpad otpada otpadi
4	108	proizvođač	NOUN	emmezeta.rs,ikea.rs,kupujemprodajem,maxi.rs	proizvođač proizvođača proizvođačima
4	107	poseta	NOUN	ikea.rs,kupujemprodajem,maxi.rs,voli.me	poseti posetu posete
4	106	jesenji	ADJ	ananas.rs,emmezeta.rs,ikea.rs,maxi.rs	jesenja jesenje jesenji
4	106	svakodnevica	NOUN	emmezeta.rs,ikea.rs,kupujemprodajem,maxi.rs	svakodnevica svakodnevicu svakodnevice
4	102	brand	NOUN	ananas.rs,maxi.rs,oglasi.me,voli.me	brand
4	102	naručiti	VERB	emmezeta.rs,ikea.rs,kupujemprodajem,maxi.rs	naruči naručite naručiš
4	102	zatražiti	VERB	emmezeta.rs,ikea.rs,kupujemprodajem,maxi.rs	zatražite zatražiti zatražimo
4	101	osigurati	VERB	emmezeta.rs,jysk.me,jysk.rs,maxi.rs	osigurana osigurali osigurati
4	98	layout	NOUN	ananas.rs,emmezeta.rs,ikea.rs,kupujemprodajem	layout
4	96	organski	ADJ	ikea.rs,jysk.me,maxi.rs,voli.me	organska organsko organski
4	95	pretraživati	ADV	ikea.rs,jysk.rs,kupujemprodajem,maxi.rs	pretražujte pretražuješ pretražuju
4	94	žičan	ADJ	ikea.rs,jysk.me,jysk.rs,kupujemprodajem	žičani žičana žičanih
4	92	duo	NOUN	ikea.rs,kupujemprodajem,maxi.rs,voli.me	due duo
4	91	izuzetan	ADJ	emmezeta.rs,ikea.rs,jysk.rs,maxi.rs	izuzetni izuzetne izuzetnim
4	91	mail	NOUN	ananas.rs,emmezeta.rs,maxi.rs,voli.me	mail
4	91	samostalno	ADV	emmezeta.rs,ikea.rs,jysk.rs,maxi.rs	samostalno
4	90	potrepština	NOUN	emmezeta.rs,ikea.rs,kupujemprodajem,maxi.rs	potrepštine potrepština potrepštinama
4	86	dekorisanje	NOUN	emmezeta.rs,ikea.rs,jysk.me,jysk.rs	dekorisanja dekorisanje
4	86	obrađivati	VERB	jysk.me,jysk.rs,kupujemprodajem,maxi.rs	obrađuje obrađivati obrađujemo
4	85	odgovorno	ADV	ikea.rs,jysk.rs,kupujemprodajem,maxi.rs	odgovorno
4	82	korisno	ADV	emmezeta.rs,ikea.rs,jysk.rs,kupujemprodajem	korisno
4	77	točkić	NOUN	emmezeta.rs,ikea.rs,jysk.me,kupujemprodajem	točkić točkiće točkićima
4	71	buditi	VERB	ikea.rs,jysk.rs,kupujemprodajem,maxi.rs	budite budi
4	71	express	NOUN	ananas.rs,kupujemprodajem,maxi.rs,voli.me	express
4	70	svakodnevan	ADJ	emmezeta.rs,ikea.rs,jysk.rs,maxi.rs	svakodnevnu svakodnevne svakodnevni
4	63	dimenzija	NOUN	ikea.rs,jysk.me,jysk.rs,kupujemprodajem	dimenzija dimenzije dimenzijama
4	63	skladištenje	NOUN	emmezeta.rs,jysk.rs,kupujemprodajem,maxi.rs	skladištenje skladištenja
4	61	preporučiti	VERB	emmezeta.rs,jysk.rs,kupujemprodajem,maxi.rs	preporučeni preporučeno preporučena
4	60	dopuniti	ADJ	emmezeta.rs,jysk.rs,kupujemprodajem,maxi.rs	dopunite dopunjena dopuniš
4	60	ini	ADJ	ikea.rs,jysk.me,jysk.rs,maxi.rs	ina ine inu
4	57	neophodan	ADJ	ikea.rs,jysk.me,kupujemprodajem,maxi.rs	neophodni neophodna neophodne
4	54	hit	NOUN	emmezeta.rs,jysk.me,kupujemprodajem,maxi.rs	hit hitova
4	54	spajati	ADV	emmezeta.rs,ikea.rs,jysk.rs,maxi.rs	spaja spajaju spajajući
4	54	tkan	ADJ	emmezeta.rs,ikea.rs,jysk.rs,kupujemprodajem	tkani tkan
4	54	školski	ADJ	ananas.rs,emmezeta.rs,kupujemprodajem,maxi.rs	školski školskog školska
4	53	dužina	NOUN	ikea.rs,jysk.rs,kupujemprodajem,oglasi.me	dužina dužine dužinu
4	49	naveden	ADJ	ikea.rs,jysk.rs,kupujemprodajem,maxi.rs	navedenih navedene navedenog
4	49	sakupljati	VERB	emmezeta.rs,ikea.rs,kupujemprodajem,maxi.rs	sakupljaj sakupljaju sakupljaš
4	47	magacin	NOUN	emmezeta.rs,kupujemprodajem,maxi.rs,oglasi.me	magacin magacinu magacine
4	46	mnoštvo	NOUN	ikea.rs,jysk.me,jysk.rs,kupujemprodajem	mnoštva mnoštvo
4	46	sopstven	ADJ	emmezeta.rs,ikea.rs,kupujemprodajem,maxi.rs	sopstveni sopstvenim sopstveno
4	45	klik	NOUN	ikea.rs,jysk.rs,kupujemprodajem,maxi.rs	klik klikom
4	45	svež	ADJ	ikea.rs,jysk.me,jysk.rs,maxi.rs	svež svežim svežeg
4	44	osveženje	NOUN	ikea.rs,jysk.me,jysk.rs,maxi.rs	osveženje osvježenje osveženja
4	43	omogućiti	VERB	emmezeta.rs,ikea.rs,kupujemprodajem,maxi.rs	omogućena omogući omogućili
4	43	praćenje	NOUN	emmezeta.rs,jysk.rs,kupujemprodajem,maxi.rs	praćenje praćenjem praćenja
4	43	sunđer	NOUN	ikea.rs,jysk.me,jysk.rs,kupujemprodajem	sunđer sunđere
4	41	ključan	ADJ	emmezeta.rs,ikea.rs,jysk.rs,maxi.rs	ključne ključno ključna
4	40	sesti	VERB	ananas.rs,ikea.rs,jysk.me,maxi.rs	seo sjednete sedne
4	37	junior	NOUN	jysk.me,jysk.rs,kupujemprodajem,maxi.rs	junior
4	37	objaviti	ADJ	emmezeta.rs,kupujemprodajem,maxi.rs,oglasi.me	objavi objavljeno
4	37	trajanje	NOUN	ikea.rs,jysk.me,maxi.rs,voli.me	trajanja trajanje
4	36	uključiti	VERB	emmezeta.rs,ikea.rs,maxi.rs,oglasi.me	uključen uključeni uključite
4	36	upotrebiti	ADJ	ikea.rs,jysk.rs,kupujemprodajem,maxi.rs	upotrebljeno upotrebite upotrebljeni
4	36	vrhunski	ADJ	emmezeta.rs,ikea.rs,kupujemprodajem,maxi.rs	vrhunski vrhunska vrhunsko
4	35	svečan	ADJ	ikea.rs,jysk.rs,kupujemprodajem,maxi.rs	svečanu svečana svečane
4	34	direktan	ADJ	emmezeta.rs,ikea.rs,kupujemprodajem,maxi.rs	direktnih direktan direktna
4	33	zatrebati	VERB	ikea.rs,jysk.rs,kupujemprodajem,maxi.rs	zatreba zatrebaju
4	32	divlji	ADJ	ikea.rs,jysk.me,jysk.rs,kupujemprodajem	divlji divlje divljeg
4	32	naslon	NOUN	ikea.rs,jysk.me,jysk.rs,kupujemprodajem	naslon naslonom naslona
4	29	organizovati	VERB	emmezeta.rs,ikea.rs,jysk.rs,maxi.rs	organizovan organizuješ organizovano
4	28	krem	NOUN	ananas.rs,jysk.me,jysk.rs,kupujemprodajem	krem
4	25	nabaviti	ADJ	ikea.rs,jysk.rs,kupujemprodajem,maxi.rs	nabavi nabaviti nabaviš
4	25	sitnica	NOUN	ikea.rs,jysk.me,jysk.rs,kupujemprodajem	sitnice sitnica
4	25	unositi	VERB	ikea.rs,jysk.me,jysk.rs,maxi.rs	unose unosi unosite
4	24	mekan	ADJ	ikea.rs,jysk.me,jysk.rs,kupujemprodajem	mekana mekane mekani
4	24	porodični	ADJ	ikea.rs,kupujemprodajem,maxi.rs,oglasi.me	porodična porodični porodičnih
4	22	poklanjati	VERB	emmezeta.rs,kupujemprodajem,maxi.rs,oglasi.me	poklanjam poklanjamo poklanja
4	22	prenosiv	ADJ	ananas.rs,ikea.rs,jysk.me,kupujemprodajem	prenosiva prenosivi prenosive
4	21	ulepšati	VERB	ikea.rs,jysk.me,jysk.rs,maxi.rs	ulepšaj ulepšati uljepšati
4	20	kreativnost	NOUN	emmezeta.rs,ikea.rs,jysk.me,maxi.rs	kreativnost kreativnosti
4	19	providan	ADJ	ikea.rs,jysk.me,jysk.rs,kupujemprodajem	providna providan providne
4	18	maksimalno	ADV	emmezeta.rs,ikea.rs,jysk.rs,kupujemprodajem	maksimalno
4	18	osmisliti	ADJ	emmezeta.rs,ikea.rs,jysk.rs,maxi.rs	osmišljen osmisli osmišljeni
4	18	voljen	ADJ	ikea.rs,jysk.rs,kupujemprodajem,maxi.rs	voljene voljenima voljenu
4	17	rast	NOUN	ikea.rs,jysk.me,kupujemprodajem,maxi.rs	rast rastom
4	16	stvarati	VERB	emmezeta.rs,ikea.rs,jysk.rs,maxi.rs	stvaraju stvara stvarajući
4	14	pouzdan	ADJ	emmezeta.rs,ikea.rs,kupujemprodajem,maxi.rs	pouzdan pouzdani najpouzdanijim
4	14	stilski	ADJ	emmezeta.rs,jysk.me,jysk.rs,kupujemprodajem	stilski stilskog stilskom
4	14	trend	NOUN	ananas.rs,emmezeta.rs,ikea.rs,jysk.rs	trendu trendovi trendove
4	12	istaknuti	VERB	emmezeta.rs,ikea.rs,jysk.me,kupujemprodajem	istakni istaknemo istakneš
4	12	odvojiti	VERB	emmezeta.rs,ikea.rs,kupujemprodajem,maxi.rs	odvojena odvojene odvojeni
4	12	udobno	ADV	emmezeta.rs,ikea.rs,jysk.me,jysk.rs	udobno udobnije
4	12	ugraditi	ADJ	emmezeta.rs,ikea.rs,jysk.me,jysk.rs	ugrađenim ugrađene ugrađena
4	12	zaštititi	ADJ	ikea.rs,jysk.me,jysk.rs,maxi.rs	zaštitite zaštitiš zaštićeni
4	11	posvetiti	ADJ	emmezeta.rs,ikea.rs,kupujemprodajem,maxi.rs	posvećena posvećene posveti
4	11	vikendica	NOUN	jysk.me,jysk.rs,kupujemprodajem,oglasi.me	vikendica vikendice vikendicu
4	10	minimalistički	ADJ	emmezeta.rs,ikea.rs,jysk.me,jysk.rs	minimalistički minimalističkog minimalističkim
4	10	sediti	VERB	emmezeta.rs,ikea.rs,jysk.rs,kupujemprodajem	sedi sedeći sedite
4	10	uspeh	NOUN	ananas.rs,emmezeta.rs,ikea.rs,kupujemprodajem	uspeha uspeh
4	9	brojan	ADJ	emmezeta.rs,ikea.rs,kupujemprodajem,maxi.rs	brojne brojnih brojnim
4	9	ispuniti	ADJ	emmezeta.rs,ikea.rs,jysk.me,maxi.rs	ispuniti ispunio ispune
4	9	stepen	NOUN	jysk.me,jysk.rs,kupujemprodajem,maxi.rs	stepeni stepen
4	8	godišnje	ADV	ikea.rs,jysk.me,jysk.rs,maxi.rs	godišnje
4	8	inovacija	NOUN	emmezeta.rs,ikea.rs,kupujemprodajem,maxi.rs	inovacije inovacija inovacijama
4	8	razlikovati	VERB	ikea.rs,jysk.me,jysk.rs,maxi.rs	razlikuju razlikuje razlikovati
4	7	napredan	ADJ	emmezeta.rs,jysk.me,jysk.rs,kupujemprodajem	naprednih napredna napredniju
4	7	ograničenje	NOUN	ikea.rs,jysk.rs,kupujemprodajem,maxi.rs	ograničenja ograničenje
4	7	osvojiti	VERB	emmezeta.rs,ikea.rs,kupujemprodajem,maxi.rs	osvoji osvojila osvojio
4	7	poželiti	VERB	ikea.rs,jysk.me,kupujemprodajem,maxi.rs	poželiš poželite
4	7	stoga	ADV	emmezeta.rs,jysk.me,jysk.rs,maxi.rs	stoga
4	7	uveriti	VERB	ikea.rs,jysk.rs,kupujemprodajem,maxi.rs	uveri uverite uverimo
4	6	gladak	ADJ	emmezeta.rs,ikea.rs,jysk.me,jysk.rs	glatka glatke glatkom
4	6	kompletno	ADV	emmezeta.rs,ikea.rs,jysk.rs,kupujemprodajem	kompletno
4	6	ostvarivati	VERB	emmezeta.rs,ikea.rs,jysk.rs,maxi.rs	ostvarujete ostvarivati ostvaruješ
4	6	pomerati	VERB	emmezeta.rs,ikea.rs,jysk.me,jysk.rs	pomeraju pomera pomeraj
4	5	definisati	VERB	emmezeta.rs,jysk.me,jysk.rs,maxi.rs	definišete definisanog definišite
4	5	dočekati	VERB	emmezeta.rs,ikea.rs,jysk.me,jysk.rs	dočekali dočekajte dočekati
4	5	namestiti	ADJ	ikea.rs,jysk.rs,kupujemprodajem,oglasi.me	namešten namještenu namešteni
4	5	očuvanje	NOUN	ikea.rs,jysk.me,jysk.rs,maxi.rs	očuvanje očuvanja očuvanju
4	5	prilagođavanje	NOUN	ikea.rs,jysk.me,jysk.rs,maxi.rs	prilagođavanje prilagođavanja
4	5	uzbudljiv	ADJ	emmezeta.rs,ikea.rs,jysk.rs,maxi.rs	uzbudljive uzbudljiv uzbudljiva
4	5	vraćanje	NOUN	ananas.rs,ikea.rs,jysk.me,maxi.rs	vraćanje vraćanja
4	4	opredeliti	VERB	ikea.rs,jysk.rs,kupujemprodajem,maxi.rs	opredelili opredelio opredeliti
4	4	popodnevni	ADJ	ikea.rs,jysk.me,jysk.rs,maxi.rs	popodnevni popodnevne popodnevnom
3	10350	din	NOUN	emmezeta.rs,jysk.me,kupujemprodajem	din
3	3413	garderober	NOUN	ikea.rs,jysk.me,jysk.rs	garderoberi garderobere garderober
3	2479	umetak	NOUN	ikea.rs,jysk.me,jysk.rs	umeci umetka umetak
3	2421	background	NOUN	ananas.rs,gigatron.me,ikea.rs	background
3	2089	style	NOUN	ikea.rs,jysk.rs,kupujemprodajem	style
3	1745	novitet	NOUN	emmezeta.rs,ikea.rs,jysk.rs	novitete noviteti novitet
3	1510	krevetac	NOUN	ananas.rs,ikea.rs,kupujemprodajem	krevetac kreveci
3	1483	div	NOUN	ikea.rs,jysk.rs,maxi.rs	div
3	1403	enter	NOUN	ikea.rs,maxi.rs,voli.me	enter
3	1387	roban	ADJ	emmezeta.rs,ikea.rs,maxi.rs	robnoj robnu robne
3	1299	spoljašnji	ADJ	emmezeta.rs,ikea.rs,jysk.rs	spoljašnje spoljašnja spoljašnji
3	1092	kanat	NOUN	emmezeta.rs,ikea.rs,jysk.me	kante
3	1078	promocija	NOUN	emmezeta.rs,kupujemprodajem,maxi.rs	promocije promocija promociju
3	843	nosač	NOUN	emmezeta.rs,ikea.rs,kupujemprodajem	nosači nosačima nosač
3	828	predsoblje	NOUN	emmezeta.rs,jysk.me,jysk.rs	predsoblje predsoblja predsobljem
3	785	uzglavlje	NOUN	ikea.rs,jysk.me,jysk.rs	uzglavlje uzglavlja uzglavljem
3	764	listing	NOUN	ikea.rs,maxi.rs,oglasi.me	listing
3	758	recenzija	NOUN	ananas.rs,ikea.rs,maxi.rs	recenzija recenzije recenziju
3	714	oglas	NOUN	kupujemprodajem,maxi.rs,oglasi.me	oglasa oglas oglase
3	705	invalid	NOUN	kupujemprodajem,maxi.rs,voli.me	invalid invalide
3	705	pomoćan	ADJ	ikea.rs,jysk.me,kupujemprodajem	pomoćni pomoćne pomoćna
3	688	obrisati	VERB	ikea.rs,jysk.rs,maxi.rs	obriši obrisan obrisati
3	661	lampica	NOUN	emmezeta.rs,ikea.rs,jysk.rs	lampice lampica
3	661	perje	NOUN	ikea.rs,jysk.me,jysk.rs	perja perje perjem
3	654	ueti	VERB	emmezeta.rs,kupujemprodajem,maxi.rs	ui ue uu
3	651	reflektor	NOUN	emmezeta.rs,ikea.rs,kupujemprodajem	reflektori reflektor reflektora
3	616	izmeniti	VERB	ikea.rs,maxi.rs,voli.me	izmeni izmenite izmenjeno
3	577	lenjivac	NOUN	ikea.rs,jysk.me,jysk.rs	lenjivcima lenjivci lenjivcem
3	558	dostupno	ADV	ikea.rs,kupujemprodajem,maxi.rs	dostupno
3	533	otkazati	VERB	ikea.rs,jysk.rs,maxi.rs	otkaži otkazati otkazano
3	530	konzola	NOUN	ananas.rs,emmezeta.rs,kupujemprodajem	konzole konzola konzolu
3	529	rating	NOUN	ikea.rs,jysk.rs,maxi.rs	rating
3	514	zvezdica	NOUN	ikea.rs,jysk.rs,maxi.rs	zvezdice zvezdicom
3	496	podnica	NOUN	emmezeta.rs,jysk.me,jysk.rs	podnice podnica
3	473	oglasiti	ADJ	kupujemprodajem,maxi.rs,oglasi.me	oglasi oglasiti oglasiš
3	464	posluživanje	NOUN	emmezeta.rs,ikea.rs,maxi.rs	posluživanje
3	456	kecelja	NOUN	emmezeta.rs,ikea.rs,kupujemprodajem	kecelje
3	429	notica	NOUN	ikea.rs,jysk.rs,maxi.rs	notice
3	422	laptopov	ADJ	ananas.rs,emmezeta.rs,kupujemprodajem	laptopovi laptopove laptopova
3	398	napomena	NOUN	emmezeta.rs,maxi.rs,voli.me	napomena napomenu napomene
3	385	forca	NOUN	ananas.rs,kupujemprodajem,maxi.rs	force
3	385	igranje	NOUN	ikea.rs,jysk.me,kupujemprodajem	igranje
3	382	digitalan	ADJ	ikea.rs,kupujemprodajem,maxi.rs	digitalna digitalni digitalnog
3	380	plišan	ADJ	emmezeta.rs,ikea.rs,kupujemprodajem	plišane plišana plišani
3	369	uspešno	ADV	ikea.rs,kupujemprodajem,maxi.rs	uspešno uspešnije
3	361	igrica	NOUN	ananas.rs,jysk.me,kupujemprodajem	igrice igrica
3	361	wi-fi	NOUN	ananas.rs,ikea.rs,kupujemprodajem	wi-fi
3	356	isporučiti	VERB	ikea.rs,jysk.rs,maxi.rs	isporučena isporučeno isporučen
3	350	bezbednosan	ADJ	ikea.rs,kupujemprodajem,maxi.rs	bezbednosnih bezbednosnu bezbednosna
3	347	poručiti	VERB	jysk.rs,kupujemprodajem,maxi.rs	poručili poruči poručite
3	346	ažurirati	ADJ	ikea.rs,kupujemprodajem,maxi.rs	ažurirani ažuriraj ažurirana
3	343	odustati	VERB	ikea.rs,jysk.rs,maxi.rs	odustani odustanite
3	340	kockast	ADJ	ikea.rs,jysk.me,jysk.rs	kockaste kockastog
3	340	tehnički	ADJ	emmezeta.rs,kupujemprodajem,maxi.rs	tehničke tehnički tehničko
3	339	multipli	ADJ	ananas.rs,ikea.rs,maxi.rs	multiple
3	336	pisaći	ADJ	ananas.rs,ikea.rs,kupujemprodajem	pisaći pisaćih pisaćeg
3	332	paperje	NOUN	ikea.rs,jysk.me,jysk.rs	paperja paperje
3	321	sastojak	NOUN	ikea.rs,maxi.rs,voli.me	sastojci sastojke sastojka
3	319	ranč	NOUN	ananas.rs,ikea.rs,kupujemprodajem	rančevi rančeva
3	313	primeniti	ADJ	ikea.rs,kupujemprodajem,maxi.rs	primenjena primeniti primenjen
3	312	tačan	ADJ	ikea.rs,kupujemprodajem,maxi.rs	tačnu tačan tačna
3	312	važeći	ADJ	emmezeta.rs,ikea.rs,maxi.rs	važeći važeću važećim
3	306	žardinjera	NOUN	emmezeta.rs,ikea.rs,kupujemprodajem	žardinjere žardinjeri žardinjeru
3	299	storage	NOUN	ikea.rs,kupujemprodajem,voli.me	storage
3	298	sušač	NOUN	emmezeta.rs,ikea.rs,kupujemprodajem	sušači sušačem sušač
3	293	ocena	NOUN	ikea.rs,kupujemprodajem,maxi.rs	ocene ocena ocenu
3	290	extra	ADJ	jysk.rs,kupujemprodajem,maxi.rs	extra
3	281	off	NOUN	jysk.rs,kupujemprodajem,maxi.rs	off
3	279	šivenje	NOUN	ikea.rs,jysk.rs,kupujemprodajem	šivenje šivenja
3	271	port	NOUN	emmezeta.rs,jysk.rs,kupujemprodajem	port porta
3	270	kompjuterski	ADJ	ikea.rs,jysk.me,jysk.rs	kompjuterski kompjuterskih kompjuterske
3	260	cediljka	NOUN	emmezeta.rs,ikea.rs,kupujemprodajem	cediljke cjediljke
3	256	toaletni	ADJ	emmezeta.rs,ikea.rs,jysk.me	toaletni
3	255	kugla	NOUN	emmezeta.rs,ikea.rs,kupujemprodajem	kugla kugle
3	253	medicinski	ADJ	ananas.rs,emmezeta.rs,kupujemprodajem	medicinska medicinski medicinske
3	240	poster	NOUN	emmezeta.rs,ikea.rs,kupujemprodajem	posteri poster postera
3	236	trpeza	NOUN	ikea.rs,jysk.rs,maxi.rs	trpezu trpeza trpeze
3	231	vreća	NOUN	emmezeta.rs,ikea.rs,jysk.me	vreće vreća vreću
3	224	modularan	ADJ	ikea.rs,jysk.rs,kupujemprodajem	modularne modularni modularna
3	222	pridružiti	VERB	ikea.rs,kupujemprodajem,maxi.rs	pridruži pridružite
3	218	prskalica	NOUN	emmezeta.rs,ikea.rs,kupujemprodajem	prskalice prskalica
3	215	cinija	NOUN	emmezeta.rs,ikea.rs,kupujemprodajem	cinije cinija
3	212	transport	NOUN	kupujemprodajem,maxi.rs,oglasi.me	transporta transport transportu
3	209	samostojeći	ADJ	emmezeta.rs,ikea.rs,jysk.me	samostojeći samostojeća
3	202	društven	ADJ	ikea.rs,kupujemprodajem,maxi.rs	društvene društvenim društvenih
3	202	navigacija	NOUN	emmezeta.rs,ikea.rs,kupujemprodajem	navigaciju navigacija navigacije
3	200	građevinski	ADJ	emmezeta.rs,kupujemprodajem,oglasi.me	građevinske građevinski građevinsko
3	196	marker	NOUN	ikea.rs,jysk.rs,maxi.rs	marker markera
3	195	pecivo	NOUN	ikea.rs,kupujemprodajem,maxi.rs	peciva pecivo
3	193	potrošač	NOUN	kupujemprodajem,maxi.rs,oglasi.me	potrošača potrošači potrošač
3	189	mesni	ADJ	ikea.rs,maxi.rs,voli.me	mesne mesnih
3	181	marketinški	ADJ	jysk.me,jysk.rs,maxi.rs	marketinške marketinški
3	180	višenamenski	ADJ	ikea.rs,jysk.rs,kupujemprodajem	višenamenski višenamenskim višenamenska
3	179	sortiranje	NOUN	ikea.rs,jysk.me,maxi.rs	sortiranje sortiranja
3	176	deterdžent	NOUN	ikea.rs,jysk.rs,kupujemprodajem	deterdženta deterdžent deterdžente
3	174	bebin	ADJ	ikea.rs,kupujemprodajem,maxi.rs	bebinu bebine bebinih
3	174	praksa	NOUN	ikea.rs,kupujemprodajem,maxi.rs	praksa prakse praksi
3	174	teglica	NOUN	ikea.rs,kupujemprodajem,maxi.rs	teglice teglici
3	173	namirnica	NOUN	emmezeta.rs,ikea.rs,maxi.rs	namirnice namirnica
3	171	debeo	ADJ	ikea.rs,jysk.me,jysk.rs	debljeg debele debelim
3	170	naknada	NOUN	emmezeta.rs,kupujemprodajem,maxi.rs	naknade naknada
3	169	podići	VERB	ikea.rs,jysk.me,kupujemprodajem	podigni podigne podignite
3	168	cenovnik	NOUN	emmezeta.rs,kupujemprodajem,maxi.rs	cenovnici cenovnik cenovnika
3	168	e-pošta	NOUN	jysk.me,jysk.rs,maxi.rs	e-pošte e-poštu
3	168	kampanja	NOUN	jysk.me,jysk.rs,maxi.rs	kampanje kampanja
3	168	obrazac	NOUN	ikea.rs,kupujemprodajem,maxi.rs	obrazac obrasca
3	167	lateks	NOUN	ikea.rs,jysk.me,jysk.rs	lateksa
3	166	fotoaparat	NOUN	ananas.rs,emmezeta.rs,kupujemprodajem	fotoaparati fotoaparat fotoaparate
3	166	integrisan	ADJ	ikea.rs,jysk.rs,kupujemprodajem	integrisani integrisanih integrisanom
3	166	privremen	ADJ	ikea.rs,jysk.me,maxi.rs	privremena privremene privremeni
3	166	skandinavski	ADJ	ikea.rs,jysk.me,jysk.rs	skandinavski skandinavskim skandinavskog
3	165	spoljno	ADV	ikea.rs,jysk.me,jysk.rs	spoljno
3	163	ušteda	NOUN	emmezeta.rs,ikea.rs,maxi.rs	ušteda uštedu uštede
3	159	papirni	ADJ	ikea.rs,kupujemprodajem,maxi.rs	papirna papirni papirne
3	159	sečenje	NOUN	emmezeta.rs,ikea.rs,kupujemprodajem	sečenje
3	156	grejni	ADJ	ananas.rs,ikea.rs,kupujemprodajem	grejne grejnim grejna
3	151	pronalaženje	NOUN	ikea.rs,kupujemprodajem,maxi.rs	pronalaženja pronalaženje
3	146	teaser	NOUN	ikea.rs,jysk.rs,maxi.rs	teaser
3	144	tastatura	NOUN	emmezeta.rs,jysk.me,kupujemprodajem	tastature tastatura tastaturu
3	142	keramički	ADJ	emmezeta.rs,ikea.rs,kupujemprodajem	keramički keramičke keramičkoj
3	140	resetovati	VERB	ikea.rs,maxi.rs,voli.me	resetuj resetujte
3	127	desert	NOUN	ikea.rs,kupujemprodajem,maxi.rs	deserti desert
3	127	matičan	ADJ	emmezeta.rs,kupujemprodajem,maxi.rs	matični matične matična
3	126	reciklirati	ADJ	emmezeta.rs,ikea.rs,maxi.rs	reciklira recikliraj recikliranog
3	125	navigator	NOUN	ikea.rs,jysk.rs,kupujemprodajem	navigator
3	125	verifikovati	VERB	kupujemprodajem,maxi.rs,voli.me	verifikovani verifikovan verifikovana
3	123	priključak	NOUN	emmezeta.rs,ikea.rs,kupujemprodajem	priključci priključcima priključak
3	122	mrežast	ADJ	ikea.rs,jysk.me,jysk.rs	mrežaste mrežastih mrežastoj
3	121	dostupnost	NOUN	ikea.rs,jysk.rs,maxi.rs	dostupnost dostupnosti
3	119	inspirativan	ADJ	emmezeta.rs,ikea.rs,maxi.rs	inspirativna inspirativne inspirativni
3	119	pruga	NOUN	ikea.rs,jysk.me,maxi.rs	pruge
3	118	kadica	NOUN	ananas.rs,ikea.rs,kupujemprodajem	kadice kadica
3	117	moment	NOUN	jysk.rs,kupujemprodajem,maxi.rs	moment momentima momentu
3	115	prebaciti	VERB	ikea.rs,jysk.rs,maxi.rs	prebacite prebaci prebaciti
3	115	provera	NOUN	ikea.rs,kupujemprodajem,maxi.rs	provera proveru
3	114	događaj	NOUN	ikea.rs,kupujemprodajem,maxi.rs	događaji događaje događaj
3	113	bračni	ADJ	ikea.rs,jysk.me,jysk.rs	bračni bračne
3	107	ručno	ADV	ikea.rs,jysk.me,kupujemprodajem	ručno
3	107	zamrznuti	VERB	ikea.rs,maxi.rs,voli.me	zamrznut zamrznute zamrznuti
3	105	izdavanje	NOUN	kupujemprodajem,maxi.rs,oglasi.me	izdavanje
3	105	pločica	NOUN	emmezeta.rs,kupujemprodajem,maxi.rs	pločice pločica
3	105	ukupan	ADJ	ikea.rs,maxi.rs,voli.me	ukupna ukupan ukupni
3	103	event	NOUN	ikea.rs,jysk.rs,maxi.rs	event
3	103	majstor	NOUN	emmezeta.rs,kupujemprodajem,maxi.rs	majstor majstori majstore
3	103	regija	NOUN	ikea.rs,kupujemprodajem,oglasi.me	regiju regija regije
3	102	riblji	ADJ	kupujemprodajem,maxi.rs,voli.me	riblje riblja
3	100	svetliti	VERB	emmezeta.rs,ikea.rs,jysk.me	svetli svijetli
3	99	sveže	ADV	ikea.rs,jysk.rs,maxi.rs	sveže
3	98	lokalan	ADJ	jysk.me,jysk.rs,maxi.rs	lokalnoj lokalnu lokalne
3	98	označiti	VERB	ikea.rs,jysk.rs,maxi.rs	označite označena označene
3	96	liv	NOUN	ikea.rs,jysk.rs,kupujemprodajem	live
3	93	ponuditi	ADJ	ikea.rs,kupujemprodajem,maxi.rs	ponuđenih ponuđeni ponuđenog
3	93	poreski	ADJ	emmezeta.rs,kupujemprodajem,maxi.rs	poresku poreska poreski
3	92	natura	NOUN	jysk.me,kupujemprodajem,maxi.rs	nature
3	92	tegliti	ADJ	ikea.rs,kupujemprodajem,maxi.rs	tegli tegljena
3	91	rende	NOUN	emmezeta.rs,ikea.rs,kupujemprodajem	rende
3	90	import	NOUN	ananas.rs,jysk.rs,voli.me	import
3	89	kreiranje	NOUN	ikea.rs,jysk.me,maxi.rs	kreiranja kreiranje
3	89	krzno	NOUN	emmezeta.rs,jysk.rs,kupujemprodajem	krzna krznom krzno
3	89	namenski	ADJ	ikea.rs,kupujemprodajem,maxi.rs	namenske namenska namensko
3	88	potvrđivati	ADV	emmezeta.rs,ikea.rs,maxi.rs	potvrđujem potvrđuju potvrđujući
3	87	dinamičan	ADJ	emmezeta.rs,ikea.rs,maxi.rs	dinamična dinamične dinamičnom
3	87	fizički	ADJ	emmezeta.rs,jysk.rs,kupujemprodajem	fizičko fizičkoj fizičkim
3	87	hemikalija	NOUN	emmezeta.rs,ikea.rs,maxi.rs	hemikalije
3	87	maloprodaja	NOUN	emmezeta.rs,kupujemprodajem,maxi.rs	maloprodaju maloprodaja
3	87	widget	NOUN	ananas.rs,emmezeta.rs,ikea.rs	widget
3	86	neutralan	ADJ	emmezeta.rs,ikea.rs,jysk.rs	neutralna neutralne neutralni
3	86	spremiti	ADJ	emmezeta.rs,ikea.rs,maxi.rs	spremite spremljenu spremi
3	86	ulazan	ADJ	ikea.rs,jysk.me,oglasi.me	ulazni ulaznih
3	85	tapacirati	ADJ	emmezeta.rs,jysk.me,jysk.rs	tapacirani tapacirana
3	84	poteškoća	NOUN	ikea.rs,jysk.rs,maxi.rs	poteškoća poteškoće
3	83	nagradni	ADJ	jysk.me,jysk.rs,maxi.rs	nagradnim nagradne nagradni
3	82	odeljak	NOUN	ikea.rs,kupujemprodajem,maxi.rs	odeljka odeljku odeljak
3	82	zasnovan	ADJ	ikea.rs,jysk.me,jysk.rs	zasnovanim zasnovanih
3	81	konkurs	NOUN	jysk.me,jysk.rs,maxi.rs	konkursima konkursi
3	81	kontroler	NOUN	emmezeta.rs,ikea.rs,kupujemprodajem	kontroleri kontroler kontroleru
3	81	portal	NOUN	ananas.rs,kupujemprodajem,maxi.rs	portal portali portalu
3	81	primati	VERB	ikea.rs,jysk.rs,maxi.rs	primate primajte primam
3	81	unos	NOUN	ikea.rs,kupujemprodajem,voli.me	unos
3	81	zadržavati	VERB	ikea.rs,kupujemprodajem,maxi.rs	zadržavate zadržavaju zadržavamo
3	79	opis	NOUN	ikea.rs,kupujemprodajem,maxi.rs	opis opise opisom
3	77	emajliran	ADJ	emmezeta.rs,ikea.rs,kupujemprodajem	emajlirani emajlirano emajliran
3	76	playstation	NOUN	emmezeta.rs,jysk.me,kupujemprodajem	playstation
3	75	dinar	NOUN	emmezeta.rs,kupujemprodajem,maxi.rs	dinara dinar dinaru
3	75	retro	ADV	ikea.rs,jysk.rs,kupujemprodajem	retro
3	74	gama	NOUN	emmezeta.rs,kupujemprodajem,maxi.rs	game
3	73	kuk	NOUN	ikea.rs,jysk.me,kupujemprodajem	kuka kukova kukovi
3	73	štampati	ADJ	ikea.rs,kupujemprodajem,maxi.rs	štampaj štampane štampa
3	71	brisač	NOUN	ikea.rs,jysk.me,kupujemprodajem	brisač brisači brisača
3	71	naslov	NOUN	emmezeta.rs,kupujemprodajem,maxi.rs	naslov naslova naslove
3	71	odrastao	ADJ	jysk.me,jysk.rs,kupujemprodajem	odraslih odrasle odraslog
3	71	paper	NOUN	ikea.rs,kupujemprodajem,maxi.rs	paper
3	69	naduvavanje	NOUN	jysk.me,jysk.rs,kupujemprodajem	naduvavanje
3	69	odjaviti	VERB	kupujemprodajem,maxi.rs,voli.me	odjavite odjavi odjaviti
3	67	svežina	NOUN	ikea.rs,jysk.rs,maxi.rs	svežine svežina svežinu
3	66	povoljno	ADV	ikea.rs,kupujemprodajem,maxi.rs	povoljno najpovoljnije
3	65	isprobati	VERB	ikea.rs,jysk.me,jysk.rs	isprobaj isprobati isprobajte
3	65	planer	NOUN	ikea.rs,kupujemprodajem,maxi.rs	planer planera planeru
3	64	don	NOUN	kupujemprodajem,maxi.rs,voli.me	don
3	64	micro	ADJ	emmezeta.rs,kupujemprodajem,maxi.rs	micro
3	63	izrada	NOUN	emmezeta.rs,ikea.rs,kupujemprodajem	izrada izradu izrade
3	62	pećnica	NOUN	emmezeta.rs,kupujemprodajem,maxi.rs	pećnice pećnica
3	61	segment	NOUN	emmezeta.rs,kupujemprodajem,maxi.rs	segment segmenta segmente
3	60	pelena	NOUN	ananas.rs,kupujemprodajem,maxi.rs	pelene pelena
3	60	podrska	NOUN	ananas.rs,kupujemprodajem,maxi.rs	podrske podrska
3	60	složiv	ADJ	ikea.rs,jysk.me,jysk.rs	složivi složive složivih
3	60	uzgoj	NOUN	ikea.rs,kupujemprodajem,maxi.rs	uzgoja uzgoju uzgoj
3	59	pretplatiti	ADJ	emmezeta.rs,jysk.rs,maxi.rs	pretplatili pretplaćeni pretplatite
3	59	raspoloživ	ADJ	emmezeta.rs,jysk.rs,maxi.rs	raspoloživ raspoloživih raspoloživi
3	59	rizik	NOUN	jysk.rs,kupujemprodajem,maxi.rs	rizik
3	59	užitak	NOUN	ikea.rs,kupujemprodajem,maxi.rs	užitak užitaka užitke
3	59	vodootporan	ADJ	jysk.me,jysk.rs,kupujemprodajem	vodootporni vodootporna vodootporan
3	58	alergen	NOUN	jysk.rs,maxi.rs,voli.me	alergeni alergena
3	58	opciono	ADV	ikea.rs,maxi.rs,voli.me	opciono
3	58	trade	NOUN	kupujemprodajem,maxi.rs,voli.me	trade
3	58	unapred	ADV	emmezeta.rs,ikea.rs,maxi.rs	unapred
3	57	plesti	ADJ	emmezeta.rs,jysk.me,kupujemprodajem	pletene pletena
3	54	zemljište	NOUN	ikea.rs,kupujemprodajem,oglasi.me	zemljište zemljišta zemljištu
3	54	šivaći	ADJ	jysk.me,jysk.rs,kupujemprodajem	šivaći šivaća šivaće
3	53	bdeti	VERB	ikea.rs,maxi.rs,oglasi.me	bde
3	51	kampovanje	NOUN	ananas.rs,jysk.rs,kupujemprodajem	kampovanje
3	51	povrat	NOUN	ikea.rs,kupujemprodajem,maxi.rs	povrata povrat
3	50	grejalica	NOUN	ananas.rs,emmezeta.rs,kupujemprodajem	grejalice grejalica
3	50	severni	ADJ	ananas.rs,kupujemprodajem,oglasi.me	severna sjeverna
3	48	poljoprivredni	ADJ	ananas.rs,kupujemprodajem,oglasi.me	poljoprivredni poljoprivredno poljoprivredne
3	47	merni	ADJ	ananas.rs,ikea.rs,kupujemprodajem	merni merna merne
3	46	bežičan	ADJ	ananas.rs,ikea.rs,kupujemprodajem	bežični bežična bežične
3	45	poboljšanje	NOUN	ikea.rs,kupujemprodajem,maxi.rs	poboljšanje poboljšanja
3	45	terakota	NOUN	emmezeta.rs,ikea.rs,jysk.me	terakota terakote
3	44	anatomski	ADJ	emmezeta.rs,jysk.me,jysk.rs	anatomski
3	44	računarski	ADJ	ananas.rs,emmezeta.rs,ikea.rs	računarska računarske računarskih
3	43	grafički	ADJ	ikea.rs,kupujemprodajem,oglasi.me	grafičke grafički grafičkih
3	43	predlog	NOUN	emmezeta.rs,ikea.rs,kupujemprodajem	predlog predloge
3	41	ishrana	NOUN	ananas.rs,ikea.rs,maxi.rs	ishranu ishrana ishrane
3	41	rutina	NOUN	ananas.rs,ikea.rs,maxi.rs	rutine rutinu rutina
3	39	forma	NOUN	emmezeta.rs,ikea.rs,maxi.rs	forma forme formi
3	39	inspirisati	VERB	ikea.rs,jysk.rs,maxi.rs	inspirisane inspirisana inspirisati
3	37	taka	NOUN	ananas.rs,kupujemprodajem,maxi.rs	take
3	36	privatan	ADJ	ikea.rs,kupujemprodajem,maxi.rs	privatni privatnu privatna
3	35	grebalica	NOUN	ananas.rs,ikea.rs,kupujemprodajem	grebalica grebalice
3	35	moto	NOUN	ananas.rs,kupujemprodajem,oglasi.me	moto motu
3	34	dodavanje	NOUN	ikea.rs,kupujemprodajem,maxi.rs	dodavanja dodavanjem dodavanje
3	34	komunikacija	NOUN	emmezeta.rs,kupujemprodajem,maxi.rs	komunikacija komunikacije komunikaciji
3	34	transfer	NOUN	kupujemprodajem,maxi.rs,oglasi.me	transfer transferi
3	34	ubrzati	VERB	emmezeta.rs,kupujemprodajem,maxi.rs	ubrzali ubrzati ubrzaće
3	33	ekskluzivan	ADJ	ikea.rs,kupujemprodajem,maxi.rs	ekskluzivne ekskluzivni
3	33	kukica	NOUN	ikea.rs,jysk.me,jysk.rs	kukice kukica
3	33	precizan	ADJ	emmezeta.rs,ikea.rs,kupujemprodajem	precizni precizan preciznih
3	32	crno	ADV	ikea.rs,jysk.me,kupujemprodajem	crno
3	31	podržavati	VERB	emmezeta.rs,jysk.rs,maxi.rs	podržavamo podržava
3	31	posluženje	NOUN	ikea.rs,jysk.rs,maxi.rs	posluženje
3	31	sušilica	NOUN	ikea.rs,jysk.me,kupujemprodajem	sušilice sušilicu
3	31	ustajanje	NOUN	ikea.rs,jysk.rs,maxi.rs	ustajanja ustajanje
3	30	bod	NOUN	emmezeta.rs,jysk.me,maxi.rs	bodovi boda bodove
3	30	približno	ADV	emmezeta.rs,ikea.rs,maxi.rs	približno
3	30	šaren	ADJ	ikea.rs,jysk.me,kupujemprodajem	šarena šareni šarene
3	29	paleta	NOUN	emmezeta.rs,jysk.rs,kupujemprodajem	palete paleta paletu
3	27	akcioni	ADJ	ananas.rs,emmezeta.rs,kupujemprodajem	akcione akciona akcionih
3	24	baviti	VERB	emmezeta.rs,kupujemprodajem,maxi.rs	baviš bavi bave
3	24	interaktivan	ADJ	ikea.rs,kupujemprodajem,maxi.rs	interaktivna interaktivne interaktivnim
3	24	svrha	NOUN	ikea.rs,jysk.rs,maxi.rs	svrhe svrhu svrsi
3	23	opšti	ADJ	ananas.rs,ikea.rs,kupujemprodajem	opšti opšta opšte
3	23	prevoz	NOUN	ikea.rs,kupujemprodajem,oglasi.me	prevoz prevoza prevozu
3	23	sertifikat	NOUN	ikea.rs,jysk.me,kupujemprodajem	sertifikatom sertifikat
3	21	primenjivati	VERB	ikea.rs,kupujemprodajem,maxi.rs	primenjuje primenjuju
3	19	ekstra	ADJ	jysk.me,jysk.rs,kupujemprodajem	ekstra
3	19	potraga	NOUN	jysk.me,jysk.rs,kupujemprodajem	potrazi potragu
3	19	ring	NOUN	ikea.rs,jysk.me,kupujemprodajem	ring ringe
3	19	sivo	ADV	ikea.rs,jysk.me,kupujemprodajem	sivo
3	18	raznovrstan	ADJ	ikea.rs,kupujemprodajem,maxi.rs	raznovrsnu najraznovrsnije raznovrsnim
3	18	presvlaka	NOUN	jysk.me,jysk.rs,kupujemprodajem	presvlake
3	18	sida	NOUN	ananas.rs,ikea.rs,kupujemprodajem	side
3	17	odložiti	VERB	ikea.rs,jysk.me,jysk.rs	odloženo odložiti odložiš
3	17	zainteresovan	ADJ	ikea.rs,kupujemprodajem,maxi.rs	zainteresovani zainteresovanih zainteresovanim
3	16	prilagođavati	VERB	ikea.rs,jysk.me,maxi.rs	prilagođava prilagođavaju prilagođavamo
3	15	alka	NOUN	jysk.me,jysk.rs,kupujemprodajem	alke alka
3	15	bezbedan	ADJ	ikea.rs,kupujemprodajem,maxi.rs	bezbedniji bezbedna bezbedni
3	15	obavestiti	VERB	ikea.rs,kupujemprodajem,maxi.rs	obavesti obavestiti obavestiš
3	15	obezbeđivati	VERB	ikea.rs,jysk.rs,maxi.rs	obezbeđuje obezbeđuju obezbeđujemo
3	14	okačiti	VERB	ikea.rs,jysk.me,jysk.rs	okači okačiš okačite
3	14	produžiti	VERB	ikea.rs,jysk.me,jysk.rs	produžili produžiti produži
3	13	efekat	NOUN	ikea.rs,jysk.me,jysk.rs	efekat
3	13	krep	NOUN	ananas.rs,jysk.me,jysk.rs	krep
3	13	predstojeći	ADJ	ikea.rs,jysk.me,jysk.rs	predstojeći predstojeća predstojeće
3	13	solo	NOUN	jysk.me,jysk.rs,kupujemprodajem	sola solo
3	13	uskladiti	ADJ	emmezeta.rs,ikea.rs,jysk.rs	uskladite usklađeni uskladiti
3	12	gejming	NOUN	emmezeta.rs,jysk.me,kupujemprodajem	gejming gejminga
3	12	gumen	ADJ	ikea.rs,jysk.me,kupujemprodajem	gumenom gumene gumeno
3	12	optimalan	ADJ	ikea.rs,jysk.me,jysk.rs	optimalnu optimalne najoptimalnija
3	12	uklopiti	VERB	ikea.rs,jysk.me,jysk.rs	uklopiti uklopi uklopite
3	11	karakteristika	NOUN	jysk.me,kupujemprodajem,maxi.rs	karakteristikama karakteristike karakteristika
3	11	namena	NOUN	ikea.rs,jysk.rs,kupujemprodajem	namene nameni namenom
3	11	speed	NOUN	ananas.rs,kupujemprodajem,maxi.rs	speed
3	10	kompaktan	ADJ	ikea.rs,jysk.rs,kupujemprodajem	kompaktan kompaktne kompaktna
3	10	kulinarski	ADJ	emmezeta.rs,ikea.rs,maxi.rs	kulinarskih kulinarskog kulinarske
3	10	obaviti	ADJ	ikea.rs,kupujemprodajem,maxi.rs	obaviš obavijenu obavili
3	10	radost	NOUN	ikea.rs,jysk.rs,kupujemprodajem	radost radosti
3	10	rasklapanje	NOUN	jysk.me,jysk.rs,kupujemprodajem	rasklapanje
3	10	vunen	ADJ	jysk.me,jysk.rs,kupujemprodajem	vuneni vunene vunenih
3	9	aluminijum	NOUN	ikea.rs,jysk.rs,kupujemprodajem	aluminijum aluminijuma
3	9	dopuna	NOUN	emmezeta.rs,kupujemprodajem,maxi.rs	dopune dopunu
3	9	druženje	NOUN	ikea.rs,jysk.rs,maxi.rs	druženje
3	9	konkretan	ADJ	ikea.rs,kupujemprodajem,maxi.rs	konkretna konkretne konkretnom
3	9	održati	VERB	ikea.rs,jysk.me,jysk.rs	održiš održali održim
3	9	okupljanje	NOUN	emmezeta.rs,ikea.rs,jysk.rs	okupljanja okupljanje
3	9	osvetliti	ADJ	emmezeta.rs,ikea.rs,kupujemprodajem	osvetli osvetle osvetljen
3	9	podizanje	NOUN	jysk.me,jysk.rs,kupujemprodajem	podizanje podizanjem podizanja
3	9	povezati	VERB	emmezeta.rs,ikea.rs,maxi.rs	povezani povežeš povezana
3	9	prirodno	ADV	emmezeta.rs,ikea.rs,jysk.me	prirodno
3	9	roll	NOUN	ikea.rs,kupujemprodajem,voli.me	roll
3	9	sastaviti	ADJ	emmezeta.rs,ikea.rs,kupujemprodajem	sastavljeno sastavljenih sastave
3	9	vezati	ADJ	emmezeta.rs,jysk.rs,kupujemprodajem	vezana
3	8	celina	NOUN	emmezeta.rs,ikea.rs,jysk.me	celinu celina celine
3	8	individualan	ADJ	emmezeta.rs,jysk.me,jysk.rs	individualne individualnih individualnim
3	8	osiguravati	VERB	emmezeta.rs,ikea.rs,jysk.rs	osigurava osiguravamo osiguravaju
3	8	preferencija	NOUN	emmezeta.rs,jysk.rs,maxi.rs	preferencije preferencija preferencijama
3	8	specijalizovan	ADJ	ikea.rs,kupujemprodajem,maxi.rs	specijalizovane specijalizovanih specijalizovana
3	8	uživo	ADV	ikea.rs,kupujemprodajem,maxi.rs	uživo
3	8	zabavan	ADJ	ikea.rs,kupujemprodajem,maxi.rs	zabavni zabavan zabavna
3	7	doživljaj	NOUN	emmezeta.rs,ikea.rs,kupujemprodajem	doživljaj
3	7	dragocen	ADJ	emmezeta.rs,ikea.rs,jysk.rs	dragoceno dragocene dragoceni
3	7	mikro	ADV	jysk.me,jysk.rs,kupujemprodajem	mikro
3	7	nagib	NOUN	ikea.rs,jysk.me,jysk.rs	nagib nagiba
3	7	nameniti	ADJ	ikea.rs,kupujemprodajem,maxi.rs	namenjena namenjeno namenjen
3	7	opušten	ADJ	ikea.rs,jysk.me,jysk.rs	opuštenoj opušteniji opuštenog
3	7	potražnja	NOUN	jysk.me,jysk.rs,kupujemprodajem	potražnje potražnju
3	7	preferirati	VERB	jysk.me,jysk.rs,maxi.rs	preferirate preferira preferirani
3	7	prilagodljiv	ADJ	ikea.rs,jysk.me,jysk.rs	prilagodljive prilagodljiv prilagodljivi
3	7	via	ADV	ananas.rs,kupujemprodajem,voli.me	via
3	6	aksesoar	NOUN	ananas.rs,ikea.rs,kupujemprodajem	aksesoara aksesoari
3	6	dizajner	NOUN	emmezeta.rs,ikea.rs,kupujemprodajem	dizajner dizajneri dizajnera
3	6	doprineti	VERB	jysk.me,jysk.rs,kupujemprodajem	doprineti doprinijeti doprinesi
3	6	izdvojiti	VERB	ananas.rs,emmezeta.rs,kupujemprodajem	izdvojene izdvojeni izdvojiti
3	6	jednako	ADV	ikea.rs,jysk.rs,kupujemprodajem	jednako
3	6	lanen	ADJ	jysk.me,jysk.rs,kupujemprodajem	laneni laneno
3	6	napuniti	VERB	ikea.rs,jysk.rs,maxi.rs	napuniš napuni napuniti
3	6	neizostavan	ADJ	jysk.me,jysk.rs,kupujemprodajem	neizostavan neizostavna
3	6	raspon	NOUN	jysk.me,jysk.rs,kupujemprodajem	raspon raspona
3	6	rastegljiv	ADJ	jysk.me,jysk.rs,kupujemprodajem	rastegljivi
3	6	razvijati	VERB	emmezeta.rs,ikea.rs,kupujemprodajem	razvija razvijaju razvijamo
3	6	sanjati	VERB	emmezeta.rs,ikea.rs,kupujemprodajem	sanjaš sanja sanjaj
3	6	sniženje	NOUN	jysk.me,jysk.rs,kupujemprodajem	sniženja sniženje
3	6	spoj	NOUN	emmezeta.rs,ikea.rs,jysk.rs	spoj
3	6	visokokvalitetan	ADJ	ikea.rs,kupujemprodajem,maxi.rs	visokokvalitetan visokokvalitetni visokokvalitetnih
3	6	zaokružiti	ADJ	emmezeta.rs,jysk.me,maxi.rs	zaokruženu zaokružena
3	5	atraktivan	ADJ	emmezeta.rs,jysk.me,jysk.rs	atraktivne atraktivan atraktivnih
3	5	dugotrajan	ADJ	ikea.rs,jysk.rs,maxi.rs	dugotrajan dugotrajne dugotrajni
3	5	faktor	NOUN	emmezeta.rs,jysk.me,jysk.rs	faktor faktora faktori
3	5	fleksibilnost	NOUN	emmezeta.rs,ikea.rs,jysk.me	fleksibilnost fleksibilnosti
3	5	interni	ADJ	ikea.rs,kupujemprodajem,maxi.rs	interna internog
3	5	izbegavati	VERB	ikea.rs,jysk.me,jysk.rs	izbegavaj izbegavajte izbegavati
3	5	izložiti	VERB	emmezeta.rs,ikea.rs,jysk.rs	izložena izložene izloženi
3	5	kreditan	ADJ	emmezeta.rs,ikea.rs,maxi.rs	kreditnom kreditne kreditnoj
3	5	mašta	NOUN	ikea.rs,kupujemprodajem,maxi.rs	mašti mašta maštom
3	5	medijapan	NOUN	jysk.me,jysk.rs,kupujemprodajem	medijapan medijapana
3	5	naporan	ADJ	emmezeta.rs,jysk.rs,kupujemprodajem	napornog naporan
3	5	neophodno	ADV	ikea.rs,kupujemprodajem,maxi.rs	neophodno
3	5	odmoran	ADJ	ikea.rs,jysk.me,jysk.rs	odmorni odmoran
3	5	osoblje	NOUN	jysk.me,jysk.rs,maxi.rs	osoblje osoblju
3	5	oštećenje	NOUN	jysk.rs,kupujemprodajem,oglasi.me	oštećenja oštećenjima
3	5	podešavati	VERB	jysk.me,jysk.rs,kupujemprodajem	podešavaju podešava podešavaš
3	5	presudan	ADJ	jysk.me,jysk.rs,maxi.rs	presudnog presudan presudna
3	5	rasporediti	ADJ	ikea.rs,jysk.rs,kupujemprodajem	rasporede rasporedite rasporediti
3	5	raznovrsnost	NOUN	ikea.rs,kupujemprodajem,maxi.rs	raznovrsnost raznovrsnosti
3	5	reprodukcija	NOUN	emmezeta.rs,kupujemprodajem,maxi.rs	reprodukcija reprodukcije reprodukciju
3	5	romantičan	ADJ	ikea.rs,jysk.me,jysk.rs	romantični romantičan romantičnim
3	5	smanjivati	ADV	ikea.rs,jysk.rs,maxi.rs	smanjuje smanjuješ smanjujući
3	5	ukrasiti	ADJ	ikea.rs,jysk.me,jysk.rs	ukrasiš ukrasite ukrašene
3	5	unošenje	NOUN	jysk.me,jysk.rs,maxi.rs	unošenje
3	5	uređen	ADJ	ikea.rs,jysk.me,jysk.rs	uređenom uređenim
3	5	uzrast	NOUN	emmezeta.rs,jysk.rs,kupujemprodajem	uzrasta uzrast uzraste
3	5	živopisan	ADJ	ikea.rs,jysk.me,jysk.rs	živopisan živopisni živopisnih
3	4	aspekt	NOUN	ikea.rs,jysk.rs,maxi.rs	aspekte aspekata aspekt
3	4	elegancija	NOUN	ikea.rs,jysk.rs,maxi.rs	elegancije eleganciju
3	4	izraziti	VERB	ikea.rs,jysk.rs,maxi.rs	izraze izrazi izraziti
3	4	izraditi	ADJ	jysk.me,jysk.rs,kupujemprodajem	izrađeni izrađene
3	4	konstantan	ADJ	emmezeta.rs,jysk.me,jysk.rs	konstantna konstantnim
3	4	kreniti	VERB	ikea.rs,kupujemprodajem,maxi.rs	kreni
3	4	malin	ADJ	ikea.rs,jysk.me,jysk.rs	malin
3	4	obuhvatati	VERB	emmezeta.rs,ikea.rs,kupujemprodajem	obuhvata
3	4	osloboditi	VERB	ikea.rs,jysk.rs,kupujemprodajem	oslobodiš oslobodi oslobodite
3	4	potpunost	NOUN	ikea.rs,kupujemprodajem,maxi.rs	potpunosti
3	4	promotivan	ADJ	emmezeta.rs,kupujemprodajem,voli.me	promotivne promotivni promotivnim
3	4	prostran	ADJ	ikea.rs,jysk.me,jysk.rs	prostrana prostrane
3	4	razdvojiti	ADJ	ikea.rs,jysk.rs,kupujemprodajem	razdvojen razdvoje razdvojene
3	4	realizovati	VERB	emmezeta.rs,ikea.rs,kupujemprodajem	realizuješ realizovati realizuju
3	4	sunčev	ADJ	emmezeta.rs,ikea.rs,jysk.rs	sunčeve sunčeva sunčevim
3	4	upotpunjivati	VERB	jysk.me,jysk.rs,kupujemprodajem	upotpunjuje upotpunjuju
3	4	zadovoljavati	VERB	ikea.rs,kupujemprodajem,maxi.rs	zadovoljavaju zadovoljava
3	4	znanje	NOUN	emmezeta.rs,ikea.rs,kupujemprodajem	znanjem znanja znanje
3	3	dnevno	ADV	emmezeta.rs,jysk.rs,kupujemprodajem	dnevno
3	3	funkcionisanje	NOUN	ikea.rs,kupujemprodajem,maxi.rs	funkcionisanje funkcionisanju
3	3	generalan	ADJ	emmezeta.rs,jysk.me,jysk.rs	generalna generalni
3	3	izgraditi	VERB	ikea.rs,jysk.rs,kupujemprodajem	izgradite izgraditi izgradiš
3	3	kozmetički	ADJ	ananas.rs,jysk.me,jysk.rs	kozmetički kozmetičko
3	3	mekano	ADV	ikea.rs,jysk.me,jysk.rs	mekano mekanije
3	3	nezaobilazan	ADJ	ikea.rs,jysk.rs,kupujemprodajem	nezaobilazan nezaobilazna nezaobilazni
3	3	povratan	ADJ	ikea.rs,kupujemprodajem,maxi.rs	povratna povratne povratnu
3	3	predstaviti	ADJ	ikea.rs,kupujemprodajem,maxi.rs	predstavi predstaviti predstavljene
3	3	priuštiti	VERB	ikea.rs,kupujemprodajem,maxi.rs	priuštim priuštite priuštiš
3	3	privlačiti	VERB	jysk.me,jysk.rs,kupujemprodajem	privlači
3	3	sedeći	ADJ	emmezeta.rs,ikea.rs,jysk.rs	sedeće sedećeg sedećem
3	3	spremanje	NOUN	ananas.rs,emmezeta.rs,jysk.rs	spremanje
3	3	unutrašnjost	NOUN	ikea.rs,jysk.rs,kupujemprodajem	unutrašnjost unutrašnjosti
3	3	uobičajen	ADJ	ikea.rs,jysk.me,maxi.rs	uobičajene uobičajenim
3	3	zagarantovati	ADJ	jysk.me,jysk.rs,kupujemprodajem	zagarantovan
3	3	zauzimanje	NOUN	emmezeta.rs,ikea.rs,jysk.me	zauzimanja
2	7852	basket	NOUN	jysk.rs,maxi.rs	basket
2	2384	multimedija	NOUN	emmezeta.rs,kupujemprodajem	multimedija multimedije multimediju
2	2199	jastučić	NOUN	ikea.rs,kupujemprodajem	jastučići jastučiće jastučić
2	2125	umivaonik	NOUN	ikea.rs,kupujemprodajem	umivaonikom umivaonika umivaonici
2	1253	ručica	NOUN	ikea.rs,kupujemprodajem	ručice ručicom ručica
2	1136	banner	NOUN	ananas.rs,maxi.rs	banner
2	1108	planiranje	NOUN	ikea.rs,maxi.rs	planiranje planiranja
2	1065	step	NOUN	maxi.rs,voli.me	step
2	997	prazničan	ADJ	ikea.rs,jysk.rs	praznična praznični praznične
2	992	hub	NOUN	kupujemprodajem,maxi.rs	hub
2	957	spojiti	VERB	ikea.rs,kupujemprodajem	spojene spojiti
2	929	kuka	NOUN	ikea.rs,kupujemprodajem	kuke kukom kuku
2	800	preskočiti	VERB	ikea.rs,maxi.rs	preskoči
2	785	odeljenje	NOUN	ikea.rs,maxi.rs	odeljenja odeljenju odeljenje
2	782	plural	NOUN	ikea.rs,maxi.rs	plural
2	777	trajno	ADV	jysk.me,jysk.rs	trajno
2	743	otvoreno	ADV	ikea.rs,maxi.rs	otvoreno
2	736	sanitarija	NOUN	emmezeta.rs,kupujemprodajem	sanitarije sanitarija sanitarijama
2	734	slot	NOUN	kupujemprodajem,maxi.rs	slot
2	728	rakovica	NOUN	kupujemprodajem,maxi.rs	rakovica
2	727	postolje	NOUN	ikea.rs,kupujemprodajem	postolja postolje postoljem
2	698	šarka	NOUN	ikea.rs,kupujemprodajem	šarkama šarke šarki
2	674	instalacija	NOUN	emmezeta.rs,kupujemprodajem	instalacije instalacija instalacijom
2	670	poliester	NOUN	ikea.rs,jysk.rs	poliestera poliester
2	639	furnir	NOUN	ikea.rs,jysk.rs	furnira furnir
2	636	kolekcionarstvo	NOUN	kupujemprodajem,oglasi.me	kolekcionarstvo kolekcionarstva
2	633	plafonski	ADJ	ikea.rs,kupujemprodajem	plafonska plafonski plafonske
2	544	grejanje	NOUN	emmezeta.rs,kupujemprodajem	grijanje grejanje grejanja
2	540	serviranje	NOUN	emmezeta.rs,ikea.rs	serviranje
2	535	upgrade	NOUN	kupujemprodajem,maxi.rs	upgrade
2	500	termos	NOUN	ikea.rs,kupujemprodajem	termosi termos
2	495	podmetač	NOUN	emmezeta.rs,ikea.rs	podmetači podmetač
2	494	paravan	NOUN	ikea.rs,jysk.rs	paravani paravan paravane
2	488	floor	NOUN	ikea.rs,maxi.rs	floor
2	482	menadžer	NOUN	kupujemprodajem,maxi.rs	menadžer menadžera
2	474	singular	NOUN	ikea.rs,maxi.rs	singular
2	467	vinil	NOUN	emmezeta.rs,kupujemprodajem	vinili vinil
2	423	komponenta	NOUN	ananas.rs,kupujemprodajem	komponente komponenti komponentu
2	418	baldahin	NOUN	ikea.rs,kupujemprodajem	baldahini baldahin baldahina
2	418	regal	NOUN	emmezeta.rs,ikea.rs	regali
2	396	selidba	NOUN	ikea.rs,oglasi.me	selidbu selidbi
2	393	galerija	NOUN	ikea.rs,maxi.rs	galerije galerija galeriju
2	378	smeđ	ADJ	ananas.rs,ikea.rs	smeđa smeđi
2	375	svetac	NOUN	emmezeta.rs,ikea.rs	svece sveca
2	371	letak	NOUN	jysk.me,jysk.rs	leci letak letke
2	366	hint	NOUN	maxi.rs,oglasi.me	hint
2	366	lifestyle	NOUN	ananas.rs,maxi.rs	lifestyle
2	365	finansije	NOUN	emmezeta.rs,maxi.rs	finansijama finansije finansija
2	365	produžan	ADJ	ikea.rs,kupujemprodajem	produžni produžne produžna
2	364	guma	NOUN	ananas.rs,kupujemprodajem	gume guma gumama
2	361	amortizer	NOUN	ikea.rs,kupujemprodajem	amortizeri amortizer amortizera
2	356	konzerva	NOUN	ikea.rs,voli.me	konzerve konzervi
2	344	popuniti	ADJ	ikea.rs,maxi.rs	popunite popunjeno popuniću
2	337	kalup	NOUN	ikea.rs,kupujemprodajem	kalupi kalup
2	337	zamračivanje	NOUN	ikea.rs,jysk.rs	zamračivanje
2	336	presvlačenje	NOUN	ikea.rs,kupujemprodajem	presvlačenje
2	333	pokućstvo	NOUN	jysk.me,jysk.rs	pokućstvo
2	332	ceger	NOUN	ikea.rs,maxi.rs	cegeri cegera
2	331	opeka	NOUN	emmezeta.rs,kupujemprodajem	opeka
2	331	zadovoljan	ADJ	ikea.rs,maxi.rs	zadovoljan zadovoljni zadovoljnog
2	312	limit	NOUN	maxi.rs,oglasi.me	limit
2	298	ograničiti	VERB	ikea.rs,maxi.rs	ograničena ograničenom ograničene
2	297	system	NOUN	ikea.rs,kupujemprodajem	system
2	291	maestro	NOUN	ikea.rs,maxi.rs	maestro
2	290	održiv	ADJ	ikea.rs,maxi.rs	održivo održiva održivog
2	290	pekač	NOUN	emmezeta.rs,ikea.rs	pekači pekače
2	287	den	NOUN	ikea.rs,kupujemprodajem	den
2	285	bušenje	NOUN	ikea.rs,kupujemprodajem	bušenja bušenje
2	281	verifikacioni	ADJ	maxi.rs,voli.me	verifikacioni
2	279	prethodno	ADV	ikea.rs,maxi.rs	prethodno
2	271	filtriranje	NOUN	ikea.rs,maxi.rs	filtriranje filtriranja
2	266	nevažeći	ADJ	kupujemprodajem,maxi.rs	nevažeći nevažeća nevažeće
2	266	tekstilan	ADJ	ikea.rs,jysk.rs	tekstilne tekstilni
2	263	fasadni	ADJ	emmezeta.rs,kupujemprodajem	fasadni fasadne fasadna
2	259	studio	NOUN	ikea.rs,kupujemprodajem	studio studiju studija
2	258	kraljev	ADJ	kupujemprodajem,maxi.rs	kraljevo
2	256	mešanje	NOUN	ikea.rs,kupujemprodajem	mešanje
2	253	snabdevanje	NOUN	kupujemprodajem,maxi.rs	snabdevanja snabdevanje
2	251	prikazivati	VERB	ikea.rs,maxi.rs	prikazuje prikazuju
2	247	gostinski	ADJ	ikea.rs,jysk.me	gostinski gostinske
2	244	pristupačnost	NOUN	ikea.rs,jysk.rs	pristupačnost pristupačnosti
2	236	vežbanje	NOUN	ananas.rs,kupujemprodajem	vežbanje
2	228	download	NOUN	ananas.rs,maxi.rs	download
2	228	oceniti	ADJ	kupujemprodajem,maxi.rs	ocenili ocenjen ocenite
2	223	bilje	NOUN	ikea.rs,kupujemprodajem	bilje bilja
2	222	timeout	NOUN	jysk.rs,maxi.rs	timeout
2	218	spojnica	NOUN	ikea.rs,kupujemprodajem	spojnice spojnica
2	206	zanat	NOUN	ikea.rs,kupujemprodajem	zanati zanat
2	205	girlanda	NOUN	emmezeta.rs,ikea.rs	girlande
2	205	rum	NOUN	kupujemprodajem,maxi.rs	ruma
2	204	spiskati	VERB	ikea.rs,maxi.rs	spiska
2	203	plinski	ADJ	ikea.rs,kupujemprodajem	plinske plinska plinski
2	203	senior	NOUN	kupujemprodajem,maxi.rs	senior
2	199	hranilica	NOUN	ikea.rs,kupujemprodajem	hranilice hranilica
2	194	file	NOUN	jysk.rs,maxi.rs	file
2	194	objava	NOUN	emmezeta.rs,maxi.rs	objava objave
2	193	prenosan	ADJ	ikea.rs,kupujemprodajem	prenosni prenosne prenosna
2	190	dojenje	NOUN	ikea.rs,kupujemprodajem	dojenje
2	187	pin	NOUN	kupujemprodajem,maxi.rs	pin pina
2	186	hidraulika	NOUN	emmezeta.rs,kupujemprodajem	hidraulika hidrauliku
2	185	uporediti	VERB	ikea.rs,kupujemprodajem	uporedi uporediti uporediš
2	179	svetleći	ADJ	ikea.rs,kupujemprodajem	svetleći svetleća svetleće
2	178	rezati	ADJ	ikea.rs,kupujemprodajem	rezano
2	178	ručavanje	NOUN	ikea.rs,kupujemprodajem	ručavanje ručavanja
2	178	školjka	NOUN	ikea.rs,kupujemprodajem	školjke
2	176	mirišljav	ADJ	ikea.rs,jysk.me	mirišljave mirišljavo mirišljava
2	175	klizanje	NOUN	ikea.rs,jysk.me	klizanja
2	174	članstvo	NOUN	emmezeta.rs,ikea.rs	članstva članstvo članstvom
2	173	iseći	ADJ	ikea.rs,kupujemprodajem	isečene isečen isečena
2	171	akustičan	ADJ	ikea.rs,oglasi.me	akustični
2	171	cvetan	ADJ	ikea.rs,jysk.rs	cvetni cvetnim cvetna
2	170	bežično	ADV	ikea.rs,kupujemprodajem	bežično
2	170	noša	NOUN	ikea.rs,kupujemprodajem	noše noša
2	170	seckanje	NOUN	emmezeta.rs,ikea.rs	seckanje sjeckanje
2	170	skriti	ADJ	ikea.rs,kupujemprodajem	skrivenim skriveni skriven
2	170	spa	NOUN	ikea.rs,kupujemprodajem	spa
2	170	stepenica	NOUN	emmezeta.rs,kupujemprodajem	stepenice
2	163	odložen	ADJ	ikea.rs,maxi.rs	odloženog
2	162	mirisan	ADJ	ikea.rs,jysk.me	mirisne mirisna mirisnu
2	156	polisa	NOUN	ikea.rs,kupujemprodajem	polisa
2	154	ljuljaška	NOUN	emmezeta.rs,kupujemprodajem	ljuljaške ljuljaška ljuljaškom
2	149	konzolni	ADJ	jysk.me,jysk.rs	konzolni konzolnih konzolnim
2	149	raznobojan	ADJ	ikea.rs,jysk.rs	raznobojno raznobojni raznobojne
2	147	skladište	NOUN	kupujemprodajem,maxi.rs	skladištu skladišta skladište
2	143	nepokretnost	NOUN	kupujemprodajem,maxi.rs	nepokretnosti
2	142	developer	NOUN	kupujemprodajem,maxi.rs	developer
2	141	preview	NOUN	ananas.rs,maxi.rs	preview
2	141	simbol	NOUN	kupujemprodajem,maxi.rs	simbola simbol
2	138	betonski	ADJ	emmezeta.rs,kupujemprodajem	betonski betonske
2	138	isprazniti	VERB	ikea.rs,maxi.rs	isprazniti isprazni
2	135	dućan	NOUN	ikea.rs,kupujemprodajem	dućan dućanu
2	132	polovan	ADJ	ikea.rs,kupujemprodajem	polovne polovni polovna
2	131	gratis	ADV	kupujemprodajem,maxi.rs	gratis
2	130	poen	NOUN	ikea.rs,maxi.rs	poeni poene poena
2	130	povratiti	VERB	ananas.rs,ikea.rs	povrati
2	129	rezervni	ADJ	ikea.rs,kupujemprodajem	rezervni rezervne rezervnih
2	127	master	NOUN	kupujemprodajem,maxi.rs	master
2	127	rukohvat	NOUN	ikea.rs,jysk.me	rukohvatima rukohvata rukohvat
2	127	ventilator	NOUN	emmezeta.rs,kupujemprodajem	ventilatori ventilator ventilatora
2	125	učitavanje	NOUN	jysk.me,maxi.rs	učitavanje učitavanju učitavanja
2	124	kavez	NOUN	emmezeta.rs,kupujemprodajem	kavezi kavez kaveza
2	124	prerađevina	NOUN	ikea.rs,maxi.rs	prerađevine
2	121	pakovati	ADJ	ikea.rs,maxi.rs	pakovana pakovanog pakovano
2	121	tvrdo	ADV	ikea.rs,kupujemprodajem	tvrdo
2	119	folija	NOUN	ikea.rs,kupujemprodajem	folije folija folijom
2	118	edukacija	NOUN	maxi.rs,oglasi.me	edukaciju edukacije edukacija
2	116	instrument	NOUN	kupujemprodajem,oglasi.me	instrumenti instrument instrumente
2	116	potvrda	NOUN	maxi.rs,voli.me	potvrda potvrde potvrdu
2	114	dostići	ADJ	ikea.rs,maxi.rs	dostignut dostigli dostignuta
2	114	savski	ADJ	kupujemprodajem,maxi.rs	savski
2	114	toner	NOUN	emmezeta.rs,kupujemprodajem	toneri toner
2	112	sokovnik	NOUN	emmezeta.rs,kupujemprodajem	sokovnici sokovnik
2	111	zakazati	VERB	ikea.rs,maxi.rs	zakaži zakazati
2	110	house	NOUN	jysk.rs,maxi.rs	house
2	110	vračar	NOUN	kupujemprodajem,maxi.rs	vračar
2	109	busenje	NOUN	ikea.rs,kupujemprodajem	busenja busenje
2	109	disk	NOUN	kupujemprodajem,oglasi.me	diskovi disk diska
2	109	inox	NOUN	emmezeta.rs,kupujemprodajem	inox
2	109	žica	NOUN	ikea.rs,kupujemprodajem	žice žica žicu
2	108	društveno	ADV	jysk.rs,maxi.rs	društveno
2	103	drzak	ADJ	ikea.rs,kupujemprodajem	drskom drska
2	102	prijemnik	NOUN	emmezeta.rs,kupujemprodajem	prijemnici prijemnik
2	99	maloprodajni	ADJ	emmezeta.rs,maxi.rs	maloprodajnih maloprodajnim maloprodajni
2	96	modem	NOUN	emmezeta.rs,kupujemprodajem	modemi
2	96	pravno	ADV	kupujemprodajem,maxi.rs	pravno
2	96	predračun	NOUN	emmezeta.rs,kupujemprodajem	predračuni predračun
2	96	pristanak	NOUN	jysk.rs,maxi.rs	pristanak pristanka pristanku
2	96	stativa	NOUN	emmezeta.rs,kupujemprodajem	stativi
2	96	testera	NOUN	ananas.rs,kupujemprodajem	testere testera testeru
2	95	konektor	NOUN	ikea.rs,kupujemprodajem	konektor konektori konektorom
2	94	okov	NOUN	ikea.rs,kupujemprodajem	okovi okov
2	93	smrznut	ADJ	maxi.rs,voli.me	smrznuti
2	91	specijal	NOUN	kupujemprodajem,maxi.rs	specijal
2	90	hard	NOUN	kupujemprodajem,oglasi.me	hard harda
2	90	zum	NOUN	ikea.rs,kupujemprodajem	zuma zum
2	89	nerđajući	ADJ	ikea.rs,kupujemprodajem	nerđajući nerđajućeg
2	89	portfolio	NOUN	kupujemprodajem,maxi.rs	portfolio
2	89	žitarica	NOUN	ikea.rs,maxi.rs	žitarice žitarica
2	88	debljina	NOUN	ikea.rs,jysk.rs	debljina debljini
2	88	lounge	NOUN	jysk.me,jysk.rs	lounge
2	87	kontrolor	NOUN	kupujemprodajem,maxi.rs	kontrolor
2	87	kredit	NOUN	emmezeta.rs,kupujemprodajem	krediti kredit
2	87	replay	NOUN	jysk.rs,kupujemprodajem	replay
2	86	udaljiti	ADJ	emmezeta.rs,ikea.rs	udaljeno udaljeni
2	86	šoljica	NOUN	ikea.rs,jysk.me	šoljice šoljicom šoljica
2	85	dopasti	VERB	ananas.rs,maxi.rs	dopalo dopadne dopali
2	85	ikonica	NOUN	jysk.rs,maxi.rs	ikonica ikonicu
2	85	isključiti	VERB	emmezeta.rs,maxi.rs	isključena isključi isključiti
2	85	izlaganje	NOUN	ikea.rs,jysk.rs	izlaganje izlaganjem
2	85	kliznuti	VERB	ikea.rs,kupujemprodajem	klizne
2	85	kontaktiranje	NOUN	jysk.rs,maxi.rs	kontaktiranja kontaktiranje kontaktiranjem
2	85	lager	NOUN	ikea.rs,maxi.rs	lager lageru
2	85	log	NOUN	maxi.rs,voli.me	log
2	85	otkrivanje	NOUN	ikea.rs,maxi.rs	otkrivanja otkrivanje
2	85	prelaziti	VERB	kupujemprodajem,maxi.rs	prelazi prelazeći
2	85	sesija	NOUN	ikea.rs,maxi.rs	sesiju sesija
2	85	uprava	NOUN	emmezeta.rs,maxi.rs	upravu uprava
2	84	dohvat	NOUN	ikea.rs,jysk.me	dohvat
2	84	doživiti	VERB	emmezeta.rs,ikea.rs	doživi
2	83	gedžet	NOUN	ananas.rs,emmezeta.rs	gedžeti
2	83	granitni	ADJ	emmezeta.rs,kupujemprodajem	granitne granitna
2	83	kvarcni	ADJ	ananas.rs,emmezeta.rs	kvarcni kvarcna
2	83	naplatiti	ADJ	ikea.rs,kupujemprodajem	naplati naplaćena
2	83	prebacivanje	NOUN	ikea.rs,maxi.rs	prebacivanje
2	83	raspoloživost	NOUN	ikea.rs,maxi.rs	raspoloživost
2	80	prednji	ADJ	kupujemprodajem,maxi.rs	prednje prednja prednji
2	79	osnovati	ADJ	jysk.me,jysk.rs	osnovano
2	79	provider	NOUN	jysk.rs,kupujemprodajem	provider
2	78	kucnuti	VERB	kupujemprodajem,maxi.rs	kucni kucne
2	76	rover	NOUN	kupujemprodajem,oglasi.me	rover
2	75	očistiti	VERB	jysk.me,jysk.rs	očisti očistiti očistili
2	72	dizajnirati	VERB	ikea.rs,maxi.rs	dizajniraj dizajniraš dizajniranu
2	71	reklamni	ADJ	kupujemprodajem,maxi.rs	reklamne reklamni reklamnih
2	71	tamno	ADV	jysk.me,jysk.rs	tamno
2	70	edition	NOUN	ikea.rs,kupujemprodajem	edition
2	70	zajednica	NOUN	kupujemprodajem,maxi.rs	zajednici zajednice zajednica
2	68	crveno	ADV	kupujemprodajem,maxi.rs	crveno
2	68	keramika	NOUN	ikea.rs,kupujemprodajem	keramika keramiku keramike
2	68	neispravno	ADV	kupujemprodajem,maxi.rs	neispravno
2	64	kosilica	NOUN	ananas.rs,kupujemprodajem	kosilice kosilica
2	64	slide	NOUN	ikea.rs,maxi.rs	slide
2	64	zaposlenje	NOUN	emmezeta.rs,oglasi.me	zaposlenja
2	63	longituda	NOUN	ikea.rs,kupujemprodajem	longitude
2	62	entry	NOUN	ikea.rs,maxi.rs	entry
2	61	izbrisati	VERB	ikea.rs,maxi.rs	izbriši izbrisati izbrisani
2	61	pritužba	NOUN	emmezeta.rs,maxi.rs	pritužbe pritužbu
2	60	golf	NOUN	kupujemprodajem,oglasi.me	golf golfa
2	60	inverter	NOUN	ananas.rs,kupujemprodajem	inverter inverteri
2	60	otpadak	NOUN	emmezeta.rs,jysk.me	otpatke
2	60	ovlaživač	NOUN	emmezeta.rs,kupujemprodajem	ovlaživači ovlaživač
2	60	povećati	VERB	ikea.rs,maxi.rs	povećaj povećaš
2	60	zdravstven	ADJ	ikea.rs,maxi.rs	zdravstvena zdravstvenu zdravstveni
2	59	def	NOUN	ikea.rs,maxi.rs	def defe
2	59	like	NOUN	ananas.rs,maxi.rs	like
2	59	platni	ADJ	maxi.rs,voli.me	platnim platne
2	59	ponoviti	VERB	maxi.rs,voli.me	ponovi ponovite
2	59	tekući	ADJ	kupujemprodajem,maxi.rs	tekućeg tekuće
2	59	ugostiteljstvo	NOUN	maxi.rs,oglasi.me	ugostiteljstvo
2	58	projekat	NOUN	emmezeta.rs,maxi.rs	projekata projekat
2	58	proslava	NOUN	ikea.rs,kupujemprodajem	proslave proslava proslavu
2	58	safari	NOUN	kupujemprodajem,maxi.rs	safari
2	58	sušara	NOUN	emmezeta.rs,kupujemprodajem	sušare
2	58	topic	NOUN	ananas.rs,maxi.rs	topic
2	57	editorial	NOUN	ikea.rs,kupujemprodajem	editorial
2	57	isporučivati	VERB	kupujemprodajem,maxi.rs	isporučujemo isporučuješ
2	57	leden	ADJ	kupujemprodajem,maxi.rs	ledene ledeni ledenog
2	57	odbijati	VERB	jysk.me,maxi.rs	odbijam odbijaju
2	57	performansa	NOUN	ikea.rs,maxi.rs	performansi performanse
2	57	podela	NOUN	emmezeta.rs,maxi.rs	podelu podela
2	57	preimenovati	VERB	ikea.rs,maxi.rs	preimenuj preimenovali
2	57	primaran	ADJ	kupujemprodajem,maxi.rs	primarnu primarne
2	57	procenat	NOUN	maxi.rs,voli.me	procenat
2	57	razmak	NOUN	ikea.rs,maxi.rs	razmaka razmak
2	56	projektovanje	NOUN	emmezeta.rs,kupujemprodajem	projektovanje projektovanja
2	54	veb	NOUN	kupujemprodajem,maxi.rs	veb
2	53	emajl	NOUN	emmezeta.rs,kupujemprodajem	emajl
2	53	obrok	NOUN	ikea.rs,maxi.rs	obrok obroke obroka
2	52	brusilica	NOUN	ananas.rs,kupujemprodajem	brusilica brusilice brusilicu
2	52	tvrdoća	NOUN	ikea.rs,jysk.rs	tvrdoća tvrdoću tvrdoće
2	51	cipelariti	VERB	jysk.me,jysk.rs	cipelari cipelare
2	50	kajak	NOUN	emmezeta.rs,oglasi.me	kajaci kajak
2	50	notebook	NOUN	emmezeta.rs,kupujemprodajem	notebook
2	49	ambient	NOUN	ikea.rs,kupujemprodajem	ambijent ambijenta
2	49	mesečni	ADJ	emmezeta.rs,ikea.rs	mesečna mesečnih
2	49	zatvaranje	NOUN	ikea.rs,maxi.rs	zatvaranje zatvaranjem
2	48	foto	ADJ	ananas.rs,kupujemprodajem	foto
2	48	oštetiti	ADJ	emmezeta.rs,kupujemprodajem	oštećeno oštećene oštećenu
2	47	dioda	NOUN	emmezeta.rs,kupujemprodajem	diode diodom dioda
2	47	nadzor	NOUN	kupujemprodajem,maxi.rs	nadzor nadzora
2	47	orahovina	NOUN	ikea.rs,jysk.me	orahovine orahovina
2	47	pergola	NOUN	emmezeta.rs,jysk.rs	pergole pergolom
2	47	renault	NOUN	kupujemprodajem,oglasi.me	renault
2	46	potrošnja	NOUN	ikea.rs,kupujemprodajem	potrošnju potrošnje potrošnja
2	46	valjak	NOUN	ikea.rs,kupujemprodajem	valjak valjci
2	45	hlađenje	NOUN	emmezeta.rs,ikea.rs	hlađenje
2	45	niški	ADJ	kupujemprodajem,maxi.rs	niška
2	45	pojačati	VERB	ikea.rs,kupujemprodajem	pojačala pojačati pojačaš
2	45	sjenica	NOUN	emmezeta.rs,kupujemprodajem	sjenica sjenice
2	45	slaviti	VERB	emmezeta.rs,jysk.me	slavimo slavi
2	45	telesni	ADJ	emmezeta.rs,jysk.rs	telesne telesna
2	44	fakultet	NOUN	ikea.rs,kupujemprodajem	fakultet fakulteta
2	44	živina	NOUN	emmezeta.rs,kupujemprodajem	živinu
2	43	auto-moto	ADJ	kupujemprodajem,oglasi.me	auto-moto
2	43	učitati	VERB	ikea.rs,maxi.rs	učitaj
2	42	bestseller	NOUN	ananas.rs,emmezeta.rs	bestseller
2	42	dizel	NOUN	kupujemprodajem,oglasi.me	dizel
2	42	drop	NOUN	gigatron.me,jysk.rs	drop
2	42	funkcionalno	ADV	ikea.rs,jysk.rs	funkcionalno
2	42	osveživač	NOUN	ananas.rs,emmezeta.rs	osveživači
2	42	rezanje	NOUN	emmezeta.rs,ikea.rs	rezanje rezanjem
2	42	umetnički	ADJ	ikea.rs,kupujemprodajem	umetnička umetnički
2	42	vodeći	ADJ	emmezeta.rs,kupujemprodajem	vodeća vodećih
2	41	benzin	NOUN	kupujemprodajem,oglasi.me	benzin
2	41	delov	ADJ	jysk.me,oglasi.me	djelovi djelova djelove
2	41	memorija	NOUN	kupujemprodajem,oglasi.me	memorije memorija
2	41	pristati	VERB	jysk.rs,maxi.rs	pristanete pristali
2	41	sloj	NOUN	ikea.rs,jysk.rs	sloj slojevi slojeva
2	40	inostranstvo	NOUN	emmezeta.rs,kupujemprodajem	inostranstvo inostranstva
2	40	obnoviti	ADJ	jysk.rs,kupujemprodajem	obnovljeni obnovite
2	39	kompresor	NOUN	ananas.rs,kupujemprodajem	kompresor kompresori kompresorom
2	39	panda	NOUN	ikea.rs,kupujemprodajem	panda pandom pande
2	39	pick	NOUN	maxi.rs,voli.me	pick
2	39	razviti	VERB	ikea.rs,kupujemprodajem	razvijem razviju
2	39	tačkasto	ADV	ikea.rs,kupujemprodajem	tačkasto
2	38	reklamiranje	NOUN	kupujemprodajem,maxi.rs	reklamiranje
2	38	zakazivanje	NOUN	ikea.rs,kupujemprodajem	zakazivanje zakazivanja
2	37	burgija	NOUN	ikea.rs,kupujemprodajem	burgija burgije
2	37	imejl	NOUN	ikea.rs,maxi.rs	imejl imejla imejlom
2	37	interesovanje	NOUN	kupujemprodajem,maxi.rs	interesovanja interesovanjima
2	37	laminat	NOUN	emmezeta.rs,ikea.rs	laminat
2	37	slavski	ADJ	kupujemprodajem,maxi.rs	slavski slavsku
2	37	tricikl	NOUN	ananas.rs,kupujemprodajem	tricikl tricikli tricikla
2	35	kriterijum	NOUN	kupujemprodajem,maxi.rs	kriterijumu kriterijumima
2	35	montažni	ADJ	ikea.rs,kupujemprodajem	montažni montažne
2	34	instrukcija	NOUN	maxi.rs,oglasi.me	instrukcija instrukcije
2	34	blizak	ADJ	jysk.rs,maxi.rs	najbližih najbližu najbliži
2	34	naslovni	ADJ	emmezeta.rs,oglasi.me	naslovna
2	34	servo	NOUN	kupujemprodajem,maxi.rs	serve servo
2	34	tečan	ADJ	jysk.me,kupujemprodajem	tečnog tečna tečni
2	33	figurica	NOUN	ananas.rs,kupujemprodajem	figurice
2	33	pozadina	NOUN	ikea.rs,kupujemprodajem	pozadine pozadina pozadinom
2	32	neispravan	ADJ	kupujemprodajem,maxi.rs	neispravan neispravne
2	32	zadati	ADJ	kupujemprodajem,maxi.rs	zadatom zadatim
2	32	štipaljka	NOUN	ikea.rs,kupujemprodajem	štipaljka štipaljke
2	31	aromatičan	ADJ	kupujemprodajem,maxi.rs	aromatična aromatičnog
2	31	bronza	NOUN	kupujemprodajem,maxi.rs	bronze
2	31	fantazija	NOUN	kupujemprodajem,maxi.rs	fantazija
2	31	inovativan	ADJ	kupujemprodajem,maxi.rs	inovativne inovativnim
2	31	kapitalan	ADJ	kupujemprodajem,maxi.rs	kapitalnih kapitalni
2	31	levati	VERB	kupujemprodajem,maxi.rs	leva
2	31	nastao	ADJ	ikea.rs,maxi.rs	nastali nastala
2	31	omega	NOUN	kupujemprodajem,maxi.rs	omega
2	31	osvežavati	VERB	ikea.rs,maxi.rs	osvežavaju osvežavaš
2	31	pokupiti	VERB	ikea.rs,maxi.rs	pokupi
2	31	prodajni	ADJ	emmezeta.rs,maxi.rs	prodajnim prodajni prodajnih
2	31	slajd	NOUN	kupujemprodajem,maxi.rs	slajd slajdovi
2	31	unapređenje	NOUN	ikea.rs,maxi.rs	unapređenje unapređenja
2	31	učinak	NOUN	ikea.rs,maxi.rs	učinkom učinak
2	30	friteza	NOUN	ananas.rs,kupujemprodajem	friteze friteza
2	30	futur	NOUN	kupujemprodajem,maxi.rs	future
2	30	isticanje	NOUN	ikea.rs,maxi.rs	isticanja isticanje
2	30	magacinski	ADJ	maxi.rs,oglasi.me	magacinski
2	30	skor	ADJ	ikea.rs,maxi.rs	najskorije skorog
2	30	postavka	NOUN	ikea.rs,maxi.rs	postavke postavku
2	30	povezivanje	NOUN	emmezeta.rs,maxi.rs	povezivanje
2	30	prosečan	ADJ	ikea.rs,maxi.rs	prosečna prosečan prosečne
2	30	pumpica	NOUN	ikea.rs,kupujemprodajem	pumpicom pumpica
2	30	sočan	ADJ	ikea.rs,maxi.rs	sočne sočni
2	30	stereo	NOUN	ikea.rs,kupujemprodajem	stereo
2	30	teretan	ADJ	kupujemprodajem,maxi.rs	teretnog teretni
2	30	zapremina	NOUN	ikea.rs,maxi.rs	zapremina
2	30	šareno	ADV	ikea.rs,maxi.rs	šareno
2	29	akcijski	ADJ	maxi.rs,voli.me	akcijska
2	29	budget	NOUN	maxi.rs,voli.me	budget
2	29	izvaditi	ADJ	ikea.rs,maxi.rs	izvadite izvađeno
2	29	mrežni	ADJ	ikea.rs,kupujemprodajem	mrežni mrežne
2	29	nedostupno	ADV	maxi.rs,voli.me	nedostupno
2	29	obeležiti	ADJ	kupujemprodajem,maxi.rs	obeležena
2	29	odricanje	NOUN	maxi.rs,voli.me	odricanje odricanju
2	29	omnibus	NOUN	ikea.rs,maxi.rs	omnibus
2	29	operater	NOUN	emmezeta.rs,maxi.rs	operater operatera
2	29	operativan	ADJ	emmezeta.rs,maxi.rs	operativne operativnim
2	29	plac	NOUN	kupujemprodajem,oglasi.me	placa plac placevi
2	29	ran	ADJ	ikea.rs,maxi.rs	ranog
2	29	riznica	NOUN	kupujemprodajem,maxi.rs	riznica
2	29	sigurnosni	ADJ	kupujemprodajem,maxi.rs	sigurnosna sigurnosne sigurnosni
2	29	steći	VERB	kupujemprodajem,maxi.rs	stekli steći
2	29	tenda	NOUN	jysk.rs,kupujemprodajem	tende tendom
2	29	toster	NOUN	emmezeta.rs,kupujemprodajem	tosteri toster
2	29	uvećati	ADJ	jysk.rs,maxi.rs	uvećaj uvećan
2	29	verifikacija	NOUN	maxi.rs,voli.me	verifikacija
2	29	zasnovati	VERB	ikea.rs,maxi.rs	zasnovane zasnuju
2	27	kućište	NOUN	kupujemprodajem,oglasi.me	kućišta kućištu kućište
2	26	godište	NOUN	kupujemprodajem,oglasi.me	godište
2	26	graničnik	NOUN	ikea.rs,kupujemprodajem	graničnik
2	26	plitak	ADJ	ikea.rs,kupujemprodajem	plitka
2	25	kočnica	NOUN	ikea.rs,kupujemprodajem	kočnice kočnicom
2	25	popularno	ADV	ikea.rs,kupujemprodajem	najpopularnije popularno
2	25	sprava	NOUN	ananas.rs,kupujemprodajem	sprave sprava spravu
2	24	kilometraža	NOUN	kupujemprodajem,oglasi.me	kilometraža kilometraže kilometraži
2	24	magnetni	ADJ	ikea.rs,kupujemprodajem	magnetna magnetni magnetnim
2	24	upozorenje	NOUN	ikea.rs,kupujemprodajem	upozorenja upozorenje
2	23	inč	NOUN	emmezeta.rs,kupujemprodajem	inča
2	23	klešta	NOUN	ananas.rs,kupujemprodajem	klešta
2	23	libela	NOUN	ikea.rs,kupujemprodajem	libela
2	23	litra	NOUN	ikea.rs,kupujemprodajem	litara litre
2	23	router	NOUN	kupujemprodajem,oglasi.me	router
2	22	dno	NOUN	ikea.rs,maxi.rs	dnu dna dno
2	22	kapacitet	NOUN	ikea.rs,kupujemprodajem	kapacitet kapaciteta
2	22	nacionalan	ADJ	emmezeta.rs,kupujemprodajem	nacionalna nacionalnu
2	21	formular	NOUN	emmezeta.rs,maxi.rs	formular formulara
2	21	hrom	NOUN	jysk.me,kupujemprodajem	hrom
2	21	seckalica	NOUN	emmezeta.rs,kupujemprodajem	seckalice seckalica
2	21	ulaznica	NOUN	kupujemprodajem,maxi.rs	ulaznice ulaznica ulaznicama
2	21	uložak	NOUN	ikea.rs,kupujemprodajem	uložak ulošci uloška
2	21	zaključavanje	NOUN	jysk.me,kupujemprodajem	zaključavanje zaključavanja
2	20	optika	NOUN	ananas.rs,kupujemprodajem	optika optiku
2	20	pepeljasto	ADV	jysk.me,jysk.rs	pepeljasto
2	20	pokemon	NOUN	jysk.me,kupujemprodajem	pokemon
2	20	pregledan	ADJ	emmezeta.rs,ikea.rs	pregledanim pregledan
2	20	puzzle	NOUN	ananas.rs,kupujemprodajem	puzzle
2	20	sprej	NOUN	kupujemprodajem,voli.me	sprej spreju
2	20	udomljavanje	NOUN	ikea.rs,kupujemprodajem	udomljavanje udomljavanja
2	20	zanatski	ADV	ikea.rs,kupujemprodajem	zanatski zanatska
2	20	čvrst	ADJ	ikea.rs,kupujemprodajem	čvrsta čvrst čvrste
2	19	lastiš	NOUN	jysk.me,jysk.rs	lastišem lastiša
2	19	sukulent	NOUN	ikea.rs,kupujemprodajem	sukulent sukulenata sukulente
2	19	vijak	NOUN	ikea.rs,kupujemprodajem	vijak vijci
2	18	pop	NOUN	ananas.rs,kupujemprodajem	pop
2	18	punjiv	ADJ	ikea.rs,kupujemprodajem	punjiva punjiv punjivo
2	18	trenerka	NOUN	ananas.rs,kupujemprodajem	trenerke trenerka
2	18	upit	NOUN	emmezeta.rs,oglasi.me	upit upitom
2	18	veseliti	VERB	ikea.rs,kupujemprodajem	veseli vesele veselim
2	17	akvaristika	NOUN	ananas.rs,kupujemprodajem	akvaristika akvaristiku
2	17	mašinski	ADJ	jysk.me,kupujemprodajem	mašinski mašinsko
2	16	grand	NOUN	kupujemprodajem,maxi.rs	grand
2	16	lepljiv	ADJ	kupujemprodajem,maxi.rs	lepljiva lepljivi lepljive
2	16	pneumatik	NOUN	ananas.rs,kupujemprodajem	pneumatika
2	16	stub	NOUN	ikea.rs,kupujemprodajem	stub stubove stubovi
2	16	čarolija	NOUN	emmezeta.rs,ikea.rs	čarolija čaroliji čaroliju
2	15	krilo	NOUN	jysk.rs,kupujemprodajem	krila krilo krilima
2	15	ljuljanje	NOUN	jysk.me,kupujemprodajem	ljuljanje ljuljanja
2	15	pisan	ADJ	kupujemprodajem,maxi.rs	pisani
2	15	stik	NOUN	kupujemprodajem,voli.me	stikovi stik
2	15	wall	NOUN	ikea.rs,kupujemprodajem	wall
2	15	zvučan	ADJ	ikea.rs,kupujemprodajem	zvučne zvučni
2	14	hidrauličan	ADJ	jysk.rs,kupujemprodajem	hidraulični hidraulična hidrauličnim
2	14	pravougaoni	ADJ	ikea.rs,kupujemprodajem	pravougaoni pravougaona pravougaonih
2	14	rolna	NOUN	ikea.rs,kupujemprodajem	rolne rolna rolni
2	13	filmski	ADJ	ikea.rs,kupujemprodajem	filmski filmske filmskih
2	13	fudbalski	ADJ	ananas.rs,kupujemprodajem	fudbalska fudbalski
2	13	gasni	ADJ	jysk.me,kupujemprodajem	gasni gasnim gasno
2	13	kosačica	NOUN	ananas.rs,kupujemprodajem	kosačica kosačice
2	13	opisati	VERB	kupujemprodajem,maxi.rs	opiši opisano opišeš
2	13	party	NOUN	ananas.rs,kupujemprodajem	party
2	13	softver	NOUN	kupujemprodajem,maxi.rs	softvera softver
2	13	tajmer	NOUN	ikea.rs,kupujemprodajem	tajmer tajmeri
2	13	transparent	NOUN	jysk.rs,kupujemprodajem	transparent
2	13	vertikalan	ADJ	ikea.rs,kupujemprodajem	vertikalni vertikalnom vertikalnog
2	12	bat	NOUN	kupujemprodajem,oglasi.me	bat bata
2	12	formula	NOUN	emmezeta.rs,kupujemprodajem	formula formule formulu
2	12	frotir	NOUN	ikea.rs,jysk.me	frotir
2	12	skupo	ADV	ikea.rs,voli.me	skupo skuplje najskuplje
2	12	odozgo	ADV	ikea.rs,kupujemprodajem	odozgo
2	12	organizovan	ADJ	emmezeta.rs,ikea.rs	organizovanu organizovani organizovaniji
2	12	pokrenuti	ADJ	kupujemprodajem,maxi.rs	pokreneš pokreni pokrenutog
2	12	pretvarati	ADV	ikea.rs,jysk.me	pretvaraju pretvara pretvarajući
2	12	ravno	ADV	ikea.rs,kupujemprodajem	ravno
2	12	samolepljiv	ADJ	ikea.rs,jysk.me	samolepljiva samolepljivom
2	12	virtuelan	ADJ	ikea.rs,kupujemprodajem	virtuelnom virtuelnim virtuelnih
2	11	nitro	ADV	kupujemprodajem,oglasi.me	nitro
2	11	obaveza	NOUN	emmezeta.rs,maxi.rs	obaveza obaveze obavezi
2	11	potencijalan	ADJ	kupujemprodajem,maxi.rs	potencijalnim potencijalne potencijalni
2	11	press	NOUN	ikea.rs,kupujemprodajem	press pressa
2	11	priručnik	NOUN	ikea.rs,kupujemprodajem	priručnik priručnika priručnike
2	11	propis	NOUN	kupujemprodajem,maxi.rs	propisi propisima propisa
2	11	specifičan	ADJ	ikea.rs,kupujemprodajem	specifičan specifične specifični
2	10	akumulatorski	ADJ	ananas.rs,kupujemprodajem	akumulatorska akumulatorski
2	10	farbanje	NOUN	ikea.rs,kupujemprodajem	farbanje
2	10	irvas	NOUN	ikea.rs,kupujemprodajem	irvas
2	10	kaliti	ADJ	ikea.rs,kupujemprodajem	kaljeno
2	10	lega	NOUN	ananas.rs,kupujemprodajem	lego
2	10	maslinast	ADJ	jysk.me,jysk.rs	maslinasta
2	10	ovlašćen	ADJ	maxi.rs,oglasi.me	ovlašćeni ovlašćenim
2	10	potom	ADV	emmezeta.rs,kupujemprodajem	potom
2	10	praktičnost	NOUN	ikea.rs,jysk.me	praktičnost praktičnosti
2	10	pregradni	ADJ	jysk.me,jysk.rs	pregradna pregradne pregradni
2	10	složiti	VERB	emmezeta.rs,ikea.rs	složeni složi složiš
2	10	starinski	ADJ	jysk.rs,kupujemprodajem	starinska starinske starinski
2	10	trajnost	NOUN	jysk.me,jysk.rs	trajnost
2	9	dobrodošlica	NOUN	ikea.rs,jysk.me	dobrodošlicu dobrodošlice
2	9	iznositi	VERB	emmezeta.rs,maxi.rs	iznosi iznose iznosimo
2	9	mlevenje	NOUN	ananas.rs,kupujemprodajem	mlevenje
2	9	punilo	NOUN	jysk.me,jysk.rs	punilo punilom
2	9	razvrstati	ADJ	ikea.rs,kupujemprodajem	razvrstani razvrstaj razvrstali
2	9	svetlosni	ADJ	ikea.rs,kupujemprodajem	svetlosne svetlosnim svetlosna
2	9	windows	NOUN	kupujemprodajem,oglasi.me	windows
2	9	zastupnik	NOUN	maxi.rs,oglasi.me	zastupnici zastupnik zastupnika
2	8	barba	NOUN	jysk.me,jysk.rs	barbo
2	8	bezbedno	ADV	ikea.rs,maxi.rs	bezbedno bezbednije
2	8	dubinski	ADJ	kupujemprodajem,oglasi.me	dubinsko dubinskog
2	8	estetika	NOUN	ikea.rs,jysk.rs	estetike estetiku estetikom
2	8	fiesta	NOUN	kupujemprodajem,oglasi.me	fiesta
2	8	glodar	NOUN	ananas.rs,kupujemprodajem	glodara glodari
2	8	jeftin	ADJ	kupujemprodajem,voli.me	jeftiniji jeftinih najjeftinije
2	8	jezgro	NOUN	jysk.rs,kupujemprodajem	jezgro jezgrom jezgra
2	8	kakiti	VERB	jysk.me,jysk.rs	kaki
2	8	kamp	NOUN	kupujemprodajem,maxi.rs	kamp
2	8	krema	NOUN	ananas.rs,kupujemprodajem	krema kreme
2	8	mekoća	NOUN	ikea.rs,jysk.rs	mekoća mekoće mekoću
2	8	opusteti	VERB	ikea.rs,jysk.me	opusti opustite opustiš
2	8	planet	NOUN	ikea.rs,kupujemprodajem	planet planetu
2	8	premaz	NOUN	ikea.rs,kupujemprodajem	premaz
2	8	relevantan	ADJ	kupujemprodajem,maxi.rs	relevantni relevantne relevantnih
2	8	saten	NOUN	jysk.me,jysk.rs	saten satena
2	8	serum	NOUN	ananas.rs,kupujemprodajem	serum
2	8	slava	NOUN	ikea.rs,kupujemprodajem	slava slave
2	8	stolarija	NOUN	ananas.rs,kupujemprodajem	stolariju stolarija
2	8	vreo	ADJ	ikea.rs,kupujemprodajem	vreli vrelih vrelim
2	8	zbirka	NOUN	emmezeta.rs,kupujemprodajem	zbirka
2	8	štapić	NOUN	ikea.rs,jysk.me	štapić štapićima
2	7	adekvatan	ADJ	kupujemprodajem,maxi.rs	adekvatan adekvatna adekvatnu
2	7	akrilan	ADJ	ananas.rs,kupujemprodajem	akrilna akrilne
2	7	atestirati	ADJ	emmezeta.rs,kupujemprodajem	atestirane atestirano
2	7	bledo	ADV	jysk.me,jysk.rs	bledo blijedo
2	7	bordo	NOUN	jysk.me,kupujemprodajem	bordo
2	7	bos	ADJ	ananas.rs,kupujemprodajem	bose bos
2	7	božićni	ADJ	ikea.rs,jysk.rs	božićni božićno božićnog
2	7	difuzor	NOUN	jysk.me,kupujemprodajem	difuzor
2	7	dimer	NOUN	ikea.rs,kupujemprodajem	dimer dimerom
2	7	dvostran	ADJ	ikea.rs,kupujemprodajem	dvostrana dvostrani dvostrane
2	7	fitness	NOUN	kupujemprodajem,voli.me	fitness
2	7	ilustrovati	ADJ	ikea.rs,kupujemprodajem	ilustrovane ilustrovano ilustrovala
2	7	izjava	NOUN	maxi.rs,voli.me	izjave izjava izjavama
2	7	jednokratan	ADJ	kupujemprodajem,voli.me	jednokratne jednokratni
2	7	kuglica	NOUN	ikea.rs,jysk.rs	kuglica kuglicama
2	7	multifunkcionalan	ADJ	jysk.rs,kupujemprodajem	multifunkcionalni multifunkcionalna
2	7	muslin	NOUN	jysk.rs,kupujemprodajem	muslin
2	7	obogatiti	ADJ	kupujemprodajem,maxi.rs	obogati obogaćene obogate
2	7	odražavati	VERB	ikea.rs,kupujemprodajem	odražava odražavaju
2	7	osvetljenost	NOUN	emmezeta.rs,ikea.rs	osvetljenost osvetljenosti
2	7	petrolej	NOUN	jysk.me,jysk.rs	petrolej
2	7	prehramben	ADJ	ikea.rs,kupujemprodajem	prehrambenih prehrambena
2	7	prikupiti	ADJ	kupujemprodajem,maxi.rs	prikupili prikupimo prikupiš
2	7	renoviranje	NOUN	ikea.rs,kupujemprodajem	renoviranje renoviranja
2	7	sanduče	NOUN	jysk.rs,kupujemprodajem	sanduče
2	7	sintetički	ADJ	ikea.rs,jysk.rs	sintetička sintetičkim
2	7	smestiti	VERB	emmezeta.rs,ikea.rs	smesti smestite smestiti
2	7	spiralan	ADJ	ikea.rs,kupujemprodajem	spiralna spiralne
2	7	stopa	NOUN	ikea.rs,kupujemprodajem	stope
2	7	taster	NOUN	emmezeta.rs,kupujemprodajem	taster tastera
2	7	uklanjati	VERB	ikea.rs,kupujemprodajem	uklanja uklanjaju
2	7	voden	ADJ	ananas.rs,kupujemprodajem	vodene vodena
2	7	zelenilo	NOUN	ikea.rs,kupujemprodajem	zelenilo zelenila zelenilom
2	6	bosti	ADJ	jysk.me,kupujemprodajem	bo boden
2	6	dobavljač	NOUN	emmezeta.rs,maxi.rs	dobavljača dobavljače dobavljači
2	6	dodela	NOUN	ikea.rs,maxi.rs	dodeli dodela
2	6	dvorišni	ADJ	kupujemprodajem,oglasi.me	dvorišni dvorišnog
2	6	flanel	NOUN	jysk.me,jysk.rs	flanel flanela
2	6	geometrijski	ADJ	ikea.rs,kupujemprodajem	geometrijski geometrijskim
2	6	gluten	NOUN	maxi.rs,voli.me	glutena gluten
2	6	izbeći	VERB	ikea.rs,jysk.rs	izbegneš izbegnite
2	6	nežan	ADJ	ikea.rs,jysk.me	nežan nežni nežniji
2	6	pamučan	ADJ	jysk.me,jysk.rs	pamučni pamučne pamučnog
2	6	plastenik	NOUN	ikea.rs,kupujemprodajem	plastenik plastenika
2	6	potpora	NOUN	emmezeta.rs,ikea.rs	potporu potpore potpora
2	6	prepoznati	VERB	kupujemprodajem,maxi.rs	prepoznaj prepoznaju prepoznali
2	6	prepustiti	VERB	ikea.rs,jysk.me	prepusti prepustiti prepustiš
2	6	prost	ADJ	ikea.rs,jysk.me	prost
2	6	prozračan	ADJ	ikea.rs,kupujemprodajem	prozračna prozračnih prozračnim
2	6	pružanje	NOUN	emmezeta.rs,maxi.rs	pružanje pružanja
2	6	režija	NOUN	kupujemprodajem,oglasi.me	režije
2	6	sprečavanje	NOUN	jysk.rs,kupujemprodajem	sprečavanje sprečavanju
2	6	stupiti	VERB	ikea.rs,kupujemprodajem	stupiš stupiti
2	6	sunčan	ADJ	ikea.rs,kupujemprodajem	sunčane sunčanom
2	6	vinarija	NOUN	emmezeta.rs,kupujemprodajem	vinarijom vinarije
2	6	zameniti	VERB	jysk.rs,kupujemprodajem	zameni zameniš zamenio
2	6	zatvoren	ADJ	ikea.rs,jysk.rs	zatvorenom zatvorenih
2	5	deljenje	NOUN	ikea.rs,maxi.rs	deljenje deljenja
2	5	družina	NOUN	ikea.rs,kupujemprodajem	družina
2	5	investirati	VERB	ikea.rs,jysk.rs	investiraj investirate
2	5	kompatibilan	ADJ	ikea.rs,kupujemprodajem	kompatibilni
2	5	konac	NOUN	ikea.rs,kupujemprodajem	koncem konca konci
2	5	konstrukcija	NOUN	jysk.rs,kupujemprodajem	konstrukcijom konstrukcije konstrukciju
2	5	nadograditi	VERB	ikea.rs,kupujemprodajem	nadogradi nadograditi
2	5	nadohvat	ADV	ikea.rs,kupujemprodajem	nadohvat
2	5	složen	ADJ	emmezeta.rs,ikea.rs	složene najsloženiji
2	5	napor	NOUN	ikea.rs,maxi.rs	napora
2	5	određivanje	NOUN	ikea.rs,maxi.rs	određivanje određivanju
2	5	oslikati	ADJ	ikea.rs,kupujemprodajem	oslikana oslikane oslikanim
2	5	ovalan	ADJ	ikea.rs,jysk.me	ovalno ovalni
2	5	partizanski	ADJ	emmezeta.rs,kupujemprodajem	partizanska partizanske
2	5	pojedini	ADJ	emmezeta.rs,maxi.rs	pojedinim pojedinih
2	5	postupanje	NOUN	kupujemprodajem,maxi.rs	postupanje postupanja
2	5	pretraživanje	NOUN	kupujemprodajem,maxi.rs	pretraživanje pretraživanja
2	5	renomiran	ADJ	emmezeta.rs,kupujemprodajem	renomiranim renomiranih
2	5	rešavanje	NOUN	emmezeta.rs,maxi.rs	rešavanje
2	5	roler	NOUN	ananas.rs,jysk.me	roler roleri
2	5	sandala	NOUN	ananas.rs,kupujemprodajem	sandale
2	5	senka	NOUN	ikea.rs,kupujemprodajem	senka senkama senke
2	5	skenirati	ADJ	ikea.rs,maxi.rs	skeniranoj skeniraj
2	5	smernica	NOUN	jysk.me,jysk.rs	smernice smjernice
2	5	snimka	NOUN	kupujemprodajem,maxi.rs	snimci snimaka
2	5	strelica	NOUN	ikea.rs,kupujemprodajem	strelica strelicu
2	5	tirkiz	NOUN	jysk.me,kupujemprodajem	tirkiza tirkiz
2	5	udomiti	VERB	ikea.rs,kupujemprodajem	udomi udomiti udomiš
2	5	utvrđivanje	NOUN	kupujemprodajem,maxi.rs	utvrđivanje utvrđivanja
2	5	vibrator	NOUN	ananas.rs,kupujemprodajem	vibrator vibratori
2	5	vojnički	ADJ	jysk.me,kupujemprodajem	vojničke vojničko
2	4	autentičan	ADJ	ikea.rs,maxi.rs	autentičan autentičnih autentičnu
2	4	bajka	NOUN	ikea.rs,kupujemprodajem	bajke
2	4	bodi	NOUN	ananas.rs,kupujemprodajem	bodija bodi
2	4	dugačak	ADJ	ikea.rs,jysk.rs	dugačke dugačku
2	4	dugoročan	ADJ	emmezeta.rs,jysk.rs	dugoročan dugoročna dugoročnu
2	4	efektan	ADJ	jysk.rs,kupujemprodajem	efektan efektnih
2	4	efikasno	ADV	ikea.rs,maxi.rs	efikasno
2	4	elegantno	ADV	emmezeta.rs,ikea.rs	elegantno
2	4	elektromaterijal	NOUN	ananas.rs,kupujemprodajem	elektromaterijal
2	4	estetski	ADJ	jysk.me,jysk.rs	estetsku estetsko
2	4	expansion	NOUN	ananas.rs,kupujemprodajem	expansion
2	4	football	NOUN	jysk.me,kupujemprodajem	football
2	4	higijenski	ADJ	jysk.rs,kupujemprodajem	higijenski higijensko
2	4	hraniti	ADJ	ikea.rs,kupujemprodajem	hranjeni hrani
2	4	identifikator	NOUN	kupujemprodajem,maxi.rs	identifikator identifikatori
2	4	igraonica	NOUN	ananas.rs,kupujemprodajem	igraonicu
2	4	istraživati	VERB	emmezeta.rs,ikea.rs	istražujemo istražuješ
2	4	izolacija	NOUN	ikea.rs,kupujemprodajem	izolacije izolaciju
2	4	jasen	NOUN	ikea.rs,jysk.me	jasen
2	4	kubikaža	NOUN	kupujemprodajem,oglasi.me	kubikaža
2	4	lančan	ADJ	ananas.rs,kupujemprodajem	lančana lančane
2	4	lokal	NOUN	emmezeta.rs,kupujemprodajem	lokala lokal
2	4	mračan	ADJ	jysk.rs,kupujemprodajem	mračnog mračna
2	4	nagrađivati	VERB	emmezeta.rs,maxi.rs	nagrađujemo nagrađuje
2	4	tražen	ADJ	jysk.rs,kupujemprodajem	tražene najtraženija najtraženiji
2	4	nemiran	ADJ	jysk.rs,kupujemprodajem	nemirnog
2	4	nožni	ADJ	ikea.rs,kupujemprodajem	nožna nožne
2	4	obavljanje	NOUN	ikea.rs,maxi.rs	obavljanja obavljanje
2	4	odisati	VERB	ikea.rs,jysk.rs	odiše odisati
2	4	ogrebotina	NOUN	ikea.rs,jysk.me	ogrebotina ogrebotine
2	4	optimizovati	VERB	emmezeta.rs,ikea.rs	optimizovani optimizuj optimizuje
2	4	ostvarivanje	NOUN	ikea.rs,maxi.rs	ostvarivanje ostvarivanja
2	4	pekarski	ADJ	kupujemprodajem,maxi.rs	pekarskih pekarska pekarske
2	4	pick-up	NOUN	ananas.rs,voli.me	pick-up
2	4	pixel	NOUN	ananas.rs,kupujemprodajem	pixela pixel
2	4	platnen	ADJ	jysk.me,kupujemprodajem	platneni platnene
2	4	plesni	ADJ	jysk.rs,kupujemprodajem	plesni
2	4	porcelanski	ADJ	ikea.rs,kupujemprodajem	porcelanska porcelansko
2	4	postarati	VERB	ikea.rs,maxi.rs	postaraš postarali postarati
2	4	pot	NOUN	kupujemprodajem,oglasi.me	pot
2	4	povezivati	VERB	emmezeta.rs,ikea.rs	povezuju povezivati povezuje
2	4	prefer	ADJ	kupujemprodajem,voli.me	prefer
2	4	privući	VERB	ikea.rs,kupujemprodajem	privući privukao
2	4	produžetak	NOUN	jysk.me,jysk.rs	produžeci produžetak produžetke
2	4	protein	NOUN	kupujemprodajem,maxi.rs	proteina
2	4	registrovan	ADJ	kupujemprodajem,maxi.rs	registrovani registrovanih
2	4	rešiti	VERB	kupujemprodajem,maxi.rs	rešiti rešili rešiš
2	4	ritual	NOUN	ikea.rs,maxi.rs	ritual rituale
2	4	roditeljstvo	NOUN	ikea.rs,kupujemprodajem	roditeljstva roditeljstvo
2	4	ružan	ADJ	jysk.me,kupujemprodajem	ružni ružna
2	4	sijati	VERB	jysk.rs,kupujemprodajem	sija sijaće
2	4	skladan	ADJ	emmezeta.rs,ikea.rs	skladan skladnu
2	4	slanje	NOUN	ikea.rs,maxi.rs	slanje slanja
2	4	slatkoća	NOUN	ikea.rs,maxi.rs	slatkoća slatkoće
2	4	sprečiti	VERB	ikea.rs,maxi.rs	sprečiš sprečimo sprečite
2	4	subjekt	NOUN	emmezeta.rs,maxi.rs	subjekte subjektima
2	4	svestan	ADJ	emmezeta.rs,kupujemprodajem	svesni svestan
2	4	taktika	NOUN	jysk.rs,kupujemprodajem	taktika taktikom
2	4	tempo	NOUN	ikea.rs,kupujemprodajem	tempo tempom
2	4	teret	NOUN	kupujemprodajem,oglasi.me	tereta
2	4	tkati	ADJ	ikea.rs,kupujemprodajem	tkana tkano
2	4	ubodan	ADJ	ananas.rs,kupujemprodajem	ubodna ubodne
2	4	ukrašavanje	NOUN	ikea.rs,kupujemprodajem	ukrašavanje
2	4	upijajući	ADJ	kupujemprodajem,maxi.rs	upijajuća upijajuće
2	4	veran	ADJ	emmezeta.rs,kupujemprodajem	verna veran
2	4	zalazak	NOUN	ikea.rs,jysk.me	zalazak zalasku
2	4	šminka	NOUN	ananas.rs,jysk.me	šminku šminka
2	3	beat	NOUN	jysk.me,jysk.rs	beate
2	3	blokirati	VERB	ikea.rs,maxi.rs	blokiraš blokirati
2	3	borilački	ADJ	ananas.rs,kupujemprodajem	borilački borilačke
2	3	dekorisati	VERB	emmezeta.rs,jysk.rs	dekorisao dekorisati dekorišete
2	3	distribuirati	VERB	maxi.rs,oglasi.me	distribuiramo distribuirati
2	3	dosledno	ADV	emmezeta.rs,kupujemprodajem	dosledno
2	3	elastičan	ADJ	jysk.me,jysk.rs	elastični elastičnim
2	3	farmerka	NOUN	ananas.rs,ikea.rs	farmerke
2	3	grupisati	VERB	emmezeta.rs,ikea.rs	grupisan grupisati
2	3	hotelski	ADJ	jysk.me,jysk.rs	hotelski
2	3	hrskav	ADJ	ikea.rs,maxi.rs	hrskavi hrskavim hrskavo
2	3	impresivan	ADJ	emmezeta.rs,ikea.rs	impresivnim impresivnih
2	3	izazov	NOUN	jysk.me,maxi.rs	izazov izazove izazovima
2	3	javascript	NOUN	ikea.rs,maxi.rs	javascript
2	3	junak	NOUN	jysk.rs,kupujemprodajem	junacima
2	3	kasan	ADJ	ikea.rs,maxi.rs	kasne kasnijem kasnijoj
2	3	klasično	ADV	jysk.me,jysk.rs	klasično
2	3	kombinovanje	NOUN	ikea.rs,jysk.rs	kombinovanje kombinovanjem
2	3	kompletirati	VERB	emmezeta.rs,ikea.rs	kompletiraju kompletirali
2	3	konsultovati	VERB	kupujemprodajem,maxi.rs	konsultovati konsultuješ konsultujte
2	3	kontinuiran	ADJ	emmezeta.rs,maxi.rs	kontinuirane kontinuirani
2	3	kontinuirano	ADV	emmezeta.rs,maxi.rs	kontinuirano
2	3	kvalitetno	ADV	emmezeta.rs,kupujemprodajem	najkvalitetnije kvalitetnije
2	3	luksuzan	ADJ	ikea.rs,jysk.rs	luksuzan luksuznog luksuznu
2	3	medijski	ADJ	ikea.rs,maxi.rs	medijske medijskih
2	3	minimalizam	NOUN	ikea.rs,jysk.rs	minimalizam minimalizma
2	3	modni	ADJ	ikea.rs,kupujemprodajem	modne modni
2	3	mornarsko	ADV	jysk.me,jysk.rs	mornarsko
2	3	mozaik	NOUN	emmezeta.rs,jysk.me	mozaici mozaik
2	3	naglašavati	VERB	ikea.rs,maxi.rs	naglašava naglašavaju naglašavamo
2	3	napetost	NOUN	jysk.me,jysk.rs	napetost
2	3	naručivanje	NOUN	ikea.rs,maxi.rs	naručivanje
2	3	nezamenljiv	ADJ	ikea.rs,jysk.me	nezamenljiva nezamjenljiv nezamjenljiva
2	3	objekat	NOUN	kupujemprodajem,maxi.rs	objekat
2	3	odmaranje	NOUN	jysk.me,jysk.rs	odmaranja odmaranje
2	3	određivati	VERB	emmezeta.rs,maxi.rs	određuju određuje
2	3	odvojeno	ADV	ikea.rs,jysk.rs	odvojeno
2	3	oglašivač	NOUN	kupujemprodajem,maxi.rs	oglašivača
2	3	ogroman	ADJ	emmezeta.rs,maxi.rs	ogromna ogroman
2	3	opseg	NOUN	jysk.me,jysk.rs	opsega
2	3	optimalno	ADV	ikea.rs,kupujemprodajem	optimalno
2	3	pojačivač	NOUN	kupujemprodajem,maxi.rs	pojačivača pojačivače
2	3	pomenuti	ADJ	emmezeta.rs,kupujemprodajem	pomenutom pomenutih
2	3	poreklo	NOUN	kupujemprodajem,maxi.rs	porekla poreklo
2	3	poslovati	VERB	emmezeta.rs,maxi.rs	posluje
2	3	pospremanje	NOUN	ikea.rs,jysk.rs	pospremanja pospremanje pospremanju
2	3	pouzdano	ADV	ikea.rs,kupujemprodajem	pouzdano
2	3	preduslov	NOUN	jysk.me,jysk.rs	preduslova preduslov
2	3	prelistati	ADJ	jysk.rs,kupujemprodajem	prelistajte prelistanih
2	3	prijati	VERB	jysk.rs,kupujemprodajem	prija prijaju
2	3	prikupljanje	NOUN	ikea.rs,maxi.rs	prikupljanje prikupljanja
2	3	prisutan	ADJ	emmezeta.rs,maxi.rs	prisutan prisutna
2	3	proceniti	ADJ	ikea.rs,kupujemprodajem	procenio proceniti procenjeno
2	3	profesionalno	ADV	ikea.rs,kupujemprodajem	profesionalno
2	3	proveravati	VERB	ikea.rs,kupujemprodajem	proveravaj
2	3	prugast	ADJ	ikea.rs,jysk.rs	prugasta prugaste
2	3	rashladiti	VERB	jysk.rs,kupujemprodajem	rashladite rashladiti
2	3	ravnomerno	ADV	ikea.rs,maxi.rs	ravnomerno
2	3	regularan	ADJ	ikea.rs,jysk.rs	regularna regularan
2	3	relativno	ADV	jysk.me,jysk.rs	relativno
2	3	sertifikovati	ADJ	emmezeta.rs,ikea.rs	sertifikovan sertifikovanih
2	3	strog	ADJ	emmezeta.rs,ikea.rs	stroga strogim
2	3	temperaturni	ADJ	kupujemprodajem,maxi.rs	temperaturni temperaturnog temperaturnom
2	3	testirati	VERB	ikea.rs,jysk.rs	testira testirali testirati
2	3	testiranje	NOUN	emmezeta.rs,ikea.rs	testiranja
2	3	trakast	ADJ	jysk.me,jysk.rs	trakaste
2	3	tretirati	VERB	jysk.rs,maxi.rs	tretiraju tretirate
2	3	trud	NOUN	ikea.rs,kupujemprodajem	truda trud
2	3	tuširanje	NOUN	jysk.me,jysk.rs	tuširanje
2	3	udovoljiti	VERB	ikea.rs,jysk.me	udovolji udovoljiti
2	3	uglađen	ADJ	jysk.me,jysk.rs	uglađenih
2	3	ulagati	VERB	ikea.rs,jysk.me	ulažete ulagati
2	3	ulepšavanje	NOUN	ikea.rs,kupujemprodajem	ulepšavanja ulepšavanje
2	3	upijati	VERB	ikea.rs,jysk.rs	upijaju upija
2	3	uređivati	VERB	emmezeta.rs,ikea.rs	uređuješ uređujete
2	3	uspomena	NOUN	ikea.rs,jysk.rs	uspomene uspomena
2	3	uzica	NOUN	ikea.rs,kupujemprodajem	uzicama uzici
2	3	učestalost	NOUN	jysk.rs,maxi.rs	učestalost
2	3	verovatnoća	NOUN	jysk.me,kupujemprodajem	verovatnoća vjerovatnoća
2	3	veština	NOUN	emmezeta.rs,kupujemprodajem	veština veštine
2	3	vlažan	ADJ	jysk.rs,maxi.rs	vlažnih vlažnog vlažnom
2	3	zaposliti	VERB	ikea.rs,kupujemprodajem	zaposlena zaposli
2	3	znatno	ADV	emmezeta.rs,jysk.rs	znatno
2	3	značajno	ADV	emmezeta.rs,jysk.rs	značajno
2	2	barbika	NOUN	ananas.rs,kupujemprodajem	barbika barbike
2	2	bok	NOUN	jysk.me,jysk.rs	boku
2	2	boraviti	VERB	jysk.rs,kupujemprodajem	borave boraviti
2	2	brendiran	ADJ	kupujemprodajem,maxi.rs	brendirana brendiranog
2	2	buđenje	NOUN	ikea.rs,jysk.rs	buđenja buđenje
2	2	dekorisan	ADJ	jysk.me,jysk.rs	dekorisanim
2	2	desetina	NOUN	kupujemprodajem,maxi.rs	desetina desetine
2	2	detinjstvo	NOUN	kupujemprodajem,maxi.rs	detinjstva detinjstvo
2	2	diskretno	ADV	ikea.rs,jysk.rs	diskretno
2	2	ergonomija	NOUN	jysk.me,jysk.rs	ergonomija ergonomiju
2	2	fax	NOUN	kupujemprodajem,maxi.rs	fax
2	2	formirati	VERB	kupujemprodajem,maxi.rs	formirali formiraš
2	2	gin	NOUN	jysk.me,jysk.rs	gina
2	2	gostinjski	ADJ	jysk.me,jysk.rs	gostinjski
2	2	identifikacioni	ADJ	emmezeta.rs,maxi.rs	identifikacioni
2	2	interakcija	NOUN	ikea.rs,maxi.rs	interakcija interakciju
2	2	izazovno	ADV	ikea.rs,kupujemprodajem	izazovno
2	2	iznova	ADV	jysk.rs,kupujemprodajem	iznova
2	2	kari	NOUN	jysk.me,jysk.rs	kari
2	2	kompatibilnost	NOUN	ikea.rs,jysk.rs	kompatibilnost
2	2	komunicirati	VERB	kupujemprodajem,maxi.rs	komuniciraj komunicirate
2	2	konačan	ADJ	emmezeta.rs,jysk.rs	konačan konačne
2	2	konfiguracija	NOUN	ikea.rs,kupujemprodajem	konfiguracija konfiguracije
2	2	kreativac	NOUN	ikea.rs,maxi.rs	kreativaca kreativce
2	2	kršenje	NOUN	maxi.rs,oglasi.me	kršenja kršenje
2	2	ljubazno	ADV	jysk.me,jysk.rs	ljubazno
2	2	lutati	VERB	ikea.rs,kupujemprodajem	luta lutati
2	2	mast	NOUN	ananas.rs,voli.me	masti
2	2	medijan	NOUN	emmezeta.rs,maxi.rs	medijana
2	2	mnogobrojan	ADJ	ikea.rs,kupujemprodajem	mnogobrojne mnogobrojnih
2	2	mlado	ADV	jysk.rs,maxi.rs	najmlađe
2	2	vešt	ADJ	kupujemprodajem,maxi.rs	najveštiji vešte
2	2	naknadno	ADV	jysk.me,kupujemprodajem	naknadno
2	2	nameravati	VERB	jysk.me,jysk.rs	nameravate namjeravate
2	2	naslanjati	VERB	jysk.me,jysk.rs	naslanjaju
2	2	nasloniti	VERB	ikea.rs,jysk.me	nasloni
2	2	nastajati	VERB	ikea.rs,jysk.rs	nastaje nastaju
2	2	navlažiti	VERB	ikea.rs,jysk.me	navlaži navlažiš
2	2	nepravilnost	NOUN	jysk.rs,maxi.rs	nepravilnost nepravilnosti
2	2	nepromočiv	ADJ	jysk.me,jysk.rs	nepromočive
2	2	novopečen	ADJ	ikea.rs,kupujemprodajem	novopečene novopečenim
2	2	obraćati	VERB	jysk.rs,maxi.rs	obraća obraćaš
2	2	odgovaranje	NOUN	kupujemprodajem,maxi.rs	odgovaranje odgovaranju
2	2	odlučivati	VERB	jysk.rs,maxi.rs	odlučujete odlučuju
2	2	odmoriti	VERB	jysk.me,jysk.rs	odmori odmorite
2	2	okružiti	ADJ	ikea.rs,kupujemprodajem	okruženi okruženu
2	2	olakšanje	NOUN	jysk.me,jysk.rs	olakšanje
2	2	ometati	VERB	emmezeta.rs,ikea.rs	ometa
2	2	osetiti	VERB	ikea.rs,maxi.rs	osete oseti
2	2	osloniti	VERB	ikea.rs,jysk.rs	osloniti
2	2	otklanjanje	NOUN	ikea.rs,kupujemprodajem	otklanjanje
2	2	otkriće	NOUN	ikea.rs,maxi.rs	otkrića
2	2	pastelni	ADJ	ikea.rs,jysk.me	pastelnih pastelnim
2	2	personalizacija	NOUN	ikea.rs,maxi.rs	personalizaciju
2	2	podizati	VERB	jysk.me,jysk.rs	podižete
2	2	podsećati	VERB	emmezeta.rs,kupujemprodajem	podseća podsećamo
2	2	pokvariti	VERB	ikea.rs,kupujemprodajem	pokvari
2	2	poliesterski	ADJ	jysk.me,jysk.rs	poliesterskog
2	2	ponešto	ADV	ikea.rs,jysk.rs	ponešto
2	2	poređati	VERB	ikea.rs,maxi.rs	poređano poređaš
2	2	povećan	ADJ	jysk.me,maxi.rs	povećano povećanu
2	2	počivati	VERB	ikea.rs,jysk.me	počiva počivaju
2	2	poželjno	ADV	jysk.rs,kupujemprodajem	poželjno
2	2	prejak	ADJ	ikea.rs,jysk.rs	prejake prejako
2	2	preostajati	VERB	jysk.me,jysk.rs	preostaje
2	2	preostao	ADJ	ikea.rs,jysk.rs	preostale preostalu
2	2	preovlađujući	ADJ	ikea.rs,jysk.me	preovlađujući
2	2	prepoznavati	VERB	kupujemprodajem,maxi.rs	prepoznaje
2	2	pretrpavanje	NOUN	ikea.rs,jysk.rs	pretrpavanja pretrpavanje
2	2	prevazići	ADJ	ikea.rs,kupujemprodajem	prevazići prevaziđena
2	2	prevelik	ADJ	emmezeta.rs,ikea.rs	prevelik prevelikih
2	2	približiti	VERB	jysk.rs,kupujemprodajem	približi
2	2	produktivnost	NOUN	jysk.me,jysk.rs	produktivnosti
2	2	propuštati	VERB	ikea.rs,jysk.rs	propušta propuštaju
2	2	rođendanski	ADJ	ikea.rs,kupujemprodajem	rođendanska rođendanskim
2	2	salon	NOUN	emmezeta.rs,kupujemprodajem	salon salonu
2	2	sekcija	NOUN	kupujemprodajem,maxi.rs	sekcija sekciji
2	2	sem	NOUN	kupujemprodajem,maxi.rs	sem sema
2	2	skladišni	ADJ	jysk.me,jysk.rs	skladišne
2	2	skladno	ADV	emmezeta.rs,jysk.rs	skladno
2	2	slušanje	NOUN	ikea.rs,kupujemprodajem	slušanja slušanje
2	2	smejati	VERB	ikea.rs,oglasi.me	smeju smiju
2	2	stilizovati	VERB	ikea.rs,jysk.rs	stilizuješ stilizujte
2	2	stručno	ADV	jysk.me,jysk.rs	stručno
2	2	susresti	VERB	kupujemprodajem,maxi.rs	susreo susresti
2	2	tendencija	NOUN	ikea.rs,maxi.rs	tendenciju
2	2	transakcija	NOUN	maxi.rs,voli.me	transakcije
2	2	ugledati	VERB	jysk.me,kupujemprodajem	ugledale ugledate
2	2	ugođaj	NOUN	ikea.rs,kupujemprodajem	ugođaj
2	2	ukućanin	NOUN	ikea.rs,jysk.rs	ukućane
2	2	ulazak	NOUN	jysk.rs,kupujemprodajem	ulaska ulasku
2	2	uložiti	VERB	ikea.rs,jysk.rs	uloži uložiti
2	2	umetnik	NOUN	ikea.rs,kupujemprodajem	umetnika
2	2	uočiti	VERB	jysk.me,kupujemprodajem	uočite uočiti
2	2	uspon	NOUN	ikea.rs,kupujemprodajem	uspon uspone
2	2	užurban	ADJ	jysk.me,maxi.rs	užurbanim užurbanom
2	2	varirati	VERB	jysk.rs,kupujemprodajem	varira
2	2	vizuelno	ADV	ikea.rs,jysk.me	vizuelno
2	2	zakoračiti	VERB	ikea.rs,jysk.me	zakorači zakoračite
2	2	započinjati	VERB	ikea.rs,jysk.rs	započinjati započinješ
2	2	zatezanje	NOUN	jysk.me,jysk.rs	zatezanje
2	2	znojenje	NOUN	jysk.me,jysk.rs	znojenja znojenje
2	2	čekanje	NOUN	emmezeta.rs,maxi.rs	čekanja
2	2	čistoća	NOUN	ikea.rs,maxi.rs	čistoće
2	2	čupav	ADJ	ikea.rs,jysk.me	čupava čupave
1	3046	metod	NOUN	ikea.rs	metod
1	2297	upečatljiv	ADJ	ikea.rs	upečatljivim upečatljiv
1	2049	real	NOUN	kupujemprodajem	real
1	2008	separator	NOUN	ikea.rs	separator
1	1700	lastar	NOUN	ikea.rs	lastare
1	1581	ručka	NOUN	ikea.rs	ručke ručkama
1	984	fronta	NOUN	ikea.rs	fronte
1	924	specijalist	NOUN	maxi.rs	specijalista
1	924	tili	ADJ	maxi.rs	tile
1	858	rasvetni	ADJ	ikea.rs	rasvetni rasvetne rasvetna
1	739	stoličica	NOUN	ikea.rs	stoličice stoličica stoličicom
1	671	nogara	NOUN	ikea.rs	nogari nogara
1	633	ostava	NOUN	ikea.rs	ostavu ostava
1	624	informatika	NOUN	emmezeta.rs	informatika
1	604	stolni	ADJ	ikea.rs	stolne
1	546	bistro	ADV	ikea.rs	bistro
1	514	tapeciran	ADJ	ikea.rs	tapecirani tapecirano
1	506	strip	NOUN	kupujemprodajem	stripovi strip stripova
1	492	cvetnica	NOUN	ikea.rs	cvetnice
1	461	kredenac	NOUN	ikea.rs	kredenci
1	436	spolja	ADV	ikea.rs	spolja
1	429	stalaža	NOUN	ikea.rs	stalaža stalaže
1	428	tamnosiv	ADJ	ikea.rs	tamnosiva
1	427	room	NOUN	ikea.rs	room
1	416	laminirati	ADJ	ikea.rs	laminirani laminirane
1	414	građevinarstvo	NOUN	kupujemprodajem	građevinarstvo
1	411	kupaonica	NOUN	emmezeta.rs	kupaonice
1	406	oruđe	NOUN	kupujemprodajem	oruđa
1	373	fejkati	VERB	ikea.rs	fejka
1	372	hrastovina	NOUN	ikea.rs	hrastovine hrastovina
1	371	foto-aparat	NOUN	kupujemprodajem	foto-aparati foto-aparata foto-aparat
1	369	podnožje	NOUN	ikea.rs	podnožje podnožjem
1	351	sivozelen	ADJ	ikea.rs	sivozelena
1	339	kaseta	NOUN	kupujemprodajem	kasete kaseta
1	337	kantica	NOUN	ikea.rs	kantice kanticu
1	336	staklenik	NOUN	ikea.rs	staklenici
1	332	intenzitet	NOUN	ikea.rs	intenziteta
1	332	nadstolnjak	NOUN	ikea.rs	nadstolnjaci
1	330	potpuri	NOUN	ikea.rs	potpuri
1	328	izdignuti	VERB	ikea.rs	izdignuti
1	324	asesoar	NOUN	kupujemprodajem	asesoari asesoara asesoare
1	304	transkript	NOUN	ikea.rs	transkript
1	299	konferencijski	ADJ	ikea.rs	konferencijski konferencijske
1	266	suđe	NOUN	ikea.rs	suđa suđe
1	259	elektro	NOUN	kupujemprodajem	elektro elektrom
1	253	bajc	NOUN	ikea.rs	bajc
1	252	reciklaža	NOUN	ikea.rs	reciklažu
1	249	otoman	NOUN	ikea.rs	otomane otomani
1	248	isplanirati	VERB	ikea.rs	isplaniraj isplaniraš
1	246	odustanak	NOUN	ikea.rs	odustanak
1	246	restaurant	NOUN	ikea.rs	restaurant
1	238	palanka	NOUN	kupujemprodajem	palanka
1	231	selekcija	NOUN	maxi.rs	selekcija selekcije
1	229	providno	ADV	ikea.rs	providno
1	228	bački	ADJ	kupujemprodajem	bačka bačko bački
1	220	obedovanje	NOUN	ikea.rs	obedovanje
1	214	tamnoplav	ADJ	ikea.rs	tamnoplava
1	211	oglasni	ADJ	ikea.rs	oglasne
1	211	telefonija	NOUN	emmezeta.rs	telefonija telefonije
1	208	čajni	ADJ	ikea.rs	čajne čajnu
1	198	porcija	NOUN	maxi.rs	porcija porcije porciju
1	196	agenda	NOUN	maxi.rs	agenda
1	196	programer	NOUN	maxi.rs	programer
1	193	zatamnenje	NOUN	ikea.rs	zatamnjenje
1	187	švedski	ADJ	ikea.rs	švedskom švedski švedskim
1	185	rimski	ADJ	ikea.rs	rimski rimske
1	184	sremski	ADJ	kupujemprodajem	sremska sremski
1	174	baštovanstvo	NOUN	ikea.rs	baštovanstvo baštovanstva
1	174	lestve	NOUN	ikea.rs	lestve
1	172	registar	NOUN	ikea.rs	registar registra
1	170	prehrana	NOUN	ikea.rs	prehrana
1	169	pozicija	NOUN	maxi.rs	pozicije pozicija
1	169	ustanova	NOUN	maxi.rs	ustanova ustanovi
1	168	klimatski	ADJ	maxi.rs	klimatski klimatskih klimatskim
1	166	buket	NOUN	ikea.rs	buketi buket
1	166	tapecirati	ADJ	ikea.rs	tapecirane
1	164	divaniti	VERB	ikea.rs	divani
1	164	fail	NOUN	ikea.rs	fail
1	164	indukcijski	ADJ	ikea.rs	indukcijske
1	164	ostrvski	ADJ	ikea.rs	ostrvski
1	164	pleh	NOUN	ikea.rs	plehovi
1	164	pup	NOUN	ikea.rs	pup
1	164	sunčanje	NOUN	ikea.rs	sunčanje
1	164	videolink	NOUN	maxi.rs	videolink
1	142	masin	ADJ	kupujemprodajem	masina masine masinu
1	141	smederevski	ADJ	kupujemprodajem	smederevska
1	140	izveštavanje	NOUN	maxi.rs	izveštavanje
1	140	pita	NOUN	maxi.rs	pite pitu
1	140	week	NOUN	maxi.rs	week
1	140	šifra	NOUN	maxi.rs	šifru šifra
1	137	zastor	NOUN	ikea.rs	zastor zastori
1	134	spona	NOUN	ikea.rs	spone
1	133	jagodin	ADJ	kupujemprodajem	jagodina
1	131	odredba	NOUN	ikea.rs	odredbe
1	126	pazar	NOUN	kupujemprodajem	pazar
1	126	plisirati	ADJ	ikea.rs	plisirane plisirani
1	125	borovina	NOUN	ikea.rs	borovina borovine
1	124	flor	NOUN	ikea.rs	flor
1	124	razonoda	NOUN	kupujemprodajem	razonoda razonodu
1	123	cafe	NOUN	ikea.rs	cafe
1	123	eks	ADV	emmezeta.rs	eks
1	123	lom	NOUN	emmezeta.rs	lom
1	123	prezao	ADJ	ikea.rs	prezle
1	123	ujo	NOUN	emmezeta.rs	ujo
1	116	tamnosmeđ	ADJ	ikea.rs	tamnosmeđa tamnosmeđe
1	115	raški	ADJ	kupujemprodajem	raška
1	115	užina	NOUN	maxi.rs	užina užinu užinom
1	114	banatski	ADJ	kupujemprodajem	banatski banatsko
1	113	faktura	NOUN	maxi.rs	fakturu fakturama fakture
1	113	komentar	NOUN	maxi.rs	komentar komentare
1	113	zavrtanj	NOUN	ikea.rs	zavrtnji
1	112	delatnost	NOUN	maxi.rs	delatnost delatnosti
1	112	dezert	NOUN	maxi.rs	dezerti dezert
1	112	fakturisanje	NOUN	maxi.rs	fakturisanje
1	112	kurir	NOUN	kupujemprodajem	kurira
1	112	skratiti	ADJ	maxi.rs	skraćeni
1	109	pauzirati	VERB	ikea.rs	pauziraj pauzirajte
1	107	jasenov	ADJ	ikea.rs	jasenov
1	106	baner	NOUN	maxi.rs	baner
1	105	hrastov	ADJ	ikea.rs	hrastov
1	102	adapter	NOUN	kupujemprodajem	adapter adapteri adapterima
1	102	osnov	NOUN	ikea.rs	osnove
1	101	perla	NOUN	maxi.rs	perla
1	101	spektar	NOUN	ikea.rs	spektar
1	100	banovac	NOUN	kupujemprodajem	banovci
1	98	konditor	NOUN	maxi.rs	konditori
1	98	motocikl	NOUN	kupujemprodajem	motocikli motocikle motocikl
1	97	jedinični	ADJ	ikea.rs	jedinična jedinične
1	97	topola	NOUN	kupujemprodajem	topola
1	95	lumen	NOUN	ikea.rs	lumena
1	93	kompatibilno	ADV	ikea.rs	kompatibilno
1	92	polugotov	ADJ	maxi.rs	polugotova
1	90	akvarijum	NOUN	kupujemprodajem	akvarijum akvarijumi akvarijume
1	89	izvršiti	VERB	maxi.rs	izvrši izvršiti izvršena
1	89	originalan	ADJ	kupujemprodajem	originalni originalna originalne
1	89	sinuti	VERB	ikea.rs	sine
1	88	lumbalan	ADJ	ikea.rs	lumbalna
1	88	metraža	NOUN	ikea.rs	metraža
1	88	odevni	ADJ	ikea.rs	odevni
1	88	prozračnost	NOUN	ikea.rs	prozračnost prozračnosti
1	88	ravnomeran	ADJ	ikea.rs	ravnomerna ravnomernu
1	88	vegetarijanski	ADJ	ikea.rs	vegetarijanska
1	88	časovnik	NOUN	ikea.rs	časovnici
1	87	hipermarket	NOUN	maxi.rs	hipermarket hipermarketi
1	87	mercedes	NOUN	kupujemprodajem	mercedes mercedesa
1	87	potaž	NOUN	maxi.rs	potaži potaž
1	86	brijanje	NOUN	emmezeta.rs	brijanje
1	86	distributivan	ADJ	maxi.rs	distributivni distributivnom
1	86	organizacioni	ADJ	maxi.rs	organizacioni organizacione organizacionih
1	86	uobičajiti	ADJ	ikea.rs	uobičajeno uobičajena
1	85	analitika	NOUN	maxi.rs	analitiku analitika
1	85	pojedinačan	ADJ	ikea.rs	pojedinačni pojedinačnu pojedinačne
1	85	prijavljivanje	NOUN	maxi.rs	prijavljivanje prijavljivanja
1	84	akvizicija	NOUN	maxi.rs	akviziciju
1	84	autentifikacija	NOUN	maxi.rs	autentifikaciju autentifikacija
1	84	driver	NOUN	maxi.rs	driver
1	84	drveće	NOUN	ikea.rs	drveće
1	84	ekspanzija	NOUN	maxi.rs	ekspanziju
1	84	hidriranje	NOUN	maxi.rs	hidriranje
1	84	inkluzija	NOUN	maxi.rs	inkluziju
1	84	kefir	NOUN	maxi.rs	kefir
1	84	klinker	NOUN	emmezeta.rs	klinker
1	84	koordinator	NOUN	maxi.rs	koordinator
1	84	lupa	NOUN	maxi.rs	lupom
1	84	minus	NOUN	maxi.rs	minus
1	84	odoleti	VERB	maxi.rs	odoleti
1	84	polovno	ADV	kupujemprodajem	polovno
1	84	povraćaj	NOUN	jysk.rs	povraćaj povraćaja
1	84	prihvatljiv	ADJ	maxi.rs	prihvatljivi
1	84	procesuirati	ADJ	maxi.rs	procesuirano procesuirana
1	84	registarski	ADJ	maxi.rs	registarski
1	84	restart	NOUN	maxi.rs	restart
1	84	supervizor	NOUN	maxi.rs	supervizor
1	84	transportni	ADJ	kupujemprodajem	transportna transportni
1	84	uvoznik	NOUN	maxi.rs	uvoznik uvoznika
1	84	zakupodavac	NOUN	maxi.rs	zakupodavcima
1	83	kovati	ADJ	kupujemprodajem	kovani kovane kovana
1	83	lakoća	NOUN	ikea.rs	lakoća lakoćom
1	83	montirati	VERB	ikea.rs	montirani montiraš
1	83	ovčji	ADJ	ikea.rs	ovčje ovčja
1	83	perforiran	ADJ	ikea.rs	perforirane
1	83	stajanje	NOUN	ikea.rs	stajanje
1	83	vrnjački	ADJ	kupujemprodajem	vrnjačka
1	82	cluster	NOUN	ikea.rs	cluster
1	82	desertni	ADJ	ikea.rs	desertni
1	82	ekspres	NOUN	ikea.rs	ekspres
1	82	etičan	ADJ	ikea.rs	etičnog
1	82	gipsan	ADJ	emmezeta.rs	gipsani
1	82	hidrofor	NOUN	emmezeta.rs	hidrofori
1	82	inspirativno	ADV	ikea.rs	inspirativnije
1	82	ispunjenje	NOUN	ikea.rs	ispunjenja
1	82	izolacijski	ADJ	emmezeta.rs	izolacijski
1	82	kolaž	NOUN	ikea.rs	kolaže
1	82	kositi	VERB	ikea.rs	kosim
1	82	kravlji	ADJ	ikea.rs	kravlje
1	82	kruh	NOUN	emmezeta.rs	kruh
1	82	locirati	VERB	ikea.rs	locirati
1	82	logos	NOUN	ikea.rs	logos
1	82	odbaciti	VERB	ikea.rs	odbaci
1	82	patchwork	NOUN	emmezeta.rs	patchwork
1	82	plutajući	ADJ	ikea.rs	plutajući
1	82	prečka	NOUN	ikea.rs	prečkom
1	82	sokl	NOUN	ikea.rs	sokle
1	82	teflon	NOUN	emmezeta.rs	teflon
1	82	uramljen	ADJ	ikea.rs	uramljene
1	82	vatrostalan	ADJ	emmezeta.rs	vatrostalni
1	82	zdela	NOUN	emmezeta.rs	zdjele
1	82	šinski	ADJ	ikea.rs	šinska
1	80	drum	NOUN	jysk.rs	drum
1	78	odlika	NOUN	ikea.rs	odlike
1	78	prevara	NOUN	kupujemprodajem	prevara prevare
1	77	fragment	NOUN	ikea.rs	fragment
1	75	trimer	NOUN	kupujemprodajem	trimeri trimer trimere
1	75	zakazivati	VERB	kupujemprodajem	zakazujete
1	74	mob	NOUN	maxi.rs	mob
1	74	opel	NOUN	kupujemprodajem	opel
1	73	filatelija	NOUN	kupujemprodajem	filatelija
1	69	džepni	ADJ	kupujemprodajem	džepni džepna
1	69	relej	NOUN	kupujemprodajem	releji relej
1	67	kataloški	ADJ	kupujemprodajem	kataloški
1	66	motoran	ADJ	kupujemprodajem	motorne motorna motorni
1	66	prikolica	NOUN	kupujemprodajem	prikolice prikolicom prikolicu
1	64	glosa	NOUN	ikea.rs	glose
1	63	ranjivost	NOUN	maxi.rs	ranjivost ranjivosti ranjivostima
1	63	saopštenje	NOUN	maxi.rs	saopštenja
1	62	miljenica	NOUN	maxi.rs	miljenice
1	61	pojata	NOUN	kupujemprodajem	pojate
1	58	virmanski	ADJ	maxi.rs	virmansko virmanskog
1	58	zalogaj	NOUN	maxi.rs	zalogaji zalogaju zalogaje
1	57	deaktivirati	VERB	maxi.rs	deaktiviraj deaktivirana deaktivirati
1	57	naručivati	VERB	maxi.rs	naručujete
1	57	obrazovni	ADJ	maxi.rs	obrazovna obrazovne
1	57	povod	NOUN	maxi.rs	povod povodom
1	57	pumpati	VERB	kupujemprodajem	pumpa
1	57	ukusno	ADV	maxi.rs	ukusno
1	56	aktivacija	NOUN	maxi.rs	aktivacije aktivacijom
1	56	berba	NOUN	maxi.rs	berbama berbe
1	56	bonus	NOUN	maxi.rs	bonusa
1	56	cirkularan	ADJ	ikea.rs	cirkularni cirkularnog cirkularne
1	56	citrus	NOUN	maxi.rs	citrusi
1	56	dvonedeljni	ADJ	maxi.rs	dvonedeljna
1	56	ekskluzivno	ADV	maxi.rs	ekskluzivno
1	56	farmaceutski	ADJ	maxi.rs	farmaceutska
1	56	gmail	NOUN	maxi.rs	gmail
1	56	izvršan	ADJ	maxi.rs	izvršni
1	56	komisionar	NOUN	maxi.rs	komisionar
1	56	kontroling	NOUN	maxi.rs	kontroling
1	56	krofna	NOUN	maxi.rs	krofne
1	56	logistika	NOUN	maxi.rs	logistici
1	56	naopako	ADV	maxi.rs	naopako
1	56	naplata	NOUN	maxi.rs	naplate naplatu
1	56	navigati	VERB	maxi.rs	navigate
1	56	neodoljiv	ADJ	maxi.rs	neodoljive
1	56	nutritivan	ADJ	maxi.rs	nutritivne nutritivni
1	56	odštampati	VERB	maxi.rs	odštampaj
1	56	otisak	NOUN	maxi.rs	otisak
1	56	pouzeće	NOUN	maxi.rs	pouzećem
1	56	povezan	ADJ	maxi.rs	povezanog
1	56	predložen	ADJ	maxi.rs	predložene predloženi
1	56	predškolski	ADJ	maxi.rs	predškolska
1	56	prekoračiti	VERB	maxi.rs	prekoračen prekoračili
1	56	preostati	VERB	maxi.rs	preostalo
1	56	pronađen	ADJ	maxi.rs	pronađenih
1	56	razglednica	NOUN	kupujemprodajem	razglednice razglednica razglednici
1	56	revidirati	VERB	maxi.rs	revidiraj revidirajte
1	56	sadašnji	ADJ	maxi.rs	sadašnju
1	56	software	NOUN	maxi.rs	software
1	56	timer	NOUN	maxi.rs	timer
1	56	ugljenični	ADJ	maxi.rs	ugljenični
1	56	vegan	NOUN	maxi.rs	vegan
1	56	članica	NOUN	maxi.rs	članica
1	55	grejač	NOUN	kupujemprodajem	grejačem grejač grejači
1	54	izlog	NOUN	kupujemprodajem	izlog izlozi izloga
1	54	kanalni	ADJ	ikea.rs	kanalna kanalni
1	54	mehanizacija	NOUN	kupujemprodajem	mehanizacija mehanizacije
1	52	sivac	NOUN	kupujemprodajem	sivac sivaca
1	51	varvarin	NOUN	kupujemprodajem	varvarin
1	49	biciklistički	ADJ	kupujemprodajem	biciklistička biciklističke biciklistički
1	49	citroen	NOUN	kupujemprodajem	citroen
1	49	dragocenost	NOUN	kupujemprodajem	dragocenosti
1	49	kačket	NOUN	kupujemprodajem	kačketi kačket
1	49	krovni	ADJ	kupujemprodajem	krovni krovnih
1	49	lapov	ADJ	kupujemprodajem	lapovo
1	48	otkup	NOUN	kupujemprodajem	otkup
1	48	skener	NOUN	kupujemprodajem	skeneri skener
1	47	kamenica	NOUN	kupujemprodajem	kamenica
1	47	kolo	NOUN	kupujemprodajem	kola kolo
1	47	sastavljanje	NOUN	ikea.rs	sastavljanje
1	46	odnošenje	NOUN	ikea.rs	odnošenja
1	45	ambijentalno	ADV	ikea.rs	ambijentalno
1	45	plejer	NOUN	kupujemprodajem	plejeri plejer plejera
1	44	bled	ADJ	ikea.rs	bleda
1	44	blender	NOUN	kupujemprodajem	blender blenderi
1	44	kosovski	ADJ	kupujemprodajem	kosovska
1	44	masažer	NOUN	emmezeta.rs	masažeri
1	44	menjač	NOUN	kupujemprodajem	menjači menjač menjača
1	44	navodnjavanje	NOUN	emmezeta.rs	navodnjavanje
1	44	svećica	NOUN	ikea.rs	svećice svećicu
1	43	elektrika	NOUN	kupujemprodajem	elektriku elektrika
1	43	filtracija	NOUN	emmezeta.rs	filtracija
1	43	kragujevački	ADJ	kupujemprodajem	kragujevačka
1	43	neradan	ADJ	emmezeta.rs	neradni neradan
1	43	ražanj	NOUN	kupujemprodajem	ražanj
1	43	sup	NOUN	emmezeta.rs	sup
1	43	vrtni	ADJ	emmezeta.rs	vrtni vrtne
1	42	analogan	ADJ	kupujemprodajem	analogni analogna analognih
1	42	bager	NOUN	kupujemprodajem	bageri bager bagere
1	42	značka	NOUN	kupujemprodajem	značke znački značaka
1	41	bajin	ADJ	kupujemprodajem	bajina
1	41	blic	NOUN	kupujemprodajem	blic blicevi blica
1	41	budilica	NOUN	emmezeta.rs	budilice
1	41	bypass	NOUN	jysk.rs	bypass
1	41	carstvo	NOUN	emmezeta.rs	carstvu
1	41	down	NOUN	jysk.rs	down
1	41	mikrovalan	ADJ	emmezeta.rs	mikrovalne
1	41	napa	NOUN	emmezeta.rs	nape
1	41	odvajanje	NOUN	ikea.rs	odvajanje
1	41	oživiti	VERB	ikea.rs	oživi
1	41	pačuli	NOUN	ikea.rs	pačuli
1	41	sandalovina	NOUN	ikea.rs	sandalovina
1	41	spremnik	NOUN	emmezeta.rs	spremnici
1	41	stolić	NOUN	emmezeta.rs	stolići
1	41	timing	NOUN	jysk.rs	timing
1	41	tipkovnica	NOUN	emmezeta.rs	tipkovnice
1	41	ubrus	NOUN	emmezeta.rs	ubrusi
1	41	učiti	VERB	emmezeta.rs	učimo
1	41	škoda	NOUN	kupujemprodajem	škoda
1	40	lovački	ADJ	kupujemprodajem	lovački lovačka lovačke
1	40	marama	NOUN	kupujemprodajem	marame marama maramu
1	40	medveđi	ADJ	kupujemprodajem	medveđa
1	40	narodni	ADJ	kupujemprodajem	narodni narodna narodne
1	40	ugostiteljski	ADJ	kupujemprodajem	ugostiteljska
1	40	zavarivanje	NOUN	kupujemprodajem	zavarivanje
1	39	advertajzing	NOUN	kupujemprodajem	advertajzing
1	39	bankovan	ADJ	kupujemprodajem	bankovni
1	39	devica	NOUN	kupujemprodajem	device
1	39	draft	NOUN	kupujemprodajem	draft
1	39	inbox	NOUN	kupujemprodajem	inbox
1	39	mašinica	NOUN	kupujemprodajem	mašinica mašinice
1	39	ocenjivanje	NOUN	kupujemprodajem	ocenjivanje
1	39	phishing	NOUN	kupujemprodajem	phishing
1	39	plovan	ADJ	kupujemprodajem	plovni
1	39	poručivanje	NOUN	maxi.rs	poručivanje poručivanja
1	38	bojnik	NOUN	kupujemprodajem	bojnik
1	38	bosanski	ADJ	kupujemprodajem	bosanska
1	38	brus	NOUN	kupujemprodajem	brus
1	38	crniti	VERB	kupujemprodajem	crniće
1	38	detaljno	ADV	kupujemprodajem	detaljno detaljnije
1	38	dolov	ADJ	kupujemprodajem	dolovo
1	38	kiseljak	NOUN	kupujemprodajem	kiseljak
1	38	kičev	ADJ	kupujemprodajem	kičevo
1	38	osijek	NOUN	kupujemprodajem	osijek
1	38	padina	NOUN	kupujemprodajem	padina
1	38	prolom	NOUN	kupujemprodajem	prolom
1	38	rampa	NOUN	kupujemprodajem	rampe rampa
1	38	rangirati	VERB	kupujemprodajem	rangiramo
1	38	rumenka	NOUN	kupujemprodajem	rumenka
1	38	sanski	ADJ	kupujemprodajem	sanski
1	38	slavonski	ADJ	kupujemprodajem	slavonski
1	38	starčev	ADJ	kupujemprodajem	starčevo
1	38	trgovište	NOUN	kupujemprodajem	trgovište
1	38	vranjski	ADJ	kupujemprodajem	vranjska
1	38	zimnica	NOUN	maxi.rs	zimnica zimnice
1	38	šajkaš	NOUN	kupujemprodajem	šajkaš
1	38	žabar	NOUN	kupujemprodajem	žabari
1	37	mazda	NOUN	kupujemprodajem	mazda
1	37	suzuki	NOUN	kupujemprodajem	suzuki
1	37	đubrovnik	NOUN	ikea.rs	đubrovnik
1	36	aluminijumski	ADJ	kupujemprodajem	aluminijumske aluminijumska aluminijumski
1	36	duvaljka	NOUN	kupujemprodajem	duvaljka duvaljku
1	36	napajanje	NOUN	kupujemprodajem	napajanje napajanja
1	36	pojas	NOUN	kupujemprodajem	pojas pojasevi pojaseva
1	36	privezak	NOUN	kupujemprodajem	privezak privesci priveska
1	36	servisiranje	NOUN	kupujemprodajem	servisiranje servisiranjem
1	36	variti	VERB	ikea.rs	vare
1	35	agregat	NOUN	kupujemprodajem	agregat agregati agregate
1	35	detektor	NOUN	kupujemprodajem	detektor detektori detektora
1	35	kolekcionarski	ADJ	kupujemprodajem	kolekcionarsko kolekcionarske kolekcionarski
1	35	nabiranje	NOUN	ikea.rs	nabiranje
1	35	potenciometar	NOUN	kupujemprodajem	potenciometri potenciometar potenciometre
1	35	pretraživač	NOUN	maxi.rs	pretraživač pretraživača pretraživaču
1	35	retrovizor	NOUN	kupujemprodajem	retrovizori retrovizor retrovizora
1	35	žersej	NOUN	jysk.me	žersej
1	34	karusel	NOUN	maxi.rs	karusel
1	34	predeo	NOUN	maxi.rs	predjela
1	34	vibra	NOUN	kupujemprodajem	vibro
1	33	kabel	NOUN	kupujemprodajem	kabel
1	33	napon	NOUN	kupujemprodajem	napona
1	33	oldtajmer	NOUN	kupujemprodajem	oldtajmeri oldtajmer oldtajmere
1	33	razvodni	ADJ	kupujemprodajem	razvodne razvodna
1	33	tranzistor	NOUN	kupujemprodajem	tranzistori tranzistor tranzistora
1	32	ambalaža	NOUN	kupujemprodajem	ambalaža ambalažu
1	32	dioptrijski	ADJ	kupujemprodajem	dioptrijski dioptrijskih
1	32	filament	NOUN	kupujemprodajem	filamenti filament
1	32	gonič	NOUN	kupujemprodajem	goniči gonič goniče
1	32	risiver	NOUN	kupujemprodajem	risiveri risivera
1	31	astra	NOUN	kupujemprodajem	astra
1	31	elektromotor	NOUN	kupujemprodajem	elektromotori elektromotore
1	31	hranjenje	NOUN	kupujemprodajem	hranjenje
1	31	inkjet	NOUN	kupujemprodajem	inkjet
1	31	integrisati	ADJ	kupujemprodajem	integrisana
1	31	trudnica	NOUN	kupujemprodajem	trudnice trudnicama
1	30	aktivirati	ADJ	maxi.rs	aktivirani aktiviraj
1	30	alvin	ADJ	ikea.rs	alvine
1	30	beletristika	NOUN	kupujemprodajem	beletristika beletristike beletristiku
1	30	eventualno	ADV	maxi.rs	eventualno
1	30	fikus	NOUN	ikea.rs	fikus
1	30	odbiti	VERB	maxi.rs	odbijen odbiti
1	30	podneti	VERB	maxi.rs	podnesite podnesete
1	30	potrošan	ADJ	kupujemprodajem	potrošni potrošne
1	30	relevantno	ADV	maxi.rs	relevantnije
1	30	ribarnica	NOUN	maxi.rs	ribarnica
1	30	ruta	NOUN	maxi.rs	ruta rutama
1	30	sram	NOUN	kupujemprodajem	sram
1	30	transporter	NOUN	kupujemprodajem	transporteri transporter transportere
1	30	voćni	ADJ	maxi.rs	voćna voćno
1	29	blatobran	NOUN	kupujemprodajem	blatobrani blatobran
1	29	dvorac	NOUN	kupujemprodajem	dvorci dvorac
1	29	informativan	ADJ	maxi.rs	informativna informativne
1	29	instalirati	VERB	maxi.rs	instaliraj instalirati
1	29	ispravljač	NOUN	kupujemprodajem	ispravljači
1	29	klasa	NOUN	kupujemprodajem	klasa klasu klase
1	29	markica	NOUN	kupujemprodajem	markicama markice markica
1	29	napredak	NOUN	maxi.rs	napretka napredak
1	29	neuspeo	ADJ	maxi.rs	neuspela neuspelih
1	29	odjava	NOUN	maxi.rs	odjava odjavu
1	29	ordenje	NOUN	kupujemprodajem	ordenje ordenja
1	29	pastirski	ADJ	kupujemprodajem	pastirski pastirske
1	29	pekar	NOUN	maxi.rs	pekar pekari
1	29	popunjavanje	NOUN	maxi.rs	popunjavanje popunjavanja
1	29	poslovno	ADV	maxi.rs	poslovno
1	29	preuzimati	VERB	maxi.rs	preuzimate preuzima
1	29	snimanje	NOUN	kupujemprodajem	snimanje snimanjem
1	29	transmiter	NOUN	kupujemprodajem	transmiter transmiteri
1	29	uravnotežen	ADJ	maxi.rs	uravnotežena uravnoteženu
1	29	vodoinstalacija	NOUN	kupujemprodajem	vodoinstalacije
1	28	administrativan	ADJ	maxi.rs	administrativni
1	28	autentikacija	NOUN	maxi.rs	autentikaciju
1	28	autorizacija	NOUN	maxi.rs	autorizacije
1	28	budžetiranje	NOUN	maxi.rs	budžetiranje
1	28	but	NOUN	maxi.rs	but
1	28	distrikt	NOUN	maxi.rs	distrikt
1	28	dnevnik	NOUN	maxi.rs	dnevnik
1	28	doniranje	NOUN	maxi.rs	doniranje
1	28	dozvoljen	ADJ	maxi.rs	dozvoljenih
1	28	fair	NOUN	maxi.rs	fair
1	28	fajl	NOUN	maxi.rs	fajlove
1	28	fantastika	NOUN	kupujemprodajem	fantastika
1	28	fun	NOUN	maxi.rs	fun
1	28	gutljaj	NOUN	maxi.rs	gutljaju
1	28	hiper	ADV	maxi.rs	hiper
1	28	indikator	NOUN	maxi.rs	indikator
1	28	informacioni	ADJ	maxi.rs	informacionu
1	28	inkluzivan	ADJ	maxi.rs	inkluzivna
1	28	ispravnost	NOUN	maxi.rs	ispravnosti
1	28	izbrati	VERB	maxi.rs	izberite
1	28	izvoz	NOUN	maxi.rs	izvoza
1	28	klasifikacija	NOUN	maxi.rs	klasifikacija
1	28	kora	NOUN	maxi.rs	kore
1	28	kremast	ADJ	maxi.rs	kremasti
1	28	kroasan	NOUN	maxi.rs	kroasani
1	28	laserski	ADJ	kupujemprodajem	laserski
1	28	liflet	NOUN	maxi.rs	liflet
1	28	magacioner	NOUN	maxi.rs	magacioner
1	28	miss	NOUN	maxi.rs	miss
1	28	prenadahnut	ADJ	maxi.rs	nadahnuti
1	28	napravljen	ADJ	maxi.rs	napravljenih
1	28	navigacioni	ADJ	maxi.rs	navigaciona
1	28	neaktivan	ADJ	maxi.rs	neaktivan
1	28	nedostajući	ADJ	maxi.rs	nedostajući
1	28	neodređen	ADJ	maxi.rs	neodređeno
1	28	neposredno	ADV	maxi.rs	neposredno
1	28	nepuno	ADV	maxi.rs	nepuno
1	28	neuspešno	ADV	maxi.rs	neuspešno
1	28	odgoditi	ADJ	maxi.rs	odgođeno
1	28	opcionalno	ADV	maxi.rs	opcionalno
1	28	partnerski	ADJ	maxi.rs	partnerski
1	28	penušav	ADJ	maxi.rs	penušavo
1	28	podsetiti	VERB	maxi.rs	podseti
1	28	pokriti	ADJ	maxi.rs	pokrivena
1	28	poleđina	NOUN	maxi.rs	poleđini
1	28	potrošački	ADJ	maxi.rs	potrošačkih
1	28	pravac	NOUN	maxi.rs	pravac
1	28	predložiti	ADJ	maxi.rs	predložena
1	28	prepoznat	ADJ	maxi.rs	prepoznata
1	28	preračunavati	VERB	maxi.rs	preračunavamo
1	28	prevencija	NOUN	maxi.rs	prevenciju
1	28	primopredajnik	NOUN	kupujemprodajem	primopredajnici
1	28	pritisnuti	VERB	maxi.rs	pritisnite
1	28	prolećni	ADJ	maxi.rs	prolećno
1	28	proteći	VERB	maxi.rs	proteklo
1	28	pčelica	NOUN	maxi.rs	pčelica
1	28	ravnica	NOUN	maxi.rs	ravnice
1	28	različitost	NOUN	maxi.rs	različitosti
1	28	resetovanje	NOUN	maxi.rs	resetovanje
1	28	restartovanje	NOUN	maxi.rs	restartovanje
1	28	revizor	NOUN	maxi.rs	revizor
1	28	saglasan	ADJ	maxi.rs	saglasan
1	28	sorta	NOUN	maxi.rs	sorte
1	28	specijalno	ADV	maxi.rs	specijalno
1	28	strano	ADV	kupujemprodajem	strano
1	28	sulfat	NOUN	maxi.rs	sulfati
1	28	tast	NOUN	maxi.rs	taste
1	28	tehničar	NOUN	maxi.rs	tehničar
1	28	tehnolog	NOUN	maxi.rs	tehnolog
1	28	toga	NOUN	maxi.rs	togo
1	28	tragač	NOUN	kupujemprodajem	tragači
1	28	traktorist	NOUN	maxi.rs	traktorista
1	28	traženje	NOUN	maxi.rs	traženje
1	28	tražnja	NOUN	maxi.rs	tražnje
1	28	trezor	NOUN	maxi.rs	trezor
1	28	ulogovati	VERB	maxi.rs	uloguj
1	28	umanjiti	VERB	maxi.rs	umanji
1	28	vozan	ADJ	maxi.rs	voznog
1	28	zadužiti	ADJ	maxi.rs	zadužen
1	28	zahtevnost	NOUN	maxi.rs	zahtevnosti
1	28	zaključati	ADJ	maxi.rs	zaključan
1	28	zamenjivati	VERB	maxi.rs	zamenjuje
1	28	zamirisati	VERB	maxi.rs	zamiriše
1	28	zamrzavanje	NOUN	maxi.rs	zamrzavanja
1	28	zumiranje	NOUN	maxi.rs	zumiranje
1	28	čarobno	ADV	maxi.rs	čarobno
1	28	čin	NOUN	kupujemprodajem	činovi
1	28	šarenilo	NOUN	maxi.rs	šarenilo
1	28	žalost	NOUN	maxi.rs	žalost
1	27	grid	NOUN	ikea.rs	grid
1	27	invalidski	ADJ	kupujemprodajem	invalidska invalidskih
1	27	izdanje	NOUN	kupujemprodajem	izdanja izdanje izdanjima
1	27	jednosoban	ADJ	oglasi.me	jednosoban
1	27	prugasto	ADV	ikea.rs	prugasto
1	27	revija	NOUN	kupujemprodajem	revije revija
1	27	čistač	NOUN	kupujemprodajem	čistači čistač
1	26	arlekin	NOUN	ikea.rs	arlekin
1	26	bršljan	NOUN	ikea.rs	bršljan
1	26	iznajmljivanje	NOUN	kupujemprodajem	iznajmljivanje
1	26	klizač	NOUN	ikea.rs	klizač klizačima
1	26	plutati	VERB	ikea.rs	pluta
1	26	rock	NOUN	kupujemprodajem	rock
1	26	skafander	NOUN	kupujemprodajem	skafanderi skafander
1	26	sterilizator	NOUN	kupujemprodajem	sterilizatori sterilizator
1	26	terarijum	NOUN	kupujemprodajem	terarijumi terarijumom terarijum
1	26	termostat	NOUN	kupujemprodajem	termostati termostat
1	25	crep	NOUN	kupujemprodajem	crep
1	25	curenje	NOUN	ikea.rs	curenje curenja
1	25	kaciga	NOUN	kupujemprodajem	kacige kacigu kaciga
1	24	autoservis	NOUN	kupujemprodajem	autoservise
1	24	dres	NOUN	kupujemprodajem	dres dresovi dresove
1	24	gorenje	NOUN	kupujemprodajem	gorenje
1	24	montiranje	NOUN	ikea.rs	montiranje
1	24	pilates	NOUN	kupujemprodajem	pilates
1	24	povodac	NOUN	kupujemprodajem	povoci povodac povoce
1	24	raritet	NOUN	kupujemprodajem	rariteti raritet raritetima
1	24	regulator	NOUN	kupujemprodajem	regulator regulatori
1	24	ribica	NOUN	kupujemprodajem	ribice ribica
1	24	sabrati	ADJ	kupujemprodajem	sabrana saberu sabrane
1	24	sklopka	NOUN	kupujemprodajem	sklopke sklopka
1	24	terijer	NOUN	kupujemprodajem	terijeri terijer terijere
1	24	štenac	NOUN	kupujemprodajem	štenci
1	23	domen	NOUN	kupujemprodajem	domeni domen
1	23	gimnastika	NOUN	kupujemprodajem	gimnastike gimnastiku gimnastika
1	23	haljinica	NOUN	kupujemprodajem	haljinice haljinica
1	23	jeep	NOUN	kupujemprodajem	jeep
1	23	kertridž	NOUN	kupujemprodajem	kertridži
1	23	kondenzator	NOUN	kupujemprodajem	kondenzatori kondenzator
1	23	letnjikovac	NOUN	kupujemprodajem	letnjikovci letnjikovac
1	23	otpornik	NOUN	kupujemprodajem	otpornici otpornik
1	23	pljoska	NOUN	kupujemprodajem	pljoske pljoska
1	23	podudaranje	NOUN	ikea.rs	podudaranje
1	23	poliranje	NOUN	kupujemprodajem	poliranje
1	23	poni	NOUN	kupujemprodajem	poni
1	23	skela	NOUN	kupujemprodajem	skele skelu
1	23	vetrobran	NOUN	kupujemprodajem	vetrobrani
1	23	zabavnik	NOUN	kupujemprodajem	zabavnik zabavnici
1	22	karoserija	NOUN	kupujemprodajem	karoserija karoserije karoseriju
1	22	klasika	NOUN	kupujemprodajem	klasika klasike
1	22	ribanje	NOUN	ikea.rs	ribanje
1	22	satenski	ADJ	jysk.rs	satenske satenski
1	22	teg	NOUN	kupujemprodajem	tegovi tegove tegovima
1	22	uknjižiti	ADJ	oglasi.me	uknjiženo
1	22	vrba	NOUN	ikea.rs	vrba
1	21	bakin	ADJ	kupujemprodajem	bakine
1	21	boa	NOUN	kupujemprodajem	boo boa
1	21	bočica	NOUN	ikea.rs	bočica
1	21	breza	NOUN	ikea.rs	breza
1	21	dijamantski	ADJ	kupujemprodajem	dijamantska
1	21	eukaliptus	NOUN	ikea.rs	eukaliptus
1	21	indirektan	ADJ	ikea.rs	indirektna
1	21	interfon	NOUN	kupujemprodajem	interfoni interfon interfona
1	21	književan	ADJ	kupujemprodajem	književni književnoj književnih
1	21	kockica	NOUN	kupujemprodajem	kockice kockica
1	21	mešanac	NOUN	kupujemprodajem	mešanci mešance
1	21	mint	NOUN	kupujemprodajem	mint
1	21	oktobarski	ADJ	emmezeta.rs	oktobarski oktobarskim oktobarskom
1	21	projektor	NOUN	kupujemprodajem	projektori projektor
1	21	sed	ADJ	ikea.rs	sed
1	21	stenka	NOUN	kupujemprodajem	stenci
1	21	steznik	NOUN	kupujemprodajem	steznici steznik steznika
1	21	teretana	NOUN	kupujemprodajem	teretanu teretana teretane
1	21	trofej	NOUN	kupujemprodajem	trofeji trofej
1	21	utikač	NOUN	kupujemprodajem	utikači utikač
1	21	zeko	NOUN	kupujemprodajem	zeke zeka
1	21	ćilim	NOUN	kupujemprodajem	ćilimi ćilim ćilime
1	20	drumski	ADJ	kupujemprodajem	drumski drumska
1	20	glodalica	NOUN	kupujemprodajem	glodalice glodalicu
1	20	kengur	NOUN	kupujemprodajem	kenguri kengur
1	20	lakiranje	NOUN	kupujemprodajem	lakiranje
1	20	ljubavni	ADJ	kupujemprodajem	ljubavni ljubavno
1	20	loptica	NOUN	kupujemprodajem	loptica lopticama loptice
1	20	magnetofon	NOUN	kupujemprodajem	magnetofoni magnetofon
1	20	njihalica	NOUN	kupujemprodajem	njihalice njihalica
1	20	palačinka	NOUN	ikea.rs	palačinke
1	20	pneumatski	ADJ	kupujemprodajem	pneumatski
1	20	stolarski	ADJ	kupujemprodajem	stolarski stolarska
1	20	ventil	NOUN	kupujemprodajem	ventil ventili
1	20	čitač	NOUN	kupujemprodajem	čitači čitač
1	20	španijel	NOUN	kupujemprodajem	španijeli španijel španijela
1	20	špic	NOUN	kupujemprodajem	špic
1	20	štap	NOUN	kupujemprodajem	štapovi štapom štap
1	19	edukativan	ADJ	kupujemprodajem	edukativne edukativna edukativnu
1	19	kačenje	NOUN	ikea.rs	kačenje
1	19	lopatica	NOUN	ikea.rs	lopatica lopaticu
1	19	meko	ADV	ikea.rs	meko
1	19	patuljast	ADJ	kupujemprodajem	patuljasti patuljaste patuljastih
1	19	sabirati	VERB	emmezeta.rs	sabira sabiraju
1	19	tamnocrven	ADJ	ikea.rs	tamnocrvena
1	19	tuning	NOUN	kupujemprodajem	tuning
1	19	vrećica	NOUN	ikea.rs	vrećica vrećice
1	19	zaprežni	ADJ	kupujemprodajem	zaprežne zaprežna zaprežnih
1	18	camera	NOUN	kupujemprodajem	camera
1	18	gepek	NOUN	kupujemprodajem	gepek gepeka
1	18	hodalica	NOUN	kupujemprodajem	hodalica hodalice
1	18	kočioni	ADJ	kupujemprodajem	kočioni kočione
1	18	kravata	NOUN	kupujemprodajem	kravate kravatu kravata
1	18	pretpojačalo	NOUN	kupujemprodajem	pretpojačala pretpojačalo
1	18	rajski	ADJ	ikea.rs	rajska
1	18	retriver	NOUN	kupujemprodajem	retriveri retrivere
1	18	satelit	NOUN	kupujemprodajem	satelite sateliti
1	18	sličica	NOUN	kupujemprodajem	sličice
1	18	svetlozelen	ADJ	ikea.rs	svetlozelena
1	18	traktorski	ADJ	kupujemprodajem	traktorske traktorska traktorski
1	18	ušuškati	VERB	ikea.rs	ušuškan ušuškaš ušuškaj
1	18	veslanje	NOUN	kupujemprodajem	veslanje
1	18	šetalica	NOUN	kupujemprodajem	šetalice šetalica
1	18	šnaucer	NOUN	kupujemprodajem	šnauceri šnaucere
1	17	antologija	NOUN	kupujemprodajem	antologije antologija
1	17	auspuh	NOUN	kupujemprodajem	auspusi auspuh
1	17	barijera	NOUN	kupujemprodajem	barijere barijera
1	17	bon	NOUN	emmezeta.rs	bonovi bon
1	17	diskmen	NOUN	kupujemprodajem	diskmeni diskmen
1	17	garažni	ADJ	kupujemprodajem	garažna
1	17	grafika	NOUN	kupujemprodajem	grafika
1	17	gril	NOUN	kupujemprodajem	grilovi grilom
1	17	horor	NOUN	kupujemprodajem	horor horori
1	17	hrt	NOUN	kupujemprodajem	hrtovi hrt
1	17	katalizator	NOUN	kupujemprodajem	katalizatori
1	17	kran	NOUN	kupujemprodajem	kranovi kran
1	17	kritika	NOUN	kupujemprodajem	kritike kritici
1	17	matrični	ADJ	kupujemprodajem	matrični
1	17	nošenje	NOUN	kupujemprodajem	nošenje
1	17	nošnja	NOUN	kupujemprodajem	nošnja nošnju nošnje
1	17	pecanje	NOUN	kupujemprodajem	pecanje
1	17	penjalica	NOUN	kupujemprodajem	penjalice penjalica
1	17	plovak	NOUN	kupujemprodajem	plovci plovak
1	17	pozivnica	NOUN	kupujemprodajem	pozivnice pozivnica
1	17	prikupljati	VERB	maxi.rs	prikupljamo prikuplja prikupljaju
1	17	stran	ADJ	kupujemprodajem	stranim stranih stranog
1	17	tabakera	NOUN	kupujemprodajem	tabakere tabakera
1	17	tapiserija	NOUN	kupujemprodajem	tapiserije tapiserija
1	17	teologija	NOUN	kupujemprodajem	teologija
1	17	trekking	NOUN	kupujemprodajem	trekking
1	17	vrbovina	NOUN	ikea.rs	vrbovina
1	17	đubrivo	NOUN	kupujemprodajem	đubriva đubrivo
1	16	alarmni	ADJ	kupujemprodajem	alarmni alarmnih alarmnog
1	16	corsa	NOUN	kupujemprodajem	corsa corso
1	16	dual	NOUN	kupujemprodajem	dual
1	16	eksterijer	NOUN	emmezeta.rs	eksterijer eksterijera
1	16	laboratorijski	ADJ	kupujemprodajem	laboratorijska laboratorijsku
1	16	limarija	NOUN	kupujemprodajem	limarija
1	16	moler	NOUN	kupujemprodajem	molere moler
1	16	pratnja	NOUN	kupujemprodajem	pratnju pratnja
1	16	redak	ADJ	kupujemprodajem	retka retke retkim
1	16	signalizacija	NOUN	kupujemprodajem	signalizacija
1	16	touch	NOUN	kupujemprodajem	touch
1	16	vijača	NOUN	kupujemprodajem	vijače
1	15	brati	ADJ	ikea.rs	bran
1	15	dolomit	NOUN	kupujemprodajem	dolomite
1	15	durbin	NOUN	kupujemprodajem	durbini durbina
1	15	dvosoban	ADJ	oglasi.me	dvosoban
1	15	ezoterija	NOUN	kupujemprodajem	ezoterija ezoterije
1	15	glodalo	NOUN	kupujemprodajem	glodalo
1	15	kombajn	NOUN	kupujemprodajem	kombajne
1	15	kotlić	NOUN	kupujemprodajem	kotlići kotlića
1	15	letva	NOUN	kupujemprodajem	letva letve
1	15	mamac	NOUN	kupujemprodajem	mamci mamaca
1	15	manometar	NOUN	kupujemprodajem	manometrom manometar manometri
1	15	monofazni	ADJ	kupujemprodajem	monofazni monofazna
1	15	oftalmološki	ADJ	kupujemprodajem	oftalmološka oftalmološku
1	15	optički	ADJ	kupujemprodajem	optički optičke
1	15	ortopedski	ADJ	kupujemprodajem	ortopedska
1	15	pojačalo	NOUN	kupujemprodajem	pojačalo pojačalom
1	15	proizvodni	ADJ	kupujemprodajem	proizvodne
1	15	ptičar	NOUN	kupujemprodajem	ptičari ptičare
1	15	razboj	NOUN	kupujemprodajem	razboji
1	15	reduktor	NOUN	kupujemprodajem	reduktor
1	15	sonda	NOUN	kupujemprodajem	sonda sonde
1	15	stadion	NOUN	kupujemprodajem	stadion stadiona
1	15	stativ	NOUN	kupujemprodajem	stativ
1	15	stomatološki	ADJ	kupujemprodajem	stomatološka stomatološku
1	15	trap	NOUN	kupujemprodajem	trap trapa
1	15	trenažer	NOUN	kupujemprodajem	trenažeri
1	15	trkački	ADJ	kupujemprodajem	trkački trkačkih
1	15	upaljač	NOUN	kupujemprodajem	upaljači
1	15	vez	NOUN	kupujemprodajem	vez
1	15	vesti	ADJ	kupujemprodajem	vezena
1	15	vitlo	NOUN	kupujemprodajem	vitlo
1	15	škrinja	NOUN	kupujemprodajem	škrinje
1	14	antika	NOUN	kupujemprodajem	antika
1	14	autobiografija	NOUN	kupujemprodajem	autobiografije
1	14	automatizacija	NOUN	kupujemprodajem	automatizacija
1	14	bambusov	ADJ	ikea.rs	bambusov
1	14	baštinski	ADJ	emmezeta.rs	baštinski
1	14	benkica	NOUN	kupujemprodajem	benkice
1	14	bisage	NOUN	kupujemprodajem	bisage
1	14	bridž	NOUN	kupujemprodajem	bridž
1	14	dignitet	NOUN	ikea.rs	dignitet
1	14	diploma	NOUN	kupujemprodajem	diplome
1	14	drama	NOUN	kupujemprodajem	drama
1	14	epski	ADJ	kupujemprodajem	epska
1	14	esej	NOUN	kupujemprodajem	eseji
1	14	himalajski	ADJ	ikea.rs	himalajske
1	14	jaknica	NOUN	kupujemprodajem	jaknice
1	14	javor	NOUN	ikea.rs	javor
1	14	kalemov	ADJ	kupujemprodajem	kalemovi
1	14	kasetni	ADJ	kupujemprodajem	kasetni
1	14	kompletić	NOUN	kupujemprodajem	kompletići
1	14	komunalan	ADJ	kupujemprodajem	komunalna
1	14	konvertor	NOUN	kupujemprodajem	konvertori
1	14	licencirani	ADJ	kupujemprodajem	licencirani
1	14	maketarstvo	NOUN	kupujemprodajem	maketarstvo
1	14	medicinka	NOUN	kupujemprodajem	medicinke
1	14	mitologija	NOUN	kupujemprodajem	mitologija
1	14	modelarstvo	NOUN	kupujemprodajem	modelarstvo
1	14	modifikator	NOUN	kupujemprodajem	modifikatori
1	14	molerski	ADJ	kupujemprodajem	molerski
1	14	monografija	NOUN	kupujemprodajem	monografije
1	14	mušica	NOUN	kupujemprodajem	mušice
1	14	numizmatički	ADJ	kupujemprodajem	numizmatički
1	14	pedagogija	NOUN	kupujemprodajem	pedagogija
1	14	pedometar	NOUN	kupujemprodajem	pedometri
1	14	pehar	NOUN	kupujemprodajem	pehari
1	14	podupirač	NOUN	kupujemprodajem	podupirači
1	14	preklopan	ADJ	kupujemprodajem	preklopni
1	14	primamiti	VERB	kupujemprodajem	primame
1	14	primitivan	ADJ	kupujemprodajem	primitivni
1	14	putopis	NOUN	kupujemprodajem	putopisi
1	14	radiokasetofon	NOUN	kupujemprodajem	radiokasetofoni
1	14	repromaterijal	NOUN	kupujemprodajem	repromaterijali
1	14	ruter	NOUN	kupujemprodajem	ruteri
1	14	rđa	NOUN	ikea.rs	rđe
1	14	sadni	ADJ	kupujemprodajem	sadni
1	14	samoizgradnja	NOUN	kupujemprodajem	samoizgradnju
1	14	satira	NOUN	kupujemprodajem	satira
1	14	semenski	ADJ	kupujemprodajem	semenski
1	14	separacija	NOUN	kupujemprodajem	separacije
1	14	skuter	NOUN	kupujemprodajem	skuter skuteri skutere
1	14	sociologija	NOUN	kupujemprodajem	sociologija
1	14	strunjača	NOUN	kupujemprodajem	strunjače
1	14	studija	NOUN	kupujemprodajem	studije
1	14	telefaks	NOUN	kupujemprodajem	telefaks
1	14	telekom	NOUN	kupujemprodajem	telekom
1	14	triler	NOUN	kupujemprodajem	triler
1	14	utovarivač	NOUN	kupujemprodajem	utovarivači
1	14	verski	ADJ	kupujemprodajem	verske
1	14	vitlati	VERB	kupujemprodajem	vitla
1	14	vuča	NOUN	kupujemprodajem	vuču
1	14	štetočina	NOUN	kupujemprodajem	štetočina
1	14	štoperica	NOUN	kupujemprodajem	štoperice
1	13	plamen	NOUN	kupujemprodajem	plamen plamena
1	13	punta	NOUN	kupujemprodajem	punto
1	13	razigrati	ADJ	ikea.rs	razigrana razigrane razigrani
1	12	bukovina	NOUN	ikea.rs	bukovina
1	12	cipelica	NOUN	kupujemprodajem	cipelice
1	12	diktafon	NOUN	kupujemprodajem	diktafon
1	12	duzina	NOUN	kupujemprodajem	duzina duzine duzinom
1	12	gorionik	NOUN	kupujemprodajem	gorionik
1	12	japanski	ADJ	kupujemprodajem	japanske japanska japanskih
1	12	kanalizacija	NOUN	kupujemprodajem	kanalizacije kanalizaciju
1	12	kombinezon	NOUN	kupujemprodajem	kombinezon
1	12	lambda	NOUN	kupujemprodajem	lambda
1	12	latiti	VERB	kupujemprodajem	late
1	12	linearan	ADJ	kupujemprodajem	linearni
1	12	mahovina	NOUN	ikea.rs	mahovina
1	12	merač	NOUN	kupujemprodajem	merač
1	12	nautika	NOUN	oglasi.me	nautika
1	12	nosiljka	NOUN	kupujemprodajem	nosiljka
1	12	polo	NOUN	kupujemprodajem	polo
1	12	pretvarač	NOUN	kupujemprodajem	pretvarač
1	12	savijanje	NOUN	kupujemprodajem	savijanje
1	12	servisni	ADJ	kupujemprodajem	servisna servisnoj
1	12	silikonski	ADJ	kupujemprodajem	silikonska silikonski
1	12	skidanje	NOUN	kupujemprodajem	skidanje
1	12	snežan	ADJ	ikea.rs	snežni snežne snežnim
1	12	srebrnjak	NOUN	kupujemprodajem	srebrnjak srebrnjaci
1	12	stepenast	ADJ	kupujemprodajem	stepenaste
1	12	strujni	ADJ	kupujemprodajem	strujni
1	12	tipski	ADJ	kupujemprodajem	tipski
1	12	toplotan	ADJ	kupujemprodajem	toplotna toplotnom
1	12	ugradnja	NOUN	kupujemprodajem	ugradnja
1	12	uvod	NOUN	kupujemprodajem	uvoda
1	12	viking	NOUN	kupujemprodajem	viking
1	12	čekinja	NOUN	ikea.rs	čekinje
1	11	bengalski	ADJ	ikea.rs	bengalski
1	11	džip	NOUN	kupujemprodajem	džip
1	11	kolon	NOUN	ikea.rs	kolon
1	11	kopča	NOUN	ikea.rs	kopčom
1	11	leopard	NOUN	ikea.rs	leopard leoparda leopardom
1	11	navoj	NOUN	kupujemprodajem	navoj navoja
1	11	rotacioni	ADJ	kupujemprodajem	rotacioni rotaciona rotaciono
1	11	viskoza	NOUN	ikea.rs	viskoza
1	11	voltmetar	NOUN	kupujemprodajem	voltmetar
1	10	doberman	NOUN	kupujemprodajem	doberman
1	10	fabrički	ADJ	kupujemprodajem	fabričkom
1	10	hrizantema	NOUN	ikea.rs	hrizantema
1	10	julski	ADJ	emmezeta.rs	julski
1	10	kasetofon	NOUN	kupujemprodajem	kasetofon kasetofonu
1	10	maketa	NOUN	kupujemprodajem	makete maketa
1	10	mehanički	ADJ	kupujemprodajem	mehanička mehanički mehaničkim
1	10	mod	NOUN	kupujemprodajem	mod
1	10	muzilica	NOUN	kupujemprodajem	muzilica
1	10	organizovanje	NOUN	ikea.rs	organizovanje
1	10	očuvati	ADJ	kupujemprodajem	očuvane očuvana očuvani
1	10	sol	NOUN	kupujemprodajem	so
1	10	talentovan	ADJ	kupujemprodajem	talentovanim
1	10	trading	NOUN	kupujemprodajem	trading
1	9	aditiv	NOUN	kupujemprodajem	aditiv aditivima
1	9	ambijentalan	ADJ	ikea.rs	ambijentalna ambijentalnu ambijentalnog
1	9	ampula	NOUN	kupujemprodajem	ampula ampule
1	9	autodelovi	NOUN	kupujemprodajem	autodelovi
1	9	balkanski	ADJ	kupujemprodajem	balkanska balkansko balkanskog
1	9	benzinski	ADJ	kupujemprodajem	benzinski benzinska
1	9	bradat	ADJ	kupujemprodajem	bradate bradata
1	9	branik	NOUN	kupujemprodajem	branik branika
1	9	bubica	NOUN	kupujemprodajem	bubica
1	9	celofan	NOUN	kupujemprodajem	celofanu
1	9	clip	NOUN	kupujemprodajem	clip
1	9	daljinac	NOUN	kupujemprodajem	daljinac daljinca
1	9	drahma	NOUN	kupujemprodajem	drahma
1	9	dugouh	ADJ	ikea.rs	dugouha
1	9	dvogrb	ADJ	ikea.rs	dvogrba
1	9	fan	NOUN	kupujemprodajem	fan
1	9	ferrari	NOUN	kupujemprodajem	ferrari
1	9	freon	NOUN	kupujemprodajem	freon freona
1	9	gigabit	NOUN	kupujemprodajem	gigabit
1	9	gol	NOUN	kupujemprodajem	gol golija golovima
1	9	grill	NOUN	kupujemprodajem	grill
1	9	izdržljiv	ADJ	ikea.rs	izdržljive izdržljivu izdržljiv
1	9	joga	NOUN	kupujemprodajem	jogu joga
1	9	karanfil	NOUN	ikea.rs	karanfil
1	9	knjižica	NOUN	kupujemprodajem	knjižica
1	9	koncentrat	NOUN	kupujemprodajem	koncentrat
1	9	korektor	NOUN	kupujemprodajem	korektor
1	9	košarica	NOUN	emmezeta.rs	košaricu košarici
1	9	kraljevina	NOUN	kupujemprodajem	kraljevina
1	9	labrador	NOUN	kupujemprodajem	labrador labradora labradori
1	9	lančić	NOUN	kupujemprodajem	lančić
1	9	leader	NOUN	kupujemprodajem	leader
1	9	legendaran	ADJ	kupujemprodajem	legendarni
1	9	lisac	NOUN	kupujemprodajem	lisce lisac
1	9	lupati	VERB	kupujemprodajem	lupa
1	9	maltezer	NOUN	kupujemprodajem	maltezera maltezeri
1	9	mariti	VERB	kupujemprodajem	mario mare
1	9	matica	NOUN	kupujemprodajem	matica matice maticom
1	9	matrica	NOUN	kupujemprodajem	matrice matrica
1	9	mesingano	ADV	ikea.rs	mesingano
1	9	navojni	ADJ	kupujemprodajem	navojne navojno
1	9	nazalan	ADJ	kupujemprodajem	nazalni
1	9	niša	NOUN	maxi.rs	nišu niša
1	9	padobranac	NOUN	kupujemprodajem	padobranac
1	9	parenje	NOUN	kupujemprodajem	parenje
1	9	patch	NOUN	kupujemprodajem	patch
1	9	pelet	NOUN	kupujemprodajem	pelet
1	9	preklop	NOUN	kupujemprodajem	preklop
1	9	prepelica	NOUN	kupujemprodajem	prepelice prepelica
1	9	printer	NOUN	kupujemprodajem	printer
1	9	procvetati	VERB	ikea.rs	procvetaju
1	9	protok	NOUN	kupujemprodajem	protok protoka
1	9	pudl	NOUN	kupujemprodajem	pudle pudla
1	9	raster	NOUN	kupujemprodajem	raster
1	9	ravnanje	NOUN	kupujemprodajem	ravnanje
1	9	razvodnik	NOUN	kupujemprodajem	razvodnik
1	9	reptil	NOUN	kupujemprodajem	reptile
1	9	rod	NOUN	kupujemprodajem	rod roda
1	9	sisanje	NOUN	kupujemprodajem	sisanje
1	9	slušni	ADJ	kupujemprodajem	slušni
1	9	snižen	ADJ	ikea.rs	sniženoj sniženom
1	9	stabilizator	NOUN	kupujemprodajem	stabilizator
1	9	svilen	ADJ	kupujemprodajem	svilena svilene svilenim
1	9	tester	NOUN	kupujemprodajem	tester
1	9	toka	NOUN	kupujemprodajem	toki
1	9	trodelan	ADJ	kupujemprodajem	trodelna trodelni
1	9	trofazni	ADJ	kupujemprodajem	trofaznom trofazni
1	9	turbina	NOUN	kupujemprodajem	turbina turbine
1	9	uho	NOUN	kupujemprodajem	uši ušima
1	9	vol	NOUN	kupujemprodajem	vol
1	9	zapušač	NOUN	ikea.rs	zapušačem
1	9	zgib	NOUN	kupujemprodajem	zgibove
1	9	šubara	NOUN	kupujemprodajem	šubara
1	8	azijski	ADJ	ikea.rs	azijskog
1	8	bravarski	ADJ	kupujemprodajem	bravarske bravarsko
1	8	excel	NOUN	ananas.rs	excel
1	8	greda	NOUN	kupujemprodajem	grede
1	8	karanfilić	NOUN	ikea.rs	karanfilić
1	8	matirati	ADJ	ikea.rs	matirano
1	8	mladunče	NOUN	ikea.rs	mladunče
1	8	podsticati	VERB	ikea.rs	podstiču podstiče
1	8	posetilac	NOUN	maxi.rs	posetioce posetilac posetilaca
1	8	reparacija	NOUN	kupujemprodajem	reparaciju reparacija
1	8	sadilica	NOUN	ikea.rs	sadilice sadilica sadilicama
1	8	tamnozelen	ADJ	ikea.rs	tamnozelena
1	8	travertin	NOUN	jysk.me	travertin
1	8	zamutiti	ADJ	ikea.rs	zamućenom
1	8	zdravstvo	NOUN	kupujemprodajem	zdravstvu
1	7	dresura	NOUN	kupujemprodajem	dresuru
1	7	gejmer	NOUN	ikea.rs	gejmere
1	7	hibridan	ADJ	kupujemprodajem	hibridni hibridnih
1	7	metalac	NOUN	ananas.rs	metalac
1	7	navijanje	NOUN	kupujemprodajem	navijanje
1	7	održivo	ADV	ikea.rs	održivije
1	7	orginalan	ADJ	kupujemprodajem	orginalnoj orginalnom orginalne
1	7	osvježivač	NOUN	jysk.me	osvježivač
1	7	perionica	NOUN	kupujemprodajem	perionica
1	7	pobeđivati	VERB	ikea.rs	pobeđuje
1	7	pojilica	NOUN	kupujemprodajem	pojilice pojilica
1	7	prateći	ADJ	kupujemprodajem	prateća prateće prateću
1	7	preran	ADJ	ikea.rs	prerano
1	7	priznanje	NOUN	maxi.rs	priznanje priznanja
1	7	probni	ADJ	kupujemprodajem	probni probne
1	7	realizacija	NOUN	emmezeta.rs	realizaciju realizacija realizacije
1	7	report	NOUN	ananas.rs	report
1	7	terenski	ADJ	kupujemprodajem	terenski terensko
1	7	testo	NOUN	ikea.rs	testo testu
1	7	useljenje	NOUN	ikea.rs	useljenje
1	7	začiniti	ADJ	ikea.rs	začinjen začinjeni
1	7	šećerni	ADJ	ikea.rs	šećerni
1	6	ampermetar	NOUN	kupujemprodajem	ampermetar
1	6	antikvaran	ADJ	kupujemprodajem	antikvarna antikvarne
1	6	antivirus	NOUN	kupujemprodajem	antivirus
1	6	apartman	NOUN	emmezeta.rs	apartmana apartman
1	6	autoguma	NOUN	kupujemprodajem	autoguma
1	6	balkanac	NOUN	kupujemprodajem	balkanac
1	6	bench	NOUN	kupujemprodajem	bench
1	6	beskontaktan	ADJ	kupujemprodajem	beskontaktni
1	6	bojenje	NOUN	ikea.rs	bojenje
1	6	brizganje	NOUN	kupujemprodajem	brizganje
1	6	brojilo	NOUN	kupujemprodajem	brojilo
1	6	brojčanik	NOUN	kupujemprodajem	brojčanik
1	6	catering	NOUN	kupujemprodajem	catering
1	6	centrifuga	NOUN	kupujemprodajem	centrifuga
1	6	cepanje	NOUN	kupujemprodajem	cepanja cepanje
1	6	cerada	NOUN	kupujemprodajem	cerada
1	6	chip	NOUN	kupujemprodajem	chip
1	6	coupe	NOUN	kupujemprodajem	coupe
1	6	dalmatinac	NOUN	kupujemprodajem	dalmatinac
1	6	dark	ADV	kupujemprodajem	dark
1	6	davnina	NOUN	kupujemprodajem	davnina
1	6	defender	NOUN	kupujemprodajem	defender
1	6	derma	NOUN	voli.me	derma
1	6	dezinfekcija	NOUN	kupujemprodajem	dezinfekciju
1	6	displej	NOUN	kupujemprodajem	displej
1	6	divljač	NOUN	kupujemprodajem	divljač
1	6	dleto	NOUN	kupujemprodajem	dleto
1	6	dojilja	NOUN	kupujemprodajem	dojilje
1	6	držanje	NOUN	kupujemprodajem	držanje
1	6	dugovečnost	NOUN	ikea.rs	dugovečnost dugovečnosti
1	6	duhovan	ADJ	kupujemprodajem	duhovnih duhovnim
1	6	edicija	NOUN	kupujemprodajem	edicija
1	6	elektrolitski	ADJ	kupujemprodajem	elektrolitski
1	6	erudit	NOUN	kupujemprodajem	erudit
1	6	gips	NOUN	kupujemprodajem	gips
1	6	gnezdo	NOUN	kupujemprodajem	gnezdo
1	6	gradilište	NOUN	kupujemprodajem	gradilište
1	6	grudni	ADJ	kupujemprodajem	grudna grudni
1	6	humus	NOUN	kupujemprodajem	humus
1	6	imela	NOUN	ikea.rs	imela
1	6	infuzija	NOUN	kupujemprodajem	infuziju
1	6	inteligentan	ADJ	kupujemprodajem	inteligentni
1	6	interfejs	NOUN	kupujemprodajem	interfejs interfejsom
1	6	ion	NOUN	kupujemprodajem	ion
1	6	isprati	ADJ	jysk.rs	isprani
1	6	jonski	ADJ	ikea.rs	jonska
1	6	kafanski	ADJ	kupujemprodajem	kafanske kafanski
1	6	karaoke	NOUN	kupujemprodajem	karaoke
1	6	katana	NOUN	kupujemprodajem	katana
1	6	kauboj	NOUN	kupujemprodajem	kauboj kauboja
1	6	koka	NOUN	kupujemprodajem	koke
1	6	koker	NOUN	kupujemprodajem	koker
1	6	komadant	NOUN	kupujemprodajem	komadant
1	6	kompresija	NOUN	kupujemprodajem	kompresija kompresije
1	6	koncentrator	NOUN	kupujemprodajem	koncentrator
1	6	kondezator	NOUN	kupujemprodajem	kondezator
1	6	kos	NOUN	kupujemprodajem	kos
1	6	kraba	NOUN	kupujemprodajem	kraba
1	6	krplenje	NOUN	kupujemprodajem	krpljenje
1	6	krstarenje	NOUN	kupujemprodajem	krstarenja
1	6	krštenje	NOUN	kupujemprodajem	krštenje
1	6	kudelja	NOUN	kupujemprodajem	kudelja
1	6	lepotica	NOUN	kupujemprodajem	lepotica
1	6	libero	NOUN	kupujemprodajem	libero
1	6	lim	NOUN	kupujemprodajem	lim lima
1	6	lingvistika	NOUN	kupujemprodajem	lingvistika
1	6	lokator	NOUN	kupujemprodajem	lokator
1	6	lopov	NOUN	kupujemprodajem	lopov
1	6	lovor	NOUN	kupujemprodajem	lovor
1	6	lula	NOUN	kupujemprodajem	lula
1	6	maglenka	NOUN	kupujemprodajem	maglenke
1	6	magnat	NOUN	kupujemprodajem	magnat
1	6	majolika	NOUN	kupujemprodajem	majolika
1	6	medaljon	NOUN	kupujemprodajem	medaljon
1	6	megafon	NOUN	kupujemprodajem	megafon
1	6	mikrofonski	ADJ	kupujemprodajem	mikrofonski
1	6	mister	NOUN	kupujemprodajem	mister
1	6	mišolovka	NOUN	kupujemprodajem	mišolovka
1	6	mokro	ADV	kupujemprodajem	mokro
1	6	motion	NOUN	kupujemprodajem	motion
1	6	napolitanka	NOUN	voli.me	napolitanke
1	6	nemački	ADJ	kupujemprodajem	nemački nemačkog
1	6	ninja	NOUN	kupujemprodajem	ninja
1	6	obradni	ADJ	kupujemprodajem	obradni
1	6	obrtaj	NOUN	kupujemprodajem	obrtaja
1	6	opasač	NOUN	kupujemprodajem	opasač
1	6	opoziv	NOUN	maxi.rs	opozivu opoziv opoziva
1	6	opterećenje	NOUN	ikea.rs	opterećenje
1	6	ovčar	NOUN	kupujemprodajem	ovčar ovčara
1	6	panorama	NOUN	kupujemprodajem	panorama
1	6	parni	ADJ	kupujemprodajem	parna parni
1	6	perfektan	ADJ	kupujemprodajem	perfektna
1	6	planinarski	ADJ	kupujemprodajem	planinarska planinarske
1	6	plastificirano	ADV	kupujemprodajem	plastificirano
1	6	podlaktica	NOUN	kupujemprodajem	podlaktice
1	6	pokretan	ADJ	kupujemprodajem	pokretna pokretne
1	6	prenosno	ADV	kupujemprodajem	prenosno
1	6	preslica	NOUN	kupujemprodajem	preslica
1	6	preuređenje	NOUN	ikea.rs	preuređenje
1	6	prevremeno	ADV	kupujemprodajem	prevremeno
1	6	primorski	ADJ	oglasi.me	primorska
1	6	programator	NOUN	kupujemprodajem	programator
1	6	programski	ADJ	kupujemprodajem	programski programskog
1	6	propeler	NOUN	kupujemprodajem	propeleri propelerom
1	6	prsa	NOUN	kupujemprodajem	prsa
1	6	quest	NOUN	kupujemprodajem	quest
1	6	raspršivač	NOUN	kupujemprodajem	raspršivač raspršivačem
1	6	razdelnik	NOUN	kupujemprodajem	razdelnici razdelnik
1	6	remen	NOUN	kupujemprodajem	remen
1	6	rendžer	NOUN	kupujemprodajem	rendžer
1	6	resin	ADJ	kupujemprodajem	resin
1	6	rezni	ADJ	kupujemprodajem	rezna rezni
1	6	ribolovački	ADJ	kupujemprodajem	ribolovačka ribolovačke ribolovački
1	6	roker	NOUN	kupujemprodajem	rokeri
1	6	rotvajler	NOUN	kupujemprodajem	rotvajler
1	6	sablja	NOUN	kupujemprodajem	sablja sablje
1	6	samac	NOUN	jysk.rs	samac
1	6	samohodan	ADJ	kupujemprodajem	samohodna
1	6	sekač	NOUN	kupujemprodajem	sekač
1	6	simulator	NOUN	kupujemprodajem	simulator
1	6	siriti	ADJ	kupujemprodajem	siren
1	6	skala	NOUN	kupujemprodajem	skala
1	6	skins	NOUN	kupujemprodajem	skins
1	6	sklapanje	NOUN	kupujemprodajem	sklapanje
1	6	slomiti	ADJ	kupujemprodajem	slomljenih
1	6	služben	ADJ	kupujemprodajem	službena službeni
1	6	spinning	NOUN	kupujemprodajem	spinning
1	6	sprinter	NOUN	kupujemprodajem	sprinter
1	6	stap	NOUN	kupujemprodajem	stap stapove
1	6	starter	NOUN	kupujemprodajem	starter
1	6	stick	NOUN	kupujemprodajem	stick
1	6	stiropor	NOUN	kupujemprodajem	stiropor stiropora
1	6	stojadin	NOUN	kupujemprodajem	stojadin
1	6	stop	NOUN	kupujemprodajem	stop
1	6	straža	NOUN	kupujemprodajem	straža
1	6	strug	NOUN	kupujemprodajem	strug
1	6	svadben	ADJ	ikea.rs	svadbene
1	6	sveobuhvatan	ADJ	emmezeta.rs	sveobuhvatan sveobuhvatne sveobuhvatnu
1	6	tabak	NOUN	kupujemprodajem	tabak
1	6	tartuf	NOUN	kupujemprodajem	tartufe
1	6	terminator	NOUN	kupujemprodajem	terminator
1	6	treset	NOUN	kupujemprodajem	treset
1	6	triangl	NOUN	kupujemprodajem	triangle
1	6	udarni	ADJ	kupujemprodajem	udarni
1	6	uditi	VERB	maxi.rs	ude
1	6	uklonjiv	ADJ	ikea.rs	uklonjiva uklonjive
1	6	ultrazvučan	ADJ	kupujemprodajem	ultrazvučni
1	6	union	NOUN	kupujemprodajem	union
1	6	uspavati	ADJ	kupujemprodajem	uspavana
1	6	vafl	NOUN	kupujemprodajem	vafle
1	6	vanredan	ADJ	kupujemprodajem	vanredna vanredni
1	6	vatrogasan	ADJ	kupujemprodajem	vatrogasna vatrogasni
1	6	ventilacioni	ADJ	kupujemprodajem	ventilaciona
1	6	vesnik	NOUN	kupujemprodajem	vesnik vjesnik
1	6	vizir	NOUN	kupujemprodajem	vizir
1	6	vizualizacija	NOUN	emmezeta.rs	vizualizacija vizualizacije vizualizaciju
1	6	višnji	ADJ	kupujemprodajem	višnja
1	6	vreteno	NOUN	kupujemprodajem	vreteno
1	6	vrteška	NOUN	kupujemprodajem	vrteška
1	6	vukovarski	ADJ	kupujemprodajem	vukovarskog
1	6	wat	NOUN	kupujemprodajem	wati
1	6	zasluga	NOUN	kupujemprodajem	zasluge
1	6	zavoj	NOUN	kupujemprodajem	zavoji
1	6	zenski	ADJ	kupujemprodajem	zenski
1	6	zurka	NOUN	kupujemprodajem	zurke
1	6	zvezdin	ADJ	kupujemprodajem	zvezdina
1	6	članski	ADJ	kupujemprodajem	članska
1	6	šišanje	NOUN	kupujemprodajem	šišanje
1	6	šušanj	NOUN	oglasi.me	šušanj
1	6	ženka	NOUN	kupujemprodajem	ženka
1	6	žig	NOUN	kupujemprodajem	žigom
1	5	anker	NOUN	kupujemprodajem	ankerom
1	5	benzinac	NOUN	kupujemprodajem	benzinac
1	5	bezvremenski	ADJ	ikea.rs	bezvremenski bezvremenskog bezvremenske
1	5	depilacija	NOUN	ananas.rs	depilacija depilaciju
1	5	ekstruder	NOUN	kupujemprodajem	ekstruder ekstruderu
1	5	filatelist	NOUN	kupujemprodajem	filateliste filatelisti
1	5	fizika	NOUN	oglasi.me	fizika
1	5	fotografski	ADJ	kupujemprodajem	fotografska fotografske fotografsku
1	5	gaz	NOUN	kupujemprodajem	gaz
1	5	generacija	NOUN	kupujemprodajem	generacija
1	5	idejni	ADJ	emmezeta.rs	idejnog idejno
1	5	insignija	NOUN	kupujemprodajem	insignija
1	5	izdavati	VERB	oglasi.me	izdajem
1	5	izvršenje	NOUN	maxi.rs	izvršenje izvršenja
1	5	manuelni	ADJ	kupujemprodajem	manuelni manuelna
1	5	meriv	ADJ	kupujemprodajem	meriva
1	5	neverovatan	ADJ	ikea.rs	neverovatne neverovatnim
1	5	obraditi	ADJ	maxi.rs	obradili obrađeni obradimo
1	5	označavati	VERB	ikea.rs	označava
1	5	pomoćnik	NOUN	ikea.rs	pomoćnik pomoćnici pomoćnicima
1	5	porodičan	ADJ	ikea.rs	porodične
1	5	premestiti	ADJ	ikea.rs	premesti premestite premešten
1	5	priključni	ADJ	kupujemprodajem	priključni priključne
1	5	princ	NOUN	kupujemprodajem	princ
1	5	prtljag	NOUN	kupujemprodajem	prtljag prtljaga
1	5	secesija	NOUN	kupujemprodajem	secesija
1	5	specifično	ADV	kupujemprodajem	specifično
1	5	stiker	NOUN	kupujemprodajem	stiker stikeri
1	5	stream	NOUN	ananas.rs	stream
1	5	svesti	VERB	ikea.rs	svedeni svedene svedenog
1	5	teći	VERB	ikea.rs	teče tekla
1	5	tekstura	NOUN	ikea.rs	teksturama teksture tekstura
1	5	uroniti	VERB	ikea.rs	uroni
1	5	viljuškar	NOUN	kupujemprodajem	viljuškar viljuškara viljuškari
1	5	zamoliti	VERB	maxi.rs	zamoliti zamolićemo
1	5	zasnivati	VERB	maxi.rs	zasniva zasnivaju zasnivali
1	4	autoelektričar	NOUN	kupujemprodajem	autoelektričar
1	4	autolimar	NOUN	kupujemprodajem	autolimar
1	4	automehaničar	NOUN	kupujemprodajem	automehaničar
1	4	belka	NOUN	kupujemprodajem	belko
1	4	biro	NOUN	oglasi.me	biro
1	4	boom	NOUN	kupujemprodajem	boom
1	4	brošura	NOUN	kupujemprodajem	brošura
1	4	burad	NOUN	kupujemprodajem	burad buradi
1	4	cargo	NOUN	kupujemprodajem	cargo
1	4	crvenosmeđ	ADJ	ikea.rs	crvenosmeđa
1	4	darivanje	NOUN	ananas.rs	darivanja
1	4	dolac	NOUN	kupujemprodajem	dolce
1	4	dorada	NOUN	emmezeta.rs	dorada doradu
1	4	električar	NOUN	kupujemprodajem	električar
1	4	espreso	NOUN	kupujemprodajem	espreso espresa
1	4	fleka	NOUN	jysk.rs	fleka fleke
1	4	ful	ADV	kupujemprodajem	ful
1	4	goblen	NOUN	kupujemprodajem	gobleni goblena
1	4	gusle	NOUN	kupujemprodajem	gusle
1	4	interes	NOUN	maxi.rs	interesa interesu
1	4	izdavački	ADJ	kupujemprodajem	izdavačkoj izdavačkih
1	4	izolacioni	ADJ	kupujemprodajem	izolacioni
1	4	kalem	NOUN	kupujemprodajem	kalem
1	4	keramičar	NOUN	kupujemprodajem	keramičar
1	4	komplement	NOUN	ikea.rs	komplement
1	4	korigovati	ADJ	maxi.rs	korigovano
1	4	korporativan	ADJ	emmezeta.rs	korporativne korporativnih
1	4	krojenje	NOUN	kupujemprodajem	krojenje
1	4	lady	NOUN	kupujemprodajem	lady
1	4	lakiran	ADJ	ikea.rs	lakirana
1	4	legitiman	ADJ	maxi.rs	legitimnih legitimnim
1	4	limuzina	NOUN	kupujemprodajem	limuzina
1	4	magazin	NOUN	kupujemprodajem	magazine magazina
1	4	metalostrugar	NOUN	kupujemprodajem	metalostrugar
1	4	mlak	ADJ	ikea.rs	mlaki
1	4	natpis	NOUN	kupujemprodajem	natpis natpisi
1	4	neo	NOUN	kupujemprodajem	neo
1	4	neprimetno	ADV	ikea.rs	neprimetno
1	4	niskogradnja	NOUN	kupujemprodajem	niskogradnju
1	4	objedinjivati	VERB	ikea.rs	objedinjuju objedinjuje
1	4	obuka	NOUN	kupujemprodajem	obuku
1	4	odlagati	VERB	ikea.rs	odlažu odlaže odlaži
1	4	oprati	VERB	jysk.rs	operete oprati
1	4	opremati	VERB	ikea.rs	opremaš
1	4	osvajač	NOUN	ikea.rs	osvajače
1	4	osvežavanje	NOUN	emmezeta.rs	osvežavanja
1	4	otkloniti	VERB	ikea.rs	otkloni
1	4	pancerica	NOUN	kupujemprodajem	pancerice
1	4	photoshop	NOUN	kupujemprodajem	photoshop
1	4	pisanje	NOUN	emmezeta.rs	pisanje pisanja pisanju
1	4	plovilo	NOUN	kupujemprodajem	plovila
1	4	plug	NOUN	kupujemprodajem	plug plugova
1	4	pokrivati	VERB	ikea.rs	pokriva pokrivaju pokrivamo
1	4	primerak	NOUN	kupujemprodajem	primerak primerke
1	4	pristupiti	VERB	maxi.rs	pristupiti pristupite
1	4	prozirno	ADV	ikea.rs	prozirno
1	4	pulen	NOUN	kupujemprodajem	pulena
1	4	puštati	VERB	ikea.rs	pušta
1	4	rafting	NOUN	oglasi.me	rafting
1	4	raspoloženje	NOUN	ikea.rs	raspoloženje raspoloženju
1	4	receptura	NOUN	maxi.rs	recepturu recepture recepturi
1	4	referenca	NOUN	ikea.rs	reference
1	4	reljef	NOUN	kupujemprodajem	reljef reljefi
1	4	retkost	NOUN	kupujemprodajem	retkost retkosti
1	4	revers	NOUN	ananas.rs	reverse
1	4	ronilački	ADJ	kupujemprodajem	ronilačka ronilačke
1	4	sastavan	ADJ	emmezeta.rs	sastavne sastavni
1	4	seoski	ADJ	ikea.rs	seoski seoska seoskoj
1	4	studijski	ADJ	kupujemprodajem	studijska
1	4	suptilan	ADJ	ikea.rs	suptilni suptilnom
1	4	tigrica	NOUN	kupujemprodajem	tigrica
1	4	tobogan	NOUN	kupujemprodajem	tobogani tobogane
1	4	travnat	ADJ	ikea.rs	travnate
1	4	ubaciti	VERB	ikea.rs	ubaci ubaciš
1	4	ufati	VERB	maxi.rs	ufa
1	4	ugovoran	ADJ	maxi.rs	ugovorne ugovorna ugovornih
1	4	unikatan	ADJ	kupujemprodajem	unikatni
1	4	una	NOUN	kupujemprodajem	uno
1	4	unovčiti	VERB	kupujemprodajem	unovčiti unovči unovčiš
1	4	vinoteka	NOUN	emmezeta.rs	vinoteka
1	4	visokogradnja	NOUN	kupujemprodajem	visokogradnju
1	4	visoravan	NOUN	ikea.rs	visoravni
1	4	vlaknast	ADJ	jysk.me	vlaknasti vlaknastim
1	4	vodoinstalater	NOUN	kupujemprodajem	vodoinstalater
1	4	vulkanizer	NOUN	kupujemprodajem	vulkanizer
1	4	zvaničan	ADJ	maxi.rs	zvaničnu zvanične zvaničnih
1	4	šarm	NOUN	ikea.rs	šarma
1	3	aerodromski	ADJ	kupujemprodajem	aerodromski
1	3	akreditacija	NOUN	kupujemprodajem	akreditacije
1	3	aksijalan	ADJ	kupujemprodajem	aksijalni
1	3	aktiv	NOUN	kupujemprodajem	aktiv
1	3	alternator	NOUN	kupujemprodajem	alternatora
1	3	amblem	NOUN	kupujemprodajem	amblem
1	3	amortizovati	ADJ	kupujemprodajem	amortizovani
1	3	anali	NOUN	kupujemprodajem	anali
1	3	analitički	ADJ	maxi.rs	analitički analitičkih analitičkom
1	3	ananasov	ADJ	ananas.rs	ananasovi
1	3	ansambl	NOUN	kupujemprodajem	ansambl
1	3	antialergijski	ADJ	jysk.rs	antialergijski antialergijskim
1	3	antikvarnica	NOUN	kupujemprodajem	antikvarnica
1	3	apotekarski	ADJ	kupujemprodajem	apotekarska
1	3	aprilski	ADJ	ananas.rs	aprilska
1	3	arhangel	NOUN	kupujemprodajem	arhangel
1	3	asimetričan	ADJ	kupujemprodajem	asimetrična
1	3	astro	ADV	kupujemprodajem	astro
1	3	astrologija	NOUN	kupujemprodajem	astrologija
1	3	astronaut	NOUN	kupujemprodajem	astronaut
1	3	atar	NOUN	kupujemprodajem	atari
1	3	atestiranje	NOUN	kupujemprodajem	atestiranje
1	3	atletski	ADJ	kupujemprodajem	atletskog
1	3	austrougarski	ADJ	kupujemprodajem	austrougarski
1	3	automatika	NOUN	kupujemprodajem	automatika
1	3	ažuran	ADJ	kupujemprodajem	ažuran
1	3	bakaran	ADJ	kupujemprodajem	bakarne
1	3	balada	NOUN	kupujemprodajem	balada
1	3	balast	NOUN	kupujemprodajem	balast
1	3	balkonski	ADJ	oglasi.me	balkonskih
1	3	ban	NOUN	kupujemprodajem	ban
1	3	baterijski	ADJ	kupujemprodajem	baterijska
1	3	beogradski	ADJ	kupujemprodajem	beogradski
1	3	beretka	NOUN	kupujemprodajem	beretka
1	3	besprekoran	ADJ	ikea.rs	besprekornim besprekornog besprekornu
1	3	betoniranje	NOUN	kupujemprodajem	betoniranje
1	3	bezvremen	ADJ	ikea.rs	bezvremeni bezvremenim
1	3	biceps	NOUN	kupujemprodajem	biceps
1	3	bimetal	NOUN	kupujemprodajem	bimetal
1	3	biranje	NOUN	ikea.rs	biranje
1	3	boemski	ADJ	jysk.rs	boemski
1	3	bogaz	NOUN	kupujemprodajem	bogaze
1	3	borben	ADJ	kupujemprodajem	borbeni
1	3	boss	NOUN	kupujemprodajem	boss
1	3	bot	NOUN	kupujemprodajem	bot
1	3	brbljiv	ADJ	kupujemprodajem	brbljivi
1	3	breg	NOUN	kupujemprodajem	breg
1	3	britva	NOUN	kupujemprodajem	britva
1	3	brojač	NOUN	kupujemprodajem	brojačem
1	3	bronzan	ADJ	kupujemprodajem	bronzana
1	3	brusni	ADJ	kupujemprodajem	brusna
1	3	brusiti	ADJ	kupujemprodajem	brušeno
1	3	bugarski	ADJ	kupujemprodajem	bugarski
1	3	bukov	ADJ	kupujemprodajem	bukov
1	3	bukvalno	ADV	kupujemprodajem	bukvalno
1	3	buldožer	NOUN	kupujemprodajem	buldožer
1	3	buha	NOUN	kupujemprodajem	busi
1	3	bušiti	VERB	kupujemprodajem	buši
1	3	carinski	ADJ	kupujemprodajem	carinski
1	3	celulit	NOUN	kupujemprodajem	celulita
1	3	centrala	NOUN	kupujemprodajem	centrale
1	3	centrifugalan	ADJ	kupujemprodajem	centrifugalni
1	3	cep	NOUN	kupujemprodajem	cepova
1	3	ceriti	VERB	kupujemprodajem	ceri
1	3	cetinski	ADJ	kupujemprodajem	cetinski
1	3	chatati	VERB	jysk.rs	chata
1	3	ciganin	NOUN	kupujemprodajem	cigani
1	3	ciganski	ADJ	kupujemprodajem	ciganska
1	3	cink	NOUN	kupujemprodajem	cink
1	3	crack	NOUN	kupujemprodajem	crack
1	3	crno-bel	ADJ	kupujemprodajem	crno-bele
1	3	cuclati	VERB	kupujemprodajem	cucla
1	3	datoteka	NOUN	maxi.rs	datoteke
1	3	dašak	NOUN	ikea.rs	dašak
1	3	deonica	NOUN	kupujemprodajem	deonica
1	3	despotov	ADJ	kupujemprodajem	despotov
1	3	destilator	NOUN	kupujemprodajem	destilator
1	3	detektovanje	NOUN	kupujemprodajem	detektovanje
1	3	dinosaur	NOUN	kupujemprodajem	dinosaura
1	3	dirka	NOUN	kupujemprodajem	dirki
1	3	diverzantski	ADJ	kupujemprodajem	diverzantski
1	3	dizajnerka	NOUN	ikea.rs	dizajnerka
1	3	dečje	ADV	jysk.me	dječje
1	3	doga	NOUN	kupujemprodajem	doga
1	3	dokolica	NOUN	kupujemprodajem	dokolice
1	3	dopler	NOUN	kupujemprodajem	dopler
1	3	dragon	NOUN	kupujemprodajem	dragon
1	3	drijenak	NOUN	oglasi.me	drijenak
1	3	drvar	NOUN	kupujemprodajem	drvar
1	3	drvce	NOUN	kupujemprodajem	drvce
1	3	duet	NOUN	kupujemprodajem	duet
1	3	dunja	NOUN	kupujemprodajem	dunje
1	3	dvobroj	NOUN	kupujemprodajem	dvobroj
1	3	dvokanalni	ADJ	kupujemprodajem	dvokanalne
1	3	dvokrilan	ADJ	oglasi.me	dvokrilnih
1	3	dvorski	ADJ	kupujemprodajem	dvorske
1	3	džul	NOUN	kupujemprodajem	džuli
1	3	e-tron	NOUN	kupujemprodajem	e-tron
1	3	efekt	NOUN	kupujemprodajem	efektima
1	3	ekonomika	NOUN	kupujemprodajem	ekonomika
1	3	ekonomičan	ADJ	kupujemprodajem	najekonomičniju ekonomični
1	3	ekspander	NOUN	kupujemprodajem	ekspander
1	3	electro	ADV	kupujemprodajem	electro
1	3	electronic	NOUN	kupujemprodajem	electronic
1	3	elita	NOUN	kupujemprodajem	elite
1	3	elitan	ADJ	kupujemprodajem	elitni
1	3	endoskopski	ADJ	kupujemprodajem	endoskopska
1	3	eteričan	ADJ	kupujemprodajem	eteričnog
1	3	etida	NOUN	kupujemprodajem	etida
1	3	evro	NOUN	kupujemprodajem	evro
1	3	faca	NOUN	kupujemprodajem	facom
1	3	fama	NOUN	kupujemprodajem	fame
1	3	fest	NOUN	kupujemprodajem	fest
1	3	fetalan	ADJ	kupujemprodajem	fetalni
1	3	fiber	NOUN	kupujemprodajem	fiber
1	3	fijaker	NOUN	kupujemprodajem	fijaker
1	3	flaster	NOUN	kupujemprodajem	flasteri
1	3	flomaster	NOUN	ikea.rs	flomasteri flomastera
1	3	folder	NOUN	kupujemprodajem	folder
1	3	folio	NOUN	kupujemprodajem	folio
1	3	forum	NOUN	kupujemprodajem	forum
1	3	frekventan	ADJ	kupujemprodajem	frekventni
1	3	fundus	NOUN	kupujemprodajem	fundus
1	3	furgon	NOUN	kupujemprodajem	furgon
1	3	gajbica	NOUN	kupujemprodajem	gajbice
1	3	gajenje	NOUN	kupujemprodajem	gajenje
1	3	gamer	NOUN	kupujemprodajem	gamer
1	3	garda	NOUN	kupujemprodajem	garda
1	3	geografski	ADJ	kupujemprodajem	geografske
1	3	geološki	ADJ	kupujemprodajem	geološki
1	3	gigant	NOUN	kupujemprodajem	gigant
1	3	glasovni	ADJ	kupujemprodajem	glasovni
1	3	glatko	ADV	ikea.rs	glatko
1	3	goditi	VERB	kupujemprodajem	gode
1	3	gorica	NOUN	oglasi.me	gorica
1	3	gorski	ADJ	kupujemprodajem	gorski
1	3	gospodariti	VERB	kupujemprodajem	gospodariti
1	3	grana	NOUN	kupujemprodajem	grane
1	3	graviranje	NOUN	kupujemprodajem	graviranje
1	3	grebenast	ADJ	kupujemprodajem	grebenasti
1	3	gudalo	NOUN	kupujemprodajem	gudalom
1	3	guljenje	NOUN	kupujemprodajem	guljenje
1	3	gumirati	ADJ	kupujemprodajem	gumiranom
1	3	gun	NOUN	kupujemprodajem	gun
1	3	guru	NOUN	kupujemprodajem	guru
1	3	hala	NOUN	kupujemprodajem	halo
1	3	haski	NOUN	kupujemprodajem	haski
1	3	hečbek	ADV	kupujemprodajem	hečbek
1	3	hi-fi	NOUN	kupujemprodajem	hi-fi
1	3	hidraulički	ADJ	kupujemprodajem	hidraulički
1	3	hipnotizer	NOUN	kupujemprodajem	hipnotizer
1	3	hir	NOUN	kupujemprodajem	hir
1	3	hitan	ADJ	kupujemprodajem	hitnu
1	3	hladnjača	NOUN	kupujemprodajem	hladnjača
1	3	horizontalan	ADJ	kupujemprodajem	horizontalni
1	3	horoskop	NOUN	kupujemprodajem	horoskop
1	3	horoskopski	ADJ	kupujemprodajem	horoskopski
1	3	hranljiv	ADJ	maxi.rs	hranljiv hranljivih hranljivu
1	3	humor	NOUN	kupujemprodajem	humor
1	3	husitski	ADJ	kupujemprodajem	husitska
1	3	ibis	NOUN	kupujemprodajem	ibis
1	3	ilirski	ADJ	kupujemprodajem	ilirska
1	3	imovinski	ADJ	kupujemprodajem	imovinski
1	3	indijanac	NOUN	kupujemprodajem	indijance
1	3	induktivan	ADJ	kupujemprodajem	induktivni
1	3	infinitiv	NOUN	kupujemprodajem	infinitive
1	3	inkubator	NOUN	kupujemprodajem	inkubator
1	3	inspekcijski	ADJ	kupujemprodajem	inspekcijska
1	3	integralno	ADV	kupujemprodajem	integralno
1	3	invertor	NOUN	kupujemprodajem	invertor
1	3	investicijski	ADJ	kupujemprodajem	investicijski
1	3	investment	NOUN	kupujemprodajem	investment
1	3	isečak	NOUN	kupujemprodajem	isečak
1	3	isijavanje	NOUN	kupujemprodajem	isijavanje
1	3	islam	NOUN	kupujemprodajem	islama
1	3	isplakati	VERB	kupujemprodajem	isplači
1	3	istekao	ADJ	kupujemprodajem	isteklim
1	3	istovarni	ADJ	kupujemprodajem	istovarni
1	3	izaslanstvo	NOUN	kupujemprodajem	izaslanstva
1	3	izmet	NOUN	kupujemprodajem	izmet
1	3	izolovati	ADJ	kupujemprodajem	izolovanih
1	3	izvestan	ADJ	kupujemprodajem	izvestan
1	3	izviđački	ADJ	kupujemprodajem	izviđačko
1	3	izvoran	ADJ	kupujemprodajem	izvorne
1	3	izvođač	NOUN	kupujemprodajem	izvođača
1	3	jastvo	NOUN	kupujemprodajem	jastva
1	3	jačanje	NOUN	kupujemprodajem	jačanje
1	3	jednostran	ADJ	kupujemprodajem	jednostrani
1	3	jelenski	ADJ	kupujemprodajem	jelenski
1	3	ježev	ADJ	kupujemprodajem	ježev
1	3	jubilaran	ADJ	kupujemprodajem	jubilarna
1	3	jugoslovenski	ADJ	kupujemprodajem	jugoslovenski
1	3	jumper	NOUN	kupujemprodajem	jumper
1	3	južnoslovenski	ADJ	kupujemprodajem	južnoslovenskim
1	3	kalaj	NOUN	kupujemprodajem	kalaj
1	3	kalibracija	NOUN	kupujemprodajem	kalibraciju
1	3	kamerica	NOUN	kupujemprodajem	kamerica
1	3	kamper	NOUN	kupujemprodajem	kampere
1	3	kamuflažni	ADJ	kupujemprodajem	kamuflažna
1	3	kanarinac	NOUN	kupujemprodajem	kanarince
1	3	kana	NOUN	kupujemprodajem	kane
1	3	kantarion	NOUN	kupujemprodajem	kantarion
1	3	kapica	NOUN	kupujemprodajem	kapica
1	3	karabinjer	NOUN	kupujemprodajem	karabinjer
1	3	karbonski	ADJ	kupujemprodajem	karbonski
1	3	karika	NOUN	kupujemprodajem	karike
1	3	kaučev	ADJ	jysk.me	kaučevi kaučeve
1	3	kavkaski	ADJ	kupujemprodajem	kavkaski
1	3	ker	NOUN	kupujemprodajem	ker
1	3	kesica	NOUN	kupujemprodajem	kesice
1	3	kečer	NOUN	kupujemprodajem	kečeri
1	3	kila	NOUN	kupujemprodajem	kila
1	3	klackalica	NOUN	kupujemprodajem	klackalica
1	3	klas	NOUN	kupujemprodajem	klas
1	3	klaster	NOUN	kupujemprodajem	klastera
1	3	klipni	ADJ	kupujemprodajem	klipni
1	3	kliziti	VERB	ikea.rs	klize
1	3	kloniranje	NOUN	kupujemprodajem	kloniranje
1	3	knauf	NOUN	kupujemprodajem	knauf
1	3	kokošinjac	NOUN	kupujemprodajem	kokošinjac
1	3	kolona	NOUN	kupujemprodajem	kolona
1	3	komadić	NOUN	maxi.rs	komadićima komadići
1	3	kombo	NOUN	ikea.rs	kombo
1	3	komora	NOUN	kupujemprodajem	komorom
1	3	komp	NOUN	maxi.rs	komp
1	3	komunist	NOUN	kupujemprodajem	komunista
1	3	konjic	NOUN	kupujemprodajem	konjic
1	3	konkvistador	NOUN	kupujemprodajem	konkvistadori
1	3	kontinentalan	ADJ	jysk.rs	kontinentalne kontinentalni kontinentalnim
1	3	kobac	NOUN	kupujemprodajem	kopca
1	3	korejski	ADJ	kupujemprodajem	korejski
1	3	kotur	NOUN	kupujemprodajem	kotura
1	3	krak	NOUN	kupujemprodajem	krakova
1	3	krasota	NOUN	kupujemprodajem	krasota
1	3	kratkodlak	ADJ	kupujemprodajem	kratkodlakog
1	3	kreativno	ADV	kupujemprodajem	kreativno
1	3	krevetić	NOUN	kupujemprodajem	krevetić
1	3	krilni	ADJ	kupujemprodajem	krilnu
1	3	kucati	VERB	kupujemprodajem	kuca
1	3	kuhinjica	NOUN	kupujemprodajem	kuhinjica
1	3	kumulirati	VERB	emmezeta.rs	kumulirati
1	3	kuna	NOUN	kupujemprodajem	kuna
1	3	kundalini	NOUN	kupujemprodajem	kundalini
1	3	kunić	NOUN	kupujemprodajem	kunića
1	3	kutijica	NOUN	kupujemprodajem	kutijici
1	3	kvartet	NOUN	kupujemprodajem	kvartet
1	3	lamela	NOUN	kupujemprodajem	lamela
1	3	laso	NOUN	kupujemprodajem	lasa
1	3	lavlji	ADJ	kupujemprodajem	lavlja
1	3	laziti	VERB	oglasi.me	lazi
1	3	laški	ADJ	kupujemprodajem	laško
1	3	lažan	ADJ	kupujemprodajem	lažna
1	3	lekovit	ADJ	kupujemprodajem	lekovitog
1	3	lepljenje	NOUN	kupujemprodajem	lepljenje
1	3	letač	NOUN	kupujemprodajem	letač
1	3	libra	NOUN	kupujemprodajem	libra
1	3	liga	NOUN	kupujemprodajem	liga
1	3	limes	NOUN	kupujemprodajem	limes
1	3	levoruk	ADJ	kupujemprodajem	ljevoruki
1	3	ljiljan	NOUN	kupujemprodajem	ljiljana
1	3	lopata	NOUN	kupujemprodajem	lopata
1	3	lopatar	NOUN	kupujemprodajem	lopatara
1	3	lovni	ADJ	kupujemprodajem	lovni
1	3	luna	NOUN	kupujemprodajem	luna
1	3	mafin	NOUN	kupujemprodajem	mafine
1	3	magnetofonski	ADJ	kupujemprodajem	magnetofonske
1	3	majčin	ADJ	kupujemprodajem	majčinog
1	3	maklja	NOUN	kupujemprodajem	maklja
1	3	malen	ADJ	kupujemprodajem	malena
1	3	markiranje	NOUN	kupujemprodajem	markiranje
1	3	marokanski	ADJ	kupujemprodajem	marokanska
1	3	masažni	ADJ	jysk.me	masažna masažni
1	3	masiranje	NOUN	kupujemprodajem	masiranje
1	3	masiv	NOUN	kupujemprodajem	masiv
1	3	maskirni	ADJ	kupujemprodajem	maskirni
1	3	maslen	ADJ	kupujemprodajem	maslen
1	3	mastan	ADJ	kupujemprodajem	masnih
1	3	masters	NOUN	kupujemprodajem	masters
1	3	masa	NOUN	kupujemprodajem	masu
1	3	matador	NOUN	kupujemprodajem	matador
1	3	materijalizam	NOUN	kupujemprodajem	materijalizmu
1	3	mauzolej	NOUN	kupujemprodajem	mauzoleja
1	3	mačić	NOUN	kupujemprodajem	mačići
1	3	mačor	NOUN	kupujemprodajem	mačora
1	3	mediteranski	ADJ	kupujemprodajem	mediteranski
1	3	memoar	NOUN	kupujemprodajem	memoari
1	3	mentol	NOUN	jysk.me	mentol
1	3	mesija	NOUN	kupujemprodajem	mesija
1	3	mesingan	ADJ	kupujemprodajem	mesingana
1	3	metlica	NOUN	kupujemprodajem	metlica
1	3	metodika	NOUN	kupujemprodajem	metodika
1	3	metronom	NOUN	kupujemprodajem	metronome
1	3	mešalica	NOUN	kupujemprodajem	mešalica
1	3	mig	NOUN	kupujemprodajem	mig
1	3	mikrobiološki	ADJ	kupujemprodajem	mikrobiološki
1	3	miks	NOUN	kupujemprodajem	miks
1	3	miti	VERB	kupujemprodajem	milo
1	3	mimoza	NOUN	kupujemprodajem	mimoza
1	3	mineralan	ADJ	kupujemprodajem	mineralno
1	3	minijatura	NOUN	kupujemprodajem	minijatura
1	3	mističan	ADJ	kupujemprodajem	mistična
1	3	modus	NOUN	kupujemprodajem	modus
1	3	moka	NOUN	kupujemprodajem	moko
1	3	mornarica	NOUN	kupujemprodajem	mornarice
1	3	motorist	NOUN	kupujemprodajem	motorista
1	3	moving	NOUN	kupujemprodajem	moving
1	3	mrežica	NOUN	kupujemprodajem	mrežicom
1	3	mrmot	NOUN	kupujemprodajem	mrmot
1	3	mrva	NOUN	kupujemprodajem	mrve
1	3	multitalent	NOUN	kupujemprodajem	multitalent
1	3	musti	VERB	kupujemprodajem	muze
1	3	muzejski	ADJ	kupujemprodajem	muzejski
1	3	nagluvo	ADV	kupujemprodajem	nagluvo
1	3	naizmeničan	ADJ	kupujemprodajem	naizmenični
1	3	naoružanje	NOUN	kupujemprodajem	naoružanje
1	3	naponski	ADJ	kupujemprodajem	naponski
1	3	nasipanje	NOUN	kupujemprodajem	nasipanje
1	3	nastaniti	ADJ	kupujemprodajem	nastanjeno
1	3	nauk	NOUN	kupujemprodajem	nauk
1	3	nekompletan	ADJ	kupujemprodajem	nekompletan
1	3	nemo	ADV	kupujemprodajem	nemo
1	3	neon	NOUN	kupujemprodajem	neon
1	3	nepovratan	ADJ	kupujemprodajem	nepovratni
1	3	nes	NOUN	kupujemprodajem	nes
1	3	neven	NOUN	kupujemprodajem	neven
1	3	neviđeno	ADV	kupujemprodajem	neviđeno
1	3	nezaboravan	ADJ	kupujemprodajem	nezaboravni
1	3	nindža	NOUN	kupujemprodajem	nindža
1	3	nizati	VERB	ikea.rs	nižu
1	3	nosilja	NOUN	kupujemprodajem	nosilje
1	3	obavezivati	ADV	maxi.rs	obavezujemo obavezuju obavezujući
1	3	obezbeđenje	NOUN	maxi.rs	obezbeđenja
1	3	obnova	NOUN	kupujemprodajem	obnova
1	3	obolenje	NOUN	kupujemprodajem	oboljenja
1	3	odevanje	NOUN	kupujemprodajem	odevanje
1	3	odmašćivanje	NOUN	kupujemprodajem	odmašćivanje
1	3	odvažan	ADJ	ikea.rs	odvažni odvažnog
1	3	okidanje	NOUN	kupujemprodajem	okidanja
1	3	okretan	ADJ	kupujemprodajem	okretna
1	3	okupiti	VERB	ikea.rs	okupi okupili okupite
1	3	omladinski	ADJ	maxi.rs	omladinske omladinskih
1	3	opanak	NOUN	kupujemprodajem	opancima
1	3	oploditi	ADJ	kupujemprodajem	oplođena
1	3	orijaš	NOUN	kupujemprodajem	orijaša
1	3	oscilator	NOUN	kupujemprodajem	oscilatori
1	3	otkucaj	NOUN	kupujemprodajem	otkucaja
1	3	otuđenje	NOUN	kupujemprodajem	otuđenje
1	3	pad	NOUN	kupujemprodajem	pad
1	3	padobranski	ADJ	kupujemprodajem	padobranski
1	3	pantalonice	NOUN	kupujemprodajem	pantalonica
1	3	parkiranje	NOUN	kupujemprodajem	parkiranje
1	3	pasivan	ADJ	kupujemprodajem	pasivni
1	3	patrolni	ADJ	kupujemprodajem	patrolni
1	3	peka	NOUN	kupujemprodajem	peka
1	3	perač	NOUN	kupujemprodajem	perač
1	3	pesos	NOUN	kupujemprodajem	pesos
1	3	pečatiti	VERB	kupujemprodajem	pečati
1	3	piano	NOUN	kupujemprodajem	piano
1	3	pijančevanje	NOUN	kupujemprodajem	pijančevanja
1	3	pikado	NOUN	kupujemprodajem	pikado
1	3	pilica	NOUN	kupujemprodajem	pilici
1	3	piljevina	NOUN	kupujemprodajem	piljevinu
1	3	pilot	NOUN	kupujemprodajem	pilot
1	3	pinceta	NOUN	kupujemprodajem	pinceta
1	3	pink	ADV	kupujemprodajem	pink
1	3	pinč	NOUN	kupujemprodajem	pinč
1	3	pipa	NOUN	kupujemprodajem	pipe
1	3	pipeta	NOUN	kupujemprodajem	pipeta
1	3	pirotski	ADJ	kupujemprodajem	pirotski
1	3	plaketa	NOUN	kupujemprodajem	plaketa
1	3	podizač	NOUN	kupujemprodajem	podizača
1	3	podunavski	ADJ	kupujemprodajem	podunavski
1	3	pogonski	ADJ	kupujemprodajem	pogonska
1	3	pojavljivati	VERB	ikea.rs	pojavljuju pojavljuje
1	3	polipropilen	NOUN	kupujemprodajem	polipropilen
1	3	pol	NOUN	kupujemprodajem	polu
1	3	poluosovina	NOUN	kupujemprodajem	poluosovina
1	3	poluostrvo	NOUN	kupujemprodajem	poluostrva
1	3	pomeranje	NOUN	kupujemprodajem	pomeranje
1	3	pomeranski	ADJ	kupujemprodajem	pomeranski
1	3	porodilja	NOUN	kupujemprodajem	porodilje
1	3	portikla	NOUN	kupujemprodajem	portikle
1	3	porub	NOUN	ikea.rs	porub
1	3	posavski	ADJ	kupujemprodajem	posavski
1	3	poslanik	NOUN	kupujemprodajem	poslanik
1	3	posrebren	ADJ	kupujemprodajem	posrebrena
1	3	postava	NOUN	kupujemprodajem	postava
1	3	postepeno	ADV	ikea.rs	postepeno
1	3	postizati	VERB	ikea.rs	postiže
1	3	posudica	NOUN	kupujemprodajem	posudica
1	3	posvećen	ADJ	kupujemprodajem	posvećenih posvećenim posvećenog
1	3	potući	ADJ	kupujemprodajem	potučene
1	3	povećanje	NOUN	ikea.rs	povećanje povećanju
1	3	pozorišni	ADJ	kupujemprodajem	pozorišnim
1	3	pravoslavan	ADJ	kupujemprodajem	pravoslavne
1	3	precizno	ADV	kupujemprodajem	precizno preciznije
1	3	predajnik	NOUN	kupujemprodajem	predajnik
1	3	prekretnica	NOUN	kupujemprodajem	prekretnica
1	3	prelaz	NOUN	kupujemprodajem	prelazu
1	3	prenosnik	NOUN	kupujemprodajem	prenosnik
1	3	prepametan	ADJ	kupujemprodajem	prepametno
1	3	preparat	NOUN	ananas.rs	preparati
1	3	prerasti	VERB	kupujemprodajem	prerastao preraslo
1	3	preraditi	ADJ	kupujemprodajem	prerađeno
1	3	presek	NOUN	kupujemprodajem	presek
1	3	presladak	ADJ	kupujemprodajem	preslatko
1	3	pretplatni	ADJ	kupujemprodajem	pretplatna
1	3	prevlaka	NOUN	kupujemprodajem	prevlaka
1	3	prigovor	NOUN	maxi.rs	prigovor
1	3	prigušiti	VERB	ikea.rs	prigušiti
1	3	priključiti	VERB	kupujemprodajem	priključi
1	3	prim	NOUN	kupujemprodajem	prim
1	3	pripovetka	NOUN	kupujemprodajem	pripovetke
1	3	problematika	NOUN	kupujemprodajem	problematika
1	3	profilisanje	NOUN	maxi.rs	profilisanje
1	3	propadanje	NOUN	kupujemprodajem	propadanje
1	3	prosvetljenje	NOUN	kupujemprodajem	prosvetljenje
1	3	prototip	NOUN	kupujemprodajem	prototip
1	3	protočan	ADJ	kupujemprodajem	protočnim
1	3	prstenast	ADJ	kupujemprodajem	prstenasta
1	3	pružalac	NOUN	maxi.rs	pružaoci
1	3	pubertet	NOUN	kupujemprodajem	pubertet
1	3	pulsar	NOUN	kupujemprodajem	pulsar
1	3	pura	NOUN	kupujemprodajem	pure
1	3	puštanje	NOUN	kupujemprodajem	puštanja
1	3	pčelinji	ADJ	kupujemprodajem	pčelinjim
1	3	quad	NOUN	kupujemprodajem	quad
1	3	racing	NOUN	kupujemprodajem	racing
1	3	ral	NOUN	kupujemprodajem	ral
1	3	raskošan	ADJ	ikea.rs	raskošnoj raskošne
1	3	ravnoteža	NOUN	ikea.rs	ravnotežu
1	3	razmotriti	VERB	jysk.rs	razmotriti razmotrite
1	3	raznolik	ADJ	ikea.rs	raznolike raznoliki raznolikom
1	3	račvati	VERB	kupujemprodajem	račva
1	3	reflektujući	ADJ	kupujemprodajem	reflektujuće
1	3	regulacija	NOUN	kupujemprodajem	regulaciju
1	3	regulacioni	ADJ	kupujemprodajem	regulacioni
1	3	regulisati	VERB	ikea.rs	regulišeš
1	3	rekorder	NOUN	kupujemprodajem	rekorder
1	3	rekvizit	NOUN	kupujemprodajem	rekvizit
1	3	reljefan	ADJ	kupujemprodajem	reljefna
1	3	remenica	NOUN	kupujemprodajem	remenica
1	3	reostat	NOUN	kupujemprodajem	reostat
1	3	repertoar	NOUN	kupujemprodajem	repertoar
1	3	resa	NOUN	kupujemprodajem	reso
1	3	restaurirati	ADJ	kupujemprodajem	restauriran
1	3	rezač	NOUN	kupujemprodajem	rezač
1	3	rezervacija	NOUN	kupujemprodajem	rezervacija
1	3	rešetka	NOUN	kupujemprodajem	rešetka
1	3	ribnjak	NOUN	kupujemprodajem	ribnjak
1	3	rikverc	ADV	kupujemprodajem	rikverc
1	3	rotirajući	ADJ	jysk.me	rotirajuća
1	3	rubalj	NOUN	kupujemprodajem	rublji
1	3	rukovalac	NOUN	maxi.rs	rukovaocu rukovalac
1	3	sake	NOUN	kupujemprodajem	sake
1	3	samoispitivanje	NOUN	kupujemprodajem	samoispitivanja
1	3	samotan	ADJ	kupujemprodajem	samotna
1	3	samouslužni	ADJ	kupujemprodajem	samouslužna
1	3	sankcija	NOUN	kupujemprodajem	sankcija
1	3	savitljiv	ADJ	kupujemprodajem	savitljivi
1	3	scena	NOUN	kupujemprodajem	scenama
1	3	seka	NOUN	kupujemprodajem	seka
1	3	sekirati	VERB	kupujemprodajem	sekira
1	3	selektor	NOUN	kupujemprodajem	selektor
1	3	semenka	NOUN	kupujemprodajem	semenki
1	3	senator	NOUN	kupujemprodajem	senator
1	3	senzorski	ADJ	kupujemprodajem	senzorsko
1	3	ser	NOUN	kupujemprodajem	sera
1	3	servisirati	ADJ	kupujemprodajem	servisiran
1	3	sifon	NOUN	kupujemprodajem	sifon
1	3	siga	NOUN	kupujemprodajem	sigi
1	3	sila	NOUN	kupujemprodajem	sile
1	3	sineast	NOUN	kupujemprodajem	sineast
1	3	singerica	NOUN	kupujemprodajem	singerica
1	3	sintisajzer	NOUN	kupujemprodajem	sintisajzer
1	3	sirena	NOUN	kupujemprodajem	sirena
1	3	sirijski	ADJ	kupujemprodajem	sirijski
1	3	sjeme	NOUN	kupujemprodajem	sjeme
1	3	skalpirati	ADJ	kupujemprodajem	skalpirani
1	3	skateboard	NOUN	kupujemprodajem	skateboard
1	3	skejt	NOUN	kupujemprodajem	skejt
1	3	sklek	NOUN	kupujemprodajem	sklekove
1	3	skretnica	NOUN	kupujemprodajem	skretnice
1	3	slepilo	NOUN	kupujemprodajem	slepilo
1	3	slikanje	NOUN	kupujemprodajem	slikanje
1	3	služenje	NOUN	kupujemprodajem	služenje
1	3	smederevac	NOUN	kupujemprodajem	smederevac
1	3	smoking	NOUN	kupujemprodajem	smoking
1	3	socijalno	ADV	kupujemprodajem	socijalno
1	3	socket	NOUN	kupujemprodajem	socket
1	3	sonar	NOUN	kupujemprodajem	sonar
1	3	sonata	NOUN	kupujemprodajem	sonate
1	3	specijalitet	NOUN	maxi.rs	specijaliteta
1	3	spektakularan	ADJ	kupujemprodajem	spektakularni
1	3	spojni	ADJ	kupujemprodajem	spojni
1	3	spomen	NOUN	kupujemprodajem	spomen
1	3	spomenica	NOUN	kupujemprodajem	spomenica
1	3	spužvast	ADJ	kupujemprodajem	spužvastih
1	3	srednjevekovni	ADJ	kupujemprodajem	srednjevekovne
1	3	sređivanje	NOUN	ikea.rs	sređivanja
1	3	stabilan	ADJ	kupujemprodajem	stabilan
1	3	stadijum	NOUN	kupujemprodajem	stadijum
1	3	staford	NOUN	kupujemprodajem	staford
1	3	stafordski	ADJ	kupujemprodajem	stafordski
1	3	stambeni	ADJ	kupujemprodajem	stambeni
1	3	stančić	NOUN	kupujemprodajem	stančić
1	3	starina	NOUN	kupujemprodajem	starina starine
1	3	stas	NOUN	kupujemprodajem	stas
1	3	stezaljka	NOUN	kupujemprodajem	stezaljkom
1	3	stezni	ADJ	kupujemprodajem	stezne
1	3	stojeći	ADJ	kupujemprodajem	stojeća
1	3	stranka	NOUN	kupujemprodajem	stranka
1	3	streaming	NOUN	ananas.rs	streaming
1	3	struka	NOUN	kupujemprodajem	struka
1	3	sudbinski	ADJ	kupujemprodajem	sudbinske
1	3	sur	ADJ	voli.me	sure
1	3	susretati	VERB	ikea.rs	susreće susreću
1	3	suvenirnica	NOUN	kupujemprodajem	suvenirnica
1	3	svinger	NOUN	kupujemprodajem	svinger
1	3	svrdlo	NOUN	kupujemprodajem	svrdla
1	3	talisman	NOUN	kupujemprodajem	talisman
1	3	tambura	NOUN	kupujemprodajem	tambure
1	3	tanga	NOUN	jysk.me	tange
1	3	tantra	NOUN	kupujemprodajem	tantra
1	3	taverna	NOUN	kupujemprodajem	taverni
1	3	teatar	NOUN	kupujemprodajem	teatar
1	3	teleskopski	ADJ	kupujemprodajem	teleskopski
1	3	teliti	VERB	kupujemprodajem	teli
1	3	tenkovski	ADJ	kupujemprodajem	tenkovski
1	3	termalan	ADJ	kupujemprodajem	termalni
1	3	teslin	ADJ	kupujemprodajem	teslin
1	3	titanijum	NOUN	kupujemprodajem	titanijum
1	3	tjednik	NOUN	kupujemprodajem	tjednik
1	3	tonski	ADJ	kupujemprodajem	tonska
1	3	totem	NOUN	kupujemprodajem	totem
1	3	touchpad	NOUN	kupujemprodajem	touchpada
1	3	točka	NOUN	kupujemprodajem	točka
1	3	trasiranje	NOUN	kupujemprodajem	trasiranje
1	3	tračni	ADJ	kupujemprodajem	tračnu
1	3	trbušni	ADJ	kupujemprodajem	trbušnih
1	3	trbušnjak	NOUN	kupujemprodajem	trbušnjake
1	3	treking	NOUN	kupujemprodajem	treking
1	3	tren	NOUN	ikea.rs	tren
1	3	trener	NOUN	kupujemprodajem	trener
1	3	trilogija	NOUN	kupujemprodajem	trilogija
1	3	trioda	NOUN	kupujemprodajem	triode
1	3	trkanje	NOUN	kupujemprodajem	trkanje
1	3	trofazno	ADV	kupujemprodajem	trofazno
1	3	tronožac	NOUN	kupujemprodajem	tronožac
1	3	trosoban	ADJ	oglasi.me	trosoban
1	3	trupac	NOUN	kupujemprodajem	trupaca
1	3	tuf	NOUN	kupujemprodajem	tuf
1	3	tulipan	NOUN	kupujemprodajem	tulipan
1	3	turiti	VERB	kupujemprodajem	turismo
1	3	ugriz	NOUN	kupujemprodajem	ugrizi
1	3	ugrožavanje	NOUN	ikea.rs	ugrožavanja
1	3	uljan	ADJ	kupujemprodajem	uljni
1	3	umivanje	NOUN	kupujemprodajem	umivanje
1	3	univerzalno	ADV	kupujemprodajem	univerzalno
1	3	upravljački	ADJ	ikea.rs	upravljačke
1	3	urezivanje	NOUN	kupujemprodajem	urezivanje
1	3	urolati	VERB	ikea.rs	urolati urolali
1	3	usisavač	NOUN	kupujemprodajem	usisavač
1	3	uspavljivanje	NOUN	kupujemprodajem	uspavljivanje
1	3	utiskivanje	NOUN	kupujemprodajem	utiskivanje
1	3	utor	NOUN	kupujemprodajem	utora
1	3	uvijanje	NOUN	kupujemprodajem	uvijanje
1	3	uvijač	NOUN	kupujemprodajem	uvijač
1	3	vatikanski	ADJ	kupujemprodajem	vatikanska
1	3	vatren	ADJ	kupujemprodajem	vatreni
1	3	vazduhoplovni	ADJ	kupujemprodajem	vazduhoplovno
1	3	venčati	ADJ	kupujemprodajem	venčanih
1	3	veo	NOUN	kupujemprodajem	veo
1	3	vespa	NOUN	kupujemprodajem	vespa
1	3	vezica	NOUN	ikea.rs	vezicama vezice
1	3	veštičarstvo	NOUN	kupujemprodajem	veštičarstvo
1	3	vilenjak	NOUN	jysk.rs	vilenjaci vilenjaka
1	3	violončelo	NOUN	kupujemprodajem	violončelo
1	3	viti	ADJ	kupujemprodajem	vito
1	3	vitraž	NOUN	kupujemprodajem	vitražu
1	3	vizantijski	ADJ	kupujemprodajem	vizantijski
1	3	višestruk	ADJ	kupujemprodajem	višestrukih
1	3	vladar	NOUN	kupujemprodajem	vladari
1	3	vodica	NOUN	kupujemprodajem	vodice
1	3	vodilica	NOUN	kupujemprodajem	vodilicom
1	3	vodovodni	ADJ	kupujemprodajem	vodovodnim
1	3	vođica	NOUN	kupujemprodajem	vođicu
1	3	vratanca	NOUN	kupujemprodajem	vratanca
1	3	vratilo	NOUN	kupujemprodajem	vratilu
1	3	vrisak	NOUN	kupujemprodajem	vrisak
1	3	western	NOUN	kupujemprodajem	western
1	3	zadruga	NOUN	maxi.rs	zadruge zadruga
1	3	zainteresovati	VERB	kupujemprodajem	zainteresovan zainteresovana zainteresovati
1	3	zakonik	NOUN	kupujemprodajem	zakonik
1	3	zakriviti	ADJ	kupujemprodajem	zakrivljeni
1	3	zamajac	NOUN	kupujemprodajem	zamajac
1	3	zamak	NOUN	kupujemprodajem	zamak
1	3	zamenljiv	ADJ	kupujemprodajem	zamenljivih
1	3	zanatlija	NOUN	kupujemprodajem	zanatlije
1	3	zaptivanje	NOUN	kupujemprodajem	zaptivanje
1	3	zaraditi	VERB	kupujemprodajem	zaradi zaraditi zaradiš
1	3	zarobljenik	NOUN	kupujemprodajem	zarobljenika
1	3	zastavin	ADJ	kupujemprodajem	zastavina
1	3	zategnutost	NOUN	kupujemprodajem	zategnutosti
1	3	zavet	NOUN	kupujemprodajem	zavet
1	3	zaviriti	VERB	maxi.rs	zaviri
1	3	zdelica	NOUN	kupujemprodajem	zdelica
1	3	zelembać	NOUN	kupujemprodajem	zelembać
1	3	zen	NOUN	kupujemprodajem	zena
1	3	zečica	NOUN	kupujemprodajem	zečica
1	3	zglobni	ADJ	kupujemprodajem	zglobna
1	3	znakovan	ADJ	kupujemprodajem	znakovni
1	3	zupčast	ADJ	kupujemprodajem	zupčastog
1	3	ćebence	NOUN	kupujemprodajem	ćebence
1	3	čašica	NOUN	kupujemprodajem	čašica
1	3	čempres	NOUN	kupujemprodajem	čempres
1	3	čeon	ADJ	kupujemprodajem	čeona
1	3	čika	NOUN	kupujemprodajem	čika
1	3	čip	NOUN	oglasi.me	čip
1	3	čučanj	NOUN	kupujemprodajem	čučanj
1	3	čvarak	NOUN	kupujemprodajem	čvarke
1	3	šarac	NOUN	kupujemprodajem	šarca
1	3	šarplaninac	NOUN	kupujemprodajem	šarplaninci
1	3	široko	ADV	ikea.rs	široko šire
1	3	šljivarstvo	NOUN	kupujemprodajem	šljivarstva
1	3	štapni	ADJ	kupujemprodajem	štapni
1	3	žabica	NOUN	kupujemprodajem	žabica
1	3	ženkica	NOUN	kupujemprodajem	ženkice
1	3	žmigavac	NOUN	kupujemprodajem	žmigavcima
1	2	antifriz	NOUN	ananas.rs	antifriz
1	2	atelier	NOUN	ananas.rs	atelier
1	2	automatik	NOUN	kupujemprodajem	automatik
1	2	automatizovati	ADJ	maxi.rs	automatizovanim automatizovanom
1	2	ažurnost	NOUN	kupujemprodajem	ažurnosti
1	2	bagrem	NOUN	ikea.rs	bagrem
1	2	bazirati	ADJ	emmezeta.rs	bazirane
1	2	beg	NOUN	ikea.rs	beg
1	2	bezbrižan	ADJ	ikea.rs	bezbrižna bezbrižne
1	2	bezbrižnost	NOUN	ikea.rs	bezbrižnosti
1	2	bežanijski	ADJ	emmezeta.rs	bežanijska
1	2	bilten	NOUN	maxi.rs	bilten
1	2	bioskopski	ADJ	emmezeta.rs	bioskopski
1	2	blaženstvo	NOUN	ikea.rs	blaženstvo
1	2	blistati	VERB	ikea.rs	blistaju
1	2	bojica	NOUN	ikea.rs	bojice
1	2	boks	NOUN	kupujemprodajem	boks
1	2	bokserski	ADJ	kupujemprodajem	bokserske
1	2	bostan	NOUN	ananas.rs	bostan
1	2	bravar	NOUN	kupujemprodajem	bravar
1	2	bravica	NOUN	kupujemprodajem	bravicama
1	2	brisanje	NOUN	maxi.rs	brisanje
1	2	cabrio	NOUN	kupujemprodajem	cabrio
1	2	crnogorski	ADJ	voli.me	crnogorski
1	2	dalek	ADJ	maxi.rs	daljem
1	2	davanje	NOUN	maxi.rs	davanje
1	2	debelo	ADV	ikea.rs	debelo
1	2	debitni	ADJ	maxi.rs	debitne debitnoj
1	2	delikatesni	ADJ	maxi.rs	delikatesnih
1	2	destilerija	NOUN	kupujemprodajem	destilerije
1	2	devijantan	ADJ	emmezeta.rs	devijantnih
1	2	dijagonala	NOUN	emmezeta.rs	dijagonala dijagonalu
1	2	dobrovoljan	ADJ	maxi.rs	dobrovoljnoj
1	2	dodeljivati	VERB	maxi.rs	dodeljuje
1	2	domaćin	NOUN	ikea.rs	domaćina
1	2	donirati	VERB	maxi.rs	donirali
1	2	dopremiti	VERB	ikea.rs	dopremiti dopremiš
1	2	dosadan	ADJ	jysk.me	dosadna dosadne
1	2	dosledan	ADJ	maxi.rs	dosledan
1	2	dostavni	ADJ	voli.me	dostavne
1	2	dostignuće	NOUN	emmezeta.rs	dostignuća
1	2	double	NOUN	jysk.rs	double
1	2	dvostrano	ADV	jysk.me	dvostrano
1	2	ego	NOUN	kupujemprodajem	ego
1	2	ekstremno	ADV	emmezeta.rs	ekstremno
1	2	export	NOUN	ananas.rs	export
1	2	fascikl	NOUN	jysk.me	fascikle
1	2	fizioterapeut	NOUN	kupujemprodajem	fizioterapeut
1	2	formaldehid	NOUN	ikea.rs	formaldehida
1	2	foton	NOUN	kupujemprodajem	foton
1	2	friziranje	NOUN	kupujemprodajem	friziranje
1	2	futuristički	ADJ	ikea.rs	futuristički futurističkog
1	2	garažirati	ADJ	kupujemprodajem	garažiran
1	2	garderobni	ADJ	ikea.rs	garderobni
1	2	gastronomski	ADJ	maxi.rs	gastronomsku
1	2	genij	NOUN	oglasi.me	genije
1	2	glasiti	VERB	emmezeta.rs	glasi
1	2	glazura	NOUN	emmezeta.rs	glazura
1	2	grab	NOUN	voli.me	grab
1	2	grinja	NOUN	jysk.rs	grinja grinje
1	2	gro	ADV	jysk.me	gro
1	2	grupacija	NOUN	emmezeta.rs	grupacije
1	2	gurmanski	ADJ	maxi.rs	gurmansku
1	2	gusan	NOUN	kupujemprodajem	gusana
1	2	habanje	NOUN	ikea.rs	habanje
1	2	harmoničan	ADJ	ikea.rs	harmoničnim harmoničnu
1	2	hedonizam	NOUN	emmezeta.rs	hedonizma
1	2	hortenzija	NOUN	ikea.rs	hortenzija
1	2	ideologija	NOUN	emmezeta.rs	ideologija
1	2	impuls	NOUN	kupujemprodajem	impulse
1	2	inklinometar	NOUN	kupujemprodajem	inklinometar
1	2	inspirisan	ADJ	ikea.rs	inspirisanih inspirisanog
1	2	invaliditet	NOUN	kupujemprodajem	invaliditetom
1	2	isključenost	NOUN	emmezeta.rs	isključenosti
1	2	iskusan	ADJ	emmezeta.rs	iskusnim
1	2	ispričati	VERB	ikea.rs	ispričaj
1	2	istovar	NOUN	kupujemprodajem	istovaru
1	2	izbegnuti	VERB	jysk.me	izbjegnete
1	2	izdržati	VERB	ikea.rs	izdrže
1	2	iznenaditi	VERB	maxi.rs	iznenadi iznenadite
1	2	izostati	VERB	kupujemprodajem	izostati
1	2	izrezati	VERB	ikea.rs	izrezana izreži
1	2	izvršavati	VERB	emmezeta.rs	izvršavaju
1	2	jarki	ADJ	ikea.rs	jarkim
1	2	jedinstvenost	NOUN	emmezeta.rs	jedinstvenost
1	2	jednostavnost	NOUN	jysk.rs	jednostavnosti
1	2	jezivo	ADV	ikea.rs	jezivo
1	2	joker	NOUN	kupujemprodajem	joker
1	2	kabriolet	NOUN	kupujemprodajem	kabriolet
1	2	kadrov	ADJ	emmezeta.rs	kadrova
1	2	kadrovski	ADJ	maxi.rs	kadrovske kadrovskih
1	2	klati	VERB	ikea.rs	klala
1	2	klimatizacija	NOUN	emmezeta.rs	klimatizacija
1	2	klizaljka	NOUN	ananas.rs	klizaljke
1	2	kokos	NOUN	voli.me	kokos
1	2	kompost	NOUN	ikea.rs	komposta
1	2	koncern	NOUN	emmezeta.rs	koncern
1	2	konkurentan	ADJ	emmezeta.rs	konkurentna
1	2	konkurentnost	NOUN	emmezeta.rs	konkurentnosti
1	2	konkurentski	ADJ	kupujemprodajem	konkurentske konkurentskog
1	2	kontrastni	ADJ	ikea.rs	kontrastne
1	2	kontrolisanje	NOUN	ikea.rs	kontrolisanjem
1	2	korist	NOUN	ikea.rs	koristima
1	2	korporacija	NOUN	emmezeta.rs	korporacije
1	2	kupoprodaja	NOUN	kupujemprodajem	kupoprodaja kupoprodaje
1	2	kućanski	ADJ	emmezeta.rs	kućanski
1	2	kvalifikovati	ADJ	maxi.rs	kvalifikovano kvalifikovanom
1	2	lahor	NOUN	jysk.me	lahor
1	2	laktoza	NOUN	maxi.rs	laktoze
1	2	lenj	ADJ	ikea.rs	lenjoj
1	2	levant	NOUN	kupujemprodajem	levante
1	2	limar	NOUN	kupujemprodajem	limar
1	2	lug	NOUN	maxi.rs	lug
1	2	majstorski	ADJ	kupujemprodajem	majstorske majstorski
1	2	maloletnik	NOUN	maxi.rs	maloletnici maloletnika
1	2	marinirati	ADJ	ikea.rs	marinirani
1	2	maslinasto	ADV	jysk.me	maslinasto
1	2	materijalan	ADJ	emmezeta.rs	materijalnom
1	2	melem	NOUN	ananas.rs	melemi
1	2	memorisati	VERB	maxi.rs	memorišu
1	2	menjanje	NOUN	ikea.rs	menjanje menjanjem
1	2	mezimac	NOUN	kupujemprodajem	mezimac mezimca
1	2	minivan	NOUN	kupujemprodajem	minivan
1	2	mesečan	ADJ	oglasi.me	mjesečna
1	2	moderno	ADV	kupujemprodajem	moderno
1	2	mus	NOUN	kupujemprodajem	musa
1	2	nadležan	ADJ	maxi.rs	nadležnim
1	2	najam	NOUN	kupujemprodajem	najam
1	2	nalaz	NOUN	maxi.rs	nalaza
1	2	nalagati	VERB	maxi.rs	nalažu
1	2	namaz	NOUN	maxi.rs	namaza
1	2	nameštati	VERB	ikea.rs	nameštaju
1	2	naprezanje	NOUN	emmezeta.rs	naprezanja
1	2	narušavanje	NOUN	jysk.rs	narušavanja
1	2	nastojati	VERB	maxi.rs	nastojati nastojimo
1	2	nasumičan	ADJ	ikea.rs	nasumične
1	2	navoditi	VERB	maxi.rs	navodili navodite
1	2	naznačiti	VERB	kupujemprodajem	naznačeno naznači
1	2	nedeljno	ADV	ikea.rs	nedeljno
1	2	neodoljivo	ADV	ikea.rs	neodoljivo
1	2	nepostojeći	ADJ	emmezeta.rs	nepostojeći
1	2	neto	ADV	oglasi.me	neto
1	2	neuredan	ADJ	ikea.rs	neuredne neurednim
1	2	neutralisati	VERB	ikea.rs	neutrališe
1	2	nežno	ADV	ikea.rs	nežno
1	2	nordijski	ADJ	jysk.me	nordijske
1	2	numizmatičar	NOUN	kupujemprodajem	numizmatičare numizmatičari
1	2	nutritijent	NOUN	maxi.rs	nutritijentima
1	2	oblikovati	VERB	ikea.rs	oblikuj
1	2	obračunavati	VERB	maxi.rs	obračunava
1	2	obrađivač	NOUN	maxi.rs	obrađivačima obrađivaču
1	2	obuvanje	NOUN	jysk.rs	obuvanje
1	2	odgajati	ADV	maxi.rs	odgajajući
1	2	odlikovati	VERB	ikea.rs	odlikuje
1	2	odlutati	VERB	ikea.rs	odlutaj
1	2	odmaralište	NOUN	ikea.rs	odmarališta
1	2	odsjaj	NOUN	ikea.rs	odsjaj
1	2	odziv	NOUN	emmezeta.rs	odziv
1	2	oformiti	ADJ	emmezeta.rs	oformljen
1	2	oglašavanje	NOUN	kupujemprodajem	oglašavanje oglašavanjem
1	2	okeanski	ADJ	jysk.me	okeanski
1	2	okončanje	NOUN	maxi.rs	okončanjem okončanju
1	2	okruglo	ADV	ikea.rs	okruglo
1	2	opremljenost	NOUN	emmezeta.rs	opremljenošću
1	2	oprobati	VERB	kupujemprodajem	oprobao oprobaš
1	2	optimizacija	NOUN	ikea.rs	optimizacija optimizaciju
1	2	optičar	NOUN	kupujemprodajem	optičar
1	2	orezivanje	NOUN	ikea.rs	orezivanje
1	2	originalno	ADV	kupujemprodajem	originalno
1	2	oslikavati	VERB	ikea.rs	oslikavaju
1	2	osmatranje	NOUN	maxi.rs	osmatranja
1	2	osmišljen	ADJ	ikea.rs	osmišljenog osmišljenu
1	2	osnažiti	ADJ	emmezeta.rs	osnažena
1	2	osnovac	NOUN	kupujemprodajem	osnovce
1	2	osvajati	VERB	ikea.rs	osvajaju
1	2	osvetljavati	VERB	ikea.rs	osvetljava
1	2	otkrivati	VERB	maxi.rs	otkrivaj
1	2	otmen	ADJ	emmezeta.rs	otmeni
1	2	otpakovati	VERB	ikea.rs	otpakujemo
1	2	paketni	ADJ	ikea.rs	paketna
1	2	parcela	NOUN	emmezeta.rs	parcele
1	2	parkirati	VERB	ikea.rs	parkiraj
1	2	partnerstvo	NOUN	kupujemprodajem	partnerstva
1	2	pasiranje	NOUN	kupujemprodajem	pasiranje
1	2	penzionerski	ADJ	maxi.rs	penzionerski
1	2	penzioni	ADJ	maxi.rs	penzioni
1	2	planinarenje	NOUN	ananas.rs	planinarenje
1	2	plavozelen	ADJ	ikea.rs	plavozelena
1	2	plug-in	NOUN	kupujemprodajem	plug-in
1	2	podno	ADV	ikea.rs	podno
1	2	podsetnik	NOUN	jysk.rs	podsetnik
1	2	poigrati	VERB	ikea.rs	poigraj poigraš
1	2	polen	NOUN	ikea.rs	polena
1	2	poliklinika	NOUN	kupujemprodajem	poliklinike
1	2	pomno	ADV	emmezeta.rs	pomno
1	2	potrošiti	VERB	ikea.rs	potroši potrošiti
1	2	potruditi	VERB	kupujemprodajem	potrudi
1	2	poveriti	VERB	maxi.rs	povereni poverili
1	2	poverenik	NOUN	maxi.rs	poverenika povereniku
1	2	povijanje	NOUN	ikea.rs	povijanje
1	2	pozadinski	ADJ	emmezeta.rs	pozadinsko pozadinskog
1	2	pozdraviti	VERB	ikea.rs	pozdravi
1	2	pozivni	ADJ	emmezeta.rs	pozivni
1	2	prasica	NOUN	kupujemprodajem	prasici
1	2	predivo	NOUN	jysk.rs	predivo
1	2	prelazak	NOUN	ikea.rs	prelazak
1	2	prenos	NOUN	emmezeta.rs	prenosa
1	2	prepoznatljiv	ADJ	maxi.rs	prepoznatljiva prepoznatljivog
1	2	prespavati	VERB	jysk.me	prespavaju prespavali
1	2	preurediti	VERB	ikea.rs	preuredi
1	2	prevozan	ADJ	kupujemprodajem	prevoznih prevozno
1	2	primorje	NOUN	oglasi.me	primorju
1	2	pripravnost	NOUN	ikea.rs	pripravnosti
1	2	pristizati	VERB	kupujemprodajem	pristižu
1	2	priuštiv	ADJ	ikea.rs	priuštiva
1	2	privlačan	ADJ	ikea.rs	privlačan privlačnim
1	2	privlačnost	NOUN	ikea.rs	privlačnost
1	2	prix	NOUN	kupujemprodajem	prix
1	2	pričvrštiti	ADJ	ikea.rs	pričvršćeno
1	2	produktivan	ADJ	ikea.rs	produktivan
1	2	propisivati	VERB	emmezeta.rs	propisuje
1	2	proslediti	VERB	kupujemprodajem	proslediš
1	2	provajder	NOUN	maxi.rs	provajdera provajderi
1	2	provizija	NOUN	kupujemprodajem	provizija provizije
1	2	proziran	ADJ	ikea.rs	prozirne
1	2	prozvod	NOUN	maxi.rs	prozvoda
1	2	proširivati	VERB	emmezeta.rs	proširujemo
1	2	radoznalo	ADV	ikea.rs	radoznalo
1	2	rasipanje	NOUN	maxi.rs	rasipanja
1	2	raspodela	NOUN	ikea.rs	raspodelu
1	2	razigranost	NOUN	ikea.rs	razigranost razigranosti
1	2	razmenjivati	VERB	kupujemprodajem	razmenjuješ razmenjuju
1	2	razveseliti	VERB	ikea.rs	razveseli
1	2	računati	VERB	maxi.rs	računaš
1	2	raširiti	VERB	ikea.rs	raširi raširilo
1	2	renovirati	VERB	ikea.rs	renoviraš
1	2	roadster	NOUN	kupujemprodajem	roadster
1	2	sadnja	NOUN	ikea.rs	sadnju
1	2	sako	NOUN	ananas.rs	sakoi
1	2	samoposluživanje	NOUN	ikea.rs	samoposluživanja
1	2	sapa	NOUN	ikea.rs	sapa
1	2	saviti	VERB	ikea.rs	saviti
1	2	separat	NOUN	ananas.rs	separate
1	2	servirati	ADJ	ikea.rs	servirani
1	2	serviser	NOUN	kupujemprodajem	serviseri
1	2	simpatičan	ADJ	ikea.rs	simpatična
1	2	skladištiti	VERB	maxi.rs	skladišti
1	2	sklupčati	VERB	ikea.rs	sklupčaj sklupčaš
1	2	slediti	VERB	kupujemprodajem	sledi slediš
1	2	slikati	VERB	kupujemprodajem	slikaj slikaš
1	2	snimati	ADJ	maxi.rs	snimaju sniman
1	2	spajanje	NOUN	emmezeta.rs	spajanju
1	2	spas	NOUN	ikea.rs	spas
1	2	specifičnost	NOUN	kupujemprodajem	specifičnost specifičnosti
1	2	spuštanje	NOUN	jysk.me	spuštanja
1	2	srednjoškolac	NOUN	kupujemprodajem	srednjoškolce
1	2	stanište	NOUN	ikea.rs	stanište
1	2	stomatolog	NOUN	kupujemprodajem	stomatolog
1	2	strogo	ADV	maxi.rs	strogo
1	2	stupanje	NOUN	maxi.rs	stupanje
1	2	suplement	NOUN	ananas.rs	suplementi
1	2	sveza	NOUN	maxi.rs	sveze
1	2	svojstvo	NOUN	jysk.rs	svojstvima
1	2	takmičenje	NOUN	maxi.rs	takmičenja
1	2	tapetar	NOUN	kupujemprodajem	tapetar
1	2	tačkica	NOUN	maxi.rs	tačkicama
1	2	tehnološki	ADJ	emmezeta.rs	tehnoloških
1	2	temeljno	ADV	jysk.rs	temeljno
1	2	tikva	NOUN	ikea.rs	tikve
1	2	tirkizan	ADJ	ikea.rs	tirkizna
1	2	tour	NOUN	kupujemprodajem	tour
1	2	transparentan	ADJ	maxi.rs	transparentan
1	2	tundra	NOUN	jysk.rs	tundra
1	2	twitter	NOUN	maxi.rs	twitter
1	2	udba	NOUN	maxi.rs	udbe
1	2	ujednačiti	ADJ	ikea.rs	ujednačen ujednačeni
1	2	uknjižba	NOUN	oglasi.me	uknjižbe
1	2	ukucati	VERB	kupujemprodajem	ukucati ukucaš
1	2	ulaganje	NOUN	oglasi.me	ulaganja
1	2	ultimativan	ADJ	jysk.rs	ultimativni
1	2	upadljiv	ADJ	ikea.rs	upadljiv
1	2	upakovati	ADJ	ikea.rs	upakovali upakovan
1	2	upetljati	VERB	ikea.rs	upetljao
1	2	upotrebljavati	VERB	maxi.rs	upotrebljavamo upotrebljavati
1	2	uputiti	VERB	maxi.rs	uputite uputiš
1	2	urednost	NOUN	ikea.rs	urednost
1	2	usavršavanje	NOUN	emmezeta.rs	usavršavanju
1	2	uspešan	ADJ	kupujemprodajem	uspešne
1	2	utovar	NOUN	kupujemprodajem	utovaru
1	2	uvid	NOUN	ikea.rs	uvida
1	2	uvijati	VERB	ikea.rs	uvijaš
1	2	uvoditi	VERB	emmezeta.rs	uvodimo
1	2	učesnik	NOUN	maxi.rs	učesnici učesnika
1	2	učitavati	VERB	maxi.rs	učitavaju učitavate
1	2	vajar	NOUN	kupujemprodajem	vajar
1	2	veličanstven	ADJ	ikea.rs	veličanstvenim veličanstvenu
1	2	vernost	NOUN	emmezeta.rs	vernost
1	2	veterinar	NOUN	kupujemprodajem	veterinar
1	2	vezan	ADJ	kupujemprodajem	vezane
1	2	vinilni	ADJ	emmezeta.rs	vinilne
1	2	visinski	ADJ	kupujemprodajem	visinski
1	2	viđenje	NOUN	ikea.rs	viđenja
1	2	vlasnički	ADJ	emmezeta.rs	vlasnička
1	2	volja	NOUN	ikea.rs	volju
1	2	vožnja	NOUN	kupujemprodajem	vožnje
1	2	wiki	NOUN	kupujemprodajem	wiki
1	2	zablistati	VERB	ikea.rs	zablista
1	2	zadovoljno	ADV	maxi.rs	zadovoljno
1	2	zaključenje	NOUN	maxi.rs	zaključenja zaključenje
1	2	zalagati	VERB	emmezeta.rs	zalaže
1	2	zaljubljenik	NOUN	kupujemprodajem	zaljubljenik
1	2	zavladati	VERB	ikea.rs	zavlada
1	2	zdravica	NOUN	maxi.rs	zdravica
1	2	zrelo	ADV	maxi.rs	zrelije
1	2	zreo	ADJ	maxi.rs	zrelijih
1	2	zrno	NOUN	maxi.rs	zrna
1	2	čestica	NOUN	ikea.rs	čestica
1	2	četvorotočkaš	NOUN	kupujemprodajem	četvorotočkaša četvorotočkaše
1	2	šema	NOUN	ikea.rs	šema šemu
1	2	školarac	NOUN	emmezeta.rs	školarca
1	2	štampanje	NOUN	kupujemprodajem	štampanje
1	2	štamparski	ADJ	kupujemprodajem	štamparske
1	2	žalba	NOUN	maxi.rs	žalbu
1	2	železnički	ADJ	kupujemprodajem	železnička
1	1	adaptirati	VERB	kupujemprodajem	adaptiraš
1	1	alergijski	ADJ	jysk.me	alergijski
1	1	angažovanje	NOUN	maxi.rs	angažovanje
1	1	aranžirati	VERB	ikea.rs	aranžiraš
1	1	atmosferski	ADJ	ikea.rs	atmosferske
1	1	autorizovati	ADJ	voli.me	autorizovano
1	1	autorski	ADJ	oglasi.me	autorskih
1	1	avansno	ADV	emmezeta.rs	avansno
1	1	avanturistički	ADJ	kupujemprodajem	avanturistički
1	1	avijatičarski	ADJ	maxi.rs	avijatičarsko
1	1	bacanje	NOUN	ikea.rs	bacanju
1	1	bajkovit	ADJ	ikea.rs	bajkovitom
1	1	baletanka	NOUN	ananas.rs	baletanke
1	1	banov	ADJ	maxi.rs	banovo
1	1	barel	NOUN	kupujemprodajem	barel
1	1	baršun	NOUN	jysk.me	baršun
1	1	beskonačan	ADJ	ikea.rs	beskonačne
1	1	beskorisno	ADV	kupujemprodajem	beskorisno
1	1	bespotrebno	ADV	kupujemprodajem	bespotrebno
1	1	bezbrojan	ADJ	jysk.rs	bezbrojne
1	1	bezvredno	ADV	kupujemprodajem	bezvredno
1	1	bežanija	NOUN	maxi.rs	bežanija
1	1	bin	NOUN	ikea.rs	bin
1	1	biorazgradiv	ADJ	voli.me	biorazgradiva
1	1	blag	ADJ	ikea.rs	blagim
1	1	blagodet	NOUN	kupujemprodajem	blagodeti
1	1	blagovaonica	NOUN	emmezeta.rs	blagovaonica
1	1	blatnjav	ADJ	ikea.rs	blatnjavih
1	1	blazinica	NOUN	jysk.me	blazinice
1	1	blaženo	ADV	ikea.rs	blaženo
1	1	blistav	ADJ	ikea.rs	blistave
1	1	bližiti	VERB	ikea.rs	bliži
1	1	bližnji	ADJ	ikea.rs	bližnje
1	1	bojiti	ADJ	jysk.rs	bojeno
1	1	bosiljak	NOUN	ikea.rs	bosiljak
1	1	brezovina	NOUN	ikea.rs	brezovine
1	1	brokoli	NOUN	ikea.rs	brokoli
1	1	bujan	ADJ	ikea.rs	bujne
1	1	buka	NOUN	ikea.rs	buke
1	1	bukva	NOUN	jysk.me	bukva
1	1	bučica	NOUN	ananas.rs	bučice
1	1	carrier	NOUN	ananas.rs	carrier
1	1	celost	NOUN	emmezeta.rs	celosti
1	1	cenovan	ADJ	emmezeta.rs	cenovne
1	1	cenovno	ADV	emmezeta.rs	cenovno
1	1	centrifugiranje	NOUN	jysk.rs	centrifugiranjem
1	1	ciljati	ADV	maxi.rs	ciljajući
1	1	cool	ADJ	voli.me	cool
1	1	crtani	ADJ	jysk.rs	crtanim
1	1	crtati	VERB	emmezeta.rs	crtati
1	1	dada	NOUN	kupujemprodajem	dada
1	1	dah	NOUN	kupujemprodajem	dah
1	1	današnjica	NOUN	maxi.rs	današnjice
1	1	darovati	VERB	jysk.rs	darujte
1	1	davan	ADJ	maxi.rs	davne
1	1	decenija	NOUN	ikea.rs	decenije
1	1	decentno	ADV	jysk.me	decentno
1	1	dekorater	NOUN	emmezeta.rs	dekorateri
1	1	delicija	NOUN	jysk.rs	delicije
1	1	delikt	NOUN	maxi.rs	delikata
1	1	delikatesa	NOUN	maxi.rs	delikatese
1	1	delikatan	ADJ	ikea.rs	delikatnim
1	1	delimično	ADV	ikea.rs	delimično
1	1	delotvoran	ADJ	maxi.rs	delotvornu
1	1	depo	NOUN	kupujemprodajem	depo
1	1	digitalizovati	VERB	maxi.rs	digitalizujemo
1	1	dijapazon	NOUN	jysk.me	dijapazonu
1	1	diktirati	VERB	kupujemprodajem	diktira
1	1	dimiti	VERB	kupujemprodajem	dimi
1	1	dinarski	ADJ	emmezeta.rs	dinarski
1	1	dispozicija	NOUN	emmezeta.rs	dispoziciju
1	1	dizajniranje	NOUN	ikea.rs	dizajniranjem
1	1	dlačica	NOUN	ikea.rs	dlačice
1	1	dob	NOUN	kupujemprodajem	dob
1	1	dobitak	NOUN	ikea.rs	dobitku
1	1	dobitnik	NOUN	maxi.rs	dobitnik
1	1	dobrovoljno	ADV	maxi.rs	dobrovoljno
1	1	dodeliti	ADJ	maxi.rs	dodeljenim
1	1	dogurati	VERB	ikea.rs	dogurati
1	1	dokazati	ADJ	ikea.rs	dokazano
1	1	dokazivanje	NOUN	maxi.rs	dokazivanje
1	1	dokupiti	VERB	jysk.rs	dokupite
1	1	dolikovati	VERB	kupujemprodajem	dolikuje
1	1	dominantan	ADJ	jysk.me	dominantna
1	1	dopunjivati	VERB	ikea.rs	dopunjuju
1	1	dopuštenost	NOUN	maxi.rs	dopuštenost
1	1	doteran	ADJ	jysk.me	doteranoj
1	1	dozirati	ADJ	kupujemprodajem	dozirano
1	1	dočarati	VERB	ikea.rs	dočarala
1	1	dočekivati	VERB	jysk.me	dočekujete
1	1	doživljavati	VERB	ikea.rs	doživljavaju
1	1	draperija	NOUN	ikea.rs	draperiju
1	1	drastično	ADV	ikea.rs	drastično
1	1	dremanje	NOUN	ikea.rs	dremanju
1	1	drenaža	NOUN	ikea.rs	drenažu
1	1	dresirati	VERB	kupujemprodajem	dresiraš
1	1	duborez	NOUN	kupujemprodajem	duborezi
1	1	dugogodišnji	ADJ	kupujemprodajem	dugogodišnje
1	1	dugotrajnost	NOUN	jysk.rs	dugotrajnost
1	1	duhovnost	NOUN	kupujemprodajem	duhovnosti
1	1	duplikat	NOUN	kupujemprodajem	duplikate
1	1	dvojnica	NOUN	kupujemprodajem	dvojnice
1	1	dvostruko	ADV	ikea.rs	dvostruko
1	1	dvoumiti	VERB	kupujemprodajem	dvoume
1	1	efektno	ADV	jysk.rs	efektno
1	1	ekonomično	ADV	kupujemprodajem	ekonomično
1	1	eksplozivan	ADJ	kupujemprodajem	eksplozivni
1	1	ekstreman	ADJ	ikea.rs	ekstremne
1	1	elektrolit	NOUN	kupujemprodajem	elektrolit
1	1	emisioni	ADJ	kupujemprodajem	emisionu
1	1	espresso	NOUN	ananas.rs	espresso
1	1	etapa	NOUN	maxi.rs	etape
1	1	etnik	NOUN	kupujemprodajem	etnik
1	1	etnografski	ADJ	kupujemprodajem	etnografske
1	1	evaluirati	VERB	maxi.rs	evaluiramo
1	1	eventualan	ADJ	maxi.rs	eventualnom
1	1	fantastičan	ADJ	ikea.rs	fantastičnim
1	1	fauna	NOUN	ikea.rs	fauni
1	1	festivalski	ADJ	maxi.rs	festivalsku
1	1	fiksirati	VERB	jysk.rs	fiksira
1	1	fiskalan	ADJ	maxi.rs	fiskalnog
1	1	flegmatičan	ADJ	ikea.rs	flegmatična
1	1	fokus	NOUN	jysk.me	fokusom
1	1	folklor	NOUN	kupujemprodajem	folklora
1	1	fotografisanje	NOUN	kupujemprodajem	fotografisanje
1	1	freska	NOUN	kupujemprodajem	freske
1	1	frizer	NOUN	kupujemprodajem	frizere
1	1	frula	NOUN	kupujemprodajem	frule
1	1	fuzija	NOUN	ikea.rs	fuzijom
1	1	gajiti	VERB	maxi.rs	gaje
1	1	garantan	ADJ	maxi.rs	garantni
1	1	gomilanje	NOUN	kupujemprodajem	gomilanje
1	1	gonjenje	NOUN	oglasi.me	gonjenju
1	1	goveđi	ADJ	ikea.rs	goveđa
1	1	gozba	NOUN	ikea.rs	gozba
1	1	grančica	NOUN	jysk.rs	grančicama
1	1	građevina	NOUN	kupujemprodajem	građevinu
1	1	grejati	VERB	jysk.me	grejete
1	1	grejs	ADJ	jysk.me	grejs
1	1	grickati	VERB	maxi.rs	grickaš
1	1	grljenje	NOUN	ikea.rs	grljenje
1	1	gubljenje	NOUN	kupujemprodajem	gubljenja
1	1	gulaš	NOUN	ikea.rs	gulaš
1	1	gurati	VERB	jysk.me	guraju
1	1	gurman	NOUN	maxi.rs	gurmane
1	1	gužvati	VERB	jysk.rs	gužvati
1	1	gvožđara	NOUN	kupujemprodajem	gvožđara
1	1	haotičan	ADJ	ikea.rs	haotičnih
1	1	hardver	NOUN	kupujemprodajem	hardvera
1	1	harmonično	ADV	ikea.rs	harmonično
1	1	heklati	ADJ	kupujemprodajem	heklane
1	1	hermetički	ADJ	ikea.rs	hermetičke
1	1	hidrat	NOUN	voli.me	hidrati
1	1	hipnotisati	VERB	ikea.rs	hipnotisati
1	1	hipnotički	ADJ	ikea.rs	hipnotički
1	1	hladovina	NOUN	ikea.rs	hladovini
1	1	hulahopka	NOUN	ananas.rs	hulahopke
1	1	humanistički	ADJ	kupujemprodajem	humanističkih
1	1	hvatanje	NOUN	ikea.rs	hvatanje
1	1	idila	NOUN	ikea.rs	idili
1	1	ilustrator	NOUN	kupujemprodajem	ilustratora
1	1	imanje	NOUN	maxi.rs	imanjima
1	1	impresionirati	VERB	jysk.me	impresionirati
1	1	incident	NOUN	maxi.rs	incident
1	1	indukcija	NOUN	ikea.rs	indukcijom
1	1	injektor	NOUN	kupujemprodajem	injektora
1	1	integrisanje	NOUN	ikea.rs	integrisanje
1	1	inteligencija	NOUN	kupujemprodajem	inteligencija
1	1	inteligentno	ADV	ikea.rs	inteligentnije
1	1	interdentalan	ADJ	ananas.rs	interdentalne
1	1	interval	NOUN	maxi.rs	intervalima
1	1	intuitivan	ADJ	ikea.rs	intuitivnom
1	1	investiranje	NOUN	jysk.rs	investiranje
1	1	iscrpljujuć	ADJ	ikea.rs	iscrpljujuće
1	1	iskorišćavanje	NOUN	ikea.rs	iskorišćavanje
1	1	iskorišćenje	NOUN	emmezeta.rs	iskorišćenje
1	1	iskorišćenost	NOUN	jysk.rs	iskorišćenost
1	1	iskusiti	VERB	ikea.rs	iskusi
1	1	ispečiti	ADJ	ikea.rs	ispečeno
1	1	ispijanje	NOUN	kupujemprodajem	ispijanje
1	1	isplativ	ADJ	kupujemprodajem	isplativo
1	1	ispostaviti	VERB	kupujemprodajem	ispostavi
1	1	ispoštovati	VERB	kupujemprodajem	ispoštuješ
1	1	ispravka	NOUN	maxi.rs	ispravku
1	1	istrajnost	NOUN	kupujemprodajem	istrajnosti
1	1	istraživački	ADJ	maxi.rs	istraživačka
1	1	istrošenost	NOUN	jysk.rs	istrošenosti
1	1	itekako	ADV	jysk.me	itekako
1	1	izazvati	VERB	ikea.rs	izazvati
1	1	izbalansirati	ADJ	maxi.rs	izbalansirane
1	1	izblediti	VERB	jysk.me	izblijediti
1	1	izdanak	NOUN	ikea.rs	izdanke
1	1	izdržavati	VERB	ikea.rs	izdržava
1	1	izdržljivost	NOUN	ikea.rs	izdržljivost
1	1	izgubljen	ADJ	ikea.rs	izgubljenih
1	1	izgužvati	VERB	jysk.me	izgužva
1	1	izjavljivati	VERB	kupujemprodajem	izjavljujete
1	1	izložbeni	ADJ	ikea.rs	izložbenih
1	1	izmamiti	VERB	ikea.rs	izmamiti
1	1	iznenadan	ADJ	jysk.me	iznenadne
1	1	iznenađujući	ADJ	ikea.rs	iznenađujućim
1	1	iznošenje	NOUN	maxi.rs	iznošenju
1	1	izraz	NOUN	kupujemprodajem	izraza
1	1	izrazito	ADV	emmezeta.rs	izrazito
1	1	izračunati	VERB	ikea.rs	izračunati
1	1	izrađivati	VERB	kupujemprodajem	izrađuješ
1	1	izričit	ADJ	maxi.rs	izričit
1	1	izuvati	VERB	jysk.me	izuvate
1	1	izuzetak	NOUN	jysk.me	izuzetak
1	1	izuzev	ADV	maxi.rs	izuzev
1	1	izveštavati	VERB	maxi.rs	izveštavate
1	1	izvoditi	ADV	maxi.rs	izvodeći
1	1	iščekivati	VERB	jysk.rs	iščekuje
1	1	iščezavati	VERB	jysk.rs	iščezavaju
1	1	jal	NOUN	kupujemprodajem	jal
1	1	japanka	NOUN	kupujemprodajem	japanki
1	1	jarkocrven	ADJ	ikea.rs	jarkocrvena
1	1	jasenovina	NOUN	ikea.rs	jasenovine
1	1	jeans	NOUN	kupujemprodajem	jeans
1	1	jednak	ADJ	ikea.rs	jednaku
1	1	jednobojan	ADJ	jysk.me	jednobojnim
1	1	jednokrevetni	ADJ	jysk.rs	jednokrevetni
1	1	jež	NOUN	kupujemprodajem	ježeva
1	1	kakadu	NOUN	kupujemprodajem	kakadua
1	1	kamata	NOUN	ikea.rs	kamate
1	1	kamenac	NOUN	jysk.me	kamenca
1	1	kamenje	NOUN	ikea.rs	kamenja
1	1	kamenjar	NOUN	maxi.rs	kamenjar
1	1	kapital	NOUN	emmezeta.rs	kapital
1	1	kapsula	NOUN	maxi.rs	kapsule
1	1	kariran	ADJ	jysk.me	karirana
1	1	kartel	NOUN	kupujemprodajem	kartel
1	1	kategorisati	VERB	ikea.rs	kategoriši
1	1	kava	NOUN	emmezeta.rs	kavu
1	1	kačiti	VERB	ikea.rs	kači
1	1	kašnjenje	NOUN	emmezeta.rs	kašnjenje
1	1	kažnjiv	ADJ	maxi.rs	kažnjivih
1	1	keš	NOUN	emmezeta.rs	kešu
1	1	kodiran	ADJ	ikea.rs	kodirane
1	1	koliba	NOUN	ikea.rs	kolibu
1	1	komfor	NOUN	emmezeta.rs	komforu
1	1	komisioniranje	NOUN	maxi.rs	komisioniranja
1	1	komotno	ADV	ikea.rs	komotno
1	1	komplikacija	NOUN	ikea.rs	komplikacija
1	1	konkretno	ADV	maxi.rs	konkretno
1	1	kontrolan	ADJ	voli.me	kontrolna
1	1	konzumiranje	NOUN	ikea.rs	konzumiranje
1	1	končan	ADJ	jysk.rs	končane
1	1	korenje	NOUN	ikea.rs	korenje
1	1	korijander	NOUN	ikea.rs	korijander
1	1	korner	NOUN	voli.me	korner
1	1	kozica	NOUN	kupujemprodajem	kozica
1	1	košara	NOUN	jysk.me	košara
1	1	košarkaški	ADJ	ananas.rs	košarkaška
1	1	krevetni	ADJ	jysk.rs	krevetni
1	1	kripta	NOUN	maxi.rs	kripto
1	1	kristalno	ADV	ikea.rs	kristalno
1	1	krivični	ADJ	oglasi.me	krivičnom
1	1	kroket	NOUN	maxi.rs	kroketi
1	1	krotiti	VERB	ikea.rs	krote
1	1	kružan	ADJ	ananas.rs	kružne
1	1	kršiti	VERB	ikea.rs	krše
1	1	kucanje	NOUN	kupujemprodajem	kucanjem
1	1	kulinarstvo	NOUN	kupujemprodajem	kulinarstva
1	1	kulturno-istorijski	ADJ	kupujemprodajem	kulturno-istorijsku
1	1	kupaonski	ADJ	ikea.rs	kupaonskih
1	1	kustos	NOUN	kupujemprodajem	kustos
1	1	kvantni	ADJ	emmezeta.rs	kvantnih
1	1	kvarljiv	ADJ	ikea.rs	kvarljive
1	1	kviz	NOUN	ananas.rs	kviz
1	1	lagodan	ADJ	jysk.rs	lagodan
1	1	lampion	NOUN	jysk.rs	lampiona
1	1	latica	NOUN	ikea.rs	latice
1	1	ledina	NOUN	maxi.rs	ledine
1	1	legnuti	VERB	ikea.rs	legne
1	1	leksikon	NOUN	kupujemprodajem	leksikona
1	1	lektira	NOUN	kupujemprodajem	lektire
1	1	lepršavost	NOUN	ikea.rs	lepršavost
1	1	ležernost	NOUN	ikea.rs	ležernosti
1	1	limenka	NOUN	voli.me	limenka
1	1	limunada	NOUN	kupujemprodajem	limunade
1	1	lisnat	ADJ	ikea.rs	lisnati
1	1	listanje	NOUN	kupujemprodajem	listanjem
1	1	ljeti	ADV	jysk.me	ljeti
1	1	ljuljati	VERB	jysk.me	ljuljati
1	1	logički	ADV	kupujemprodajem	logički
1	1	lomiti	ADJ	ikea.rs	lomljene
1	1	lomljenje	NOUN	jysk.rs	lomljenja
1	1	magičan	ADJ	ikea.rs	magičnog
1	1	majonez	NOUN	ikea.rs	majonezom
1	1	majstorstvo	NOUN	ikea.rs	majstorstva
1	1	maksimalistički	ADJ	ikea.rs	maksimalističku
1	1	maloletan	ADJ	maxi.rs	maloletna
1	1	mana	NOUN	kupujemprodajem	mane
1	1	margarita	NOUN	ikea.rs	margarita
1	1	marina	NOUN	kupujemprodajem	marina
1	1	markirati	ADJ	kupujemprodajem	markirana
1	1	maximalan	ADJ	maxi.rs	maximalne
1	1	maziti	VERB	kupujemprodajem	maziš
1	1	mejl	NOUN	kupujemprodajem	mejla
1	1	menagement	NOUN	ananas.rs	menagement
1	1	menta	NOUN	ananas.rs	menta
1	1	metropolis	NOUN	kupujemprodajem	metropolis
1	1	međusoban	ADJ	maxi.rs	međusobnog
1	1	mešati	VERB	ikea.rs	meša
1	1	milo	ADV	kupujemprodajem	milije
1	1	minimalist	NOUN	ikea.rs	minimalista
1	1	minimalno	ADV	emmezeta.rs	minimalno
1	1	mirjanin	NOUN	kupujemprodajem	mirjanina
1	1	misao	NOUN	ikea.rs	mislima
1	1	misterija	NOUN	ikea.rs	misterije
1	1	misteriozan	ADJ	ikea.rs	misterioznih
1	1	mleven	ADJ	maxi.rs	mlevena
1	1	modifikacija	NOUN	ikea.rs	modifikacije
1	1	monohromatski	ADJ	ikea.rs	monohromatski
1	1	monotono	ADV	ikea.rs	monotono
1	1	motorika	NOUN	kupujemprodajem	motorika
1	1	mračno	ADV	jysk.rs	mračnije
1	1	mrlja	NOUN	jysk.me	mrlje
1	1	mrvica	NOUN	ikea.rs	mrvicu
1	1	nabava	NOUN	emmezeta.rs	nabava
1	1	nabavljanje	NOUN	maxi.rs	nabavljanju
1	1	nadovezivati	VERB	ikea.rs	nadovezuje
1	1	nagibni	ADJ	jysk.me	nagibni
1	1	naglavni	ADJ	kupujemprodajem	naglavne
1	1	nagraditi	ADJ	maxi.rs	nagrađeni
1	1	naići	VERB	kupujemprodajem	naići
1	1	maštovit	ADJ	maxi.rs	najmaštovitije
1	1	najpre	ADV	ikea.rs	najpre
1	1	naknadan	ADJ	maxi.rs	naknadnom
1	1	nakupljanje	NOUN	jysk.rs	nakupljanje
1	1	namakanje	NOUN	jysk.me	namakanje
1	1	naplaćivati	VERB	maxi.rs	naplaćuje
1	1	naporno	ADV	jysk.rs	naporno
1	1	naprava	NOUN	kupujemprodajem	napravama
1	1	napredovanje	NOUN	ikea.rs	napredovanje
1	1	napredovati	VERB	kupujemprodajem	napreduju
1	1	narušavati	VERB	ikea.rs	narušavaju
1	1	naslanjanje	NOUN	jysk.me	naslanjanja
1	1	naslagati	VERB	ikea.rs	naslaži
1	1	naslonjač	NOUN	jysk.me	naslonjaču
1	1	naslovnica	NOUN	emmezeta.rs	naslovnica
1	1	nastan	NOUN	jysk.me	nastanu
1	1	nastavljati	VERB	ikea.rs	nastavljaš
1	1	navići	VERB	kupujemprodajem	navikla
1	1	navođenje	NOUN	maxi.rs	navođenje
1	1	nazdravljanje	NOUN	jysk.rs	nazdravljanje
1	1	naznačen	ADJ	maxi.rs	naznačenom
1	1	nebitno	ADV	jysk.me	nebitno
1	1	nedoumica	NOUN	maxi.rs	nedoumice
1	1	nedvosmislen	ADJ	maxi.rs	nedvosmislen
1	1	negativan	ADJ	maxi.rs	negativni
1	1	neiskorišćen	ADJ	ikea.rs	neiskorišćen
1	1	nelagoda	NOUN	jysk.rs	nelagodu
1	1	nenajavljen	ADJ	ikea.rs	nenajavljeni
1	1	neobičan	ADJ	jysk.me	neobičnih
1	1	neodvojiv	ADJ	kupujemprodajem	neodvojivi
1	1	neograničeno	ADV	kupujemprodajem	neograničeno
1	1	neovlašćen	ADJ	maxi.rs	neovlašćenog
1	1	neparan	ADJ	ikea.rs	neparni
1	1	nepoznat	ADJ	kupujemprodajem	nepoznatim
1	1	nepregledan	ADJ	ikea.rs	nepregledna
1	1	neprekinut	ADJ	maxi.rs	neprekinut
1	1	neprestano	ADV	maxi.rs	neprestano
1	1	neprijatnost	NOUN	ikea.rs	neprijatnosti
1	1	nepristupačan	ADJ	kupujemprodajem	nepristupačne
1	1	nesmetan	ADJ	emmezeta.rs	nesmetan
1	1	netačan	ADJ	maxi.rs	netačnim
1	1	neuhvatljiv	ADJ	ikea.rs	neuhvatljivu
1	1	neupućen	ADJ	kupujemprodajem	neupućen
1	1	neviđen	ADJ	ikea.rs	neviđeni
1	1	nezavršen	ADJ	maxi.rs	nezavršenoj
1	1	neznatan	ADJ	kupujemprodajem	neznatne
1	1	nečistoća	NOUN	jysk.rs	nečistoće
1	1	nečujan	ADJ	ikea.rs	nečujnim
1	1	nirvana	NOUN	kupujemprodajem	nirvana
1	1	non-stop	ADV	maxi.rs	non-stop
1	1	notes	NOUN	voli.me	notes
1	1	novela	NOUN	kupujemprodajem	novela
1	1	nužno	ADV	jysk.me	nužno
1	1	obasjati	VERB	ikea.rs	obasjaj
1	1	obaveštavanje	NOUN	kupujemprodajem	obaveštavanja
1	1	obiti	VERB	jysk.me	obije
1	1	obići	VERB	kupujemprodajem	obiđemo
1	1	objavljivati	VERB	maxi.rs	objavljuju
1	1	objašnjenje	NOUN	kupujemprodajem	objašnjenje
1	1	obnavljati	VERB	jysk.me	obnavljamo
1	1	obnovljiv	ADJ	ikea.rs	obnovljivog
1	1	obogaćivati	VERB	ikea.rs	obogaćuje
1	1	obris	NOUN	ikea.rs	obrise
1	1	obrnuti	ADJ	ikea.rs	obrnuto
1	1	obući	ADJ	jysk.rs	obučeno
1	1	odati	VERB	jysk.me	oda
1	1	odavati	VERB	jysk.rs	odaje
1	1	odazivati	VERB	kupujemprodajem	odaziva
1	1	odbrana	NOUN	maxi.rs	odbrane
1	1	odigrati	VERB	ikea.rs	odigraj
1	1	odlazak	NOUN	kupujemprodajem	odlaska
1	1	odlaženje	NOUN	kupujemprodajem	odlaženje
1	1	odmet	NOUN	kupujemprodajem	odmet
1	1	odobravati	VERB	maxi.rs	odobrava
1	1	odobrenje	NOUN	maxi.rs	odobrenje
1	1	odozdo	ADV	ikea.rs	odozdo
1	1	odraditi	VERB	ikea.rs	odradi
1	1	odrasti	VERB	kupujemprodajem	odrasla
1	1	odrastanje	NOUN	ikea.rs	odrastanja
1	1	odstupanje	NOUN	maxi.rs	odstupanje
1	1	oda	NOUN	jysk.me	odu
1	1	oduzeti	VERB	kupujemprodajem	oduzme
1	1	oduševiti	VERB	ikea.rs	oduševiti
1	1	odvajati	VERB	kupujemprodajem	odvaja
1	1	odvažno	ADV	ikea.rs	odvažno
1	1	odvijati	VERB	ikea.rs	odvija
1	1	odvlačiti	VERB	emmezeta.rs	odvlačiti
1	1	ofis	NOUN	kupujemprodajem	ofis
1	1	ogledalce	NOUN	kupujemprodajem	ogledalca
1	1	ojačati	VERB	ikea.rs	ojačaju
1	1	oker	NOUN	ananas.rs	oker
1	1	oklop	NOUN	kupujemprodajem	oklop
1	1	okretanje	NOUN	ikea.rs	okretanjem
1	1	okviran	ADJ	emmezeta.rs	okvirne
1	1	okvirno	ADV	emmezeta.rs	okvirno
1	1	omekšivač	NOUN	maxi.rs	omekšivače
1	1	omogućavanje	NOUN	ikea.rs	omogućavanje
1	1	omogućivati	VERB	jysk.rs	omogućuje
1	1	omot	NOUN	ikea.rs	omotima
1	1	onemogućiti	VERB	maxi.rs	onemogućiti
1	1	opadati	VERB	ikea.rs	opadaju
1	1	opisno	ADV	kupujemprodajem	opisno
1	1	oplemeniti	VERB	ikea.rs	oplemeniš
1	1	oproban	ADJ	kupujemprodajem	oprobani
1	1	opterećivati	VERB	ikea.rs	opterećuju
1	1	opuštati	VERB	kupujemprodajem	opušta
1	1	opštepoznat	ADJ	maxi.rs	opštepoznata
1	1	oralan	ADJ	ananas.rs	oralna
1	1	orašasti	ADJ	maxi.rs	orašastih
1	1	organizovanost	NOUN	ikea.rs	organizovanosti
1	1	orijentisan	ADJ	maxi.rs	orijentisanih
1	1	osavremeniti	VERB	kupujemprodajem	osavremene
1	1	oscilacija	NOUN	kupujemprodajem	oscilacije
1	1	oslanjati	VERB	ikea.rs	oslanjaš
1	1	oslobađati	VERB	jysk.rs	oslobađa
1	1	oslonjen	ADJ	emmezeta.rs	oslonjenih
1	1	osmišljavanje	NOUN	ikea.rs	osmišljavanjem
1	1	osmoza	NOUN	kupujemprodajem	osmozom
1	1	osoban	ADJ	emmezeta.rs	osobnih
1	1	osobnost	NOUN	emmezeta.rs	osobnost
1	1	osporiti	VERB	maxi.rs	osporili
1	1	ostvarivost	NOUN	maxi.rs	ostvarivost
1	1	osunčati	ADJ	ikea.rs	osunčano
1	1	osvežavajući	ADJ	ikea.rs	osvežavajuće
1	1	oteti	VERB	kupujemprodajem	ote
1	1	otkačiti	ADJ	ikea.rs	otkačena
1	1	otključati	VERB	ikea.rs	otključaš
1	1	otkupljivati	VERB	kupujemprodajem	otkupljuju
1	1	otporan	ADJ	ikea.rs	otpornim
1	1	ovlašćenje	NOUN	maxi.rs	ovlašćenja
1	1	ovogodišnji	ADJ	ikea.rs	ovogodišnji
1	1	ozvučenje	NOUN	kupujemprodajem	ozvučenje
1	1	očarati	VERB	ikea.rs	očarati
1	1	očitavanje	NOUN	maxi.rs	očitavanja
1	1	oštrina	NOUN	emmezeta.rs	oštrinom
1	1	pahulja	NOUN	jysk.rs	pahulja
1	1	paketić	NOUN	ananas.rs	paketići
1	1	parče	NOUN	ikea.rs	parče
1	1	pass	NOUN	ananas.rs	pass
1	1	patron	NOUN	kupujemprodajem	patron
1	1	pažljiv	ADJ	kupujemprodajem	pažljiv
1	1	penast	ADJ	jysk.rs	penasta
1	1	performanca	NOUN	ananas.rs	performance
1	1	pernica	NOUN	ikea.rs	pernica
1	1	petlov	ADJ	maxi.rs	petlovo
1	1	peščan	ADJ	ikea.rs	peščane
1	1	pijedestal	NOUN	ikea.rs	pijedestal
1	1	pijukanje	NOUN	jysk.rs	pijukanje
1	1	piksel	NOUN	emmezeta.rs	piksel
1	1	piling	NOUN	ananas.rs	piling
1	1	piton	NOUN	kupujemprodajem	pitona
1	1	plakat	NOUN	kupujemprodajem	plakata
1	1	plasman	NOUN	kupujemprodajem	plasmanom
1	1	plast	NOUN	kupujemprodajem	plast
1	1	pliš	NOUN	jysk.rs	pliš
1	1	pneumatika	NOUN	kupujemprodajem	pneumatiku
1	1	pobednički	ADJ	emmezeta.rs	pobednička
1	1	podariti	VERB	jysk.me	podarite
1	1	podesan	ADJ	kupujemprodajem	podesnijim
1	1	podjednako	ADV	ikea.rs	podjednako
1	1	podjednak	ADJ	ikea.rs	podjednaku
1	1	podkategorija	NOUN	maxi.rs	podkategorija
1	1	podlegati	VERB	oglasi.me	podleže
1	1	podmlađivati	ADV	ikea.rs	podmlađujući
1	1	podnositi	VERB	ikea.rs	podnose
1	1	podržati	VERB	ikea.rs	podržala
1	1	podstaknuti	VERB	ikea.rs	podstakneš
1	1	pogačica	NOUN	ikea.rs	pogačicu
1	1	pohabati	ADJ	kupujemprodajem	pohabanim
1	1	pohvaliti	VERB	kupujemprodajem	pohvališ
1	1	pojedinačno	ADV	kupujemprodajem	pojedinačno
1	1	pojedinost	NOUN	maxi.rs	pojedinosti
1	1	pojednostaviti	VERB	ikea.rs	pojednostavi
1	1	pojednostavljivati	VERB	ikea.rs	pojednostavljuje
1	1	pokositi	ADJ	kupujemprodajem	pokošena
1	1	pokretanje	NOUN	kupujemprodajem	pokretanje
1	1	pokrivanje	NOUN	jysk.rs	pokrivanje
1	1	polazak	NOUN	emmezeta.rs	polaskom
1	1	polazan	ADJ	ikea.rs	polazne
1	1	položajnik	NOUN	jysk.rs	položajnika
1	1	ponajviše	ADV	ikea.rs	ponajviše
1	1	poništiti	VERB	ikea.rs	poništi
1	1	ponositi	VERB	ikea.rs	ponosiš
1	1	ponovan	ADJ	ikea.rs	ponovnu
1	1	popraviti	VERB	ikea.rs	popravi
1	1	poprilično	ADV	kupujemprodajem	poprilično
1	1	popunjavati	VERB	maxi.rs	popunjavate
1	1	poraditi	VERB	kupujemprodajem	poraditi
1	1	porasti	VERB	kupujemprodajem	poraste
1	1	poravnati	ADJ	ikea.rs	poravnatim
1	1	poručivati	VERB	maxi.rs	poručujete
1	1	posaditi	VERB	ikea.rs	posaditi
1	1	posavetovati	VERB	jysk.rs	posavetujte
1	1	posegnuti	VERB	jysk.rs	posegnite
1	1	posećivanje	NOUN	maxi.rs	posećivanju
1	1	posrednik	NOUN	maxi.rs	posrednici
1	1	posredstvo	NOUN	maxi.rs	posredstvom
1	1	postojan	ADJ	ikea.rs	postojanih
1	1	postojanost	NOUN	jysk.rs	postojanost
1	1	posvećenost	NOUN	maxi.rs	posvećenošću
1	1	poteban	ADJ	kupujemprodajem	poteban
1	1	potencijalno	ADV	maxi.rs	potencijalno
1	1	poticati	VERB	kupujemprodajem	potiče
1	1	potkrepiti	VERB	kupujemprodajem	potkrepi
1	1	potpisati	ADJ	maxi.rs	potpisani
1	1	potraživanje	NOUN	maxi.rs	potraživanja
1	1	potuno	ADV	kupujemprodajem	potuno
1	1	povišen	ADJ	jysk.rs	povišenom
1	1	povlačenje	NOUN	ikea.rs	povlačenjem
1	1	pozabaviti	VERB	maxi.rs	pozabaviti
1	1	poznato	ADV	jysk.rs	poznatije
1	1	počastiti	VERB	maxi.rs	počastite
1	1	poželeti	VERB	kupujemprodajem	poželeti
1	1	pravljenje	NOUN	kupujemprodajem	pravljenje
1	1	prašak	NOUN	maxi.rs	praškove
1	1	prebacivati	VERB	ikea.rs	prebacuješ
1	1	preciznost	NOUN	kupujemprodajem	preciznost
1	1	predahnuti	VERB	jysk.me	predahnete
1	1	predivan	ADJ	ikea.rs	predivni
1	1	predomisliti	VERB	jysk.rs	predomislili
1	1	preduzeti	VERB	ikea.rs	preduzeti
1	1	preduzimanje	NOUN	maxi.rs	preduzimanje
1	1	preduzimati	VERB	voli.me	preduzimate
1	1	preduzimljiv	ADJ	kupujemprodajem	preduzimljivom
1	1	predvideti	ADJ	maxi.rs	predviđena
1	1	pregledanje	NOUN	kupujemprodajem	pregledanja
1	1	pregledno	ADV	ikea.rs	pregledno
1	1	preglednost	NOUN	maxi.rs	preglednosti
1	1	pregovarati	VERB	kupujemprodajem	pregovaraš
1	1	pregraditi	VERB	ikea.rs	pregradiš
1	1	pregrejavanje	NOUN	jysk.rs	pregrejavanja
1	1	prehladiti	ADJ	jysk.rs	prehlađeni
1	1	premali	ADJ	emmezeta.rs	premali
1	1	premac	NOUN	ikea.rs	premca
1	1	prenamena	NOUN	ikea.rs	prenamenu
1	1	prenosivost	NOUN	maxi.rs	prenosivost
1	1	preokrenuti	VERB	jysk.rs	preokrenuti
1	1	preopteretiti	ADJ	ikea.rs	preopterećeni
1	1	preporučljiv	ADJ	jysk.rs	preporučljivo
1	1	prepreka	NOUN	kupujemprodajem	prepreku
1	1	preprodati	VERB	ikea.rs	preprodaju
1	1	prepun	ADJ	ikea.rs	prepuno
1	1	prerušiti	ADJ	ikea.rs	prerušeni
1	1	presaditi	VERB	ikea.rs	presadi
1	1	prestajati	VERB	maxi.rs	prestaju
1	1	prestanak	NOUN	maxi.rs	prestanku
1	1	prestižan	ADJ	ikea.rs	prestižno
1	1	preterano	ADV	ikea.rs	preterano
1	1	pretežno	ADV	maxi.rs	pretežno
1	1	preuređivati	VERB	kupujemprodajem	preuređuješ
1	1	prećutati	VERB	kupujemprodajem	prećutati
1	1	prečest	ADJ	maxi.rs	prečesto
1	1	prečišćavati	VERB	ikea.rs	prečišćavaju
1	1	preživljavati	VERB	ikea.rs	preživljavaju
1	1	približavati	VERB	jysk.rs	približavaju
1	1	pridržavati	VERB	maxi.rs	pridržavala
1	1	prigodan	ADJ	kupujemprodajem	prigodan
1	1	prihvatanje	NOUN	maxi.rs	prihvatanjem
1	1	prihvatilište	NOUN	ikea.rs	prihvatilišta
1	1	prijem	NOUN	maxi.rs	prijemu
1	1	prikazivanje	NOUN	emmezeta.rs	prikazivanje
1	1	primarno	ADV	jysk.rs	primarno
1	1	primeriti	ADJ	maxi.rs	primereni
1	1	prioritet	NOUN	emmezeta.rs	prioritet
1	1	priručan	ADJ	kupujemprodajem	priručnih
1	1	prisiliti	ADJ	jysk.rs	prisiljeni
1	1	pristupanje	NOUN	maxi.rs	pristupanja
1	1	pristupati	VERB	jysk.me	pristupati
1	1	pristupačno	ADV	ikea.rs	pristupačno
1	1	pritiskati	VERB	ikea.rs	pritiskaju
1	1	privlačno	ADV	emmezeta.rs	privlačno
1	1	prizemljiti	VERB	ikea.rs	prizemlji
1	1	pričanje	NOUN	ikea.rs	pričanje
1	1	pričvršćivati	VERB	maxi.rs	pričvršćuju
1	1	prljati	VERB	jysk.rs	prlja
1	1	prljavština	NOUN	ikea.rs	prljavštine
1	1	procena	NOUN	ikea.rs	proceni
1	1	prodiranje	NOUN	jysk.rs	prodiranja
1	1	produbiti	VERB	ikea.rs	produbiš
1	1	proklijati	VERB	ikea.rs	proklija
1	1	prolaz	NOUN	jysk.rs	prolaza
1	1	promisliti	ADJ	ikea.rs	promišljeno
1	1	promovisati	VERB	voli.me	promovišemo
1	1	pronalazak	NOUN	jysk.rs	pronalazak
1	1	pronalaziti	VERB	kupujemprodajem	pronalaze
1	1	propisati	ADJ	maxi.rs	propisanih
1	1	proprati	VERB	kupujemprodajem	proprati
1	1	propratni	ADJ	kupujemprodajem	propratnu
1	1	propust	NOUN	maxi.rs	propuste
1	1	prosečno	ADV	kupujemprodajem	prosečno
1	1	prosuti	ADJ	jysk.rs	prosute
1	1	protiviti	VERB	maxi.rs	protivili
1	1	proučiti	VERB	kupujemprodajem	prouči
1	1	prozni	ADJ	kupujemprodajem	proznog
1	1	pročistiti	VERB	ikea.rs	pročistio
1	1	proširenje	NOUN	kupujemprodajem	proširenje
1	1	prošlogodišnji	ADJ	kupujemprodajem	prošlogodišnje
1	1	prstenje	NOUN	jysk.me	prstenje
1	1	prtljažnik	NOUN	ikea.rs	prtljažnika
1	1	prugica	NOUN	jysk.me	prugice
1	1	pruće	NOUN	ikea.rs	pruće
1	1	prvobitan	ADJ	ikea.rs	prvobitnu
1	1	prženje	NOUN	maxi.rs	prženju
1	1	punoletan	ADJ	maxi.rs	punoletnih
1	1	punomastan	ADJ	voli.me	punomasni
1	1	putovati	VERB	ikea.rs	putuju
1	1	radostan	ADJ	ikea.rs	radosnijim
1	1	radosno	ADV	ikea.rs	radosno
1	1	rajsferšlus	NOUN	ikea.rs	rajsferšlusom
1	1	rasa	NOUN	kupujemprodajem	rasa
1	1	rasadnik	NOUN	kupujemprodajem	rasadnik
1	1	rashlađivanje	NOUN	kupujemprodajem	rashlađivanje
1	1	raspoložiti	ADJ	kupujemprodajem	raspoložen
1	1	rasterećivati	VERB	ikea.rs	rasterećuje
1	1	rastresit	ADJ	ikea.rs	rastresit
1	1	razgledati	VERB	kupujemprodajem	razgledaj
1	1	razmena	NOUN	maxi.rs	razmena
1	1	raznoliko	ADV	ikea.rs	raznoliko
1	1	razuman	ADJ	ikea.rs	razumnu
1	1	razvedriti	VERB	jysk.me	razvedriti
1	1	razvrstavanje	NOUN	emmezeta.rs	razvrstavanja
1	1	recikliranje	NOUN	ikea.rs	recikliranje
1	1	reditelj	NOUN	kupujemprodajem	reditelja
1	1	redosled	NOUN	maxi.rs	redosleda
1	1	reflektovati	VERB	jysk.me	reflektovalo
1	1	registrator	NOUN	ikea.rs	registratorima
1	1	registrovanje	NOUN	maxi.rs	registrovanjem
1	1	rekreativac	NOUN	kupujemprodajem	rekreativci
1	1	rekreativan	ADJ	kupujemprodajem	rekreativnih
1	1	replika	NOUN	kupujemprodajem	replike
1	1	reprezentativan	ADJ	kupujemprodajem	reprezentativnih
1	1	resica	NOUN	jysk.me	resicama
1	1	revizija	NOUN	maxi.rs	revizija
1	1	rezervisan	ADJ	jysk.rs	rezervisanim
1	1	rezolucija	NOUN	maxi.rs	rezolucija
1	1	ribolovac	NOUN	kupujemprodajem	ribolovac
1	1	rit	NOUN	maxi.rs	rit
1	1	rizikovati	VERB	ikea.rs	rizikuješ
1	1	rokovnik	NOUN	ananas.rs	rokovnici
1	1	romantika	NOUN	ikea.rs	romantike
1	1	rukotvorina	NOUN	ikea.rs	rukotvorine
1	1	ručavati	VERB	jysk.rs	ručavate
1	1	sadržajan	ADJ	kupujemprodajem	sadržajan
1	1	sadržina	NOUN	kupujemprodajem	sadržinu
1	1	saginjati	VERB	ikea.rs	saginješ
1	1	sajmište	NOUN	maxi.rs	sajmište
1	1	sakrivati	VERB	ikea.rs	sakriva
1	1	sakupiti	VERB	jysk.me	sakupili
1	1	samousluga	NOUN	ikea.rs	samousluge
1	1	sanjiv	ADJ	ikea.rs	sanjiva
1	1	sapunica	NOUN	ikea.rs	sapunicom
1	1	savestan	ADJ	kupujemprodajem	savestan
1	1	savetovati	VERB	kupujemprodajem	savetujemo
1	1	savladavati	VERB	kupujemprodajem	savladavaju
1	1	savladati	VERB	kupujemprodajem	savladaš
1	1	savremeno	ADV	emmezeta.rs	savremeno
1	1	saznanje	NOUN	maxi.rs	saznanjima
1	1	sađenje	NOUN	ikea.rs	sađenje
1	1	sašiti	VERB	ikea.rs	sašijemo
1	1	sedati	VERB	emmezeta.rs	sedaju
1	1	segmentan	ADJ	kupujemprodajem	segmentna
1	1	seliti	VERB	kupujemprodajem	seliš
1	1	seljo	NOUN	jysk.me	selja
1	1	semeni	ADJ	ikea.rs	semenu
1	1	serijal	NOUN	kupujemprodajem	serijala
1	1	sertifikacioni	ADJ	maxi.rs	sertifikaciona
1	1	seći	VERB	ikea.rs	sečeš
1	1	shodno	ADV	kupujemprodajem	shodno
1	1	signatura	NOUN	voli.me	signature
1	1	silom	ADV	maxi.rs	silom
1	1	simpatično	ADV	ikea.rs	simpatično
1	1	sims	NOUN	ikea.rs	sims
1	1	simulacija	NOUN	emmezeta.rs	simulacija
1	1	sinhronizovati	VERB	maxi.rs	sinhronizujete
1	1	sinji	ADJ	jysk.me	sinja
1	1	sipati	VERB	ikea.rs	sipaj
1	1	sirovina	NOUN	kupujemprodajem	sirovinu
1	1	skeniranje	NOUN	ikea.rs	skeniranjem
1	1	skidati	VERB	ikea.rs	skida
1	1	skijaški	ADJ	ananas.rs	skijaške
1	1	sklapati	VERB	ikea.rs	sklapaju
1	1	sklon	ADJ	jysk.rs	sklonije
1	1	sklonište	NOUN	jysk.rs	sklonište
1	1	sklopiti	VERB	ikea.rs	sklopi
1	1	skrivati	VERB	ikea.rs	skrivaju
1	1	skrojiti	VERB	ikea.rs	skrojiš
1	1	skupiti	VERB	kupujemprodajem	skupite
1	1	skupocen	ADJ	kupujemprodajem	skupocene
1	1	skučen	ADJ	ikea.rs	skučenu
1	1	slad	NOUN	jysk.rs	sladu
1	1	slamčica	NOUN	ikea.rs	slamčicom
1	1	slegnuti	VERB	ikea.rs	slegnu
1	1	slikovni	ADJ	oglasi.me	slikovni
1	1	slojevit	ADJ	ikea.rs	slojeviti
1	1	složeno	ADV	maxi.rs	složenije
1	1	složan	ADJ	ikea.rs	složne
1	1	smeo	ADJ	ikea.rs	smelim
1	1	smenjivati	VERB	ikea.rs	smenjuju
1	1	smetnja	NOUN	maxi.rs	smetnju
1	1	smeđe	ADV	ikea.rs	smeđe
1	1	snalaženje	NOUN	kupujemprodajem	snalaženja
1	1	snižavanje	NOUN	ikea.rs	snižavanje
1	1	socijalan	ADJ	maxi.rs	socijalnog
1	1	sočno	ADV	maxi.rs	sočno
1	1	spavač	NOUN	jysk.rs	spavača
1	1	spati	VERB	kupujemprodajem	spe
1	1	specifikacija	NOUN	emmezeta.rs	specifikacija
1	1	spomen-park	NOUN	maxi.rs	spomen-parka
1	1	spomenuti	ADJ	maxi.rs	spomenuto
1	1	sposoban	ADJ	kupujemprodajem	sposobnom
1	1	spravica	NOUN	ikea.rs	spravice
1	1	sproveden	ADJ	maxi.rs	sprovedenom
1	1	sprovesti	VERB	maxi.rs	sproveli
1	1	sprovoditi	VERB	maxi.rs	sprovodi
1	1	središte	NOUN	emmezeta.rs	središte
1	1	srodan	ADJ	kupujemprodajem	srodne
1	1	srp	NOUN	kupujemprodajem	srpova
1	1	stabilno	ADV	emmezeta.rs	stabilno
1	1	staralac	NOUN	maxi.rs	staralaca
1	1	staro	ADV	kupujemprodajem	starije
1	1	statistika	NOUN	maxi.rs	statistiku
1	1	stih	NOUN	kupujemprodajem	stihova
1	1	strelište	NOUN	maxi.rs	strelište
1	1	stres	NOUN	kupujemprodajem	stres
1	1	striming	NOUN	emmezeta.rs	striming
1	1	strpljenje	NOUN	kupujemprodajem	strpljenja
1	1	strpljiv	ADJ	kupujemprodajem	strpljiv
1	1	strpljivo	ADV	kupujemprodajem	strpljivo
1	1	strujanje	NOUN	jysk.rs	strujanje
1	1	studentski	ADJ	jysk.me	studentske
1	1	stupati	VERB	maxi.rs	stupa
1	1	stvarčica	NOUN	kupujemprodajem	stvarčica
1	1	subjekat	NOUN	maxi.rs	subjekat
1	1	suočavati	VERB	ikea.rs	suočavamo
1	1	suočiti	VERB	jysk.me	suočite
1	1	suptilno	ADV	ikea.rs	suptilno
1	1	susret	NOUN	ikea.rs	susret
1	1	suvoća	NOUN	maxi.rs	suvoće
1	1	suziti	VERB	ikea.rs	suziti
1	1	suštinski	ADJ	ikea.rs	suštinskog
1	1	svestran	ADJ	ikea.rs	svestrani
1	1	svrstati	ADJ	kupujemprodajem	svrstano
1	1	tabelaran	ADJ	oglasi.me	tabelarni
1	1	tamnožut	ADJ	ikea.rs	tamnožuta
1	1	tarantula	NOUN	kupujemprodajem	tarantula
1	1	tarifirati	VERB	emmezeta.rs	tarifira
1	1	tehno	ADV	kupujemprodajem	tehno
1	1	telekomunikacija	NOUN	kupujemprodajem	telekomunikacije
1	1	telekomunikacioni	ADJ	kupujemprodajem	telekomunikaciona
1	1	televizijski	ADJ	emmezeta.rs	televizijskog
1	1	timski	ADJ	ananas.rs	timski
1	1	tipičan	ADJ	ikea.rs	tipičnu
1	1	tkanica	NOUN	kupujemprodajem	tkanice
1	1	toaleta	NOUN	maxi.rs	toaleti
1	1	tor	NOUN	jysk.me	tora
1	1	touchscreen	NOUN	kupujemprodajem	touchscreen
1	1	tragati	VERB	jysk.me	tragaju
1	1	traganje	NOUN	ikea.rs	traganje
1	1	trajan	ADJ	maxi.rs	trajni
1	1	transakcioni	ADJ	maxi.rs	transakcioni
1	1	trem	NOUN	ikea.rs	trem
1	1	trgovinski	ADJ	maxi.rs	trgovinski
1	1	triko	NOUN	kupujemprodajem	trikoe
1	1	trokut	NOUN	kupujemprodajem	trokuta
1	1	tržni	ADJ	emmezeta.rs	tržni
1	1	turban	NOUN	jysk.me	turban
1	1	tužan	ADJ	ikea.rs	tužnog
1	1	ublažavanje	NOUN	jysk.me	ublažavanje
1	1	udisati	VERB	ikea.rs	udišeš
1	1	udvostručiti	VERB	ikea.rs	udvostruči
1	1	udžbenik	NOUN	emmezeta.rs	udžbenika
1	1	udžbenički	ADJ	kupujemprodajem	udžbeničke
1	1	ugljeni	ADJ	voli.me	ugljeni
1	1	ugostiti	VERB	kupujemprodajem	ugostiš
1	1	ugradbeni	ADJ	emmezeta.rs	ugradbeni
1	1	ugrožavati	VERB	kupujemprodajem	ugrožava
1	1	ukazivanje	NOUN	maxi.rs	ukazivanje
1	1	ukazati	VERB	jysk.me	ukaže
1	1	uklanjanje	NOUN	jysk.me	uklanjanje
1	1	ukomponovati	VERB	jysk.rs	ukomponujete
1	1	ukrašavati	VERB	jysk.rs	ukrašavaju
1	1	ukrotiti	VERB	ikea.rs	ukroti
1	1	ukrstiti	ADJ	ikea.rs	ukršteni
1	1	ulepšavati	VERB	ikea.rs	ulepšavaju
1	1	umeće	NOUN	kupujemprodajem	umećem
1	1	umirujući	ADJ	ikea.rs	umirujuć
1	1	umnogome	ADV	kupujemprodajem	umnogome
1	1	umnožavati	VERB	oglasi.me	umnožavati
1	1	unapređivanje	NOUN	maxi.rs	unapređivanje
1	1	unapređivati	VERB	ikea.rs	unapređuju
1	1	uokviriti	VERB	ikea.rs	uokviriš
1	1	uokvirivati	VERB	ikea.rs	uokviruje
1	1	upamtiti	VERB	kupujemprodajem	upamti
1	1	upariti	VERB	ikea.rs	upari
1	1	uplatiti	ADJ	emmezeta.rs	uplaćen
1	1	uplašiti	VERB	jysk.rs	uplašiti
1	1	upoređivanje	NOUN	kupujemprodajem	upoređivanje
1	1	upotreban	ADJ	kupujemprodajem	upotrebnu
1	1	upoznavanje	NOUN	maxi.rs	upoznavanje
1	1	upustiti	VERB	kupujemprodajem	upustiš
1	1	upućivanje	NOUN	maxi.rs	upućivanjem
1	1	upućivati	VERB	maxi.rs	upućujemo
1	1	useliti	VERB	jysk.rs	uselili
1	1	useljavati	VERB	jysk.rs	useljavate
1	1	usisati	VERB	jysk.rs	usisati
1	1	usisavanje	NOUN	jysk.rs	usisavanje
1	1	uskladištiti	ADJ	maxi.rs	uskladišteni
1	1	usklađivanje	NOUN	ikea.rs	usklađivanje
1	1	usklađivati	VERB	ikea.rs	usklađuje
1	1	usko	ADV	ikea.rs	usko
1	1	uskraćivanje	NOUN	maxi.rs	uskraćivanje
1	1	usloviti	ADJ	jysk.rs	uslovljene
1	1	usmeravati	VERB	ikea.rs	usmerava
1	1	uspostavljanje	NOUN	maxi.rs	uspostavljanja
1	1	usvajati	VERB	emmezeta.rs	usvajaju
1	1	utovariti	VERB	ikea.rs	utovariti
1	1	utočište	NOUN	ikea.rs	utočištu
1	1	uvećavati	VERB	kupujemprodajem	uvećava
1	1	uvoziti	VERB	voli.me	uvozi
1	1	uvozan	ADJ	kupujemprodajem	uvozna
1	1	uvođenje	NOUN	ikea.rs	uvođenja
1	1	uzastopni	ADJ	maxi.rs	uzastopnih
1	1	uzdah	NOUN	ikea.rs	uzdah
1	1	uzdignuti	ADJ	jysk.rs	uzdignutom
1	1	uzgajati	VERB	ikea.rs	uzgajaj
1	1	uzgajanje	NOUN	ikea.rs	uzgajanje
1	1	uzorak	NOUN	ikea.rs	uzorcima
1	1	uzrokovati	VERB	jysk.rs	uzrokovati
1	1	učestvovanje	NOUN	maxi.rs	učestvovanje
1	1	učvrstiti	VERB	ikea.rs	učvrstiš
1	1	ušteđevina	NOUN	ikea.rs	ušteđevinu
1	1	vajarstvo	NOUN	kupujemprodajem	vajarstvom
1	1	vakuumski	ADJ	jysk.me	vakuumskim
1	1	validan	ADJ	voli.me	validna
1	1	vansezonski	ADJ	jysk.rs	vansezonsku
1	1	vazdušasto	ADV	ikea.rs	vazdušasto
1	1	vazdušan	ADJ	ikea.rs	vazdušni
1	1	vedar	ADJ	ikea.rs	vedar
1	1	veleprodaja	NOUN	kupujemprodajem	veleprodaja
1	1	velur	NOUN	jysk.me	velura
1	1	venčanica	NOUN	kupujemprodajem	venčanice
1	1	vestern	NOUN	kupujemprodajem	vestern
1	1	vetrovito	ADV	jysk.rs	vetrovito
1	1	vezano	ADV	maxi.rs	vezano
1	1	vešto	ADV	emmezeta.rs	vešto
1	1	video-igra	NOUN	emmezeta.rs	video-igre
1	1	vidikovac	NOUN	maxi.rs	vidikovac
1	1	vidan	ADJ	emmezeta.rs	vidnog
1	1	vidokrug	NOUN	jysk.me	vidokruga
1	1	vidovdanski	ADJ	maxi.rs	vidovdansko
1	1	viriti	VERB	ikea.rs	vire
1	1	vitak	ADJ	ikea.rs	vitke
1	1	vizuelan	ADJ	kupujemprodajem	vizuelnom
1	1	viđati	VERB	maxi.rs	viđate
1	1	višebojni	ADJ	ikea.rs	višebojna
1	1	višečasovan	ADJ	kupujemprodajem	višečasovni
1	1	vlasništvo	NOUN	kupujemprodajem	vlasništvo
1	1	vodovod	NOUN	kupujemprodajem	vodovod
1	1	vođenje	NOUN	maxi.rs	vođenjem
1	1	vratni	ADJ	jysk.me	vratne
1	1	vredno	ADV	maxi.rs	vredno
1	1	vršenje	NOUN	kupujemprodajem	vršenje
1	1	zaborav	NOUN	maxi.rs	zaborav
1	1	zaboravljanje	NOUN	ikea.rs	zaboravljanja
1	1	zabuna	NOUN	ikea.rs	zabune
1	1	zadesiti	VERB	kupujemprodajem	zadesi
1	1	zafaliti	VERB	kupujemprodajem	zafali
1	1	zagrejati	VERB	ikea.rs	zagrejati
1	1	zagrevati	VERB	emmezeta.rs	zagrevaju
1	1	zagrevanje	NOUN	ikea.rs	zagrevanje
1	1	zagubiti	VERB	ikea.rs	zagube
1	1	zahladiti	VERB	ikea.rs	zahladi
1	1	zahtevno	ADV	kupujemprodajem	zahtevno
1	1	zaigrati	VERB	ikea.rs	zaigrati
1	1	zaintersovati	ADJ	maxi.rs	zaintersovani
1	1	zaklanjati	VERB	emmezeta.rs	zaklanja
1	1	zaključak	NOUN	emmezeta.rs	zaključak
1	1	zaključiti	ADJ	maxi.rs	zaključenim
1	1	zaključivati	VERB	maxi.rs	zaključuje
1	1	zakonodavstvo	NOUN	maxi.rs	zakonodavstvom
1	1	zaliti	VERB	ikea.rs	zalij
1	1	zamenski	ADJ	maxi.rs	zamenski
1	1	zamračenje	NOUN	jysk.rs	zamračenje
1	1	zamrsiti	ADJ	ikea.rs	zamršenih
1	1	zamućenje	NOUN	emmezeta.rs	zamućenja
1	1	zaokruživati	VERB	ikea.rs	zaokružuju
1	1	zapis	NOUN	maxi.rs	zapisima
1	1	zapitati	VERB	ikea.rs	zapitaš
1	1	zaplitanje	NOUN	ikea.rs	zaplitanje
1	1	zaptivka	NOUN	ikea.rs	zaptivke
1	1	zaroniti	VERB	ikea.rs	zaronimo
1	1	zasaditi	ADJ	ikea.rs	zasađenih
1	1	zasebno	ADV	ikea.rs	zasebno
1	1	zasjati	VERB	ikea.rs	zasja
1	1	zastareo	ADJ	maxi.rs	zastarelim
1	1	zastupiti	ADJ	ikea.rs	zastupljeno
1	1	zatrpavati	VERB	kupujemprodajem	zatrpava
1	1	zavaliti	VERB	jysk.me	zavalite
1	1	zavarivač	NOUN	kupujemprodajem	zavarivače
1	1	zavisno	ADV	jysk.rs	zavisno
1	1	zavoleti	VERB	ikea.rs	zavoleti
1	1	zavrtiti	VERB	ikea.rs	zavrti
1	1	začetak	NOUN	kupujemprodajem	začetku
1	1	začinjavanje	NOUN	maxi.rs	začinjavanje
1	1	zbir	NOUN	kupujemprodajem	zbiru
1	1	zbor	NOUN	emmezeta.rs	zbor
1	1	zbrkan	ADJ	ikea.rs	zbrkanog
1	1	zeba	NOUN	kupujemprodajem	zeba
1	1	zidanje	NOUN	kupujemprodajem	zidanje
1	1	zimzelen	ADJ	jysk.rs	zimzelenim
1	1	zlonameran	ADJ	maxi.rs	zlonamerni
1	1	zloupotreba	NOUN	maxi.rs	zloupotrebe
1	1	značenje	NOUN	maxi.rs	značenje
1	1	zvečka	NOUN	ananas.rs	zvečke
1	1	ćaskanje	NOUN	ikea.rs	ćaskanja
1	1	ćuretina	NOUN	maxi.rs	ćuretine
1	1	čeličan	ADJ	kupujemprodajem	čelične
1	1	česnica	NOUN	jysk.rs	česnice
1	1	četa	NOUN	maxi.rs	četa
1	1	četovati	VERB	jysk.rs	četujte
1	1	čeznuti	VERB	ikea.rs	čeznu
1	1	činčila	NOUN	kupujemprodajem	činčila
1	1	čipka	NOUN	kupujemprodajem	čipke
1	1	čovekov	ADJ	kupujemprodajem	čovekov
1	1	čudesan	ADJ	kupujemprodajem	čudesna
1	1	čuvar	NOUN	kupujemprodajem	čuvari
1	1	šarmirati	VERB	ikea.rs	šarmira
1	1	šaroliko	ADV	jysk.rs	šaroliko
1	1	šeprtlja	NOUN	kupujemprodajem	šeprtlja
1	1	širenje	NOUN	jysk.me	širenje
1	1	šop	NOUN	kupujemprodajem	šop
1	1	štedljivo	ADV	ikea.rs	štedljivo
1	1	žad	NOUN	jysk.me	žada
1	1	žanr	NOUN	kupujemprodajem	žanr
1	1	žanrovski	ADJ	kupujemprodajem	žanrovske
1	1	žbunje	NOUN	ikea.rs	žbunjem
1	1	žiri	NOUN	maxi.rs	žirija
1	1	živahan	ADJ	jysk.rs	živahniji
1	1	živost	NOUN	ikea.rs	živost
1	1	žrtvovati	VERB	ikea.rs	žrtvuješ
1	1	žuto	ADV	ikea.rs	žuto
