order	lemma	pos	freq	forms	sentences	gloss	doubt
1	dati	VERB	12727143	193	1079	дать	
2	sam	ADJ	3878789	73	478	сам	
3	moći	VERB	2461017	50	219	мочь	
4	znati	VERB	1941480	126	189	знать	
5	imati	VERB	1847492	182	427	иметь	
6	sav	ADJ	1681005	136	191	весь	
7	ala	NOUN	1559224	15	22	ах, ах как	drop_transparent: это восклицание, не существительное
8	misliti	VERB	1256978	102	84	думать	
9	dobro	ADV	1218929	18	91	хорошо	
10	samo	ADV	1187672	1	52	только	
11	reći	VERB	1154756	178	74	сказать	
12	morati	VERB	1081914	102	80	должен	
13	kako	ADV	1052512	3	76	как	
14	bilo	NOUN	1021434	17	97	кость	
15	videti	VERB	981652	135	113	видеть	
16	ići	VERB	956199	23	91	идти	
17	ako	ADV	943132	2	15	если	
18	kao	ADV	904619	2	44	как	
19	ovde	ADV	874069	2	87	здесь, тут	
20	tako	ADV	819964	3	38	так	
21	raditi	VERB	817117	102	129	делать; работать	
22	čovek	NOUN	730740	21	92	человек	
23	red	NOUN	636825	16	9	порядок	
24	još	ADV	635247	1	36	ещё	
25	bit	NOUN	608450	30	22	комп. бит (аналогично русскому слову)	
26	jedan	ADJ	593300	255	69	один	
27	kazati	VERB	561347	102	27	сказать	
28	gde	ADV	556128	4	132	где (аналогично русскому слову)	
29	kad	ADV	549645	2	9	когда	
30	hvala	NOUN	523776	16	21	спасибо	
31	doći	VERB	519629	23	40	прийти	
32	dobar	ADJ	507961	191	155	хороший, добрый	
33	možda	ADV	471577	2	6	возможно	
34	malo	ADV	463809	3	31	чуть-чуть	
35	onda	ADV	455557	1	4	тогда; потом	
36	sada	ADV	452395	1	49	сейчас, теперь	
37	vreme	NOUN	451522	18	66	время; погода	
38	stvar	NOUN	436986	15	9	вещь	
39	dan	NOUN	431912	88	86	день	
40	drugi	ADJ	429457	129	23	другой; второй	
41	ništa	ADV	427657	12	51	ничего	
42	moliti	VERB	394121	188	42	просить, умолять	
43	godina	NOUN	367089	15	50	год	
44	put	ADV	363065	41	31	путь	
45	sad	ADV	359185	8	11	сейчас, теперь	
46	vaš	NOUN	356585	74	25	ваш	drop_grammar: vaš — притяжательное местоимение
47	tamo	ADV	348753	1	43	там, туда	
48	kuća	NOUN	330140	15	77	дом	
49	posao	NOUN	321299	20	54	дело	
50	tu	ADV	319606	1	19	здесь	
51	ubiti	VERB	314823	102	5	убить	
52	uvek	ADV	313239	2	41	всегда	
53	čuti	VERB	312737	109	13	слышать; чуять, чувствовать запах	
54	život	NOUN	307430	15	40	жизнь	
55	naći	VERB	305697	96	9	найти, отыскать; обнаружить	
56	bog	NOUN	301914	19	9	религ. Бог (аналогично русскому слову)	
57	zvati	VERB	294539	102	30	звонить	
58	zato	ADV	289324	2	1	поэтому	
59	baš	ADV	288959	2	7	вполне; именно	
60	žena	NOUN	283634	15	41	жена (аналогично русскому слову)	
61	verovati	VERB	281433	204	33	верить	
62	koliko	ADV	277870	1	75	сколько	
63	čekati	VERB	272244	102	29	ждать	
64	već	ADV	268243	2	28	а, но, уже	
65	gospodin	NOUN	259414	15	5	господин	
66	nego	ADV	249137	3	18	чем	
67	dok	NOUN	247824	16	17	пока, в то время как	drop_grammar: dok — союз, служебное слово
68	dobiti	VERB	245059	102	6	получить, приобрести; выиграть	
69	naravno	ADV	235039	4	2	конечно, разумеется	
70	pričati	VERB	234940	102	32	говорить, разговаривать, беседовать; рассказывать, повествовать	
71	mesto	NOUN	233698	32	9	место (аналогично русскому слову)	
72	uzeti	VERB	232926	102	14	взять	
73	otac	NOUN	226010	24	48	отец	
74	govoriti	VERB	223164	102	112	говорить	
75	mali	ADJ	217018	188	46	малый, маленький	
76	tražiti	VERB	216917	102	24	искать	
77	nov	ADJ	216423	191	53	новый	
78	gledati	VERB	215742	102	38	смотреть; присматривать	
79	kod	NOUN	214756	17	13	у, возле, около	drop_grammar: kod — предлог
80	mama	NOUN	211625	15	12	мама (аналогично русскому слову)	
81	prijatelj	NOUN	210576	15	61	друг	
82	zdravo	ADV	210203	4	4	здравствуйте	
83	oko	ADV	209133	24	31	глаз	
84	pitati	VERB	207071	102	17	спрашивать	
85	prvi	ADJ	202418	129	27	первый	
86	nikad	ADV	201859	1	29	никогда	
87	tata	NOUN	197720	14	9	папа	
88	razumeti	VERB	195401	67	46	понимать	
89	živeti	VERB	193777	188	95	жить	
90	problem	NOUN	192581	15	27	проблема	
91	slušati	VERB	188847	102	22	слушать	
92	devojka	NOUN	177108	40	10	девушка	
93	ime	NOUN	176858	15	33	имя	
94	novac	NOUN	168827	14	39	деньги	
95	postojati	VERB	168470	29	23	быть, существовать	
96	veza	NOUN	167397	15	0	связь	
97	ruka	NOUN	165142	14	19	рука (аналогично русскому слову)	
98	momak	NOUN	165031	14	2	юноша	
99	majka	NOUN	164452	16	21	мать	
100	dolaziti	VERB	162278	29	17	приходить	
101	sat	NOUN	160367	23	42	час	
102	star	ADJ	159594	206	36	старый	
103	danas	ADV	153722	1	60	сегодня	
104	umreti	VERB	151508	55	15	умереть	
105	nikada	ADV	149501	1	26	никогда	
106	soba	NOUN	148399	15	32	комната	
107	odmah	ADV	145671	2	1	сразу, немедленно, тотчас	
108	mrtav	ADJ	144256	194	8	мёртвый	
109	noć	NOUN	143293	15	11	ночь	
110	završiti	VERB	142365	102	12	оканчивать	
111	duša	NOUN	141938	15	5	душа (аналогично русскому слову)	
112	držati	VERB	140574	102	8	держать	
113	čak	ADV	134999	2	2	даже	
114	deo	NOUN	134075	28	5	часть; доля	
115	pitanje	NOUN	132683	15	34	вопрос	
116	kraj	NOUN	130218	16	11	конец, прекращение; край, конец, предел	
117	igrati	VERB	127779	102	49	играть; танцевать, плясать	
118	priča	NOUN	125381	15	11	рассказ	
119	opet	ADV	125055	2	6	снова	
120	brzo	ADV	124856	3	31	быстро	
121	zemlja	NOUN	124811	18	38	земля; страна	
122	sin	NOUN	121362	15	24	сын	
123	zlo	ADV	121029	18	7	дурно, зло	
124	glava	NOUN	119514	15	9	голова	
125	grad	NOUN	119356	15	48	город, град (аналог. русск. град II)	
126	voleti	VERB	118221	109	202	любить	
127	način	NOUN	117792	15	3	способ, приём; образ действия	
128	pronaći	VERB	113498	96	9	найти, отыскать (после поисков); изобрести, открыть	
129	strana	NOUN	112014	15	10	сторона; страница	
130	postati	VERB	111862	130	6	стать, возникнуть	
131	lep	ADJ	111044	382	40	красивый, милый, хорошенький	
132	dovoljno	ADV	110736	3	10	достаточно, довольно	
133	sutra	ADV	110701	16	48	завтра	
134	mesec	NOUN	110643	62	15	месяц (промежуток времени); месяц, луна	
135	stići	VERB	110586	99	15	прибыть, приехать; догнать	
136	kasno	ADV	109537	3	13	поздно	
137	zajedno	ADV	107226	1	3	вместе	
138	koristiti	VERB	106809	102	15	использовать, пользоваться, применять; быть полезным, приносить пользу, идти на пользу	
139	sto	NOUN	106710	18	38	стол	
140	isti	ADJ	104736	63	4	такой же, одинаковый	
141	poslednji	ADJ	104718	120	12	последний	
142	vrata	NOUN	104179	8	31	ворота	
143	važan	ADJ	104101	191	19	важный, значимый	
144	reč	NOUN	103667	30	22	слово	
145	nositi	VERB	103457	102	15	носить	
146	odavde	ADV	102899	1	2	отсюда	
147	drago	ADV	102660	10	11	мило, приятно	
148	auto	NOUN	102539	15	27	автомобиль	
149	ovamo	ADV	102297	1	0	сюда	
150	potreban	ADJ	102025	191	21	нужный	
151	vrlo	ADV	101992	1	19	очень	
152	pokazati	VERB	101427	102	14	показать	
153	porodica	NOUN	101410	14	13	семья	
154	pod	NOUN	98101	20	6	пол	
155	spavati	VERB	97594	102	35	спать	
156	policija	NOUN	93583	15	10	полиция	
157	srce	NOUN	93398	16	12	сердце	
158	ljubav	NOUN	92571	15	21	любовь	
159	nekoliko	ADV	91303	1	16	несколько	
160	smrt	NOUN	90994	15	6	смерть	
161	voda	NOUN	90978	15	55	вода (аналогично русскому слову) 1 (влага) и 2 (H₂O)	
162	nedelja	NOUN	90781	30	15	воскресенье; неделя	
163	biće	NOUN	90316	15	4	живое существо	
164	škola	NOUN	90194	15	37	школа (аналогично русскому слову)	
165	loše	ADV	89801	3	11	плохо	
166	broj	NOUN	88806	15	11	число; грам. числительное	
167	minuta	NOUN	88503	15	5	минута (аналогично русскому слову)	
168	shvatiti	VERB	88174	102	2	понять	
169	ovako	ADV	87824	1	5	так	
170	sestra	NOUN	87289	18	36	сестра (аналогично русскому слову)	
171	kupiti	VERB	87018	102	60	купить	
172	brat	NOUN	86351	7	29	брат (аналогично русскому слову)	
173	ideja	NOUN	86246	15	18	идея	
174	jesti	VERB	85171	102	51	есть, кушать	
175	dole	ADV	84338	2	1	вниз; внизу	
176	prvo	ADV	83999	1	3	во-первых	
177	telo	NOUN	83204	46	2	тело (аналогично русскому слову)	
178	pomoć	NOUN	81841	15	18	помощь	
179	brod	NOUN	81563	15	12	корабль	
180	razlog	NOUN	80775	14	6	мотив, причина	
181	unutra	ADV	80585	1	4	внутри	
182	slika	NOUN	77376	15	10	картина	
183	srećan	ADJ	76383	198	22	счастливый	
184	loš	ADJ	76377	297	42	плохой	
185	lice	NOUN	75874	15	6	лицо	
186	šansa	NOUN	75677	15	2	шанс	
187	mlad	ADJ	75234	191	17	молодой	
188	platiti	VERB	74322	102	8	платить	
189	nestati	VERB	72832	41	1	исчезнуть, пропасть	
190	plan	NOUN	72278	15	5	замысел	
191	muškarac	NOUN	69640	14	11	мужчина, муж	
192	pisati	VERB	69226	102	27	писать	
193	krv	NOUN	69155	15	2	кровь	
194	jutro	NOUN	68205	15	15	утро	
195	rat	NOUN	68095	16	9	война	
196	san	NOUN	67477	21	8	сон, сновидение	
197	knjiga	NOUN	67078	15	123	книга	
198	odlaziti	VERB	66873	29	6	уходить	
199	sreća	NOUN	66457	15	7	счастье	
200	razmišljati	VERB	65313	102	1	обдумывать	
201	film	NOUN	65009	16	21	кинофильм	
202	pas	NOUN	64917	38	64	зоол. собака	
203	stajati	VERB	64389	39	4	стоять	
204	jebati	VERB	63535	102	0	обсц. ебать	drop_rare: jebati — грубое ругательство, начинающему не нужно
205	ipak	ADV	63396	1	1	всё же, всё-таки, однако	
206	noga	NOUN	63290	15	6	анат. нога	
207	gospođa	NOUN	62504	15	1	госпожа	
208	lagati	VERB	62364	102	20	лгать	
209	telefon	NOUN	62310	15	18	телефон (аналогично русскому слову)	
210	večer	NOUN	62052	19	3	вечер (аналогично русскому слову)	
211	muž	NOUN	61531	23	8	муж (аналогично русскому слову)	
212	hrana	NOUN	61069	15	17	еда	
213	šef	NOUN	59779	15	0	шеф	
214	odlično	ADV	58973	3	3	отлично	
215	skoro	ADV	58900	4	12	скоро; почти	
216	očekivati	VERB	58648	118	3	ожидать	
217	izlaziti	VERB	58566	29	3	выходить	
218	blizu	ADV	58244	5	6	близко	
219	oružje	NOUN	58043	15	0	оружие	
220	lak	ADJ	57976	205	26	лёгкий (по весу); лёгкий, нетрудный	
221	krevet	NOUN	57816	15	4	кровать	
222	nazad	ADV	57770	1	0	назад (аналогично русскому слову)	
223	negde	ADV	57619	2	3	где-то, где-либо	
224	tek	ADV	56962	31	2	только, лишь	
225	sastanak	NOUN	56180	15	6	встреча, собрание, заседание, совещание; свидание	
226	smiriti	VERB	56040	109	0	укротить	
227	pun	ADJ	55874	191	27	полный, наполненный; полный, целый	
228	odlučiti	VERB	55810	102	9	решить, принять решение	
229	zadnji	ADJ	55760	60	0	задний	
230	mir	NOUN	55743	15	7	мир (отсутствие войны)	
231	piti	VERB	55588	175	36	пить	
232	zabava	NOUN	55539	15	1	забава (аналогично русскому слову); бал, вечер	
233	živ	ADJ	55128	191	71	живой	
234	ubistvo	NOUN	55053	15	1	убийство	
235	beba	NOUN	54835	15	0	младенец	
236	gotovo	ADV	54667	3	1	готово	
237	tada	ADV	54268	1	2	тогда	
238	dokaz	NOUN	53810	16	0	доказательство	
239	moguć	ADJ	53747	69	7	возможный	
240	davati	VERB	53435	102	26	давать	
241	ponekad	ADV	52801	1	3	иногда	
242	ulica	NOUN	52721	15	8	улица (аналогично русскому слову)	
243	pištolj	NOUN	52641	16	3	пистолет	
244	između	ADV	51420	2	12	между	
245	plašiti	VERB	51321	102	22	пугать	
246	glavni	ADJ	50746	63	13	главный	
247	bolnica	NOUN	50095	15	3	больница	
248	izbor	NOUN	50092	15	10	выбор	
249	piće	NOUN	49491	15	4	напиток	
250	pošta	NOUN	48918	15	4	почта	
251	stan	NOUN	48638	15	10	квартира	
252	večera	NOUN	48632	15	8	ужин	
253	gubiti	VERB	48396	102	6	терять	
254	pored	ADV	48331	2	2	возле, рядом, у; наряду с	
255	jak	ADJ	47943	191	7	крепкий, сильный	
256	napisati	VERB	47715	102	38	написать	
257	ubica	NOUN	47554	14	1	убийца	
258	kralj	NOUN	47083	15	3	король; шахм. король	
259	odakle	ADV	45508	1	4	откуда, откудова	
260	policajac	NOUN	45339	26	0	полицейский	
261	žrtva	NOUN	45320	18	0	жертва	
262	dečak	NOUN	45007	58	13	мальчик	
263	objasniti	VERB	44587	102	6	объяснять	
264	para	NOUN	44464	15	3	пара	
265	greška	NOUN	44065	40	19	ошибка	
266	koma	NOUN	43793	15	3	мед. кома	
267	milion	NOUN	43413	15	1	миллион	
268	divan	ADJ	43345	206	3	прелестный	
269	čitati	VERB	42298	102	39	читать	
270	slobodan	ADJ	42037	191	9	свободный	
271	rad	NOUN	41976	15	7	работа	
272	uživati	VERB	41900	102	0	наслаждаться	
273	smetati	VERB	41847	102	3	мешать	
274	dug	NOUN	41818	328	23	далёкий, длинный	drop_transparent: часть речи ошибочна: это прилагательное
275	crn	ADJ	41534	249	18	чёрный	
276	duh	NOUN	41329	21	3	душа; внутренняя сила, мужество, настроение	
277	igra	NOUN	41179	18	18	игра (аналогично русскому слову); танец, пляска	
278	odgovor	NOUN	41042	16	14	ответ	
279	pesma	NOUN	40914	36	17	песня	
280	početak	NOUN	40862	21	5	начало	
281	poznat	ADJ	40860	191	2	известный	
282	um	NOUN	40675	16	5	ум	
283	agent	NOUN	40575	14	0	агент	
284	težak	ADJ	40370	206	26	тяжёлый	
285	napred	ADV	39919	2	0	вперёд	
286	konj	NOUN	39708	15	17	конь; шахм. конь	
287	avion	NOUN	39367	15	10	самолёт	
288	pravilo	NOUN	39303	15	10	норма	
289	osećaj	NOUN	39186	30	2	чувство, эмоция	
290	poziv	NOUN	39081	15	1	приглашение	
291	glas	NOUN	38968	23	6	голос	
292	zakon	NOUN	38828	15	3	закон (аналогично русскому слову)	
293	nalaziti	VERB	38418	102	5	находить	
294	pomagati	VERB	38119	102	1	помогать	
295	prošli	ADJ	38071	63	16	прошлый	
296	ulaziti	VERB	38047	29	2	входить; въезжать	
297	gotov	ADJ	38043	191	1	готовый	
298	borba	NOUN	37942	16	0	борьба; бой	
299	ćerka	NOUN	37702	16	9	дочь	
300	pismo	NOUN	37686	15	20	письмо; алфавит	
301	zanimati	VERB	37676	109	0	интересовать	
302	ključ	NOUN	37545	23	11	ключ для открывания замка	
303	svetlo	NOUN	37529	40	8	свет	
304	smisao	NOUN	37455	20	1	смысл	
305	društvo	NOUN	37403	15	1	общество	
306	okrenuti	VERB	37324	102	0	повернуть, поворотить, развернуть; изменить (направление, тему разговора)	
307	roditi	ADJ	37220	102	8	родить	drop_transparent: часть речи ошибочна: это глагол
308	tok	NOUN	36902	14	3	течение	
309	tih	ADJ	36650	191	9	тихий	
310	kontrola	NOUN	36517	15	0	контроль	
311	ljudski	ADJ	36421	184	1	человеческий	
312	informacija	NOUN	36411	15	2	информация	
313	predsednik	NOUN	36308	30	1	председатель; президент	
314	boja	NOUN	36250	15	8	цвет	
315	budala	NOUN	36070	15	3	глупец, дурак	
316	situacija	NOUN	35978	15	7	ситуация	
317	zvezda	NOUN	35685	37	15	астрон. звезда [1]	
318	sresti	VERB	35549	30	4	встретить	
319	narod	NOUN	35387	16	3	народ, национальность	
320	visok	ADJ	35349	191	60	высокий	
321	kosa	NOUN	35221	15	7	волосы	
322	grupa	NOUN	35070	15	2	группа	
323	vojnik	NOUN	34910	15	2	солдат	
324	sladak	ADJ	34420	191	3	сладкий	
325	pažnja	NOUN	34386	15	1	внимание	
326	zauzeti	ADJ	34363	102	18	оккупировать	drop_grammar: это форма причастия, а не прилагательное; глагол zauzeti значит «занять»
327	sistem	NOUN	33952	15	2	система	
328	kim	NOUN	33880	16	3	тмин	
329	uzimati	VERB	33841	109	5	брать	
330	seks	NOUN	33460	7	1	секс (аналогично русскому слову)	
331	hotel	NOUN	33326	15	3	отель, гостиница	
332	životinja	NOUN	33318	15	11	животное	
333	sekunda	NOUN	32695	16	0	секунда (аналогично русскому слову) [1]; секунда (аналогично русскому слову) [2]	
334	hladan	ADJ	32659	191	22	холодный	
335	bolestan	ADJ	32520	73	6	больной	
336	lek	NOUN	32469	35	6	брак	
337	smatrati	VERB	32355	102	1	полагать, считать	
338	brak	NOUN	32287	14	1	брак, супружество	
339	engleski	ADJ	32268	184	48	английский	
340	sunce	NOUN	32061	17	20	Солнце	
341	naterati	VERB	32011	204	0	заставить	
342	šteta	NOUN	31914	15	1	вред, ущерб	
343	predati	VERB	31862	175	0	передавать	
344	odgovarati	VERB	31756	102	5	отвечать	
345	zid	NOUN	31397	16	8	архит. стена	
346	sud	NOUN	31353	16	0	суд (аналогично русскому слову)	
347	advokat	NOUN	31330	15	2	адвокат (аналог. русск. адвокат [1]	
348	crven	ADJ	31286	191	23	красный	
349	vatra	NOUN	31245	15	4	костёр, огонь	
350	cena	NOUN	31174	37	9	цена (аналогично русскому слову)	
351	zgrada	NOUN	31068	15	5	здание, строение	
352	riba	NOUN	30981	15	20	рыба	
353	idiot	NOUN	30909	15	2	кретин	
354	ubijati	VERB	30817	102	0	убивать	
355	menjati	VERB	30741	204	3	менять; обменивать; разменивать	
356	prst	NOUN	30652	15	4	анат. палец	drop_transparent: исконный черногорский корень, русский поймёт без объяснений
357	često	ADV	30643	3	30	зачастую	drop_grammar
358	poklon	NOUN	30202	15	5	дар, подарок	
359	budućnost	NOUN	30108	15	3	будущее	
360	prozor	NOUN	30085	15	19	окно	
361	gospodar	NOUN	29924	17	1	господарь, хозяин	
362	plakati	VERB	29907	29	8	плакать	
363	stvoriti	VERB	29625	102	4	создать	
364	bol	NOUN	29520	31	8	боль	
365	nit	NOUN	29504	15	0	нить	
366	pivo	NOUN	28832	15	12	пиво (аналогично русскому слову)	
367	glupost	NOUN	28780	15	7	бредятина, глупость	
368	neprijatelj	NOUN	28768	15	6	враг	
369	stizati	VERB	28705	102	6	прибывать, приезжать; достигать	
370	posebno	ADV	28648	3	0	особенно	
371	plaćati	VERB	28543	102	2	платить	
372	ostatak	NOUN	28506	21	0	остаток; сдача	
373	zločin	NOUN	28408	15	1	злодеяние, преступление	
374	pevati	VERB	28396	204	24	петь	
375	partner	NOUN	28229	15	2	компаньон	
376	čist	ADJ	28113	191	11	чистый	
377	francuski	ADJ	28084	184	43	французский	
378	pripadati	VERB	28040	29	3	относиться, принадлежать	
379	muzika	NOUN	27985	15	18	музыка	
380	strah	NOUN	27875	15	0	страх (аналог. русск. страх I)	
381	mozak	NOUN	27830	14	0	анат. мозг	
382	savršen	ADJ	27717	191	2	совершенный	
383	usta	NOUN	27664	17	4	уста, уста	
384	centar	NOUN	27638	15	2	центр	
385	treći	ADJ	27567	59	3	третий	
386	većina	NOUN	27528	15	1	большинство	
387	čas	NOUN	27487	16	6	час (единица измерения времени); урок, лекция	
388	padati	VERB	27486	102	40	падать	
389	general	NOUN	27349	15	0	воен. генерал (аналогично русскому слову)	
390	banka	NOUN	27316	21	12	банк	
391	rupa	NOUN	27237	15	2	дыра, нора	
392	postajati	VERB	27129	102	4	становиться	
393	sumnjati	VERB	27010	102	2	сомневаться	
394	poseban	ADJ	26903	191	0	особенный	
395	leđa	NOUN	26901	8	0	анат. спина	
396	linija	NOUN	26891	15	1	линия	
397	preći	VERB	26877	185	1	переходить	
398	nekad	ADV	26799	1	1	когда-то	
399	slati	VERB	26769	102	1	посылать, отправлять, направлять	
400	baka	NOUN	26714	15	2	бабушка	
401	vlada	NOUN	26599	15	1	правительство	
402	trenutno	ADV	26516	3	2	в данный момент	
403	nebo	NOUN	26453	23	27	небо (аналогично русскому слову)	
404	kuda	ADV	26427	1	0	куда (аналогично русскому слову)	drop_grammar
405	ručak	NOUN	26351	15	4	обед	
406	promena	NOUN	26342	30	1	изменение	
407	ženski	ADJ	26306	184	0	женский	
408	crkva	NOUN	26250	18	3	церковь	
409	država	NOUN	26243	15	3	страна, государство, держава	
410	brz	ADJ	26138	191	32	быстрый	
411	preuzeti	VERB	25835	102	0	перенять, воспринять; взять на себя	
412	izveštaj	NOUN	25811	32	0	отчёт	
413	minut	NOUN	25800	14	6	минута	
414	obitelj	NOUN	25782	15	0	семья	
415	američki	ADJ	25739	184	2	американский	
416	nesreća	NOUN	25650	15	4	неудача	
417	smešan	ADJ	25619	382	1	смешной	
418	gladan	ADJ	25596	191	12	голодный	
419	prolaziti	VERB	25521	102	4	проходить	
420	zanimljiv	ADJ	25410	191	3	интересный; занимательный	
421	korak	NOUN	25377	15	1	шаг	
422	fin	ADJ	25302	191	0	тонкий	
423	plav	ADJ	25088	191	25	синий, голубой	
424	jezik	NOUN	25069	15	60	язык (средство общения)	
425	deda	NOUN	25065	14	3	дедушка	
426	zao	ADJ	25013	189	11	злой	
427	juče	ADV	25009	1	20	вчера	drop_grammar
428	običan	ADJ	24998	191	12	обычный, обыкновенный	
429	novina	NOUN	24970	15	3	новина	
430	metak	NOUN	24796	21	1	пуля	
431	rođendan	NOUN	24671	15	10	день рождения	
432	opasnost	NOUN	24668	15	4	опасность	
433	jaje	NOUN	24649	15	8	яйцо	
434	papir	NOUN	24605	15	6	папир	
435	brava	NOUN	24508	15	0	скоба	
436	pacijent	NOUN	24320	15	1	мед. пациент	
437	poljubiti	VERB	24301	102	7	поцеловать	
438	klijent	NOUN	24218	14	3	заказчик, клиент	
439	prodaja	NOUN	24204	15	6	продажа	
440	vazduh	NOUN	24146	14	5	воздух	
441	selo	NOUN	24073	15	8	село (аналогично русскому слову)	
442	razlika	NOUN	24021	15	10	различие, разница	
443	zadatak	NOUN	23867	21	3	задача	
444	pogrešan	ADJ	23859	264	5	ошибочный; неправильный	
445	pogrešno	ADV	23799	4	2	ошибочно, неправильно	
446	vino	NOUN	23739	15	8	вино (аналогично русскому слову)	
447	šala	NOUN	23678	15	3	шутка	
448	ostavljati	VERB	23343	102	5	оставлять	
449	bogat	ADJ	23199	191	14	богатый	
450	zub	NOUN	23126	16	5	анат. зуб	
451	gost	NOUN	23112	15	2	гость	
452	dogovor	NOUN	23099	15	0	договорённость	
453	kreten	NOUN	23079	15	0	кретин	
454	služiti	VERB	23079	102	0	служить	
455	pakao	NOUN	22980	20	1	ад, преисподняя	
456	pokazivati	VERB	22883	102	2	показывать, являть	
457	primer	NOUN	22636	60	2	пример	
458	laž	NOUN	22625	15	2	ложь	
459	poručnik	NOUN	22455	15	0	поручик	
460	kazna	NOUN	22216	16	0	наказание	
461	svuda	ADV	22206	1	0	везде, всюду, повсюду	
462	lov	NOUN	22200	16	1	охота	
463	granica	NOUN	22186	15	1	граница	
464	restoran	NOUN	22155	15	11	ресторан	
465	zaštita	NOUN	22112	15	1	покровительство	
466	prljav	ADJ	22080	191	3	грязный	
467	motor	NOUN	22035	15	0	двигатель; мотор (аналогично русскому слову)	
468	zvuk	NOUN	21940	23	1	звук [2]	
469	sloboda	NOUN	21913	15	2	свобода	
470	sir	NOUN	21870	15	5	гастрон. сыр	
471	putovanje	NOUN	21819	15	2	поездка; путешествие	
472	voz	NOUN	21715	16	20	поезд	
473	program	NOUN	21710	15	3	программа	
474	kurac	NOUN	21651	14	0	обсц. хуй	drop_rare: начинающему не нужна
475	cilj	NOUN	21644	15	1	цель	
476	pukovnik	NOUN	21627	15	0	полковник	
477	kurva	NOUN	21598	16	0	вульг., бран. курва (аналогично русскому слову); сука, стерва	
478	drvo	NOUN	21565	27	13	дерево (растение)	
479	nož	NOUN	21551	23	19	нож (аналогично русскому слову)	
480	park	NOUN	21480	14	14	парк	
481	nos	NOUN	21458	24	2	нос (аналогично русскому слову)	
482	ponuda	NOUN	21448	15	0	предложение; ставка	
483	iskren	ADJ	21443	191	1	откровенный	
484	vrh	NOUN	21411	23	1	вершина	
485	sudija	NOUN	21403	14	0	судья	
486	čaj	NOUN	21381	23	9	чай	
487	ptica	NOUN	21373	15	17	птица (аналогично русск. слову в знач. [1.])	
488	mučiti	VERB	21254	109	0	истязать, пытать	
489	zasluživati	VERB	21252	102	5	заслуживать	
490	torba	NOUN	21170	15	7	сумка	
491	sudbina	NOUN	21157	15	6	судьба	
492	vikend	NOUN	21119	15	1	уик-энд	
493	more	NOUN	21113	15	18	море (аналогично русскому слову)	
494	mogućnost	NOUN	21084	15	2	возможность	
495	istorija	NOUN	21035	15	10	история	
496	ujutro	ADV	20943	1	2	утром	
497	energija	NOUN	20872	15	4	энергия	
498	kraljica	NOUN	20860	15	1	королева; шахм. ферзь, королева	
499	supruga	NOUN	20760	15	4	жена	
500	ponosan	ADJ	20703	191	2	гордый	
501	normalan	ADJ	20660	191	1	обычный, нормальный	
502	kći	NOUN	20620	15	0	дочь	
503	šuma	NOUN	20566	15	3	лес	
504	dozvola	NOUN	20562	15	4	разрешение	
505	adresa	NOUN	20558	15	6	адрес	
506	pijan	ADJ	20528	191	2	пьяный	
507	dodati	VERB	20509	102	6	добавить	
508	kamion	NOUN	20483	15	1	грузовой автомобиль, грузовик	
509	poštovati	VERB	20480	102	3	уважать	
510	haljina	NOUN	20478	15	4	платье	
511	zlato	NOUN	20364	15	6	хим. золото	
512	pretvoriti	VERB	20362	102	1	превратить	
513	komad	NOUN	20339	15	4	кусок, кусочек	
514	kontakt	NOUN	20307	15	0	контакт, соприкосновение	
515	brzina	NOUN	20266	15	2	скорость	
516	zatim	ADV	20242	1	0	потом	
517	predstava	NOUN	20163	15	0	спектакль	
518	disati	VERB	20157	102	1	дышать	
519	misija	NOUN	20131	15	0	миссия	
520	reka	NOUN	20129	30	38	река (аналогично русскому слову)	
521	jedinica	NOUN	20018	15	1	единица	
522	bolest	NOUN	19993	15	3	болезнь, заболевание	
523	meso	NOUN	19970	15	21	мясо	
524	rođak	NOUN	19864	15	1	родственник	
525	umeti	VERB	19662	55	5	уметь; перен. знать	
526	nagrada	NOUN	19658	15	1	вознаграждение	
527	oduvek	ADV	19649	2	0	издавна, испокон веков (испокон века)	
528	zabavljati	VERB	19487	102	0	забавлять, развлекать	
529	kuhinja	NOUN	19416	15	0	кухня	
530	koža	NOUN	19397	15	1	кожа (аналогично русскому слову)	
531	ujutru	ADV	19221	1	3	утром	
532	baza	NOUN	19139	15	0	база; основа	
533	ostrvo	NOUN	19129	15	5	остров	
534	apsolutno	ADV	19074	3	1	абсолютно, совершенно	
535	uloga	NOUN	19068	15	3	роль	
536	deliti	VERB	18903	204	0	делить	
537	narednik	NOUN	18827	15	0	сержант	
538	prazan	ADJ	18743	191	12	пустой, порожний	
539	pritisak	NOUN	18691	15	0	нажим	
540	otkud	ADV	18595	1	0	откуда, откудова	
541	koštati	VERB	18588	36	11	стоить	
542	zelen	ADJ	18525	205	2	зелёный	
543	planina	NOUN	18491	15	6	гора	
544	ležati	VERB	18413	29	5	лежать	
545	služba	NOUN	18266	16	0	служба	
546	signal	NOUN	18241	15	0	сигнал	
547	vera	NOUN	18223	30	2	вера	
548	fotografija	NOUN	18201	15	1	фотография	
549	štititi	VERB	18160	102	0	оборонять	
550	snimiti	VERB	18130	102	0	снять	
551	dužnost	NOUN	18126	15	1	должность; обязанность	
552	krug	NOUN	18092	16	1	круг (аналогично русскому слову)	
553	polje	NOUN	18084	15	0	поле	
554	zahvaljivati	ADV	18033	102	0	благодарить	drop_grammar: помечено как ADV, на самом деле глагол
555	mačka	NOUN	18023	20	46	кошка	
556	vozilo	NOUN	17964	15	1	автомобиль	
557	plesati	VERB	17935	102	3	танцевать, плясать	
558	loviti	VERB	17863	102	2	ловить	
559	kamen	NOUN	17783	214	5	камень	
560	doba	NOUN	17764	30	3	пора, время; эпоха, эра	
561	akcija	NOUN	17740	15	0	акция, действие, мероприятие; акция (ценная бумага)	
562	ples	NOUN	17732	16	0	танец, пляс	
563	prostor	NOUN	17729	15	0	пространство	
564	led	NOUN	17720	7	2	лёд	
565	poštovanje	NOUN	17702	15	0	уважение, почтение; почёт	
566	anđeo	NOUN	17670	14	1	ангел	
567	vlasnik	NOUN	17642	15	4	владелец	
568	niz	NOUN	17626	17	0	ряд, серия	
569	različit	ADJ	17499	191	4	непохожий	
570	pušiti	VERB	17380	102	9	курить	
571	tišina	NOUN	17282	15	0	тишина (аналогично русскому слову)	
572	lopta	NOUN	17259	16	3	мяч	
573	onako	ADV	17239	1	0	так	
574	grešiti	VERB	17235	204	10	грешить	
575	beo	ADJ	17185	191	16	белый	
576	vila	NOUN	17054	15	0	вилла	
577	prevariti	VERB	16994	102	1	обмануть	
578	pobeda	NOUN	16986	30	2	победа	
579	vojni	ADJ	16971	63	0	военный	
580	nervozan	ADJ	16929	191	0	нервный, суетливый	
581	kupovati	VERB	16895	102	7	покупать	
582	pamet	NOUN	16884	15	0	ум, разум	
583	rana	NOUN	16875	15	3	рана (аналогично русскому слову)	
584	svemir	NOUN	16740	15	1	космос	
585	kratak	ADJ	16658	191	6	краткий, короткий	
586	direktor	NOUN	16618	15	0	директор	
587	izvor	NOUN	16501	15	4	источник, родник, ключ	
588	govor	NOUN	16461	15	55	речь, разговор, говор	
589	blizina	NOUN	16393	15	2	близость	
590	otvarati	VERB	16377	102	5	открывать	
591	teorija	NOUN	16336	15	2	теория	
592	radnja	NOUN	16316	16	0	действие	
593	veštica	NOUN	16223	30	0	ведьма, колдунья	
594	kiša	NOUN	16210	15	31	дождь	
595	kost	NOUN	16092	15	1	кость	
596	posetiti	VERB	16065	204	7	посетить, навести	
597	obala	NOUN	16049	15	0	берег	
598	rasti	VERB	16044	35	4	расти	
599	automobil	NOUN	16037	15	20	автомобиль	
600	most	NOUN	15917	16	3	мост (аналогично русскому слову) (сооружение для перехода или переезда через препятствие)	
601	nada	NOUN	15903	29	6	надежда	
602	dokument	NOUN	15884	15	4	документ (аналогично русскому слову)	
603	ćutati	VERB	15870	29	1	молчать	
604	udar	NOUN	15800	15	0	удар	
605	stavljati	VERB	15744	102	3	класть	
606	karijera	NOUN	15737	15	0	карьера	
607	tačka	NOUN	15684	21	3	точка (во всех значениях)	
608	strašan	ADJ	15651	191	2	страшный	
609	sedeti	VERB	15626	72	7	сидеть	
610	suditi	ADV	15620	102	1	судить	drop_grammar: помечено как ADV, но это VERB
611	položaj	NOUN	15599	15	1	местоположение	
612	potvrditi	VERB	15581	102	1	подтвердить	
613	suviše	ADV	15560	1	0	слишком	
614	vetar	NOUN	15542	28	11	ветер	
615	stvaran	ADJ	15530	191	4	реальный	
616	kontrolisati	VERB	15505	102	0	контролировать	
617	lista	NOUN	15500	15	1	перечень, список	
618	zlatan	ADJ	15494	191	0	Златан	drop_name: это прилагательное от имени, но в словаре только фамилия
619	firma	NOUN	15484	18	0	экон. фирма (деловая компания)	
620	poslušati	VERB	15477	102	2	послушать	
621	ponašanje	NOUN	15476	15	0	поведение	
622	stotina	NOUN	15446	15	4	сто, сотня	
623	braniti	VERB	15381	102	0	оборонять	
624	upasti	VERB	15351	29	1	напасть	
625	juriti	VERB	15296	108	5	мчаться	
626	spremati	VERB	15212	102	11	приготовить	
627	autobus	NOUN	15114	15	23	автобус	
628	raj	NOUN	15070	15	1	рай	
629	puška	NOUN	15010	20	0	воен. винтовка	
630	svinja	NOUN	14987	15	1	зоол. свинья	
631	doručak	NOUN	14963	15	4	завтрак	
632	desni	ADJ	14883	63	1	правый	
633	vek	NOUN	14876	58	2	век (аналогично русскому слову)	
634	vikati	VERB	14852	102	4	кричать	
635	tona	NOUN	14802	15	1	тонна	
636	prodavati	VERB	14800	102	8	продавать	
637	stolica	NOUN	14798	14	7	стул	
638	plaža	NOUN	14776	15	6	пляж	
639	patiti	VERB	14729	29	5	страдать	
640	vozač	NOUN	14676	15	1	водитель	
641	svetski	ADJ	14612	366	3	мировой, всемирный	
642	drug	NOUN	14607	19	6	друг	
643	dizati	VERB	14600	102	0	поднимать	
644	petak	NOUN	14555	15	3	пятница — пятый день недели	
645	posmatrati	VERB	14544	102	0	смотреть	
646	sumnja	NOUN	14536	16	1	сомнение	
647	princeza	NOUN	14525	15	2	принцесса	
648	gubitak	NOUN	14426	21	0	убыток; ущерб	
649	krov	NOUN	14417	16	5	крыша	
650	miris	NOUN	14415	15	1	запах	
651	radnik	NOUN	14390	15	2	работник, рабочий, трудящийся	
652	vrat	NOUN	14358	16	31	анат. шея	
653	poverenje	NOUN	14312	30	1	доверие	
654	varati	VERB	14284	102	0	мошенничать, обманывать, плутовать	
655	čaša	NOUN	14206	15	7	стакан; чаша, кубок	
656	bacati	VERB	14203	102	0	бросать	
657	zahvalan	ADJ	14086	191	3	благодарный	
658	sprat	NOUN	14024	16	2	этаж	
659	vredan	ADJ	14007	382	0	ценный; прилежный	
660	gas	NOUN	13987	16	0	хим. газ	
661	zajednički	ADJ	13948	184	4	взаимный	
662	mleko	NOUN	13932	30	10	молоко	
663	sići	VERB	13915	23	0	сойти, съехать; спуститься, слезть	
664	ubojstvo	NOUN	13910	15	0	убийство	
665	muka	NOUN	13886	15	1	мука (страдание)	
666	kompjuter	NOUN	13870	15	9	компьютер	
667	slatko	ADV	13866	3	3	сладкое	
668	prići	VERB	13850	23	0	подойти, приблизиться; присоединиться, примкнуть	
669	mrak	NOUN	13828	21	2	мрак, тьма	
670	odabrati	VERB	13798	102	1	выбрать, отобрать	
671	namera	NOUN	13796	30	1	намерение	
672	magija	NOUN	13784	15	0	магия	
673	tema	NOUN	13782	15	2	тема	
674	mač	NOUN	13779	15	5	меч	
675	ugao	NOUN	13750	20	0	угол	
676	kolega	NOUN	13702	14	1	коллега	
677	struja	NOUN	13681	15	2	ток	
678	luk	NOUN	13636	14	0	лук (оружие)	
679	podrška	NOUN	13629	20	0	поддержка	
680	odgovornost	NOUN	13626	15	1	ответственность	
681	los	NOUN	13598	15	0	лось	
682	krasti	VERB	13584	102	0	воровать, тырить	
683	mladić	NOUN	13578	44	0	юноша, парень	
684	pozdrav	NOUN	13566	15	0	привет	
685	seksi	ADJ	13565	132	0	сексуальный	
686	specijalan	ADJ	13556	191	0	особенный	
687	odatle	ADV	13349	1	1	оттуда	
688	dar	NOUN	13325	24	1	подарок; дарование	
689	teren	NOUN	13264	15	0	почва, земля, грунт; местность, участок, территория	
690	jezero	NOUN	13262	15	5	озеро	
691	demon	NOUN	13186	16	0	религ., мифол. (также перен.) демон (аналогично русскому демон I)	
692	učitelj	NOUN	13176	15	21	учитель	
693	novinar	NOUN	13164	15	1	журналист	
694	zaslužiti	VERB	13152	102	1	заслужить	
695	nalog	NOUN	13137	14	0	инструкция, руководство, приказ	
696	pozivati	VERB	13100	102	0	приглашать	
697	trava	NOUN	13096	15	1	трава	
698	obratiti	VERB	13078	102	0	обращаться	
699	majmun	NOUN	12995	15	0	обезьяна	
700	pružiti	VERB	12986	102	0	растягиваться; протягивать	
701	kamo	ADV	12934	1	0	куда	
702	vuk	NOUN	12913	21	5	зоол. волк (Canis lupus)	
703	zdrav	ADJ	12911	250	8	здоровый	
704	nazivati	VERB	12880	102	2	именовать	
705	kćerka	NOUN	12832	18	3	дочь	
706	oluja	NOUN	12831	15	0	гроза	
707	major	NOUN	12815	15	0	воен. майор	drop_name: это воинское звание, но в списке помечено как имя собственное в Викисловаре
708	dosije	NOUN	12810	15	0	досье	
709	prodavnica	NOUN	12790	15	7	магазин	
710	stomak	NOUN	12745	15	1	живот, желудок	
711	ljubomoran	ADJ	12628	191	1	ревнивый	
712	zamka	NOUN	12614	20	1	петля	
713	rak	NOUN	12612	23	1	зоол. рак (аналогично русскому слову) I	
714	zatvorenik	NOUN	12597	15	0	узник	
715	subota	NOUN	12570	15	1	суббота — шестой день недели	
716	budan	ADJ	12421	191	0	бодрствующий	
717	cigareta	NOUN	12384	15	0	сигарета	
718	laboratorija	NOUN	12377	15	1	лаборатория	
719	epizoda	NOUN	12298	15	0	случай, эпизод	
720	kolač	NOUN	12282	15	2	рак (животное)	
721	hrabrost	NOUN	12240	15	0	мужество, смелость	
722	noću	ADV	12204	1	1	ночью	
723	umetnost	NOUN	12202	30	9	искусство	
724	mart	NOUN	12122	24	0	март (аналогично русскому слову)	
725	ponovno	ADV	12103	3	0	повторно	
726	lovac	NOUN	12073	14	0	охотник; шахм. слон	
727	ustajati	VERB	12062	29	3	вставать	
728	kilometar	NOUN	12043	15	0	километр	
729	stranac	NOUN	12040	14	2	иностранец	
730	džep	NOUN	12036	16	1	карман	
731	internet	NOUN	12034	15	5	интернет	
732	igrač	NOUN	12013	15	4	игрок	
733	mirisati	VERB	11918	102	1	нюхать	
734	lutka	NOUN	11914	19	2	кукла	
735	delo	NOUN	11907	58	2	дело (аналогично русскому слову)	
736	aerodrom	NOUN	11905	15	2	аэродром, аэропорт	
737	uslov	NOUN	11868	15	2	условие	
738	žuriti	VERB	11814	29	15	спешить; торопить	
739	sveštenik	NOUN	11799	15	1	священник	
740	javan	ADJ	11763	191	1	общественный; явный	
741	rame	NOUN	11697	15	0	анат. плечо	
742	posedovati	VERB	11680	204	0	обладать, владеть, иметь в собственности	
743	odavno	ADV	11672	1	0	давно	
744	pantalone	NOUN	11643	7	3	штаны	
745	osveta	NOUN	11626	15	0	месть	
746	zrak	NOUN	11622	21	1	луч	
747	usamljen	ADJ	11622	191	1	одинокий; уединённый; отделённый от других; пустынный; безлюдный	
748	model	NOUN	11612	15	1	модель	
749	rešenje	NOUN	11602	30	5	решение	
750	poslovan	ADJ	11588	191	0	деловой	
751	razred	NOUN	11582	16	2	класс	
752	vlast	NOUN	11564	15	0	власть	
753	lekar	NOUN	11538	34	10	врач, лекарь	
754	šešir	NOUN	11521	15	15	шляпа	
755	levi	ADJ	11481	154	2	левый	
756	zabraniti	ADJ	11454	102	2	запретить	drop_grammar: часть речи неверна, zabraniti — глагол, не прилагательное
757	stena	NOUN	11444	30	0	скала, утёс	
758	predmet	NOUN	11435	15	0	предмет	
759	traka	NOUN	11405	15	0	бант	
760	bitka	NOUN	11404	16	0	битва, бой, сражение	
761	bob	NOUN	11398	23	4	зимний вид спорта, скоростной спуск на санках специальной аэродинамической конструкции	drop_rare: узкоспециальный спортивный термин
762	plata	NOUN	11386	15	2	плата	
763	maska	NOUN	11315	20	0	маска (аналог. русск. слову в разн. знач.)	
764	požar	NOUN	11311	16	0	пожар [1] (аналог русск. слову)	
765	smeće	NOUN	11292	15	0	мусор, сор	
766	peta	NOUN	11267	15	3	:Шаблон:Приставка в системе СИ, означающая 10 в 15 степени; Квадриллион	drop_rare: это приставка СИ, не нужна начинающему
767	starac	NOUN	11256	14	1	старик, старец	
768	boca	NOUN	11230	18	0	бутыль, бутылка	
769	pica	NOUN	11229	15	1	пицца	
770	politika	NOUN	11215	15	3	политика (аналогично русскому слову)	
771	ortak	NOUN	11188	15	0	компаньон; пайщик, партнёр	
772	poljubac	NOUN	11179	15	1	поцелуй	
773	vampir	NOUN	11145	15	0	вампир	
774	vežbati	VERB	11144	204	0	тренироваться	
775	bes	NOUN	11135	28	0	бешенство, гнев, ярость	
776	pauza	NOUN	11132	15	0	пауза	
777	tad	ADV	11121	1	0	тогда	
778	taman	ADJ	11117	191	4	темный	
779	staza	NOUN	11109	15	0	тропинка	
780	leš	NOUN	11097	16	0	труп; падаль	
781	hitno	ADV	11095	3	0	быстро, проворно; срочно, неотложно	
782	preneti	VERB	11081	274	0	передать; перенести	
783	student	NOUN	11076	15	13	студент	
784	hvatati	VERB	11039	102	0	ловить	
785	spaliti	VERB	11038	102	0	спалить	
786	sahrana	NOUN	11009	15	0	похороны	
787	kombi	NOUN	10994	15	0	комби	drop_rare: узкоспециальный термин, микроавтобус
788	luka	NOUN	10993	30	1	Лука	drop_name: имя собственное, нарицательного значения нет
789	ljubiti	VERB	10990	102	1	целовать	
790	topao	ADJ	10946	191	5	тёплый	
791	marka	NOUN	10941	20	4	марка (аналог. русск. марка I.1)	
792	južan	ADJ	10883	191	3	южный	
793	završavati	VERB	10870	102	1	кончать, оканчивать	
794	seksualan	ADJ	10853	191	1	сексуальный	
795	četvrti	ADJ	10836	63	0	четвёртый	
796	ljubazan	ADJ	10825	191	4	любезный, обходительный; приветливый	
797	hodnik	NOUN	10823	15	1	коридор	
798	ruski	ADJ	10788	184	3	русский	
799	zmija	NOUN	10781	15	7	змея	
800	lokacija	NOUN	10770	15	0	локация, местоположение, местонахождение	
801	današnji	ADJ	10764	60	1	сегодняшний	
802	zdravlje	NOUN	10687	15	4	здоровье	
803	slep	ADJ	10684	382	4	слепой	
804	potpun	ADJ	10661	191	15	абсолютный	
805	temperatura	NOUN	10577	15	7	температура	
806	morski	ADJ	10570	184	1	морской	
807	snažan	ADJ	10563	191	3	сильный	
808	sekund	NOUN	10555	14	0	секунда	
809	odbor	NOUN	10541	16	0	комитет	
810	budući	ADJ	10523	61	0	будущий	
811	kukavica	NOUN	10468	15	0	зоол. кукушка; перен., разг. трус; трусиха	
812	kriminalac	NOUN	10467	14	0	преступник, уголовник	
813	kineski	ADJ	10463	184	7	китайский	
814	zmaj	NOUN	10453	15	0	дракон; воздушный змей	
815	sok	NOUN	10443	14	1	биол. сок (биологическая жидкость); сок (напиток, пищевой продукт)	
816	lepota	NOUN	10427	30	2	красота	
817	zver	NOUN	10413	58	0	зверь	
818	eksplozija	NOUN	10402	15	2	взрыв	
819	jasan	ADJ	10372	191	3	недвусмысленный	
820	bas	NOUN	10336	17	0	бас (аналогично русскому слову)	drop_transparent: русский поймёт без обучения
821	sever	NOUN	10316	59	2	север (аналогично русскому слову)	drop_transparent: русский поймёт без обучения
822	objašnjavati	VERB	10313	102	1	объяснять	
823	kanal	NOUN	10273	15	0	канал (аналогично русскому слову)	drop_transparent: русский поймёт без обучения
824	kostim	NOUN	10260	15	2	костюм	drop_transparent: русский поймёт без обучения
825	alkohol	NOUN	10250	15	2	алкоголь	drop_transparent: русский поймёт без обучения
826	skup	NOUN	10250	207	8	дорогой	
827	posledica	NOUN	10198	30	0	последствие	
828	tehnologija	NOUN	10183	15	0	технология	drop_transparent: русский поймёт без обучения
829	sposobnost	NOUN	10174	15	1	способность, возможность	drop_transparent: русский поймёт без обучения
830	šećer	NOUN	10168	15	4	сахар	drop_transparent: русский поймёт без обучения
831	gradski	ADJ	10144	184	1	городской	
832	nauka	NOUN	10123	15	3	наука (аналогично русскому слову)	drop_transparent: русский поймёт без обучения
833	gradonačelnik	NOUN	10076	15	4	бургомистр, градоначальник, мэр	
834	torta	NOUN	10066	18	1	торт	drop_transparent: русский поймёт без обучения
835	brdo	NOUN	10061	15	1	гора	
836	grob	NOUN	10033	16	0	могила	
837	telefonski	ADJ	10024	184	2	телефонный	drop_transparent: русский поймёт без обучения
838	povreda	NOUN	10012	15	0	травма, повреждение, ранение; нарушение	
839	rob	NOUN	9993	15	0	раб	
840	zabaviti	VERB	9970	102	1	позабавить, развлечь, занять	
841	košulja	NOUN	9958	15	2	рубаха, рубашка	
842	gorivo	NOUN	9956	18	1	топливо	
843	nasilje	NOUN	9944	15	2	насилие	
844	onde	ADV	9937	2	0	там	
845	ponedeljak	NOUN	9904	58	10	понедельник — первый день недели	
846	oblast	NOUN	9843	15	2	область	drop_transparent: русский поймёт без обучения
847	javnost	NOUN	9824	15	0	общественность	
848	lanac	NOUN	9786	14	1	цепь	
849	stav	NOUN	9770	16	0	там	
850	majica	NOUN	9768	15	1	майка, футболка	
851	površina	NOUN	9738	15	1	поверхность	
852	odvratan	ADJ	9729	191	1	одиозный	
853	greh	NOUN	9713	44	2	религ. грех (аналогично русскому слову) [1]	drop_transparent: русский поймёт без обучения
854	predavati	VERB	9713	102	4	вручать	
855	članak	NOUN	9663	15	6	статья	
856	agencija	NOUN	9655	15	0	агентство	
857	dolazak	NOUN	9627	15	0	прибытие	
858	šetati	VERB	9624	112	11	гулять	
859	medved	NOUN	9620	58	4	зоол. медведь	drop_transparent: русский поймёт без обучения
860	interesantan	ADJ	9617	191	9	интересный; занимательный	
861	trošiti	VERB	9578	102	0	расходовать	
862	crnac	NOUN	9557	14	0	негр	drop_rare: устаревший и оскорбительный термин, не нужен начинающему
863	uređaj	NOUN	9512	15	0	приспособление, устройство	
864	sendvič	NOUN	9494	15	1	сэндвич, бутерброд	drop_transparent: русский поймёт без обучения
865	ukloniti	VERB	9490	102	1	убрать, устранить; отстранить	
866	glumac	NOUN	9482	14	4	актёр	
867	cev	NOUN	9455	30	0	труба, трубка; ствол, дуло (оружия)	
868	peder	NOUN	9427	15	0	разг. педераст	
869	virus	NOUN	9378	16	2	биол. вирус (аналогично русскому слову)	drop_transparent: русский поймёт без обучения
870	politički	ADV	9376	184	1	политический	drop_grammar: наречие, но толкование прилагательное
871	stranica	NOUN	9372	15	1	страница (аналогично русскому слову)	drop_transparent: русский поймёт без обучения
872	sladoled	NOUN	9363	15	2	кулин. мороженое	
873	putnik	NOUN	9336	15	3	путник	
874	naučnik	NOUN	9334	15	1	учёный	
875	otrov	NOUN	9323	15	1	яд, отрава	drop_transparent: русский поймёт без обучения
876	krava	NOUN	9310	15	3	корова	drop_transparent: русский поймёт без обучения
877	šou	NOUN	9299	15	0	шоу	drop_transparent: русский поймёт без обучения
878	opasan	ADJ	9287	73	4	опасный	drop_transparent: русский поймёт без обучения
879	kuvati	VERB	9284	102	6	варить, готовить (пищу)	
880	sneg	NOUN	9274	30	37	метеорол. снег [1]	drop_transparent: русский поймёт без обучения
881	upravljati	VERB	9265	102	0	управлять; направлять	
882	serija	NOUN	9227	15	1	сериал, телесериал	drop_transparent: русский поймёт без обучения
883	nered	NOUN	9203	15	0	беспорядок	
884	ludilo	NOUN	9201	15	0	безумие	
885	trgovina	NOUN	9182	15	0	торговля	
886	bicikl	NOUN	9172	15	24	велосипед	
887	bogatstvo	NOUN	9163	15	0	богатство	drop_transparent: русский поймёт без обучения
888	igračka	NOUN	9163	20	1	игрушка	drop_transparent: русский поймёт без обучения
889	zapad	NOUN	9146	15	1	запад	drop_transparent: русский поймёт без обучения
890	učenik	NOUN	9145	15	7	ученик, школьник	drop_transparent: русский поймёт без обучения
891	kopija	NOUN	9045	15	0	копия	drop_transparent: русский поймёт без обучения
892	tama	NOUN	9045	15	43	тьма	drop_transparent: русский поймёт без обучения
893	sedište	NOUN	9030	30	1	сиденье	
894	terapija	NOUN	9004	15	0	мед. терапия	drop_transparent: русский поймёт без обучения
895	top	NOUN	8983	16	0	пушка	
896	ratnik	NOUN	8976	15	0	воин, боец, солдат	
897	polovina	NOUN	8975	15	0	половина	
898	samoubistvo	NOUN	8970	15	2	самоубийство, суицид	drop_transparent: русский поймёт без обучения
899	pisac	NOUN	8950	14	0	писатель	drop_transparent: русский поймёт без обучения
900	porota	NOUN	8928	15	0	суд присяжных	
901	milijarda	NOUN	8915	16	1	миллиард	
902	dovoljan	ADJ	8901	191	12	достаточный	
903	proces	NOUN	8883	15	2	процесс	drop_transparent: русский поймёт без обучения
904	fabrika	NOUN	8876	15	2	фабрика (аналогично русскому слову)	drop_transparent: русский поймёт без обучения
905	okean	NOUN	8856	15	3	океан (аналогично русскому слову)	drop_transparent: русский поймёт без обучения
906	glad	NOUN	8836	15	3	голод	
907	osmeh	NOUN	8834	42	0	улыбка	
908	mapa	NOUN	8811	15	2	карта (географическая)	
909	vežba	NOUN	8772	32	0	упражнение; тренировка	
910	tunel	NOUN	8757	15	1	тоннель	drop_transparent: русский поймёт без обучения
911	dubok	ADJ	8750	191	6	глубокий	
912	suza	NOUN	8732	15	2	слеза	
913	okolnost	NOUN	8730	15	0	обстоятельство	
914	razni	ADJ	8714	63	0	разный	drop_transparent: русский поймёт без обучения
915	ispitivanje	NOUN	8700	15	0	опрос, допрос	
916	jug	NOUN	8688	15	1	юг	drop_transparent: русский поймёт без обучения
917	jakna	NOUN	8677	16	0	куртка	drop_transparent: русский поймёт без обучения
918	raspored	NOUN	8658	15	0	расписание, распорядок	
919	televizija	NOUN	8649	15	6	телевидение	
920	šampanjac	NOUN	8640	14	0	шампанское	
921	interesovati	VERB	8625	102	3	интересовать, занимать	
922	prijateljstvo	NOUN	8614	15	2	дружба	
923	pacov	NOUN	8613	15	1	крыса	
924	mek	ADJ	8608	191	1	мягкий	
925	nizak	ADJ	8584	191	1	низкий	
926	usna	NOUN	8551	18	1	анат. губа	
927	domaći	ADJ	8542	60	3	домашний	
928	vid	NOUN	8460	31	7	зрение, видение; взгляд	
929	slavan	ADJ	8460	198	0	знаменитый; известный	
930	stvarnost	NOUN	8459	15	0	реальность, действительность	
931	pustinja	NOUN	8449	15	3	пустыня	drop_transparent: русский поймёт без обучения
932	oblak	NOUN	8430	15	8	облако	drop_transparent: русский поймёт без обучения
933	zima	NOUN	8411	15	11	зима (аналогично русскому слову)	drop_transparent: русский поймёт без обучения
934	miš	NOUN	8393	15	9	мышь	
935	kaput	NOUN	8360	15	0	пиджак; пальто	
936	zahvalnost	NOUN	8352	15	1	благодарность	
937	krađa	NOUN	8348	15	0	кража	
938	garaža	NOUN	8347	15	0	гараж	drop_transparent: русский поймёт без обучения
939	dijamant	NOUN	8333	15	3	алмаз	
940	pobednik	NOUN	8318	30	0	победитель	
941	zapisati	VERB	8309	102	2	записывать	
942	ispit	NOUN	8299	15	16	экзамен	
943	građanin	NOUN	8295	15	1	гражданин	drop_transparent: русский поймёт без обучения
944	reklama	NOUN	8285	15	0	реклама (аналогично русскому слову)	drop_transparent: русский поймёт без обучения
945	bezbednost	NOUN	8276	30	2	безопасность	
946	zapadni	ADJ	8271	63	2	западный	drop_transparent: русский поймёт без обучения
947	blok	NOUN	8237	14	0	квартал	
948	okretati	VERB	8211	102	5	поворачивать, вращать; обращать (внимание, взгляд)	
949	zvučati	VERB	8198	29	1	звучать	
950	leto	NOUN	8197	30	9	лето (аналогично русскому слову)	drop_transparent: русский поймёт без обучения
951	ispraviti	VERB	8153	102	3	выпрямить, распрямить	
952	dim	NOUN	8136	16	3	дым	drop_transparent: русский поймёт без обучения
953	biljka	NOUN	8135	18	2	растение	
954	kupovina	NOUN	8129	15	1	покупка	
955	haos	NOUN	8126	15	3	хаос	drop_transparent: русский поймёт без обучения
956	istok	NOUN	8120	15	1	восток	drop_transparent: русский поймёт без обучения
957	žut	ADJ	8079	191	3	жёлтый	
958	projekt	NOUN	8060	15	2	проект	drop_transparent: русский поймёт без обучения
959	lav	NOUN	8056	15	5	зоол. лев (Panthera leo)	
960	eksperiment	NOUN	8054	15	1	эксперимент	drop_transparent: русский поймёт без обучения
961	hleb	NOUN	8052	60	11	хлеб (аналогично русскому слову)	
962	helikopter	NOUN	8044	15	0	вертолёт, геликоптер	drop_transparent: русский поймёт без обучения
963	obećanje	NOUN	8043	15	1	обещание	drop_transparent: русский поймёт без обучения
964	legenda	NOUN	8025	16	1	легенда (аналогично русскому слову)	drop_transparent: русский поймёт без обучения
965	talenat	NOUN	8010	15	0	талант	drop_transparent: русский поймёт без обучения
966	prostorija	NOUN	8000	15	0	помещение, комната	
967	baba	NOUN	7958	15	1	бабушка; пожилая женщина	
968	faza	NOUN	7948	15	1	фаза	drop_transparent: русский поймёт без обучения
969	silovati	VERB	7938	109	0	изнасиловать	
970	organizacija	NOUN	7925	15	0	организация	drop_transparent: русский поймёт без обучения
971	list	NOUN	7924	16	0	ботан. лист (дерева); лист (бумаги, железа и т. п.)	
972	reakcija	NOUN	7899	15	0	реакция	drop_transparent: тот же корень и значение, что в русском
973	graditi	VERB	7888	102	1	строить	
974	lisica	NOUN	7887	14	0	лиса	
975	ponoć	NOUN	7866	15	1	полночь	drop_transparent: тот же корень и значение, что в русском
976	učestvovati	VERB	7865	36	3	участвовать	drop_transparent: тот же корень и значение, что в русском
977	izgovor	NOUN	7856	15	0	выговор, произношение; отговорка, предлог	
978	car	NOUN	7842	15	1	царь	drop_transparent: тот же корень и значение, что в русском
979	odrediti	VERB	7814	102	0	фиксировать	
980	sluga	NOUN	7795	14	0	слуга (аналогично русскому слову)	drop_transparent: тот же корень и значение, что в русском
981	pošten	ADJ	7784	191	0	разг. порядочный, честный; достойный уважения	
982	grlo	NOUN	7741	15	1	анат. горло	drop_transparent: тот же корень и значение, что в русском
983	terorist	NOUN	7735	15	0	террорист	drop_transparent: тот же корень и значение, что в русском
984	liti	VERB	7721	102	0	лить	drop_transparent: тот же корень и значение, что в русском
985	obezbediti	VERB	7713	204	0	обеспечить; обезопасить	
986	trening	NOUN	7692	15	0	тренировка	drop_transparent: тот же корень и значение, что в русском
987	molitva	NOUN	7688	18	0	молитва (аналогично русскому слову)	drop_transparent: тот же корень и значение, что в русском
988	aktivnost	NOUN	7684	15	0	активность	drop_transparent: тот же корень и значение, что в русском
989	utorak	NOUN	7682	15	2	вторник	
990	datum	NOUN	7680	15	2	дата	drop_transparent: тот же корень и значение, что в русском
991	sumnjiv	ADJ	7669	191	0	подозрительный	
992	koncert	NOUN	7646	15	2	концерт аналог. русск. слову)	drop_transparent: тот же корень и значение, что в русском
993	šetnja	NOUN	7646	16	0	прогулка	
994	slučajnost	NOUN	7606	15	1	случайность	drop_transparent: тот же корень и значение, что в русском
995	brada	NOUN	7606	15	2	борода	drop_transparent: тот же корень и значение, что в русском
996	ispitivati	VERB	7605	102	0	пытать	
997	toplo	ADV	7599	3	1	тепло; жарко, горячо	
998	roman	NOUN	7597	22	2	филол. роман (литературное произведение)	drop_transparent: тот же корень и значение, что в русском
999	partija	NOUN	7592	15	1	партия	drop_transparent: тот же корень и значение, что в русском
1000	komanda	NOUN	7578	15	0	команда; командование	drop_transparent: тот же корень и значение, что в русском
1001	prethodan	ADJ	7570	73	0	предыдущий; предварительный	
1002	jučer	ADV	7554	1	0	вчера	
1003	tisuća	NOUN	7539	15	0	тысяча	drop_transparent: тот же корень и значение, что в русском
1004	stručnjak	NOUN	7522	15	0	специалист	
1005	pesak	NOUN	7488	30	0	песок	drop_transparent: тот же корень и значение, что в русском
1006	uvreda	NOUN	7475	15	0	оскорбление, обида; юр. оскорбление (как правонарушение)	
1007	period	NOUN	7473	15	0	период	drop_transparent: тот же корень и значение, что в русском
1008	slovo	NOUN	7470	15	0	буква	
1009	podne	NOUN	7469	15	1	полдень	drop_transparent: тот же корень и значение, что в русском
1010	komplikovati	ADJ	7448	102	1	усложнять	trap: komplikovati — это глагол, а не прилагательное; верный перевод: усложнять
1011	ulje	NOUN	7401	15	0	масло (жидкое растительное или минеральное)	drop_transparent: тот же корень и значение, что в русском
1012	količina	NOUN	7394	15	1	количество	
1013	uticaj	NOUN	7387	30	1	влияние	
1014	prašina	NOUN	7385	15	1	пыль	
1015	jabuka	NOUN	7370	15	15	яблоко	drop_transparent: тот же корень и значение, что в русском
1016	strast	NOUN	7366	15	1	страсть	drop_transparent: тот же корень и значение, что в русском
1017	analiza	NOUN	7349	15	0	анализ	drop_transparent: тот же корень и значение, что в русском
1018	kapa	NOUN	7346	15	0	каппа (название десятой буквы греческого алфавита)	drop_name: название греческой буквы, имя собственное
1019	intervju	NOUN	7343	16	1	интервью	drop_transparent: тот же корень и значение, что в русском
1020	lift	NOUN	7312	16	0	лифт	drop_transparent: тот же корень и значение, что в русском
1021	predavanje	NOUN	7312	15	0	лекция	
1022	postupak	NOUN	7280	15	0	процедура; действие, поступок	
1023	penjati	VERB	7273	29	0	подниматься	
1024	navesti	VERB	7263	191	0	привести; перечислить	
1025	otvoren	ADJ	7236	191	12	откровенный	
1026	čokolada	NOUN	7232	15	4	шоколад	drop_transparent: тот же корень и значение, что в русском
1027	rukavica	NOUN	7221	15	2	перчатка	
1028	vrt	NOUN	7214	16	4	сад	
1029	moderan	ADJ	7184	191	1	модный	
1030	dužan	ADJ	7181	191	0	должен	
1031	muzej	NOUN	7169	17	2	музей	drop_transparent: тот же корень и значение, что в русском
1032	besplatan	ADJ	7162	73	5	бесплатный	drop_transparent: тот же корень и значение, что в русском
1033	staklo	NOUN	7160	15	1	стекло	drop_transparent: тот же корень и значение, что в русском
1034	dolina	NOUN	7159	15	0	долина	drop_transparent: тот же корень и значение, что в русском
1035	cesta	NOUN	7157	15	0	дорога; улица	
1036	peći	VERB	7142	96	1	жарить	
1037	siromašan	ADJ	7136	191	6	бедный, неимущий	
1038	motiv	NOUN	7120	15	0	мотив	drop_transparent: тот же корень и значение, что в русском
1039	rosa	NOUN	7111	15	0	роса (аналог. русск. роса [1]	drop_transparent: тот же корень и значение, что в русском
1040	verzija	NOUN	7078	15	0	версия	drop_transparent: тот же корень и значение, что в русском
1041	kriza	NOUN	7065	15	2	кризис	drop_transparent: тот же корень и значение, что в русском
1042	ponos	NOUN	7062	15	0	гордость	
1043	sreda	NOUN	7061	30	0	среда (день недели); середина	
1044	gaće	NOUN	7054	7	0	трусы	
1045	ignorisati	VERB	7035	102	1	игнорировать	
1046	pristojan	ADJ	7028	191	0	добропорядочный, пристойный	
1047	katastrofa	NOUN	7015	15	0	катастрофа	drop_transparent: тот же корень и значение, что в русском
1048	proizvod	NOUN	7004	15	1	продукт, произведение	
1049	biblija	NOUN	7004	15	3	библия	drop_transparent: тот же корень и значение, что в русском
1050	tuga	NOUN	6998	15	1	горе, печаль	
1051	novost	NOUN	6980	15	2	новость	drop_transparent: тот же корень и значение, что в русском
1052	talac	NOUN	6955	26	0	заложник	
1053	identitet	NOUN	6939	15	0	идентичность	
1054	uspevati	VERB	6931	58	0	успевать (делать вовремя)	
1055	zatvarati	VERB	6923	102	3	закрывать	
1056	isplatiti	VERB	6912	102	1	заплатить	
1057	mržnja	NOUN	6896	16	0	ненависть	
1058	armija	NOUN	6879	15	3	армия	drop_transparent: тот же корень и значение, что в русском
1059	robot	NOUN	6878	15	1	робот (аналогично русскому слову)	drop_transparent: тот же корень и значение, что в русском
1060	kopati	VERB	6864	102	2	копать	
1061	ruža	NOUN	6858	15	3	ботан. роза	drop_transparent: тот же корень и значение, что в русском
1062	maj	NOUN	6842	24	2	май	drop_transparent: тот же корень и значение, что в русском
1063	rima	NOUN	6840	15	4	филол. рифма	drop_transparent: тот же корень и значение, что в русском
1064	praznik	NOUN	6833	15	1	праздник	drop_transparent: тот же корень и значение, что в русском
1065	peti	ADJ	6829	63	3	пятый	
1066	međutim	ADV	6764	1	0	а	drop_grammar: međutim — это союз, служебное слово
1067	alarm	NOUN	6760	15	0	тревога	
1068	okolina	NOUN	6760	15	1	окрестность, округа, окружающая местность; окружение, среда	
1069	razmišljanje	NOUN	6755	15	0	критическое мышление	
1070	kit	NOUN	6754	15	1	зоол. кит (аналогично русскому слову)	drop_transparent: тот же корень и значение, что в русском
1071	aparat	NOUN	6753	15	3	аппарат	drop_transparent: тот же корень и значение, что в русском
1072	šok	NOUN	6745	16	0	мед. шок	drop_transparent: тот же корень и значение, что в русском
1073	kap	NOUN	6744	15	1	капля	
1074	mudo	NOUN	6742	15	0	мудо (аналогично русскому слову) (с разницей в ударном слоге); мошонка	
1075	časopis	NOUN	6732	15	2	газета; журнал; периодическое издание	
1076	raketa	NOUN	6717	15	0	ракета (аналогично русскому слову)	drop_transparent: тот же корень и значение, что в русском
1077	prijatan	ADJ	6712	191	2	приятный	
1078	sport	NOUN	6702	16	6	спорт	drop_transparent: тот же корень и значение, что в русском
1079	širiti	VERB	6695	102	2	проповедовать	
1080	sudar	NOUN	6691	15	0	столкновение	
1081	olovka	NOUN	6685	18	13	карандаш	trap: ошибка: olovka — ручка (от olovo — свинец), не карандаш
1082	porez	NOUN	6683	15	0	налог	drop_transparent: тот же корень и значение, что в русском
1083	nula	NOUN	6679	15	1	ноль	
1084	univerzitet	NOUN	6672	15	5	университет	drop_transparent: тот же корень и значение, что в русском
1085	biblioteka	NOUN	6672	15	6	библиотека	drop_transparent: тот же корень и значение, что в русском
1086	kultura	NOUN	6671	15	0	культура	drop_transparent: тот же корень и значение, что в русском
1087	ogledalo	NOUN	6669	15	3	зеркало	
1088	prisustvo	NOUN	6668	15	1	присутствие	drop_transparent: тот же корень и значение, что в русском
1089	pamtiti	VERB	6647	102	1	помнить	
1090	glupan	NOUN	6644	15	0	глупец, дурак	
1091	potpis	NOUN	6629	15	2	подпись	drop_transparent: тот же корень и значение, что в русском
1092	brojati	VERB	6629	105	11	считать, насчитывать	
1093	hram	NOUN	6620	16	0	религ. (также перен.) храм (аналогично русскому слову)	drop_transparent: тот же корень и значение, что в русском
1094	trupa	NOUN	6617	15	0	труппа	drop_transparent: тот же корень и значение, что в русском
1095	četvrtak	NOUN	6615	15	1	четверг — четвёртый день недели	
1096	pećina	NOUN	6597	15	0	спелеол. пещера	
1097	mraz	NOUN	6586	24	3	мороз, холодная погода	
1098	retko	ADV	6579	6	2	редко	
1099	sarađivati	VERB	6578	29	0	сотрудничать	
1100	napadati	VERB	6567	102	0	атаковать, нападать	
1101	momenat	NOUN	6564	15	1	момент	drop_transparent: тот же корень и значение, что в русском
1102	rep	NOUN	6558	16	2	рэп или хвост	
1103	tržište	NOUN	6553	15	0	рынок	
1104	šampion	NOUN	6552	15	1	чемпион	drop_transparent: тот же корень и значение, что в русском
1105	suprotan	ADJ	6551	191	0	противоположный; противолежащий	
1106	komandant	NOUN	6549	14	0	командир; комендант	drop_transparent: тот же корень и значение, что в русском
1107	upotreba	NOUN	6540	15	0	применение, использование	
1108	psihijatar	NOUN	6537	14	0	психиатр	drop_transparent: тот же корень и значение, что в русском
1109	istočni	ADJ	6532	63	0	восточный	
1110	prezime	NOUN	6529	15	2	фамилия	
1111	sahraniti	ADJ	6521	102	0	похоронить	trap: sahraniti — это глагол, а не прилагательное; верный перевод: похоронить
1112	skakati	VERB	6487	29	2	прыгать	
1113	teritorija	NOUN	6473	15	0	территория	drop_transparent: тот же корень и значение, что в русском
1114	zastava	NOUN	6461	15	1	флаг	
1115	razvesti	VERB	6450	102	1	развести (доставить в разные стороны); развести (расторгнуть брак)	
1116	krvav	ADJ	6414	191	0	кровавый	
1117	presuda	NOUN	6405	15	0	вердикт, приговор	
1118	razum	NOUN	6402	15	9	ум	
1119	tlo	NOUN	6382	15	0	земля, почва	
1120	ukazivati	VERB	6378	102	1	показывать, указывать	
1121	odreći	VERB	6378	178	0	отречься, отказаться (от своих слов, веры, престола); отвергнуть, отклонить (предложение, помощь)	
1122	navika	NOUN	6347	15	0	привычка	
1123	ličnost	NOUN	6328	15	1	личность	
1124	ministarstvo	NOUN	6313	15	0	министерство	
1125	kler	NOUN	6304	15	0	духовенство	
1126	bioskop	NOUN	6294	15	5	кинотеатр	
1127	brisati	VERB	6293	102	0	стирать, вытирать	
1128	ogrlica	NOUN	6284	14	0	бусы; ожерелье	
1129	sitan	ADJ	6259	191	0	маленький, малый	
1130	igla	NOUN	6240	14	2	игла, иголка	
1131	rođenje	NOUN	6219	15	1	рождение	
1132	zec	NOUN	6215	14	4	заяц	
1133	dugme	NOUN	6209	14	1	пуговица	
1134	pucnjava	NOUN	6208	15	0	стрельба	
1135	revolucija	NOUN	6195	15	1	революция	
1136	povest	NOUN	6193	30	0	повесть	
1137	nacija	NOUN	6181	15	0	национальность, нация	
1138	šolja	NOUN	6172	43	0	чашка	
1139	novčić	NOUN	6166	15	0	монета	
1140	šaka	NOUN	6164	15	0	кисть руки; горсть, пригоршня	
1141	patnja	NOUN	6147	16	0	страдание, мучение	
1142	tradicija	NOUN	6140	15	0	традиция	
1143	rudnik	NOUN	6130	15	0	рудник, копь	
1144	fudbal	NOUN	6123	7	15	спорт. футбол	
1145	suprug	NOUN	6117	14	4	муж	
1146	avantura	NOUN	6109	15	0	авантюра	
1147	lečnik	NOUN	6108	30	0	лекарь	
1148	francuz	NOUN	6089	15	2	француз	drop_name: нужна проверка контекста
1149	zaboravljati	VERB	6073	102	2	забывать	
1150	emocija	NOUN	6065	15	0	эмоция	
1151	utisak	NOUN	6060	15	0	впечатление	
1152	tekst	NOUN	6053	16	6	текст [1]	
1153	čarapa	NOUN	6044	15	0	чулок	
1154	vruć	ADJ	6044	187	7	горячий	
1155	kabina	NOUN	6041	15	0	каюта	
1156	sedmica	NOUN	5986	14	4	неделя	
1157	žurba	NOUN	5986	16	0	спешка	
1158	uzbuna	NOUN	5981	15	1	возбуждение	
1159	ograda	NOUN	5978	15	0	забор, ограда	
1160	tigar	NOUN	5973	23	0	зоол. тигр	
1161	popis	NOUN	5972	15	0	перечень, список	
1162	supa	NOUN	5970	15	6	суп	
1163	sused	NOUN	5959	30	7	сосед	
1164	ivan	NOUN	5955	22	0	Иван	drop_name: имя собственное
1165	obavljati	VERB	5953	102	0	выполнять, осуществлять; производить, делать	
1166	mišić	NOUN	5950	45	0	анат. мускул; мышца	
1167	studirati	VERB	5949	102	14	учиться, обучаться (в учебном заведении); учить, изучать	
1168	ožiljak	NOUN	5936	15	0	шрам, рубец	
1169	smeh	NOUN	5919	56	0	смех	
1170	klinika	NOUN	5891	15	0	мед. клиника	
1171	dadilja	NOUN	5887	15	0	няня	
1172	nokat	NOUN	5861	18	3	анат. ноготь	
1173	jastuk	NOUN	5846	15	1	подушка	
1174	fokusirati	VERB	5837	109	0	фокусировать	
1175	penis	NOUN	5836	15	0	анат. пенис (аналогично русскому слову)	
1176	konferencija	NOUN	5827	15	3	конференция	
1177	suština	NOUN	5817	15	0	сущность, суть	
1178	naredba	NOUN	5797	18	0	приказ	
1179	djed	NOUN	5785	23	0	дедушка	
1180	frižider	NOUN	5779	15	3	холодильник	
1181	meden	ADJ	5777	380	0	медовый	
1182	frizura	NOUN	5771	15	0	причёска, стрижка	
1183	tvrtka	NOUN	5762	20	0	фирма	
1184	kandidat	NOUN	5759	15	0	кандидат	
1185	organ	NOUN	5746	15	0	орган (аналог. русск. о́рган)	
1186	kupac	NOUN	5742	14	0	покупатель	
1187	atmosfera	NOUN	5732	15	0	астрон. атмосфера	
1188	običaj	NOUN	5703	15	0	обычай	
1189	baterija	NOUN	5703	15	3	батарея; фонарик	
1190	garantovati	VERB	5691	109	0	гарантировать	
1191	bejzbol	NOUN	5674	15	4	бейсбол	
1192	blizanac	NOUN	5671	14	1	близнец	
1193	groblje	NOUN	5658	17	0	кладбище	
1194	med	NOUN	5645	16	2	мёд	
1195	profesionalac	NOUN	5617	14	0	профессионал	
1196	rasprava	NOUN	5616	15	0	обсуждение, дискуссия, прения	
1197	nervirati	VERB	5595	102	0	раздражать	
1198	flota	NOUN	5585	15	0	флот	
1199	vladati	VERB	5553	29	0	повелевать, царствовать	
1200	lobanja	NOUN	5548	15	0	череп	
1201	alat	NOUN	5543	15	0	инструменты	
1202	razočarati	VERB	5537	102	0	разочаровать	
1203	tetovaža	NOUN	5526	15	0	татуировка	
1204	radio	NOUN	5501	60	12	радио, радиостанция	
1205	bašta	NOUN	5468	15	7	огород, сад	
1206	naočare	NOUN	5463	7	13	очки	
1207	gen	NOUN	5446	15	0	ген	
1208	dubina	NOUN	5438	15	2	глубина	
1209	pamćenje	NOUN	5437	15	1	память (способность сохранять информацию)	
1210	najzad	ADV	5427	1	0	наконец, в конце концов, напоследок	drop_grammar: наречие времени, служебное слово
1211	trgovac	NOUN	5427	14	0	торговец	
1212	tragedija	NOUN	5415	15	1	трагедия	
1213	afera	NOUN	5414	15	0	афера	
1214	medicina	NOUN	5410	15	0	медицина	
1215	predak	NOUN	5394	21	0	предок	
1216	slabost	NOUN	5377	15	0	слабость	
1217	crevo	NOUN	5377	30	0	анат. кишка	
1218	panika	NOUN	5376	15	0	паника	
1219	ovca	NOUN	5370	18	0	овца (аналогично русскому слову)	
1220	matematika	NOUN	5368	15	8	математика (аналогично русскому слову)	
1221	častiti	VERB	5366	182	0	потчевать	
1222	reputacija	NOUN	5366	15	1	репутация	
1223	salo	NOUN	5351	15	0	сало (аналогично русскому слову)	
1224	čovečanstvo	NOUN	5347	30	0	человечество	
1225	crv	NOUN	5346	15	0	зоол. червь, червяк	
1226	grub	ADJ	5343	191	0	грубый	
1227	upisati	VERB	5330	102	0	регистрировать	
1228	odnositi	VERB	5316	102	1	относить, уносить (что-л. куда-л.); уносить, сносить (о ветре, воде)	
1229	zombi	NOUN	5302	15	0	зомби (аналогично русскому слову)	
1230	pleme	NOUN	5301	15	0	племя	
1231	utvrditi	VERB	5270	102	0	фиксировать	
1232	princip	NOUN	5268	15	1	принцип (аналогично русскому слову)	
1233	kokain	NOUN	5265	15	0	биохим. кокаин	
1234	sveća	NOUN	5254	30	1	свеча (осветительное приспособление)	
1235	album	NOUN	5249	15	1	альбом	
1236	nevidljiv	ADJ	5248	191	0	невидимый; незримый	
1237	pritvor	NOUN	5247	15	0	предварительное заключение, арест	
1238	vitez	NOUN	5246	18	0	рыцарь, всадник	
1239	čelo	NOUN	5239	23	0	анат. лоб, чело	
1240	penzija	NOUN	5239	15	0	пенсия	
1241	slon	NOUN	5224	15	4	слон (аналог. русск. слон [1])	
1242	nedostatak	NOUN	5218	21	0	дефицит	
1243	pravni	ADJ	5206	63	0	юридический	
1244	kat	NOUN	5197	16	0	этаж	
1245	ludost	NOUN	5192	15	0	безумие, сумасшествие	
1246	džungla	NOUN	5172	16	0	джунгли	
1247	grčki	ADJ	5171	184	6	греческий	
1248	balon	NOUN	5167	15	0	воздушный шар; аэростат	
1249	kocka	NOUN	5159	17	0	геометр. куб	
1250	silovanje	NOUN	5144	15	0	изнасилование	
1251	kočija	NOUN	5138	15	0	коляска, повозка, дилижанс, фаэтон	
1252	ton	NOUN	5135	16	2	тон	
1253	dupli	ADJ	5102	62	1	двойной, удвоенный	
1254	otpor	NOUN	5100	16	0	противодействие	
1255	doza	NOUN	5100	15	0	доза	
1256	udovica	NOUN	5092	14	2	вдова	
1257	simptom	NOUN	5092	15	0	мед. симптом	
1258	razočaran	ADJ	5090	191	0	разочарованный	
1259	protivnik	NOUN	5090	15	1	противник	
1260	tajno	ADV	5086	3	0	тайно, тайком, скрытно, секретно	
1261	alfa	NOUN	5086	16	0	альфа	
1262	voće	NOUN	5076	15	2	фрукты, плоды	
1263	glumica	NOUN	5074	15	2	актриса	
1264	alibi	NOUN	5071	15	0	юр. алиби (аналогично русскому слову)	
1265	pozorište	NOUN	5060	15	3	театр	
1266	godišnjica	NOUN	5031	15	0	годовщина	
1267	prijava	NOUN	5027	15	0	заявление, регистрация	
1268	kuvar	NOUN	5022	17	1	повар	
1269	grof	NOUN	5004	15	0	истор. граф (дворянский титул)	
1270	sos	NOUN	5002	15	1	соус	
1271	bik	NOUN	5001	21	1	бык	
1272	nestajati	VERB	5000	29	1	исчезать, пропадать	
1273	učenje	NOUN	4992	15	4	учение	
1274	april	NOUN	4990	16	1	апрель	
1275	mokar	ADJ	4989	191	0	мокрый	
1276	zvezdan	ADJ	4989	408	0	звёздный	
1277	pepeo	NOUN	4980	14	0	пепел, зола	
1278	gotovina	NOUN	4959	15	0	готовина (готівка)	
1279	pozitivan	ADJ	4953	191	1	позитивный	
1280	civilizacija	NOUN	4949	15	0	цивилизация	
1281	kruna	NOUN	4947	15	0	корона, венец; крона (денежная единица)	
1282	moda	NOUN	4939	15	2	мода [1]	
1283	religija	NOUN	4938	15	3	религия; вероисповедание	
1284	oštar	ADJ	4927	191	7	острый	
1285	sanduk	NOUN	4911	15	0	ящик	
1286	otvaranje	NOUN	4910	15	0	открытие; раскрытие	
1287	pojava	NOUN	4892	15	0	феномен, явление	
1288	metal	NOUN	4877	15	1	металл	
1289	savez	NOUN	4867	15	0	объединение	
1290	pasoš	NOUN	4861	15	5	паспорт	
1291	klavir	NOUN	4858	15	6	муз. фортепиано (фортепьяно)	
1292	zarada	NOUN	4847	15	0	жалованье	
1293	uništenje	NOUN	4828	15	0	уничтожение	
1294	tresti	VERB	4825	102	0	трясти	
1295	tanjir	NOUN	4819	15	1	тарелка	
1296	industrija	NOUN	4808	15	0	промышленность, индустрия	
1297	proleće	NOUN	4798	30	6	весна	
1298	gitara	NOUN	4792	15	8	муз. гитара	
1299	jun	NOUN	4782	16	1	јун	
1300	kriva	NOUN	4780	15	2	геометр. кривая	
1301	blagoslov	NOUN	4752	15	0	благословение	
1302	tepih	NOUN	4750	14	2	ковёр	
1303	šator	NOUN	4746	15	0	палатка	
1304	dodirivati	VERB	4744	102	0	касаться	
1305	živac	NOUN	4741	14	0	нерв	
1306	procedura	NOUN	4736	15	0	процедура	
1307	rog	NOUN	4732	21	0	рог (аналогично русскому слову)	drop_transparent: тот же корень и значение, что в русском
1308	krst	NOUN	4730	16	0	крест	
1309	otrovati	ADJ	4720	102	1	VERB	
1310	naučan	ADJ	4706	250	1	научный	
1311	obrazovanje	NOUN	4704	15	0	образование	
1312	imovina	NOUN	4700	15	0	имущество; собственность	
1313	šesti	ADJ	4689	63	1	шестой	
1314	postojanje	NOUN	4681	15	0	существование, бытие	
1315	prijateljski	ADV	4676	184	0	дружественный	drop_grammar: наречие образа действия, служебное слово
1316	cirkus	NOUN	4676	15	2	цирк	
1317	glavobolja	NOUN	4650	15	4	головная боль	
1318	skupljati	VERB	4639	102	0	копить, собирать	
1319	upozoravati	VERB	4637	102	0	предостерегать, предупреждать	
1320	kretanje	NOUN	4635	15	0	движение	
1321	akademija	NOUN	4630	15	0	академия; училище	
1322	galaksija	NOUN	4628	15	2	астрон. галактика	
1323	vatrogasac	NOUN	4624	14	0	пожарный, пожарник	
1324	krvarenje	NOUN	4605	15	0	кровотечение	
1325	kinez	NOUN	4601	15	0	китаец	
1326	kolekcija	NOUN	4599	15	1	коллекция	
1327	kiseonik	NOUN	4579	15	1	хим. кислород	
1328	španski	ADJ	4571	184	6	испанский	
1329	beskoristan	ADJ	4570	73	0	бесполезный; напрасный, тщетный	
1330	tabla	NOUN	4558	16	0	доска; плитка	
1331	strategija	NOUN	4557	15	2	стратегия	
1332	toranj	NOUN	4555	22	0	башня	
1333	težiti	VERB	4546	29	2	весить, иметь вес	
1334	instinkt	NOUN	4532	15	0	инстинкт (аналогично русскому слову)	drop_transparent: тот же корень и значение, что в русском
1335	besmislen	ADJ	4531	191	2	бессмысленный	
1336	krompir	NOUN	4530	15	1	картофель	
1337	tvrdoglav	ADJ	4525	191	0	упрямый	
1338	unuka	NOUN	4511	15	1	внучка	
1339	zglob	NOUN	4503	16	0	анат. сустав	
1340	saveznik	NOUN	4502	15	0	союзник	
1341	mudar	ADJ	4479	191	1	мудрый	
1342	englez	NOUN	4453	15	0	англичанин	
1343	jeftino	ADV	4446	3	1	дёшево	
1344	uzak	ADJ	4443	191	1	узкий	trap: uzak значит «далёкий», а не «узкий» (узкий — «узан»)
1345	vlak	NOUN	4431	14	0	поезд	
1346	sektor	NOUN	4430	16	0	сектор (аналогично русскому слову)	drop_transparent: тот же корень и значение, что в русском
1347	tajan	ADJ	4427	191	8	тайный, секретный	
1348	pogreška	NOUN	4425	40	0	ошибка	
1349	plavuša	NOUN	4421	15	3	блондинка	
1350	kovčeg	NOUN	4410	14	0	сундук	
1351	naređivati	VERB	4409	102	0	приказывать; распоряжаться	
1352	dodir	NOUN	4406	15	0	контакт, соприкосновение	
1353	beta	NOUN	4402	15	0	бета (аналогично русскому слову)	drop_transparent: тот же корень и значение, что в русском
1354	pucanj	NOUN	4393	21	0	стрельба	
1355	prekid	NOUN	4392	15	0	перерыв	
1356	federalan	ADJ	4392	191	0	федеральный	
1357	italijanski	ADJ	4385	184	6	итальянский	
1358	ritam	NOUN	4378	21	0	ритм	
1359	patka	NOUN	4373	17	0	зоол. утка	
1360	srebrn	ADJ	4369	191	0	серебряный	
1361	maca	NOUN	4366	15	0	этногр., религ. маца (аналогично русскому слову)	drop_transparent: тот же корень и значение, что в русском
1362	stanovnik	NOUN	4360	15	2	житель	
1363	razumevanje	NOUN	4355	30	0	понимание, осмысление, разумение	
1364	trenutan	ADJ	4338	191	2	мгновенный	
1365	rečenica	NOUN	4336	15	17	предложение (грамматическое); фраза, выражение, высказывание	
1366	kristal	NOUN	4333	15	0	хим. кристалл	
1367	finansijski	ADJ	4319	184	0	финансовый	
1368	ajkula	NOUN	4308	15	1	акула	
1369	izlet	NOUN	4306	15	0	поход, экскурсия, прогулка	
1370	gradac	NOUN	4303	26	0	ступень	
1371	jetra	NOUN	4302	18	1	печень	
1372	političar	NOUN	4296	17	0	политик	
1373	posed	NOUN	4295	30	0	собственность (земельная), имение; недвижимость	
1374	pauk	NOUN	4294	24	4	паук	
1375	tinejdžer	NOUN	4292	15	0	подросток, тинейджер	
1376	magla	NOUN	4288	15	0	метеорол. туман	
1377	nezgoda	NOUN	4269	15	1	неудобство	
1378	podmornica	NOUN	4258	14	0	морск. подводная лодка, подлодка	
1379	klovn	NOUN	4238	15	0	печень	
1380	prenositi	VERB	4235	102	0	передавать	
1381	međunarodni	ADJ	4228	63	1	международный	
1382	siv	ADJ	4221	191	1	серый, сивый; бесцветный, бледный	
1383	status	NOUN	4215	15	0	статус	
1384	tenk	NOUN	4215	16	0	воен. танк	
1385	ceremonija	NOUN	4214	15	0	церемония	
1386	čarobnjak	NOUN	4207	15	2	маг, волшебник, чародей	
1387	jutarnji	ADJ	4201	60	0	утренний	
1388	mit	NOUN	4185	16	0	миф	
1389	poverljiv	ADJ	4180	263	0	доверчивый	
1390	ukusan	ADJ	4170	191	2	вкусный, лакомый	
1391	širok	ADJ	4154	191	3	широкий	
1392	val	NOUN	4151	23	0	волна	
1393	bubreg	NOUN	4150	14	0	анат. почка	
1394	neprijateljski	ADV	4150	184	2	вражеский	drop_grammar
1395	obraz	NOUN	4148	16	0	анат. щека	
1396	festival	NOUN	4147	15	0	фестиваль	
1397	pogon	NOUN	4135	15	0	двигатель	
1398	deka	NOUN	4135	15	0	дедушка	
1399	kolika	NOUN	4124	15	76	мед. колика	
1400	zagrljaj	NOUN	4122	15	0	объятие	
1401	pobunjenik	NOUN	4121	15	0	бунтарь, бунтовщик	
1402	boravak	NOUN	4112	15	0	пребывание; жительство	
1403	crtež	NOUN	4103	15	1	чертёж	
1404	scenario	NOUN	4100	15	0	сценарий	
1405	nacrtati	VERB	4093	102	0	зарисовывать	
1406	uzbuđenje	NOUN	4091	15	0	возбуждение	
1407	sedmi	ADJ	4083	63	1	седьмой	
1408	stablo	NOUN	4076	15	0	дерево	
1409	odande	ADV	4070	1	0	оттуда	
1410	poker	NOUN	4070	15	2	карт. покер (аналогично русскому слову)	drop_transparent: тот же корень и значение, что в русском
1411	službenik	NOUN	4057	15	0	чиновник	
1412	klima	NOUN	4045	15	1	климат	
1413	stvaranje	NOUN	4041	15	0	творчество	
1414	mladost	NOUN	4035	15	2	юность, молодость	
1415	autoput	NOUN	4028	33	0	автострада, скоростная дорога	
1416	sudski	ADJ	4021	184	0	судебный	
1417	kita	NOUN	4021	15	1	кита (аналогично русскому слову)	drop_transparent: тот же корень и значение, что в русском
1418	protokol	NOUN	4014	15	0	протокол	
1419	saradnik	NOUN	4004	15	0	сослуживец	
1420	jul	NOUN	3999	16	1	июль	
1421	gravitacija	NOUN	3988	15	0	гравитация; тяготение	
1422	istinski	ADV	3985	184	0	настоящий	drop_grammar
1423	hlače	NOUN	3984	7	0	штаны	
1424	admiral	NOUN	3961	15	0	воен. адмирал	
1425	bal	NOUN	3959	16	0	бал (аналогично русскому слову)	drop_transparent: тот же корень и значение, что в русском
1426	poraz	NOUN	3959	16	0	поражение	
1427	ada	NOUN	3950	15	0	островок	
1428	održavanje	NOUN	3932	15	0	поддержание	
1429	asistent	NOUN	3925	14	1	ассистент	
1430	pušenje	NOUN	3917	15	1	курение	
1431	ekran	NOUN	3916	15	0	экран	
1432	tablica	NOUN	3915	15	0	таблица	
1433	mudrost	NOUN	3915	15	0	мудрость	
1434	dosaditi	VERB	3911	29	0	надоесть	
1435	seljak	NOUN	3911	15	1	крестьянин	
1436	konopac	NOUN	3889	14	0	верёвка	
1437	nafta	NOUN	3883	15	1	нефть	
1438	ugled	NOUN	3882	15	1	репутация	
1439	saradnja	NOUN	3877	16	0	сотрудничество	
1440	septembar	NOUN	3874	15	0	сентябрь	
1441	nameštaj	NOUN	3870	30	0	мебель	
1442	strela	NOUN	3868	30	0	стрела	
1443	petlja	NOUN	3864	18	0	петля	
1444	heroin	NOUN	3845	15	0	героин	
1445	senzor	NOUN	3844	15	0	техн. сенсор	
1446	struktura	NOUN	3832	15	0	структура (аналогично русскому слову)	drop_transparent: тот же корень и значение, что в русском
1447	kula	NOUN	3826	15	0	башня; шахм. ладья	
1448	popravljati	VERB	3826	102	1	улучшать	
1449	dragulj	NOUN	3821	15	0	драгоценный камень	
1450	infekcija	NOUN	3815	15	0	мед. инфекция	
1451	kolonija	NOUN	3815	15	1	колония	
1452	disanje	NOUN	3812	15	1	дыхание	
1453	medalja	NOUN	3798	15	0	медаль	
1454	peškir	NOUN	3792	43	0	полотенце	
1455	poljski	ADJ	3790	184	2	полевой	
1456	crta	NOUN	3788	15	0	линия	
1457	boginja	NOUN	3786	15	1	богиня	
1458	banana	NOUN	3780	15	4	банан	
1459	mršav	ADJ	3776	191	3	худой	
1460	funkcija	NOUN	3751	15	0	функция	
1461	mafija	NOUN	3748	15	0	мафия	
1462	temelj	NOUN	3748	17	0	фундамент	
1463	muzički	ADJ	3744	184	0	музыкальный	
1464	svadba	NOUN	3728	18	0	свадьба	
1465	prag	NOUN	3720	35	1	порог	
1466	nadoknaditi	VERB	3717	102	0	компенсировать	
1467	belo	ADV	3716	29	11	белый; жарг. нарк., субстантивир. героин; кокаин (наркотик в виде белого порошка)	drop_grammar: belo — это прилагательное в среднем роде, служебным не является; но толкование про наркотики неверно и сбивает с толку
1468	jelen	NOUN	3704	15	0	олень	
1469	kongres	NOUN	3695	15	0	конгресс	
1470	titula	NOUN	3690	15	0	титул; сан; звание	
1471	hirurg	NOUN	3687	14	0	хирург	
1472	hrabro	ADV	3684	3	0	храбро, смело	
1473	spor	NOUN	3683	207	8	спор (ссора)	
1474	sovjetski	ADJ	3667	62	1	советский	
1475	kompliment	NOUN	3656	15	0	комплимент	
1476	poezija	NOUN	3651	15	1	поэзия	
1477	tumor	NOUN	3643	15	0	опухоль	
1478	kopno	NOUN	3643	15	0	суша	
1479	nastavnik	NOUN	3642	15	6	учитель	
1480	mrtvac	NOUN	3641	14	0	мертвец, покойник, труп	
1481	rukovati	VERB	3638	29	0	(~ се) здороваться за руку, пожимать руку (кому-л.); (~ се с) здороваться за руку (с кем-л.)	
1482	komisija	NOUN	3637	15	0	комиссия	
1483	kobasica	NOUN	3634	14	0	колбаса	
1484	godišnji	ADJ	3632	60	2	ежегодный	
1485	dostaviti	VERB	3630	102	1	передавать	
1486	pile	NOUN	3617	14	0	птенец	
1487	hamburger	NOUN	3616	15	0	гамбургер	
1488	japanac	NOUN	3602	14	2	японец	
1489	okruženje	NOUN	3602	15	0	окрестность	
1490	brk	NOUN	3597	23	1	усы	
1491	trg	NOUN	3590	21	0	площадь (городская); рынок	
1492	narukvica	NOUN	3585	15	0	браслет	
1493	proizvodnja	NOUN	3583	15	0	производство	
1494	čekić	NOUN	3578	44	1	молот, молоток	
1495	orao	NOUN	3577	20	1	зоол. орёл (Aquila)	
1496	trudnoća	NOUN	3573	15	0	физиол. беременность	
1497	palac	NOUN	3570	21	0	анат. большой палец (руки)	
1498	šum	NOUN	3569	16	4	шум (аналогично русскому слову)	
1499	večnost	NOUN	3569	30	1	вечность	
1500	orbita	NOUN	3569	15	0	астрон. орбита (аналогично русскому слову)	
1501	materija	NOUN	3563	15	0	материя	
1502	iluzija	NOUN	3560	15	1	иллюзия	
1503	kletva	NOUN	3559	18	0	проклятие	
1504	ambasador	NOUN	3555	15	0	посол	
1505	ugodan	ADJ	3551	191	0	приятный	
1506	dobrotvoran	ADJ	3545	191	0	благотворительный	
1507	kanta	NOUN	3544	16	0	ведро	
1508	koncentrisati	VERB	3520	29	0	сосредотачивать, сосредоточивать, концентрировать	
1509	predsednica	NOUN	3518	30	0	президент	drop_name
1510	analizirati	VERB	3518	109	0	анализировать	
1511	aleksandar	NOUN	3516	14	0	Александр	drop_name: имя собственное
1512	nastava	NOUN	3515	15	6	преподавание	
1513	zagonetka	NOUN	3515	23	0	головоломка	
1514	klasičan	ADJ	3513	191	2	классический	
1515	mrtvačnica	NOUN	3497	14	0	морг, мертвецкая, покойницкая	
1516	lan	NOUN	3494	7	0	лён	
1517	učiteljica	NOUN	3491	15	7	учительница	
1518	ženiti	VERB	3486	102	9	женить	
1519	volan	NOUN	3484	15	0	руль, рулевое колесо	
1520	koordinata	NOUN	3483	15	0	матем. координата (аналогично русскому слову)	
1521	preporuka	NOUN	3473	15	0	рекомендация	
1522	uzalud	ADV	3453	1	0	напрасно, зря	
1523	bič	NOUN	3448	23	0	бич (аналогично русск. слову в знач. I)	
1524	torbica	NOUN	3447	15	1	сумочка	
1525	ekonomija	NOUN	3446	15	1	экономия (наука); экономика	
1526	zvono	NOUN	3431	15	0	колокол	
1527	klan	NOUN	3428	15	0	клан (аналогично русскому слову)	
1528	pčela	NOUN	3423	15	4	энтомол. пчела (аналогично русскому слову)	
1529	večno	ADV	3414	4	1	вечно (аналогично русскому слову)	
1530	močvara	NOUN	3413	15	0	болото	
1531	prazno	ADV	3409	3	1	впустую	
1532	turist	NOUN	3402	15	1	турист (аналогично русскому слову)	
1533	kornjača	NOUN	3400	15	2	черепаха	
1534	ravan	ADJ	3392	191	0	плоский, ровный	
1535	zadnjica	NOUN	3390	14	0	ягодица	
1536	delić	NOUN	3375	59	0	частица, кусочек	
1537	žaba	NOUN	3373	15	1	зоол. жаба	
1538	som	NOUN	3366	15	0	сом (рыба)	
1539	roniti	VERB	3365	29	0	нырять	
1540	parada	NOUN	3362	15	0	парад	
1541	krivina	NOUN	3360	15	0	кривизна	
1542	zaliv	NOUN	3348	30	0	бухта	
1543	rukopis	NOUN	3339	15	1	рукопись	
1544	lažno	ADV	3337	3	0	ложно	
1545	strelac	NOUN	3335	28	0	лучник, стрелок из лука	
1546	vojvoda	NOUN	3329	14	0	князь	
1547	aktivan	ADJ	3328	191	2	активный; действительный	
1548	figura	NOUN	3327	15	0	фигура	
1549	šah	NOUN	3325	16	0	истор. шах (аналогично русск. шах I)	
1550	republika	NOUN	3324	15	1	республика	
1551	zubar	NOUN	3321	17	1	зубной врач, стоматолог, дантист	
1552	naokolo	ADV	3320	1	0	вокруг	
1553	nadimak	NOUN	3318	15	2	прозвище	
1554	kilogram	NOUN	3313	15	0	килограмм	
1555	ploviti	VERB	3311	29	1	плавать	
1556	batina	NOUN	3307	15	0	палка	
1557	gluv	ADJ	3298	191	2	глухой	
1558	manijak	NOUN	3290	15	0	мед. маньяк	
1559	obožavalac	NOUN	3288	14	0	поклонник	
1560	letelica	NOUN	3287	28	0	летательный аппарат, воздушное судно, самолёт	
1561	inženjer	NOUN	3283	15	2	инженер	
1562	suma	NOUN	3276	15	1	сумма	
1563	udaljenost	NOUN	3273	15	0	расстояние	
1564	ambasada	NOUN	3270	15	0	посольство	
1565	mužjak	NOUN	3267	15	0	самец	
1566	konkurencija	NOUN	3267	15	0	конкуренция	
1567	prah	NOUN	3264	22	1	пыль	
1568	otrovan	ADJ	3259	191	0	ядовитый	
1569	fotograf	NOUN	3257	15	0	фотограф (аналогично русскому слову)	
1570	predstavnik	NOUN	3255	15	0	представитель	
1571	šarmantan	ADJ	3254	191	0	очаровательный	
1572	tajnost	NOUN	3246	15	0	секретность	
1573	magarac	NOUN	3235	14	2	зоол. осёл, ишак (Equus asinus asinus)	
1574	automatski	ADV	3234	184	0	автоматический	
1575	radar	NOUN	3232	15	0	радар	
1576	unuk	NOUN	3230	15	2	внук	
1577	biološki	ADV	3218	64	1	биологический	
1578	sindikat	NOUN	3210	15	0	синдикат	
1579	dizajn	NOUN	3201	15	2	дизайн	
1580	sperma	NOUN	3199	16	0	физиол. сперма	
1581	sklad	NOUN	3184	7	0	соответствие	
1582	poremećaj	NOUN	3171	15	1	расстройство	
1583	računar	NOUN	3167	16	13	компьютер	
1584	hol	NOUN	3163	44	0	холл	
1585	tečnost	NOUN	3152	15	0	жидкость	
1586	divljina	NOUN	3145	15	0	дикая местность	
1587	naziv	NOUN	3140	15	2	название	
1588	vanzemaljski	ADJ	3140	64	0	внеземной, инопланетный	
1589	avgust	NOUN	3130	22	1	август (аналогично русскому слову)	
1590	mudro	ADV	3128	3	1	мудро	
1591	zapoved	NOUN	3123	30	0	заповедь	
1592	špijunirati	VERB	3121	102	0	шпионить	
1593	odsustvo	NOUN	3119	15	0	отсутствие	
1594	čaroban	ADJ	3117	191	2	волшебный	
1595	varalica	NOUN	3113	14	0	мошенник	
1596	suknja	NOUN	3106	17	2	юбка	
1597	masaža	NOUN	3091	15	0	массаж	
1598	naslediti	VERB	3087	204	0	наследовать	
1599	keks	NOUN	3086	15	0	кекс	
1600	parfem	NOUN	3085	15	0	духи	
1601	mentalan	ADJ	3079	73	0	ментальный, умственный	
1602	napet	ADJ	3077	191	0	нервный	
1603	lišće	NOUN	3062	15	3	листва	
1604	otvor	NOUN	3059	15	0	отверстие	
1605	televizor	NOUN	3051	15	10	телевизор (аналогично русскому слову)	
1606	tvrđava	NOUN	3050	15	2	крепость	
1607	slanina	NOUN	3044	15	0	солонина; бекон	
1608	zet	NOUN	3038	15	0	зять	
1609	daljina	NOUN	3028	15	0	расстояние	
1610	bedan	ADJ	3027	264	0	бедный, неимущий	
1611	višak	NOUN	3023	21	0	избыток	
1612	oktobar	NOUN	3022	15	0	октябрь	
1613	realnost	NOUN	3018	15	0	реальность, действительность	
1614	pizda	NOUN	3015	15	0	обсц. пизда; женский половой орган	drop_rare: обсценная лексика, начинающему не нужна
1615	starica	NOUN	3013	15	2	старая (пожилая) женщина, старушка, старуха, бабушка	
1616	mahati	VERB	3013	102	0	махать	
1617	logika	NOUN	3012	15	1	логика	
1618	prizor	NOUN	3011	15	0	сцена, вид	
1619	golub	NOUN	3011	23	2	голубь	
1620	psihopat	NOUN	3009	15	0	психопат	
1621	leptir	NOUN	3006	15	0	зоол. бабочка, мотылёк	
1622	autopsija	NOUN	3000	15	0	аутопсия	
1623	mrav	NOUN	2997	15	0	муравей	
1624	rebro	NOUN	2986	15	0	ребро (аналогично русскому слову)	
1625	ar	NOUN	2983	15	0	ар	
1626	sapun	NOUN	2982	15	2	мыло	
1627	koren	NOUN	2981	61	0	ботан. корень	
1628	jesen	NOUN	2969	15	5	осень	
1629	potencijal	NOUN	2962	15	0	потенциал	
1630	doušnik	NOUN	2962	15	0	доносчик	
1631	lozinka	NOUN	2962	20	0	пароль	
1632	idealan	ADJ	2961	191	0	идеальный	
1633	važnost	NOUN	2959	15	0	важность	
1634	drven	ADJ	2948	191	0	деревянный	
1635	obilazak	NOUN	2945	15	0	объезд, обход	
1636	nepristojan	ADJ	2945	191	0	невежливый, неприличный	
1637	kiselina	NOUN	2939	15	0	хим. кислота	
1638	frekvencija	NOUN	2938	15	0	частота	
1639	mikrofon	NOUN	2935	15	0	микрофон (аналогично русскому слову)	
1640	mačak	NOUN	2931	14	47	кот	
1641	aukcija	NOUN	2931	15	0	аукцион	
1642	dobrota	NOUN	2926	15	0	Доброта (сербская фамилия)	drop_name
1643	prihod	NOUN	2922	15	0	доход, поступление	
1644	okvir	NOUN	2915	15	0	рамка; рамки	
1645	radionica	NOUN	2914	15	0	мастерская	
1646	baron	NOUN	2911	43	0	барон (аналогично русскому слову)	
1647	orah	NOUN	2909	14	0	орех	
1648	ekspert	NOUN	2901	14	0	эксперт	
1649	izgradnja	NOUN	2894	16	1	строительство	
1650	puk	NOUN	2868	21	1	полк	
1651	karat	NOUN	2867	15	0	карат	
1652	vulkan	NOUN	2866	15	0	вулкан (аналогично русскому слову)	
1653	verenik	NOUN	2865	30	0	жених	
1654	kontejner	NOUN	2865	15	0	контейнер	
1655	pesnik	NOUN	2861	30	0	поэт	
1656	vukodlak	NOUN	2848	15	0	оборотень	
1657	atom	NOUN	2848	15	1	физ. атом	
1658	toplota	NOUN	2845	15	0	теплота, тепло	
1659	švajcarski	ADJ	2844	184	2	швейцарский	
1660	košarka	NOUN	2832	16	4	спорт. баскетбол	
1661	trčanje	NOUN	2830	15	0	беготня	
1662	popravka	NOUN	2828	20	0	ремонт	
1663	maramica	NOUN	2825	15	0	носовой платок	
1664	iskrenost	NOUN	2823	15	0	откровенность, честность	
1665	domaćica	NOUN	2823	15	0	домохозяйка	
1666	rublje	NOUN	2821	8	0	белье	
1667	kvar	NOUN	2821	16	0	сбой, неисправность	
1668	votka	NOUN	2819	16	1	водка	
1669	kupanje	NOUN	2817	15	1	купание	
1670	stipendija	NOUN	2817	15	0	стипендия	
1671	insekt	NOUN	2817	14	0	зоол. насекомое	
1672	hobi	NOUN	2809	15	3	хобби, увлечение	
1673	skroman	ADJ	2800	191	0	непритязательный	
1674	puter	NOUN	2799	15	0	масло	trap: путается с путером (путер — путешествие)
1675	bombona	NOUN	2798	15	0	конфета	
1676	resurs	NOUN	2793	15	0	ресурс (аналогично русскому слову), средство	
1677	domovina	NOUN	2784	15	2	родной край, родина, отечество, отчизна	
1678	šunka	NOUN	2782	16	0	ветчина, окорок	
1679	onamo	ADV	2779	1	0	туда	
1680	sprečavati	VERB	2776	204	0	препятствовать	
1681	vaza	NOUN	2776	15	0	ваза (аналогично русскому слову)	
1682	uskočiti	VERB	2763	29	0	подпрыгивать	
1683	upravljanje	NOUN	2759	15	0	управление, руководство	
1684	metro	NOUN	2759	15	1	метро (аналогично русскому слову)	
1685	indijski	ADJ	2759	184	0	индийский	
1686	karati	VERB	2755	102	0	бранить, ругать	
1687	šibica	NOUN	2749	15	0	спичка	
1688	napitak	NOUN	2747	21	0	напиток	
1689	čuven	ADJ	2743	73	0	знаменитый; известный	
1690	čvor	NOUN	2739	16	0	узел	
1691	spomenik	NOUN	2738	15	0	памятник	
1692	perika	NOUN	2725	15	0	парик	
1693	komitet	NOUN	2723	15	0	комитет	
1694	papirologija	NOUN	2717	15	0	папирология	drop_rare
1695	zanimanje	NOUN	2707	15	0	профессия	
1696	orman	NOUN	2705	43	0	шкаф	
1697	tenis	NOUN	2704	15	15	теннис	
1698	popust	NOUN	2701	15	0	скидка	
1699	rezerva	NOUN	2697	15	0	резерв	
1700	ujesti	VERB	2691	102	0	кусать	
1701	krupan	ADJ	2690	191	0	грузный, тяжеловесный	
1702	kuga	NOUN	2689	15	0	чума	
1703	putanja	NOUN	2683	15	0	тропинка, дорожка	
1704	manastir	NOUN	2682	16	0	религ. монастырь	
1705	decembar	NOUN	2682	15	0	декабрь	
1706	identifikacija	NOUN	2680	15	0	идентификация, опознание	
1707	završetak	NOUN	2671	21	0	завершение	
1708	filozofija	NOUN	2671	15	4	философия	
1709	senat	NOUN	2669	15	0	сенат	
1710	veverica	NOUN	2667	28	0	зоол. белка (лат. Sciurus)	
1711	delfin	NOUN	2663	15	0	зоол. ихтиол. дельфин	
1712	posećivati	VERB	2660	204	0	посещать, навещать	
1713	zvon	NOUN	2652	16	0	звон	
1714	bolničar	NOUN	2651	17	0	мед. санитар	
1715	pero	NOUN	2650	15	1	перо (аналогично русскому слову); ручка (для письма)	
1716	divljati	VERB	2647	29	1	бушевать	
1717	želudac	NOUN	2646	26	0	анат. желудок	
1718	kum	NOUN	2645	15	0	кум (аналог русскому слову в знач. I)	
1719	novčanica	NOUN	2645	15	0	банкнота	
1720	spasavanje	NOUN	2644	15	0	спасание	
1721	kupati	VERB	2643	102	1	купать	
1722	telegram	NOUN	2637	15	1	телеграмма	
1723	rezervoar	NOUN	2632	15	0	водохранилище	
1724	nepotreban	ADJ	2631	191	1	ненужный	
1725	prorok	NOUN	2630	15	0	религ. (также перен.) пророк (аналогично русскому слову)	
1726	ambicija	NOUN	2630	15	1	амбиция, самолюбие	
1727	vagon	NOUN	2628	15	1	вагон (аналогично русскому слову)	
1728	novembar	NOUN	2625	15	0	ноябрь	
1729	cigla	NOUN	2622	18	0	кирпич	
1730	disciplina	NOUN	2616	15	2	дисциплина, дисциплинированность	
1731	anoniman	ADJ	2616	191	0	анонимный	
1732	krtica	NOUN	2615	14	0	крот	
1733	nadzornik	NOUN	2609	15	0	надзиратель	
1734	pirat	NOUN	2603	15	0	пират (аналогично русскому слову)	
1735	kategorija	NOUN	2601	15	0	категория	
1736	pukotina	NOUN	2599	15	0	трещина	
1737	štedeti	VERB	2591	202	1	копить, собирать	
1738	bubanj	NOUN	2586	21	0	барабан	
1739	zaseda	NOUN	2585	30	0	засада	
1740	osmi	ADJ	2585	63	1	восьмой	
1741	mesečno	ADV	2584	6	2	ежемесячно	
1742	ruda	NOUN	2582	15	0	руда (аналогично русскому слову) (с иным ударением)	
1743	zlostavljanje	NOUN	2582	15	0	буллинг	
1744	pat	NOUN	2577	16	0	pat (šahovski termin)	
1745	zločinac	NOUN	2576	14	0	злодей	
1746	igralište	NOUN	2575	15	0	детская площадка, игровая площадка	
1747	rukav	NOUN	2573	15	1	рукав [1]	
1748	čelik	NOUN	2572	15	1	сталь	
1749	poređenje	NOUN	2570	15	0	сравнение	
1750	autoritet	NOUN	2568	15	0	авторитет	
1751	srebro	NOUN	2564	15	0	хим. серебро	
1752	gora	NOUN	2559	30	9	гора (аналогично русскому слову); лес	
1753	musliman	NOUN	2554	15	0	мусульманин, магометанин	
1754	apetit	NOUN	2548	15	2	аппетит	
1755	glasan	ADJ	2548	191	14	звучный, громкий	
1756	demokratija	NOUN	2537	15	2	демократия	
1757	dobrovoljac	NOUN	2528	14	0	доброволец	
1758	bradavica	NOUN	2526	14	0	бородавка	
1759	kontinent	NOUN	2521	15	0	континент, материк	
1760	starost	NOUN	2512	15	0	старость	
1761	trezan	ADJ	2512	264	0	трезвый	
1762	kamila	NOUN	2512	22	0	зоол. верблюд	
1763	hrišćanin	NOUN	2510	15	2	христианин	
1764	pingvin	NOUN	2510	15	0	орнитол. пингвин (Spheniscidae)	
1765	nestrpljiv	ADJ	2507	191	0	нетерпеливый	
1766	dijeta	NOUN	2507	15	1	диета	
1767	neprijatan	ADJ	2505	191	0	неприятный, неприветливый	
1768	orkestar	NOUN	2494	15	0	муз. оркестр	
1769	pidžama	NOUN	2485	15	1	пижама	
1770	doručkovati	VERB	2482	109	3	завтракать	
1771	stanar	NOUN	2480	17	0	житель, жилец	
1772	izgovarati	VERB	2475	102	0	произносить	
1773	tvrd	ADJ	2472	191	0	твёрдый	
1774	krasan	ADJ	2465	191	0	красивый	
1775	alergičan	ADJ	2464	191	1	мед. аллергический	
1776	kružiti	VERB	2456	29	0	кружить, обращаться	
1777	agresivan	ADJ	2452	191	2	агрессивный	
1778	garancija	NOUN	2450	15	0	гарантия	
1779	prilog	NOUN	2449	15	0	приложение, гарнир, добавок	
1780	tužilaštvo	NOUN	2448	15	0	прокуратура	
1781	ambulanta	NOUN	2448	18	0	амбулатория	
1782	pesnica	NOUN	2440	15	0	кулак	
1783	znoj	NOUN	2437	15	0	пот	
1784	dobrobit	NOUN	2434	15	0	благосостояние, благополучие, благоденствие	
1785	januar	NOUN	2433	15	2	январь	
1786	smjesta	ADV	2422	1	0	сразу, немедленно	
1787	potres	NOUN	2417	15	0	землетрясение	
1788	nervni	ADJ	2415	63	0	нервный	
1789	dijagnoza	NOUN	2415	15	0	диагноз	
1790	oltar	NOUN	2411	15	0	алтарь	
1791	šal	NOUN	2410	16	3	шаль; шарф	
1792	era	NOUN	2410	15	0	эра (начало летоисчисления); геол. эра (в истории земли)	
1793	grom	NOUN	2407	16	2	метеорол. гром (аналогично русскому слову)	
1794	porno	ADV	2404	44	0	порно	drop_grammar: наречие
1795	grofica	NOUN	2396	14	2	графиня	drop_name: графиня как фамилия, нарицательное значение есть, но в словаре только фамилия
1796	bezobrazan	ADJ	2394	191	0	бесцеремонный	
1797	turski	ADJ	2390	184	2	турецкий	
1798	bunar	NOUN	2389	15	1	колодец	
1799	evolucija	NOUN	2389	15	0	эволюция	
1800	danju	ADV	2388	1	0	днём	
1801	potok	NOUN	2386	15	1	поток (аналогично русскому слову); ручей	
1802	blokada	NOUN	2385	15	0	блокада	
1803	postupati	VERB	2383	102	0	обращаться, относиться	
1804	plod	NOUN	2382	16	0	ботан. плод (репродуктивный о́рган растения); плод (съедобная часть растения)	
1805	siroče	NOUN	2378	15	0	сирота	
1806	glasanje	NOUN	2377	15	0	голосование	
1807	nastavak	NOUN	2373	15	0	продолжение, окончание	
1808	komedija	NOUN	2372	15	1	комедия	
1809	prekidač	NOUN	2371	15	0	выключатель	
1810	gušter	NOUN	2371	15	0	зоол. ящерица	
1811	realan	ADJ	2371	191	0	реальный	
1812	oštrica	NOUN	2367	15	0	остриё	
1813	većinom	ADV	2361	1	0	большей частью, в большинстве случаев	
1814	govedina	NOUN	2360	7	1	говядина	
1815	arterija	NOUN	2353	15	0	анат. артерия	
1816	veseo	ADJ	2352	191	0	весёлый, радостный	
1817	piramida	NOUN	2348	15	0	пирамида (аналогично русскому слову)	
1818	saučešće	NOUN	2346	15	0	соболезнование	
1819	moral	NOUN	2345	15	2	мораль	
1820	lezbejka	NOUN	2345	17	0	лесбиянка	
1821	marihuana	NOUN	2343	15	0	марихуана	drop_rare: узкоспециальный термин наркотика
1822	peške	ADV	2341	2	1	пешком	
1823	krpa	NOUN	2341	15	0	тряпка; лоскут	
1824	cista	NOUN	2336	15	0	биол. циста	
1825	pucanje	NOUN	2332	15	0	стрельба	
1826	hipoteka	NOUN	2332	15	0	ипотека	
1827	molba	NOUN	2328	16	1	просьба, мольба	
1828	dinosaurus	NOUN	2327	15	0	зоол. динозавр	
1829	bakterija	NOUN	2326	15	0	биол. бактерия	
1830	uporno	ADV	2320	3	0	упорно, усиленно	
1831	naselje	NOUN	2319	15	0	населённый пункт, поселение	
1832	krajnji	ADJ	2317	60	0	крайний, последний	
1833	ilegalan	ADJ	2315	191	0	незаконный, нелегальный	
1834	sirotište	NOUN	2313	15	0	приют, детский дом	
1835	osramotiti	VERB	2308	102	0	запятнать, обесчестить, опозорить, опорочить	
1836	vagina	NOUN	2298	15	0	анат. вагина (аналогично русскому слову), влагалище	
1837	kalendar	NOUN	2291	15	1	календарь	
1838	jahta	NOUN	2290	16	0	яхта	
1839	centimetar	NOUN	2288	15	0	сантиметр	
1840	hokej	NOUN	2286	15	4	хоккей	
1841	barut	NOUN	2284	15	0	порох	
1842	železnica	NOUN	2275	30	0	железная дорога	
1843	fioka	NOUN	2274	15	0	выдвижной ящик	
1844	muzičar	NOUN	2267	17	1	музыкант	
1845	donacija	NOUN	2264	15	0	пожертвование	
1846	trbuh	NOUN	2262	14	0	живот	
1847	imenovati	VERB	2260	109	0	именовать	
1848	vilica	NOUN	2259	14	0	челюсть; вилка	
1849	ispunjavati	VERB	2252	102	0	исполнять, выполнять	
1850	kičma	NOUN	2252	16	0	позвоночник	
1851	plin	NOUN	2246	16	0	газ	
1852	ris	NOUN	2244	25	0	зоол. рысь (Lynx (lynx) L.)	
1853	kandža	NOUN	2244	15	0	анат. коготь	
1854	divljak	NOUN	2241	15	0	дикарь, дикий человек	
1855	globalan	ADJ	2241	191	0	мировой, глобальный	
1856	rađati	VERB	2238	102	0	рожать, рождать	
1857	as	NOUN	2236	33	0	ас, туз	
1858	pečat	NOUN	2230	15	0	печать	
1859	mladoženja	NOUN	2229	14	0	жених	
1860	kan	NOUN	2226	15	0	канны	drop_name: это растение, но в черногорском может быть нарицательным; проверь контекст
1861	slom	NOUN	2225	16	0	коллапс	
1862	večernji	ADJ	2221	60	1	вечерний	
1863	angažovati	VERB	2219	109	0	ангажировать	
1864	ulog	NOUN	2218	14	3	вклад (денежные средства, которые организации или отдельные лица хранят в финансовом учреждении); депозит	
1865	zemljotres	NOUN	2217	15	2	землетрясение	
1866	sažaljenje	NOUN	2213	15	0	сочувствие, жалость	
1867	autogram	NOUN	2208	15	0	автограф	
1868	besmislica	NOUN	2207	14	1	абракадабра, абсурд, бессмыслица	
1869	kanjon	NOUN	2206	15	0	каньон	
1870	investicija	NOUN	2200	15	0	инвестиция	
1871	poplava	NOUN	2195	15	0	наводнение	
1872	piknik	NOUN	2189	15	1	пикник	
1873	gangster	NOUN	2189	15	0	бандит, гангстер	
1874	autor	NOUN	2186	15	0	автор	
1875	februar	NOUN	2183	15	0	февраль	
1876	paradajz	NOUN	2181	15	0	помидор	
1877	tajanstven	ADJ	2176	191	0	таинственный, загадочный	
1878	proročanstvo	NOUN	2175	15	0	пророчество	
1879	biskup	NOUN	2174	15	0	епископ	
1880	biser	NOUN	2173	15	0	жемчуг	
1881	bankar	NOUN	2170	17	0	банкир	
1882	zavisnost	NOUN	2169	15	0	зависимость	
1883	istorijski	ADJ	2169	184	0	исторический	
1884	hemija	NOUN	2164	15	3	химия	
1885	tavan	NOUN	2163	15	0	чердак	
1886	šank	NOUN	2161	14	0	стойка (прилавок)	
1887	sajam	NOUN	2160	14	0	ярмарка	
1888	kašika	NOUN	2158	16	2	ложка	
1889	psihologija	NOUN	2155	15	0	психология	
1890	fraza	NOUN	2154	15	0	фраза	
1891	imperija	NOUN	2152	15	0	истор. империя	
1892	slikar	NOUN	2151	17	2	живописец	
1893	perspektiva	NOUN	2150	15	0	перспектива	
1894	četkica	NOUN	2144	14	1	щётка	
1895	osuda	NOUN	2136	15	0	осуждение	
1896	izjaviti	VERB	2133	102	0	заявить	
1897	dlan	NOUN	2132	16	0	анат. ладонь	
1898	aplauz	NOUN	2131	15	0	аплодисменты	
1899	porođaj	NOUN	2128	15	0	роды, рождение	
1900	norma	NOUN	2121	16	0	норма (аналогично русскому слову)	
1901	organizam	NOUN	2121	14	0	организм	
1902	psihološki	ADJ	2120	62	0	психологический	
1903	alternativa	NOUN	2119	15	0	альтернатива	
1904	cifra	NOUN	2119	18	0	цифра	
1905	telohranitelj	NOUN	2117	30	0	телохранитель	
1906	kafana	NOUN	2115	15	0	кафе, кофейня	
1907	fenomenalno	ADV	2114	3	0	феноменально	
1908	bespomoćan	ADJ	2112	73	0	беспомощный, беззащитный	
1909	mito	NOUN	2111	15	2	взятка	
1910	sličnost	NOUN	2110	15	0	сходство	
1911	violina	NOUN	2109	15	3	скрипка	
1912	portret	NOUN	2108	15	2	портрет (аналогично русскому слову)	
1913	kalibar	NOUN	2104	15	0	калибр	
1914	zabranjivati	VERB	2104	102	0	запрещать	
1915	balkon	NOUN	2103	15	0	балкон	
1916	balet	NOUN	2101	15	0	балет	
1917	potomak	NOUN	2101	14	0	потомок	
1918	institucija	NOUN	2097	15	0	учреждение, институт	
1919	vlakno	NOUN	2093	15	0	волокно	
1920	monitor	NOUN	2082	15	0	монитор (аналогично русскому слову)	
1921	platno	ADV	2080	16	0	полотно (ткань)	
1922	vidljiv	ADJ	2080	191	0	видимый	
1923	psiholog	NOUN	2078	14	0	психолог	
1924	profesija	NOUN	2076	15	1	профессия	
1925	čuvanje	NOUN	2074	15	0	хранение	
1926	dostojan	ADJ	2074	191	0	достойный	
1927	židov	NOUN	2074	30	0	еврей	
1928	lizati	VERB	2069	102	1	лизать	
1929	koncept	NOUN	2064	17	0	концепция, идея	
1930	gram	NOUN	2062	15	0	грамм	
1931	argument	NOUN	2061	15	1	аргумент	
1932	bistar	ADJ	2058	191	0	быстрый	
1933	truba	NOUN	2058	15	0	труба	
1934	ljubaznost	NOUN	2056	15	0	доброта	
1935	nesretan	ADJ	2055	191	0	несчастный, несчастливый	
1936	motati	VERB	2053	102	0	мотать	
1937	odnosno	ADV	2045	1	0	то есть, а именно; вернее, точнее	
1938	debi	NOUN	2043	15	0	дебют	
1939	katolik	NOUN	2041	15	1	католик	
1940	ranac	NOUN	2033	14	0	ранец	
1941	naočale	NOUN	2032	7	0	очки	
1942	nezavisan	ADJ	2028	191	1	независимый	
1943	prase	NOUN	2027	14	0	поросёнок	
1944	samoubojstvo	NOUN	2027	15	0	самоубийство	
1945	usmeriti	VERB	2026	204	0	направить, устремить, нацелить; сориентировать, наставить (кого-либо)	
1946	prognoza	NOUN	2020	15	4	прогноз	
1947	homoseksualac	NOUN	2019	14	0	гомосексуал, гомосексуалист	
1948	stanovati	VERB	2019	29	5	жить	
1949	jahač	NOUN	2014	15	0	всадник, наездник	
1950	administracija	NOUN	2013	15	0	администрация	
1951	aut	NOUN	2008	15	2	выход (в спорте)	
1952	primirje	NOUN	2001	15	0	перемирие	
1953	sponzor	NOUN	2001	15	0	фин. спонсор	
1954	melodija	NOUN	2001	15	1	муз. мелодия	
1955	džez	NOUN	1999	7	0	муз. джаз	
1956	parazit	NOUN	1998	15	2	биол. паразит	
1957	muva	NOUN	1997	15	1	зоол. муха	
1958	spadati	VERB	1995	29	0	относиться	
1959	obaveštenje	NOUN	1995	30	0	уведомление, извещение	
1960	lojalnost	NOUN	1993	15	0	лояльность	
1961	ucena	NOUN	1993	30	0	шантаж	
1962	trovanje	NOUN	1992	15	0	заражение, отравление	
1963	režiser	NOUN	1988	15	0	режиссёр	
1964	amater	NOUN	1988	15	0	любитель	
1965	očekivanje	NOUN	1984	15	0	ожидание (действие)	
1966	apoteka	NOUN	1982	15	0	аптека	
1967	makaze	NOUN	1981	7	0	ножницы	
1968	glasnik	NOUN	1978	16	0	посол	
1969	šeri	NOUN	1973	43	0	херес	trap: путается с испанским напитком, а не французским
1970	vitamin	NOUN	1967	15	3	витамин (аналогично русскому слову)	
1971	sastav	NOUN	1964	15	0	состав; смесь	
1972	jastog	NOUN	1954	14	0	зоол. омар; лобстер	
1973	špageti	NOUN	1952	8	0	кулин. спагетти	
1974	nedovoljno	ADV	1941	3	0	недостаточно	
1975	arena	NOUN	1941	15	0	арена	
1976	starateljstvo	NOUN	1936	15	0	опека; опекунство	
1977	samoća	NOUN	1929	15	0	одиночество	
1978	delta	NOUN	1927	16	0	дельта	
1979	laser	NOUN	1924	15	0	лазер	
1980	štakor	NOUN	1923	15	0	зоол. крыса (rattus)	
1981	kompromis	NOUN	1917	15	0	компромисс	
1982	rehabilitacija	NOUN	1916	15	0	реабилитация	
1983	lutrija	NOUN	1909	15	1	лотерея	
1984	trećina	NOUN	1908	15	0	треть	
1985	plima	NOUN	1903	15	0	прилив	
1986	ćelav	ADJ	1902	191	2	лысый	
1987	vodopad	NOUN	1901	15	0	водопад (аналогично русскому слову)	
1988	dinamit	NOUN	1900	15	0	динамит	
1989	normala	NOUN	1898	15	0	нормаль, перпендикуляр	
1990	nezavisnost	NOUN	1896	15	0	независимость	
1991	pripadnik	NOUN	1896	15	0	член (организации); участник (группы)	
1992	nepravda	NOUN	1895	16	0	несправедливость	
1993	travnjak	NOUN	1893	15	0	газон	
1994	asteroid	NOUN	1890	15	0	астрон. астероид	
1995	toplina	NOUN	1890	15	0	тепло	
1996	predrasuda	NOUN	1888	15	1	предрассудок	
1997	uličica	NOUN	1886	15	0	улочка, переулок	
1998	razbojnik	NOUN	1886	15	0	разбойник; грабитель	
1999	tvrdnja	NOUN	1882	16	0	утверждение	
2000	krokodil	NOUN	1882	15	0	зоол. крокодил (Crocodylus; аналог. русск. крокодил [1])	
2001	nota	NOUN	1878	15	0	нота (аналогично русскому слову)	
2002	vod	NOUN	1874	16	50	взвод	
2003	kut	NOUN	1871	25	0	угол	
2004	razumljiv	ADJ	1870	191	0	доходчивый, понятный	
2005	pohlepan	ADJ	1870	191	0	корыстолюбивый	
2006	biologija	NOUN	1863	15	2	биология	
2007	ometanje	NOUN	1860	15	0	воспрепятствование, препятствование	
2008	potpredsednik	NOUN	1859	30	0	вице-президент	
2009	stepenište	NOUN	1856	15	0	лестница	
2010	kockanje	NOUN	1853	15	0	азартная игра	
2011	konjica	NOUN	1849	14	0	воен. кавалерия, конница	
2012	umak	NOUN	1848	15	0	соус	
2013	grožđe	NOUN	1847	15	1	виноград	
2014	kud	ADV	1843	17	0	куда	drop_grammar: вопросительное наречие, служебное слово
2015	soda	NOUN	1843	15	0	хим. сода (аналогично русскому слову)	
2016	sedlo	NOUN	1839	15	0	седло	
2017	sova	NOUN	1835	15	0	сова	
2018	hor	NOUN	1834	16	0	муз. хор (аналогично русскому слову)	
2019	evropski	ADJ	1834	184	1	европейский	
2020	vrlina	NOUN	1833	15	0	добродетель	
2021	jedro	NOUN	1833	18	0	парус	
2022	terorizam	NOUN	1832	14	0	терроризм	
2023	sportista	NOUN	1830	14	0	спортсмен	
2024	energetski	ADV	1830	184	0	энергетический	drop_grammar: служебное слово
2025	padobran	NOUN	1826	15	0	парашют	
2026	pržiti	ADJ	1823	102	0	жареный	
2027	policajka	NOUN	1814	16	0	полицейская, женщина-полицейский	
2028	fontana	NOUN	1811	15	0	фонтан	
2029	guska	NOUN	1810	20	0	гусыня	
2030	bluza	NOUN	1808	15	0	блузка	
2031	nitkov	NOUN	1808	15	0	подлец, мерзавец	
2032	pešice	ADV	1806	30	0	пешком	drop_grammar: наречие образа действия, служебное слово
2033	investitor	NOUN	1806	15	0	экон. инвестор	
2034	riti	VERB	1801	102	0	копать	
2035	maslac	NOUN	1798	17	0	масло	
2036	ekonomski	ADJ	1796	184	1	экономический	
2037	korupcija	NOUN	1796	15	0	коррупция	
2038	odbijanje	NOUN	1792	15	0	отражение, отбитие (удара, нападения)	
2039	deveti	ADJ	1785	63	0	девятый	
2040	hladnjak	NOUN	1784	15	0	холодильник	
2041	suvenir	NOUN	1782	15	0	сувенир	
2042	lider	NOUN	1780	15	0	лидер	
2043	tovar	NOUN	1777	15	0	груз	
2044	hormon	NOUN	1777	15	0	биол. гормон	
2045	igranka	NOUN	1776	23	0	танцевальное мероприятие, вечеринка	
2046	povećavati	VERB	1771	102	0	умножать	
2047	pasta	NOUN	1770	16	5	макаронные изделия	
2048	imunitet	NOUN	1769	15	0	биол. иммунитет	
2049	monah	NOUN	1769	14	1	монах (аналогично русскому слову)	
2050	komarac	NOUN	1767	14	5	зоол. комар	
2051	životinjski	ADJ	1765	184	1	звериный	
2052	koš	NOUN	1764	15	0	корзина	
2053	halucinacija	NOUN	1759	15	0	мед. галлюцинация	
2054	opsesija	NOUN	1751	15	0	мания	
2055	znanstvenik	NOUN	1749	15	0	учёный	
2056	fenomen	NOUN	1748	15	1	феномен (аналогично русскому слову)	
2057	arogantan	ADJ	1743	191	0	нахальный, наглый, высокомерный	
2058	tornado	NOUN	1737	15	0	смерч	
2059	pilić	NOUN	1737	15	0	цыплёнок	
2060	kamin	NOUN	1734	15	0	камин	
2061	uzrujan	ADJ	1733	191	0	возбуждённый	
2062	gvožđe	NOUN	1732	15	2	хим. железо	
2063	tron	NOUN	1727	16	0	трон	
2064	pojedinac	NOUN	1722	14	0	отдельный человек, индивид	
2065	anomalija	NOUN	1710	15	0	аномалия	
2066	alkoholičar	NOUN	1709	15	0	алкоголик	
2067	pohlepa	NOUN	1708	15	0	алчность, корыстолюбие	
2068	sušiti	VERB	1705	102	1	сушить	
2069	atomski	ADJ	1705	184	2	атомный	
2070	bura	NOUN	1704	15	0	буря	
2071	beskrajan	ADJ	1704	191	1	бесконечный	
2072	siromaštvo	NOUN	1703	15	0	бедность	
2073	nezgodan	ADJ	1700	191	0	неудобный	
2074	uništavanje	NOUN	1699	15	0	уничтожение	
2075	nepodnošljiv	ADJ	1699	191	0	невыносимый, непереносимый, нестерпимый	
2076	losos	NOUN	1696	15	0	зоол. лосось (salmo)	
2077	pohvala	NOUN	1696	15	0	похвала (аналогично русскому слову)	
2078	adrenalin	NOUN	1695	15	0	биохим. адреналин (аналогично русскому слову)	
2079	kašalj	NOUN	1693	21	2	физиол. кашель	
2080	demonstracija	NOUN	1691	15	0	манифестация	
2081	laganje	NOUN	1690	15	0	враньё	
2082	arhiva	NOUN	1689	15	0	архив (собрание документов)	
2083	porotnik	NOUN	1687	15	0	присяжный заседатель	
2084	grašak	NOUN	1684	15	0	горох	
2085	besmrtan	ADJ	1682	191	0	бессмертный	
2086	koncentracija	NOUN	1680	15	0	концентрация, сосредоточение	
2087	firer	NOUN	1677	15	0	фюрер	
2088	grijeh	NOUN	1674	22	0	религ. грех	
2089	pijanica	NOUN	1672	16	0	пьяница	
2090	ugalj	NOUN	1669	21	1	уголь	
2091	njuška	NOUN	1664	20	0	морда, рыло	
2092	alergija	NOUN	1662	15	1	мед. аллергия	
2093	samuraj	NOUN	1661	15	0	самурай	
2094	sluh	NOUN	1657	22	0	слух (способность слышать)	
2095	najaviti	VERB	1657	102	1	объявить, сообщить	
2096	baklja	NOUN	1653	18	1	факел	
2097	nadležnost	NOUN	1651	15	0	компетенция, ведение	
2098	poredak	NOUN	1649	34	0	порядок	
2099	identičan	ADJ	1649	191	0	идентичный	
2100	poštar	NOUN	1648	17	0	почтальон	
2101	žrtvovanje	NOUN	1648	15	0	жертвоприношение	
2102	mat	NOUN	1648	16	0	мать	drop_grammar: местоимение или служебное слово в контексте
2103	slagalica	NOUN	1648	14	0	головоломка	
2104	ribar	NOUN	1647	17	0	рыбак	
2105	norveški	ADJ	1647	184	18	норвежский	
2106	poštanski	ADJ	1645	62	4	почтовый	
2107	obdukcija	NOUN	1645	15	0	вскрытие, аутопсия	
2108	poluga	NOUN	1644	15	0	рычаг; слиток	
2109	manjak	NOUN	1641	22	0	дефицит	
2110	dekan	NOUN	1639	15	0	декан (руководитель факультета)	
2111	šapa	NOUN	1635	15	0	лапа	
2112	ragbi	NOUN	1632	15	0	спорт. регби	
2113	knjižara	NOUN	1630	15	1	книжный магазин	
2114	pratilac	NOUN	1629	14	0	компаньон	
2115	fotelja	NOUN	1629	15	0	кресло	
2116	elektronski	ADJ	1628	184	0	электронный	
2117	produkcija	NOUN	1624	15	0	производство	
2118	bezopasan	ADJ	1623	191	0	безопасный	drop_transparent: безопасный — тот же корень и значение
2119	zapovest	NOUN	1623	30	0	приказ	
2120	kadar	NOUN	1619	205	0	способный, годный	
2121	prehlada	NOUN	1616	15	1	мед. простуда	
2122	šipka	NOUN	1614	18	0	прут, стержень	
2123	usvajanje	NOUN	1611	15	0	усваивание; принятие	
2124	teroristički	ADJ	1610	184	0	террористический	
2125	grudnjak	NOUN	1608	15	0	бюстгальтер	
2126	očigledan	ADJ	1607	191	1	очевидный	
2127	svila	NOUN	1602	15	0	шёлк	
2128	zajam	NOUN	1595	14	0	заём	
2129	stanovništvo	NOUN	1594	15	1	население	
2130	gusar	NOUN	1591	17	0	пират	
2131	bara	NOUN	1589	15	0	водоём, лужа	
2132	ustav	NOUN	1588	15	0	конституция	
2133	sedalo	NOUN	1585	30	0	седло	drop_transparent: седло — тот же корень и значение
2134	intiman	ADJ	1584	191	0	интимный	drop_transparent: интимный — тот же корень и значение
2135	kaša	NOUN	1582	15	0	кулин., гастрон. каша (кушанье); перен. каша (месиво, полужидкая масса)	drop_transparent: каша — тот же корень и значение
2136	srpski	ADJ	1581	184	1	сербский	
2137	duvan	NOUN	1576	15	0	табак	
2138	ara	NOUN	1571	15	0	орнитол. ара (аналогично русскому слову)	
2139	okupljati	VERB	1569	102	0	сосредотачивать, сосредоточивать, концентрировать	
2140	šav	NOUN	1567	16	0	шов	drop_transparent: шов — тот же корень и значение
2141	jogurt	NOUN	1563	15	1	йогурт	drop_transparent: йогурт — тот же корень и значение
2142	rasprodaja	NOUN	1561	15	0	распродажа	drop_transparent: распродажа — тот же корень и значение
2143	karate	NOUN	1559	15	0	каратэ	drop_transparent: каратэ — тот же корень и значение
2144	protest	NOUN	1556	15	0	протест (аналогично русскому слову)	drop_transparent: протест — тот же корень и значение
2145	plaćenik	NOUN	1549	15	0	наёмник, наймит	
2146	začin	NOUN	1546	15	0	пряность, специя, приправа	
2147	šargarepa	NOUN	1545	15	1	морковь	
2148	rečnik	NOUN	1544	30	13	словарь	
2149	tkanina	NOUN	1542	15	0	материя	
2150	nerv	NOUN	1538	15	1	нерв (аналогично русскому слову)	drop_transparent: нерв — тот же корень и значение
2151	šiti	VERB	1535	102	0	шить	drop_transparent: шить — тот же корень и значение
2152	lavirint	NOUN	1535	15	0	лабиринт	drop_transparent: лабиринт — тот же корень и значение
2153	reaktor	NOUN	1535	16	0	реактор	drop_transparent: реактор — тот же корень и значение
2154	jasmin	NOUN	1532	15	0	ботан. жасмин	drop_transparent: жасмин — тот же корень и значение
2155	dirljiv	ADJ	1528	191	1	трогательный	
2156	odraz	NOUN	1526	16	0	отражение	
2157	ambiciozan	ADJ	1526	191	1	амбициозный	drop_transparent: амбициозный — тот же корень и значение
2158	epidemija	NOUN	1525	15	0	мед. эпидемия	drop_transparent: эпидемия — тот же корень и значение
2159	olovo	NOUN	1524	15	0	хим. свинец	
2160	orgazam	NOUN	1523	14	0	оргазм	drop_transparent: оргазм — тот же корень и значение
2161	viljuška	NOUN	1521	20	2	вилка	
2162	antena	NOUN	1520	15	0	техн. антенна	drop_transparent: антенна — тот же корень и значение
2163	diskretan	ADJ	1514	191	0	матем. дискретный	drop_transparent: дискретный — тот же корень и значение
2164	predator	NOUN	1513	15	0	биол. хищник	
2165	slama	NOUN	1512	15	0	солома	drop_transparent: солома — тот же корень и значение
2166	pogreb	NOUN	1512	15	0	похороны, погребение; устар. могила	
2167	loza	NOUN	1512	15	0	лоза (аналогично русскому слову)	drop_transparent: лоза — тот же корень и значение
2168	mađioničar	NOUN	1510	17	0	фокусник	
2169	sretati	VERB	1510	102	3	встречать	
2170	milioner	NOUN	1509	15	0	миллионер	drop_transparent: миллионер — тот же корень и значение
2171	izdavač	NOUN	1509	15	0	издатель	drop_transparent: издатель — тот же корень и значение
2172	triput	ADV	1507	1	2	троекратно, трижды	
2173	horizont	NOUN	1507	15	0	горизонт	drop_transparent: горизонт — тот же корень и значение
2174	obuzdati	VERB	1506	102	0	укротить	
2175	prsluk	NOUN	1505	15	0	жилет	
2176	parkiralište	NOUN	1504	15	0	автостоянка, парковка	
2177	deseti	ADJ	1504	63	0	десятый	drop_transparent: десятый — тот же корень и значение
2178	narudžba	NOUN	1503	18	0	заказ	
2179	obred	NOUN	1502	15	0	обряд	drop_transparent: обряд — тот же корень и значение
2180	mehanizam	NOUN	1500	14	0	механизм	drop_transparent: механизм — тот же корень и значение
2181	gaj	NOUN	1499	15	0	роща	
2182	ambar	NOUN	1496	15	0	амбар (аналогично русскому слову)	drop_transparent: амбар — тот же корень и значение
2183	neznanje	NOUN	1495	15	0	незнание	drop_transparent: незнание — тот же корень и значение
2184	paljenje	NOUN	1494	15	0	зажигание	
2185	plazma	NOUN	1494	16	0	физ. плазма	drop_transparent: плазма — тот же корень и значение
2186	otpasti	VERB	1494	29	0	отпасть	
2187	citat	NOUN	1493	15	0	цитата	drop_transparent: цитата — тот же корень и значение
2188	kupola	NOUN	1489	15	0	архит. купол	drop_transparent: купол — тот же корень и значение
2189	vrtić	NOUN	1487	15	0	детский сад	
2190	specijalnost	NOUN	1486	15	0	специальность	drop_transparent: специальность — тот же корень и значение
2191	sumnjičav	ADJ	1486	191	0	подозрительный	
2192	karavan	NOUN	1483	15	0	караван	drop_transparent: караван — тот же корень и значение
2193	tango	NOUN	1481	7	0	танго	drop_transparent: танго — тот же корень и значение
2194	postelja	NOUN	1480	15	1	постель, кровать	drop_transparent: постель — тот же корень и значение
2195	bolničarka	NOUN	1479	16	0	медсестра	
2196	agonija	NOUN	1479	15	0	агония	drop_transparent: агония — тот же корень и значение
2197	avionski	ADJ	1479	62	1	самолётный; авиационный, воздушный	
2198	planinski	ADJ	1477	184	0	горный	
2199	masakr	NOUN	1476	15	0	резня, бойня	
2200	puniti	VERB	1476	102	1	наполнять	
2201	posmatranje	NOUN	1475	15	0	наблюдение	
2202	nezaposlen	ADJ	1475	191	0	безработный, незанятый	
2203	okret	NOUN	1470	15	0	вращение	
2204	šina	NOUN	1469	15	0	рельс	
2205	hodanje	NOUN	1467	15	0	ходьба	
2206	server	NOUN	1467	15	1	техн. сервер (аналогично русскому слову)	
2207	biografija	NOUN	1465	15	0	биография	drop_transparent: биография — тот же корень и значение
2208	sitno	ADV	1464	3	0	чуть-чуть	
2209	arhitekta	NOUN	1463	18	0	архитектор	drop_transparent: архитектор — тот же корень и значение
2210	očuh	NOUN	1463	14	0	отчим	
2211	obrva	NOUN	1462	15	0	бровь	
2212	isključivati	VERB	1457	102	0	исключать	
2213	teleskop	NOUN	1455	15	0	телескоп	drop_transparent: телескоп — тот же корень и значение
2214	pornografija	NOUN	1455	15	0	порнография	drop_transparent: порнография — тот же корень и значение
2215	posmatrač	NOUN	1453	15	1	наблюдатель	
2216	barmen	NOUN	1452	15	0	бармен	drop_transparent: бармен — тот же корень и значение
2217	bokser	NOUN	1452	15	0	боксёр	drop_transparent: боксёр — тот же корень и значение
2218	feniks	NOUN	1449	15	0	мифол. феникс (аналогично русскому слову)	drop_transparent: феникс — тот же корень и значение
2219	osip	NOUN	1447	15	0	сыпь	
2220	izvlačenje	NOUN	1445	15	0	жеребьёвка	
2221	pristojnost	NOUN	1444	15	0	порядочность, пристойность	drop_transparent: порядочность — тот же корень и значение
2222	metla	NOUN	1443	16	0	метла (аналогично русскому слову)	drop_transparent: метла — тот же корень и значение
2223	legija	NOUN	1442	15	0	истор. легион	drop_transparent: легион — тот же корень и значение
2224	suprotnost	NOUN	1441	15	0	противоположность, противопоставленность, контраст	
2225	početnik	NOUN	1440	15	2	новичок	
2226	skupština	NOUN	1439	15	0	собрание; ассамблея	
2227	zabeležiti	ADJ	1437	408	0	извлечение	
2228	muza	NOUN	1436	15	1	мифол. муза (аналогично русскому слову)	drop_transparent: муза — тот же корень и значение
2229	trkač	NOUN	1435	15	1	бегун	
2230	osvetnik	NOUN	1435	15	0	мститель	
2231	elegantan	ADJ	1434	191	0	элегантный	drop_transparent: элегантный — тот же корень и значение
2232	neprihvatljiv	ADJ	1433	191	0	неприемлемый	
2233	apsolutan	ADJ	1432	191	1	абсолютный, полный	
2234	usporavati	VERB	1430	102	0	замедлять	
2235	formalnost	NOUN	1429	15	0	формальность	drop_transparent: формальность — тот же корень и значение
2236	vrtoglavica	NOUN	1429	15	0	головокружение	
2237	fizičar	NOUN	1426	17	0	физик	drop_transparent: физик — тот же корень и значение
2238	osvajanje	NOUN	1425	15	0	завоевание	
2239	brzak	NOUN	1424	15	0	порог, мель	
2240	šnicla	NOUN	1424	16	0	шницель	drop_transparent: шницель — тот же корень и значение
2241	nemilosrdan	ADJ	1423	191	0	безжалостный, беспощадный, немилосердный	
2242	atentat	NOUN	1421	15	0	покушение, теракт	
2243	okrugao	ADJ	1420	191	1	круглый	
2244	doprinos	NOUN	1419	15	0	вклад (что-либо ценное, вносимое кем-либо в науку, культуру, в общее дело)	
2245	računovođa	NOUN	1418	14	0	бухгалтер, счетовод	
2246	avet	NOUN	1418	15	0	призрак, привидение	
2247	katolički	ADJ	1416	62	0	католический	
2248	autobuski	ADJ	1416	184	2	автобусный	drop_transparent: автобусный — тот же корень и значение
2249	đavolji	ADJ	1414	60	0	чертовский, дьявольский; ни к чёрту не годный, негодный, никудышный	
2250	gubica	NOUN	1413	15	0	морда	
2251	mučnina	NOUN	1412	15	0	тошнота	
2252	surov	ADJ	1407	191	0	сырой	
2253	brašno	NOUN	1404	15	0	мука́	
2254	kompas	NOUN	1402	15	0	компас (аналогично русскому слову)	drop_transparent: компас — тот же корень и значение
2255	obaveštavati	VERB	1402	204	0	предупреждать, уведомлять	
2256	ćutanje	NOUN	1401	15	0	молчание	
2257	metafora	NOUN	1399	15	0	лингв. метафора	drop_transparent: метафора — тот же корень и значение
2258	carina	NOUN	1396	15	0	таможня	
2259	lepak	NOUN	1394	426	9	клей	
2260	skulptura	NOUN	1391	15	0	скульптура (вид искусства)	drop_transparent: скульптура — тот же корень и значение
2261	lešinar	NOUN	1387	17	0	гриф, стервятник	
2262	staklen	ADJ	1387	191	0	стеклянный	drop_transparent: staklen — стеклянный, тот же корень что русское стекло
2263	kult	NOUN	1385	16	0	культ	drop_transparent: культ — тот же корень и значение
2264	krastavac	NOUN	1381	14	0	огурец	
2265	svinjetina	NOUN	1380	15	0	свинина	drop_transparent: свинина — тот же корень и значение
2266	unija	NOUN	1378	15	0	уния, союз	drop_transparent: уния — тот же корень и значение
2267	pamuk	NOUN	1376	15	0	хлопок	
2268	geto	NOUN	1375	15	0	гетто	drop_transparent: гетто — тот же корень и значение
2269	napamet	ADV	1371	1	1	наизусть	
2270	imperator	NOUN	1361	15	1	император (аналогично русскому слову)	drop_transparent: император — тот же корень и значение
2271	bataljon	NOUN	1359	15	0	батальон	drop_transparent: батальон — тот же корень и значение
2272	foka	NOUN	1359	15	0	тюлень	
2273	harmonija	NOUN	1359	15	0	гармония	drop_transparent: гармония — тот же корень и значение
2274	dodavati	VERB	1358	102	4	добавлять	
2275	takozvani	ADJ	1356	63	0	так называемый	
2276	link	NOUN	1354	15	0	линк	trap: link в английском — гиперссылка, в черногорском — то же
2277	kockar	NOUN	1350	17	0	картёжник	
2278	krčma	NOUN	1350	18	0	корчма	drop_transparent: корчма — тот же корень и значение
2279	revolver	NOUN	1349	15	0	револьвер	drop_transparent: револьвер — тот же корень и значение
2280	glupav	ADJ	1347	191	2	глуповатый	
2281	pena	NOUN	1345	30	0	пена (аналогично русскому слову)	drop_transparent: пена — тот же корень и значение
2282	tradicionalan	ADJ	1344	191	0	традиционный	
2283	jon	NOUN	1342	15	0	хим. ион	drop_transparent: ион — тот же корень и значение
2284	psiha	NOUN	1341	15	0	психика	drop_transparent: психика — тот же корень и значение
2285	federacija	NOUN	1337	15	0	федерация	
2286	odaja	NOUN	1337	15	0	помещение, комната	
2287	skica	NOUN	1336	15	0	искусств. набросок, скетч, эскиз	
2288	kofein	NOUN	1333	7	2	кофеин	
2289	kupus	NOUN	1333	15	0	капуста	
2290	svetao	ADJ	1330	382	8	светлый	
2291	beton	NOUN	1328	15	0	бетон	
2292	bundeva	NOUN	1328	15	0	тыква	
2293	pirinač	NOUN	1327	15	1	рег. (sr) рис	drop_rare: пометка (sr) указывает на региональность, для начинающего не нужно
2294	plesač	NOUN	1327	15	0	танцор	
2295	hod	NOUN	1325	16	1	ход (аналогично русскому слову)	
2296	osa	NOUN	1325	15	0	оса	
2297	debeljko	NOUN	1321	17	0	жирдяй, толстяк	
2298	ropstvo	NOUN	1320	15	0	рабство	
2299	kiseo	ADJ	1319	191	2	кислый	
2300	eho	NOUN	1318	15	0	эхо	
2301	kvaka	NOUN	1318	15	0	дверная ручка	
2302	rasist	NOUN	1316	15	1	расист	
2303	zakonski	ADV	1314	184	0	законный	drop_grammar: zakonski — наречие, не прилагательное
2304	abortus	NOUN	1313	15	0	аборт	
2305	izbeglica	NOUN	1307	58	0	беженец	
2306	meteor	NOUN	1303	15	0	астрон. метеор (аналогично русскому слову)	
2307	bodež	NOUN	1300	15	0	кинжал	
2308	teror	NOUN	1300	15	0	террор	
2309	hirurgija	NOUN	1300	15	0	мед. хирургия	
2310	karneval	NOUN	1299	15	0	карнавал	
2311	hrišćanski	ADJ	1297	184	0	христианский	
2312	antibiotik	NOUN	1292	15	0	биохим. антибиотик	
2313	izmena	NOUN	1291	30	0	измена, предательство	
2314	kosmos	NOUN	1288	43	0	космос (аналогично русскому слову)	
2315	beznačajan	ADJ	1287	191	0	незначительный	
2316	pečurka	NOUN	1286	20	1	гриб	
2317	režim	NOUN	1286	15	0	режим (аналогично русскому слову)	
2318	književnost	NOUN	1286	15	0	литература	
2319	jarac	NOUN	1285	14	0	козёл	
2320	neustrašiv	ADJ	1284	191	0	бесстрашный	
2321	savršenstvo	NOUN	1281	15	0	совершенство	
2322	sočivo	NOUN	1280	15	1	чечевица	
2323	puž	NOUN	1273	15	0	улитка	
2324	faraon	NOUN	1271	15	0	истор. фараон (аналогично русскому слову)	
2325	jaguar	NOUN	1270	17	0	ягуар	
2326	razdoblje	NOUN	1269	15	0	период	
2327	prisutnost	NOUN	1267	15	0	присутствие	
2328	gust	ADJ	1267	191	1	густой; частый; плотный	
2329	anketa	NOUN	1267	15	0	анкета	
2330	karantin	NOUN	1265	15	0	мед. карантин	
2331	naglasiti	VERB	1264	102	0	подчеркнуть, выделить	
2332	provincija	NOUN	1259	15	0	провинция	
2333	krvoproliće	NOUN	1257	15	0	кровопролитие	
2334	teškoća	NOUN	1244	15	0	трудность	
2335	usredsrediti	VERB	1243	29	0	концентрировать, сосредоточивать, фокусировать	
2336	sidro	NOUN	1241	15	0	якорь	
2337	štene	NOUN	1240	15	1	щенок	
2338	efikasan	ADJ	1240	191	0	результативный	
2339	nepoštovanje	NOUN	1237	15	0	неуважение	
2340	trpezarija	NOUN	1237	15	0	столовая	
2341	prosjak	NOUN	1236	15	0	попрошайка	
2342	jednačina	NOUN	1235	15	0	уравнение	
2343	kojot	NOUN	1234	15	0	койот	
2344	kontekst	NOUN	1234	15	2	контекст	
2345	kvadrat	NOUN	1233	15	0	геометр. квадрат (аналогично русскому слову); матем. квадрат (аналогично русскому слову)	
2346	tvorac	NOUN	1232	14	0	творец	
2347	sveučilište	NOUN	1229	15	0	университет	
2348	pekara	NOUN	1227	15	0	пекарня	
2349	brijati	VERB	1227	102	0	брить	
2350	svagda	ADV	1226	1	0	всегда	
2351	kola	NOUN	1224	23	7	автомобиль, машина	
2352	afrički	ADJ	1223	184	0	африканский	
2353	bor	NOUN	1219	7	0	Бор	drop_name: Бор — собственное имя (химический элемент назывался бы иначе)
2354	registrovati	ADJ	1218	109	0	регистрировать	drop_grammar: помечено как ADJ, на самом деле VERB
2355	nezadovoljan	ADJ	1218	191	2	неудовлетворённый	
2356	prepoznavanje	NOUN	1217	15	0	опознавание	
2357	nezahvalan	ADJ	1217	191	0	неблагодарный	
2358	ucenjivati	VERB	1216	204	0	шантажировать	
2359	ventilacija	NOUN	1215	15	0	воздухообмен	
2360	žeđ	NOUN	1214	15	0	жажда	
2361	uže	NOUN	1211	15	0	верёвка	
2362	usamljenost	NOUN	1209	15	1	одиночество	
2363	pretvaranje	NOUN	1208	15	0	преобразование	
2364	kišan	ADJ	1207	191	1	дождливый	
2365	grkljan	NOUN	1203	15	0	гортань	
2366	tragičan	ADJ	1203	191	0	трагический, трагичный	
2367	iskra	NOUN	1202	18	0	искра	
2368	jagnje	NOUN	1200	14	1	ягнёнок	
2369	dojam	NOUN	1200	14	0	впечатление	
2370	trougao	NOUN	1199	20	2	геометр. треугольник	
2371	laskati	VERB	1197	29	0	льстить	
2372	razočarenje	NOUN	1195	15	0	разочарование	
2373	naškoditi	VERB	1194	29	0	навредить	
2374	bikini	NOUN	1191	15	0	бикини	
2375	šišmiš	NOUN	1190	15	0	летучая мышь	
2376	prestonica	NOUN	1184	16	0	столица	
2377	potiljak	NOUN	1182	15	1	затылок	
2378	entuzijazam	NOUN	1180	14	0	энтузиазм	
2379	neočekivan	ADJ	1179	191	0	неожиданный	
2380	akcenat	NOUN	1176	15	0	ударение, акцент	
2381	pokrivač	NOUN	1176	16	0	одеяло	
2382	katalog	NOUN	1171	14	0	каталог	
2383	titan	NOUN	1171	7	0	хим. титан	drop_transparent: химический элемент, корень тот же, значение идентично
2384	izrasti	VERB	1171	29	0	вырасти	
2385	osnivač	NOUN	1170	15	0	основатель	
2386	funkcionisati	VERB	1170	29	0	функционировать	
2387	artiljerija	NOUN	1169	15	0	артиллерия	
2388	lava	NOUN	1168	15	1	лава	
2389	besmrtnost	NOUN	1166	15	0	бессмертие	
2390	čest	ADJ	1165	191	30	частый	
2391	prostitucija	NOUN	1165	15	0	проституция	
2392	satana	NOUN	1164	14	0	сатана	drop_name: Сатана — имя собственное, не нарицательное слово
2393	bilijar	NOUN	1163	15	1	бильярд	
2394	uvis	ADV	1163	1	1	вверх, наверх	
2395	industrijski	ADJ	1162	184	0	промышленный, индустриальный	
2396	automat	NOUN	1161	15	0	автомат	
2397	burazer	NOUN	1156	43	0	брат	
2398	kečap	NOUN	1153	15	0	кетчуп	
2399	burka	NOUN	1152	16	0	паранджа	
2400	mak	NOUN	1148	14	0	ботан. мак (аналогично русскому слову)	
2401	tenzija	NOUN	1146	15	0	физ., эл.-техн. напряжение; натяжение	
2402	saosećanje	NOUN	1145	30	0	сострадание, сочувствие, сопереживание	
2403	vosak	NOUN	1143	15	0	воск	
2404	sveska	NOUN	1143	16	1	блокнот	
2405	farba	NOUN	1143	16	0	краска	
2406	tolerisati	VERB	1142	109	0	терпеть	
2407	amandman	NOUN	1141	15	0	поправка	
2408	takmičar	NOUN	1141	17	0	конкурент	
2409	burger	NOUN	1140	15	0	бургер	
2410	rupija	NOUN	1139	15	0	индийская валюта	
2411	kuhar	NOUN	1139	17	0	повар	
2412	antikvitet	NOUN	1138	15	0	древность	
2413	poslodavac	NOUN	1136	14	0	работодатель, наниматель	
2414	diktator	NOUN	1133	15	0	истор. диктатор (аналогично русскому слову)	
2415	vlaga	NOUN	1133	15	2	влага	
2416	trans	NOUN	1131	7	0	транс	
2417	koral	NOUN	1131	15	0	коралл	
2418	gimnazija	NOUN	1131	15	0	гимназия	
2419	papagaj	NOUN	1129	15	2	зоол. орнитол. попугай	
2420	luksuz	NOUN	1128	15	0	роскошь	
2421	paranoja	NOUN	1128	15	0	психиатр. паранойя	
2422	pastir	NOUN	1127	17	0	пастух	
2423	truo	ADJ	1127	191	0	гнилой	
2424	mazga	NOUN	1126	16	0	лошак	
2425	lubanja	NOUN	1126	15	0	череп	
2426	kopirati	VERB	1124	109	0	копировать	
2427	emitovati	VERB	1121	109	0	передавать	
2428	otkuda	ADV	1120	1	0	откуда (аналогично русскому слову)	drop_transparent: наречие места, тот же корень и значение
2429	etika	NOUN	1120	15	0	этика	
2430	vuna	NOUN	1119	15	0	волна	trap: волна — путается с русским волна
2431	imitirati	VERB	1116	102	0	имитировать	
2432	tekućina	NOUN	1116	15	0	жидкость	
2433	kristalan	ADJ	1116	191	0	кристаллический; кристальный, прозрачный	
2434	magnet	NOUN	1113	15	0	физ. магнит	
2435	minimum	NOUN	1111	15	0	минимум	
2436	senf	NOUN	1109	16	0	горчица	
2437	omesti	VERB	1108	102	0	помешать	
2438	uspravno	ADV	1107	3	0	вертикально, по вертикали	
2439	kanap	NOUN	1107	15	0	шпагат	
2440	starački	ADJ	1105	62	0	старческий	
2441	brbljati	VERB	1104	29	1	пустословить	
2442	elektrana	NOUN	1103	15	0	электростанция	
2443	remi	NOUN	1097	15	0	спорт. ничья	
2444	očaravajući	ADJ	1094	60	0	обворожительный	
2445	gljiva	NOUN	1090	15	1	гриб	
2446	korisnik	NOUN	1087	15	0	пользователь	
2447	ideal	NOUN	1087	15	1	идеал (аналогично русскому слову)	
2448	neizbežan	ADJ	1087	264	1	неизбежный, неминуемый	
2449	kalorija	NOUN	1084	15	0	физ. калория	
2450	slan	ADJ	1084	191	1	солёный	
2451	mesar	NOUN	1079	17	0	мясник	
2452	uhoditi	VERB	1078	102	0	шпионить	
2453	detaljan	ADJ	1077	191	2	детальный, подробный	
2454	milicija	NOUN	1073	15	0	полиция	
2455	smanjenje	NOUN	1072	15	0	уменьшение	
2456	stabilnost	NOUN	1072	15	0	стабильность	
2457	fetus	NOUN	1071	15	0	плод	
2458	đak	NOUN	1071	15	0	ученик	
2459	nejasan	ADJ	1070	191	0	неясный	
2460	dostavljač	NOUN	1066	15	0	доставщик	
2461	kostur	NOUN	1066	15	0	скелет	
2462	sfera	NOUN	1065	15	0	сфера	
2463	slavina	NOUN	1063	15	0	водопроводный кран	
2464	gvozden	ADJ	1061	219	0	Гвозден	drop_name: Гвозден — имя, не прилагательное
2465	bombarder	NOUN	1059	15	0	бомбардировщик	
2466	breskva	NOUN	1058	18	0	персик	
2467	arheolog	NOUN	1056	14	1	археолог (аналогично русскому слову)	
2468	otežavati	VERB	1054	102	0	усложнять	
2469	kvadratni	ADJ	1051	63	0	квадратный	
2470	dilema	NOUN	1051	15	0	филос., матем. дилемма	
2471	šut	NOUN	1050	24	0	бросок	
2472	obveznica	NOUN	1049	15	0	облигация	
2473	diverzija	NOUN	1045	15	0	воен. диверсия	
2474	novinarka	NOUN	1043	17	0	журналистка	
2475	milosrđe	NOUN	1042	8	0	милосердие	
2476	splav	NOUN	1041	16	0	плот	
2477	potajno	ADV	1040	3	1	тайно, скрыто, втайне	
2478	lakat	NOUN	1040	24	2	локоть	
2479	trostruk	ADJ	1037	191	0	тройной	
2480	carica	NOUN	1036	15	0	императрица	
2481	izdaleka	ADV	1035	1	0	издалека	
2482	amajlija	NOUN	1034	15	0	талисман, амулет	
2483	kovač	NOUN	1030	15	0	славянская фамилия	drop_name: толкование указывает только на фамилию, но слово означает профессию
2484	prodavač	NOUN	1028	15	0	продавец	
2485	učešće	NOUN	1024	15	0	участие	
2486	mesti	VERB	1021	102	0	мести, подметать	
2487	kokoš	NOUN	1019	15	1	курица	
2488	nastavnica	NOUN	1018	14	2	учительница	
2489	aligator	NOUN	1018	15	0	аллигатор	
2490	šaputati	VERB	1018	109	1	шептать; подсказывать	
2491	šampionat	NOUN	1017	15	0	чемпионат	
2492	pijanac	NOUN	1016	14	0	пьяница	
2493	proliti	VERB	1016	102	0	пролить	
2494	porudžbina	NOUN	1016	15	0	заказ	
2495	mumija	NOUN	1015	15	0	мумия	
2496	fotografisati	VERB	1013	109	0	фотографировать	
2497	dokumentacija	NOUN	1012	15	0	документация	
2498	nedeljni	ADJ	1012	120	3	еженедельный	
2499	pomračenje	NOUN	1010	15	0	астрон. затмение	
2500	arapski	ADJ	1009	184	3	арабский	
2501	opština	NOUN	1008	15	0	община	
2502	repa	NOUN	1007	15	0	репа	
2503	odugovlačiti	VERB	1005	29	0	медлить	
2504	dramatično	ADV	1003	3	0	драматично	
2505	mandat	NOUN	1003	15	0	мандат	
2506	lubenica	NOUN	1002	14	1	ботан. арбуз	
2507	intuicija	NOUN	999	15	1	интуиция	
2508	popularnost	NOUN	997	15	0	популярность	
2509	arhitektura	NOUN	997	15	0	архитектура	
2510	anestezija	NOUN	993	15	1	анестезия	
2511	spot	NOUN	992	15	0	видеоклип, видеоролик	
2512	divljenje	NOUN	992	15	0	восхищение	
2513	dinastija	NOUN	992	15	0	истор. династия	
2514	sauna	NOUN	992	15	0	сауна	
2515	buva	NOUN	990	15	0	энтомол. блоха	
2516	okrutnost	NOUN	984	15	0	жестокость	
2517	bubašvaba	NOUN	979	15	1	энтомол. таракан	
2518	transformacija	NOUN	977	15	0	трансформация, преобразование; матем. преобразование	
2519	opijum	NOUN	975	15	0	опиум	
2520	maksimalan	ADJ	975	191	0	максимальный, наибольший	
2521	cimet	NOUN	972	15	0	корица	
2522	peć	NOUN	971	15	0	печь	
2523	diplomatski	ADJ	971	184	0	дипломатический	
2524	manevar	NOUN	968	15	0	манёвр	
2525	hibrid	NOUN	966	15	0	биол. гибрид	
2526	kupon	NOUN	961	15	0	купон	
2527	riža	NOUN	961	15	0	рис	
2528	kulturan	ADJ	958	191	0	культурный, относящийся к культуре	
2529	ukočiti	ADJ	956	102	0	закоченеть	
2530	zelje	NOUN	955	15	0	капуста	
2531	elektricitet	NOUN	951	15	1	физ. электричество	
2532	superheroj	NOUN	948	15	0	супергерой	
2533	otadžbina	NOUN	943	15	0	отечество	
2534	suša	NOUN	941	15	1	засуха	
2535	vulkanski	ADJ	940	62	0	вулканический	
2536	dobijanje	NOUN	939	15	0	получение	
2537	akt	NOUN	936	23	0	акт, протокол; акт, действие	
2538	preteran	ADJ	936	526	0	чрезмерный	
2539	svemoguć	ADJ	935	69	0	всемогущий; всесильный, всемощный	
2540	kritikovati	VERB	935	102	1	критиковать	
2541	egzotičan	ADJ	928	191	0	экзотичный; экзотический	
2542	košnica	NOUN	927	14	2	улей	
2543	odmazda	NOUN	925	15	0	месть	
2544	ribolov	NOUN	923	15	0	рыбалка	
2545	trajekt	NOUN	922	15	0	паром	
2546	prezir	NOUN	921	32	1	презрение	
2547	maraton	NOUN	919	15	0	марафон	
2548	adaptacija	NOUN	915	15	0	адаптация, приспособление	
2549	povraćanje	NOUN	915	15	0	физиол. рвота	
2550	suparnik	NOUN	915	15	0	противник	
2551	žarko	ADV	910	3	0	жарко	
2552	nespretan	ADJ	908	191	0	нерасторопный	
2553	bučan	ADJ	905	191	0	шумный	
2554	livada	NOUN	905	15	0	луг	
2555	krhak	ADJ	904	191	0	хрупкий (также перен.)	
2556	svetionik	NOUN	903	30	0	маяк	
2557	šampon	NOUN	902	15	0	шампунь	
2558	bubnjar	NOUN	902	17	0	барабанщик	
2559	udobnost	NOUN	901	15	0	комфорт	
2560	uzaludan	ADJ	900	191	0	бесполезный, тщетный	
2561	konflikt	NOUN	899	15	0	конфликт	
2562	škorpion	NOUN	898	15	0	зоол. скорпион	
2563	bobica	NOUN	898	14	0	ягода	
2564	vodonik	NOUN	896	15	0	хим. водород	
2565	ponavljanje	NOUN	894	15	0	повторение	
2566	lasica	NOUN	894	14	0	ласка	
2567	poštenje	NOUN	892	15	0	порядочность, совестливость, честность	
2568	flora	NOUN	891	15	0	флора (аналогично русскому слову)	
2569	propoved	NOUN	891	30	0	проповедь	
2570	hrast	NOUN	891	16	2	дуб	
2571	arija	NOUN	888	15	0	ария	
2572	pečenje	NOUN	887	15	0	кулин. жаркое	
2573	bakar	NOUN	886	15	0	хим. медь	
2574	usev	NOUN	886	30	0	с.-х. посев (то, что посеяно)	
2575	širina	NOUN	884	15	0	ширина (аналогично русскому слову)	
2576	sićušan	ADJ	884	191	0	крошечный	
2577	ubedljiv	ADJ	883	380	0	убедительный	
2578	obuća	NOUN	882	15	1	обувь	
2579	krojač	NOUN	881	15	0	портной	
2580	samostalan	ADJ	880	191	0	независимый, самостоятельный	
2581	kliše	NOUN	879	15	0	клише	
2582	šljiva	NOUN	879	15	0	слива	
2583	presedan	NOUN	879	15	0	прецедент	
2584	sito	NOUN	877	18	0	сито (аналогично русскому слову)	
2585	financijski	ADV	876	184	0	финансовый	drop_grammar: помечено как ADV, но это ADJ
2586	amnezija	NOUN	876	15	0	мед. амнезия	
2587	paša	NOUN	873	14	0	паша	drop_name: историческое титульное имя, но в черногорском может быть нарицательным; проверить контекст
2588	zapažanje	NOUN	873	15	0	наблюдение	
2589	zapovedati	VERB	872	204	0	приказывать; распоряжаться	
2590	mirovni	ADJ	871	63	0	миротворческий (о силах); мирный (о переговорах)	
2591	korpus	NOUN	871	15	0	корпус (аналог. русск. корпус [4])	
2592	rakun	NOUN	871	15	0	зоол. енот, енот-полоскун (Procyon Lotor)	
2593	jačina	NOUN	870	15	0	сила, мощность; интенсивность	
2594	nesposobnost	NOUN	868	15	0	неспособность	
2595	blagajna	NOUN	865	16	0	кассовый аппарат	
2596	vir	NOUN	860	16	0	водоворот	
2597	seksualnost	NOUN	860	15	0	сексуальность	
2598	rubin	NOUN	857	15	0	рубин	
2599	jedinstvo	NOUN	856	15	0	единство	
2600	orhideja	NOUN	856	15	0	ботан. орхидея	
2601	finansirati	VERB	855	102	0	финансировать	
2602	mehanika	NOUN	855	15	0	физ. механика	
2603	akcent	NOUN	854	15	0	лингв. акцент (аналог. русск. акцент [1])	
2604	umorstvo	NOUN	854	15	0	убийство	
2605	trup	NOUN	851	15	0	анат. туловище, торс, корпус; остов, корпус	
2606	labud	NOUN	847	23	0	зоол. лебедь	
2607	izaslanik	NOUN	845	15	0	посол	
2608	masivan	ADJ	840	191	0	массивный	
2609	gašenje	NOUN	839	15	0	угасание	
2610	nosorog	NOUN	833	14	1	носорог (аналогично русскому слову)	
2611	nedostupan	ADJ	832	191	0	недоступный, недосягаемый	
2612	sisar	NOUN	832	17	0	млекопитающее	
2613	nagao	ADJ	831	191	0	резкий	
2614	ujedno	ADV	830	1	0	вместе, одновременно	
2615	ultrazvuk	NOUN	830	15	0	физ. ультразвук	
2616	ananas	NOUN	830	15	0	ботан. ананас (растение) (Ananas); ананас (плод)	
2617	fejsbuk	NOUN	829	14	4	Фейсбук	drop_name: название компании, собственное имя
2618	rukovanje	NOUN	827	15	0	рукопожатие	
2619	biftek	NOUN	827	15	0	бифштекс	
2620	mučenik	NOUN	827	15	0	мученик	
2621	glina	NOUN	818	15	0	# глина (аналогично русскому слову)	
2622	kros	NOUN	814	16	0	кросс	
2623	oslobođenje	NOUN	814	15	0	освобождение	
2624	umor	NOUN	814	15	0	усталость, утомление, утомлённость	
2625	saznavati	VERB	812	102	0	узнавать	
2626	zraka	NOUN	811	15	1	луч (света)	
2627	kodeks	NOUN	811	15	0	кодекс	
2628	nepošteno	ADV	808	3	0	нечестно	
2629	samouveren	ADJ	806	380	0	самоуверенный	
2630	motivacija	NOUN	804	15	0	мотивация	
2631	mladež	NOUN	803	29	0	молодёжь	
2632	olimpijski	ADJ	803	184	0	олимпийский	
2633	plodnost	NOUN	801	15	0	плодородие, плодородность, фертильность	
2634	mališan	NOUN	798	15	0	младенец	
2635	psihijatrija	NOUN	798	15	0	психиатрия	
2636	mjuzikl	NOUN	796	16	0	мюзикл	
2637	mutacija	NOUN	795	15	0	генет. мутация	
2638	zaručnik	NOUN	794	15	0	жених	
2639	meduza	NOUN	793	15	0	медуза (аналогично русскому слову)	
2640	milijarder	NOUN	791	15	0	миллиардер (обладатель миллиардного состояния)	
2641	gorak	ADJ	789	305	1	горький	
2642	zamah	NOUN	787	14	0	взмах	
2643	samostan	NOUN	787	15	0	религ. монастырь	
2644	juta	NOUN	787	15	0	юта	drop_name: штат США, топоним
2645	demokratski	ADV	786	184	0	демократический	drop_grammar: помечено как ADV, но это ADJ
2646	bušilica	NOUN	785	14	0	дрель	
2647	orden	NOUN	784	15	0	орден (знак отличия)	
2648	hektar	NOUN	781	27	0	гектар	
2649	astma	NOUN	781	15	0	мед. астма	
2650	zadah	NOUN	777	14	0	смрад, зловоние, вонь	
2651	osigurač	NOUN	776	15	0	техн. предохранитель	
2652	alga	NOUN	776	16	0	водоросль	
2653	taktički	ADV	775	64	0	тактический	drop_grammar: помечено как ADV, но это ADJ
2654	mutant	NOUN	775	15	0	мутант (аналогично русскому слову)	
2655	dobrica	NOUN	773	14	0	Добрица	drop_name: личное имя, фамилия
2656	tradicionalno	ADV	772	3	0	традиционно	
2657	komunizam	NOUN	772	14	1	полит. коммунизм	
2658	jednorog	NOUN	770	14	0	единорог	
2659	velikodušnost	NOUN	769	15	0	великодушие	
2660	vrana	NOUN	768	15	2	зоол. ворона (Corvus)	
2661	manga	NOUN	765	15	0	манга	
2662	neodgovoran	ADJ	765	191	0	безответственный	
2663	nadoknada	NOUN	765	15	0	вознаграждение	
2664	golubica	NOUN	765	15	0	голубка	
2665	nabavka	NOUN	764	16	0	заготовление	
2666	studentkinja	NOUN	763	15	5	студентка	
2667	silan	ADJ	760	191	0	сильный	
2668	krijumčarenje	NOUN	758	15	0	юр. контрабанда	
2669	knjižnica	NOUN	758	14	0	библиотека	
2670	mikroskop	NOUN	756	15	5	микроскоп	
2671	starenje	NOUN	756	15	0	старение	
2672	mađarski	ADJ	756	184	1	венгерский	
2673	procenjivati	VERB	754	204	0	оценивать	
2674	komičar	NOUN	753	17	0	комик	
2675	šamar	NOUN	753	15	0	пощёчина, оплеуха	
2676	slina	NOUN	753	15	0	физиол. слюна	
2677	donošenje	NOUN	752	15	0	(о решении) принятие	
2678	stavka	NOUN	751	16	0	ставка	
2679	krijumčar	NOUN	751	17	0	контрабандист	
2680	neprijateljstvo	NOUN	749	15	0	враждебность, вражда, неприязнь	
2681	slogan	NOUN	748	15	0	слоган, лозунг, девиз	
2682	paralizovati	ADJ	748	102	0	paralizovati (глагол)	
2683	intimnost	NOUN	748	15	0	интимность	
2684	ginekolog	NOUN	745	14	0	мед. гинеколог (аналогично русскому слову)	
2685	valcer	NOUN	742	15	0	вальс	
2686	bluz	NOUN	742	7	0	муз. блюз	
2687	mamurluk	NOUN	742	15	1	похмелье	
2688	orgija	NOUN	740	15	0	оргия	
2689	biopsija	NOUN	739	15	0	мед. биопсия	
2690	azil	NOUN	738	15	0	убежище, приют	
2691	arhiv	NOUN	735	15	0	архив	
2692	maltretiranje	NOUN	735	15	0	буллинг	
2693	efikasnost	NOUN	735	15	0	результативность	
2694	srbija	NOUN	734	30	5	Сербия	
2695	cvijet	NOUN	730	16	0	цветок	
2696	milimetar	NOUN	730	15	0	миллиметр	
2697	salama	NOUN	727	15	0	салями	
2698	kapuljača	NOUN	727	15	0	капюшон	
2699	akumulator	NOUN	723	15	0	аккумулятор	
2700	šumski	ADJ	723	184	0	лесной	
2701	traktor	NOUN	721	15	0	трактор	
2702	os	NOUN	719	14	0	ось	
2703	sarkazam	NOUN	718	14	0	сарказм	
2704	molekul	NOUN	718	15	0	хим. молекула	
2705	borovnica	NOUN	717	14	0	ботан. черника	
2706	skelet	NOUN	717	15	1	скелет (аналогично русскому слову)	
2707	hrišćanstvo	NOUN	717	15	1	христианство	
2708	skromnost	NOUN	714	15	0	непритязательность, скромность	
2709	sekta	NOUN	713	16	0	секта (аналогично русскому слову)	
2710	krišom	ADV	710	1	0	тайно, тайком, скрытно, секретно	
2711	pomorandža	NOUN	710	16	2	ботан. апельсин	
2712	manjina	NOUN	710	15	0	меньшинство	
2713	maćeha	NOUN	709	15	0	мачеха, приёмная мать	
2714	skakač	NOUN	709	15	0	прыгун; шахм. конь	
2715	dominirati	VERB	709	36	0	господствовать	
2716	šimpanza	NOUN	707	14	0	зоол. шимпанзе	
2717	hrčak	NOUN	707	16	0	хомяк	
2718	egipatski	ADJ	706	184	0	египетский	
2719	neoprostiv	ADJ	705	191	0	непростительный	
2720	klizav	ADJ	705	191	0	скользкий, склизкий	
2721	mulj	NOUN	705	23	0	ил, грязь	
2722	ekstaza	NOUN	704	15	0	экстаз	
2723	deva	NOUN	704	15	0	дева (аналогично русскому слову)	
2724	cement	NOUN	702	15	0	цемент	
2725	marširati	VERB	701	109	0	маршировать	
2726	anatomija	NOUN	701	15	0	анатомия	
2727	vazduhoplovstvo	NOUN	700	15	0	авиация, воздухоплавание	
2728	strašilo	NOUN	699	15	0	пугало	
2729	potcenjivati	VERB	697	102	0	недооценивать	
2730	predoziranje	NOUN	697	15	0	мед. передозировка	
2731	hipotetički	ADV	694	64	0	гипотетически	
2732	priličan	ADJ	693	191	8	пристойный	
2733	očevidac	NOUN	687	27	0	очевидец	
2734	neposlušnost	NOUN	686	15	0	непослушание, неповиновение	
2735	jevanđelje	NOUN	682	15	0	евангелие	
2736	papak	NOUN	682	15	0	копыто	
2737	fudbaler	NOUN	680	15	0	футболист	
2738	zebra	NOUN	679	16	0	зебра (аналогично русскому слову)	
2739	sumpor	NOUN	679	15	0	хим. сера	
2740	opozvati	VERB	679	102	0	отозваться (на зов); отозвать, отменить (приказ, решение)	
2741	ikona	NOUN	677	15	0	религ., церк. икона	
2742	turistički	ADJ	676	184	0	туристический	
2743	tele	NOUN	675	15	0	телёнок	
2744	jegulja	NOUN	675	15	0	ихтиол. угорь (anguilla)	
2745	pšenica	NOUN	674	14	0	ботан. пшеница (аналогично русскому слову)	
2746	ljuska	NOUN	672	20	0	стручок	
2747	litar	NOUN	670	15	0	литр	
2748	vanila	NOUN	670	15	0	ваниль	
2749	ugljenik	NOUN	669	15	0	хим. углерод	
2750	vrabac	NOUN	666	15	1	орнитол. воробей	
2751	šablon	NOUN	664	15	0	шаблон (аналогично русскому слову)	
2752	modul	NOUN	663	15	0	модуль	
2753	novinarstvo	NOUN	663	15	0	журналистика	
2754	računovodstvo	NOUN	663	15	0	бухгалтерский учёт	
2755	kura	NOUN	662	15	0	курица	
2756	metan	NOUN	661	7	0	хим. метан	
2757	agresija	NOUN	660	15	0	агрессия	
2758	nag	ADJ	660	191	0	голый, нагой	
2759	leglo	NOUN	659	15	0	выводок; логово, логовище, лёжка	
2760	kapljica	NOUN	659	15	0	капля	
2761	savetovanje	NOUN	657	30	0	советование, консультирование, дача советов; совещание, обсуждение, консультация, симпозиум	
2762	grmljavina	NOUN	657	15	0	метеорол. гроза	
2763	čar	NOUN	655	15	0	очарование, шарм; чары	
2764	klasik	NOUN	654	15	0	классик	
2765	kvota	NOUN	654	15	0	квота	
2766	ostvarenje	NOUN	653	15	0	реализация	
2767	malina	NOUN	653	15	0	малина (аналогично русскому слову) в знач. растение	
2768	šaljivdžija	NOUN	652	14	0	большой шутник	
2769	arsenal	NOUN	650	15	0	арсенал	
2770	pokojnik	NOUN	650	15	0	покойник; мертвец	
2771	gladijator	NOUN	648	15	0	гладиатор	
2772	vrtlog	NOUN	647	14	0	водоворот	
2773	algoritam	NOUN	647	14	0	алгоритм	
2774	dijalog	NOUN	647	14	0	диалог	
2775	kapitalizam	NOUN	647	14	0	капитализм	
2776	aura	NOUN	647	15	0	аура	
2777	radnica	NOUN	646	14	1	работница	
2778	oporuka	NOUN	646	15	0	юр. завещание	
2779	miraz	NOUN	645	16	0	приданое	
2780	golicati	VERB	644	102	0	щекотать	
2781	mol	NOUN	642	16	0	минор	
2782	hologram	NOUN	641	15	0	голограмма	
2783	idiotski	ADJ	639	62	0	идиотский	
2784	vegetarijanac	NOUN	639	14	2	вегетарианец	
2785	geolog	NOUN	639	14	0	геолог	
2786	upravljač	NOUN	637	15	0	руль, рулевое колесо	
2787	hrkati	VERB	637	29	0	храпеть	
2788	tampon	NOUN	637	15	0	тампон	
2789	čekaonica	NOUN	635	14	0	приёмная	
2790	ševa	NOUN	635	15	0	шов	
2791	čep	NOUN	634	16	0	пробка (затычка)	
2792	gel	NOUN	634	16	0	хим. гель	
2793	crnkinja	NOUN	634	15	0	негритянка	
2794	glupak	NOUN	631	15	0	глупец, дурак	
2795	varnica	NOUN	630	42	0	искра	
2796	uranijum	NOUN	630	15	0	уран, хим. химический элемент с атомным номером 92, обозначается химическим символом U, радиоактивный металл из группы т	
2797	literatura	NOUN	630	15	0	литература	
2798	vukov	ADJ	628	70	0	?	drop_name: толкования нет, это собственное имя
2799	tolerancija	NOUN	628	15	1	толерантность, терпимость	
2800	očinstvo	NOUN	628	15	0	отцовство	
2801	sabotirati	VERB	627	109	0	саботировать	
2802	korito	NOUN	627	15	0	корыто; русло реки	
2803	usporedba	NOUN	625	18	0	сравнение	
2804	licenca	NOUN	624	18	0	лицензия	
2805	distribucija	NOUN	624	15	0	распределение	
2806	mula	NOUN	624	15	0	мулла	
2807	mah	NOUN	624	22	0	мох	
2808	zatrpati	ADJ	621	102	0	загромоздить	drop_grammar
2809	bezosećajan	ADJ	621	382	0	бесчувственный	
2810	vremeplov	NOUN	619	15	0	машина времени	
2811	alternativan	ADJ	619	73	0	альтернативный	
2812	nerazuman	ADJ	619	191	0	неразумный	
2813	avijacija	NOUN	618	15	0	авиация, воздухоплавание; авиация, воздушный флот	
2814	lala	NOUN	617	22	0	ботан. тюльпан (Tulipa)	
2815	pločnik	NOUN	616	15	0	тротуар	
2816	teleportacija	NOUN	615	15	0	телепортация	
2817	objavljivanje	NOUN	614	15	0	опубликование	
2818	mehur	NOUN	614	30	0	пузырь; мочевой пузырь	
2819	brijač	NOUN	613	15	0	brijač — brijač je onaj koji brije, a brijač može biti i nož za brijanje	
2820	izmišljotina	NOUN	612	15	0	враньё, вымысел	
2821	spora	NOUN	612	15	6	биол. спора	
2822	suh	ADJ	612	307	1	сухой	
2823	smrtnost	NOUN	610	15	0	смертность (количество случаев смерти)	
2824	paradoks	NOUN	608	15	0	парадокс	
2825	barka	NOUN	608	20	0	лодка	
2826	optimist	NOUN	607	15	0	оптимист	
2827	reket	NOUN	607	15	0	ракетка	
2828	konjanik	NOUN	606	15	0	всадник, наездник	
2829	dijabetes	NOUN	603	15	1	мед. диабет	
2830	zvonce	NOUN	602	17	0	колокольчик	
2831	patak	NOUN	601	22	0	селезень	
2832	minimalan	ADJ	601	191	0	минимальный; наименьший	
2833	svetiljka	NOUN	600	47	0	лампа	
2834	ljudstvo	NOUN	600	15	0	человечество	
2835	konzul	NOUN	597	15	0	консул	
2836	maza	NOUN	595	15	0	баловень	
2837	križ	NOUN	594	31	0	крест	
2838	uzda	NOUN	591	16	0	узда, вожжа, повод	
2839	gutati	VERB	591	102	0	глотать	
2840	helijum	NOUN	591	7	0	хим. гелий	
2841	pepeljuga	NOUN	589	15	0	Золушка	drop_name: это имя персонажа, не нарицательное слово
2842	broš	NOUN	587	15	0	брошь, брошка	
2843	kobra	NOUN	587	16	0	кобра (аналогично русскому слову)	
2844	dostavljati	VERB	587	102	0	доставлять	
2845	drška	NOUN	586	20	0	эфес	
2846	kolevka	NOUN	584	40	0	колыбель	
2847	kubanski	ADJ	583	184	0	кубинский	
2848	izliv	NOUN	581	30	0	излияние; разлив (реки)	
2849	hijena	NOUN	580	15	1	зоол. гиена (hyaena)	
2850	aranžman	NOUN	577	15	0	предварительное соглашение, сговор	
2851	jod	NOUN	577	7	0	йод	
2852	bambus	NOUN	577	15	0	ботан. бамбук	
2853	zastrašivanje	NOUN	574	15	0	устрашение	
2854	herojski	ADJ	573	62	0	героический, геройский	
2855	klin	NOUN	572	16	2	гвоздь	
2856	izlazni	ADJ	572	62	0	выходной	
2857	flauta	NOUN	571	16	1	флейта	
2858	imigrant	NOUN	571	14	0	иммигрант	
2859	žulj	NOUN	570	23	0	волдырь	
2860	avans	NOUN	569	15	0	фин. аванс; задаток	
2861	singl	NOUN	568	24	0	сингл	
2862	uviđati	VERB	568	102	0	видеть	
2863	solidarnost	NOUN	568	15	0	солидарность	
2864	srećković	NOUN	567	15	0	?	drop_name: толкования нет, это фамилия
2865	statistički	ADV	566	64	0	статистический	
2866	vagati	VERB	566	112	0	взвешивать	
2867	tropski	ADJ	566	62	0	геогр. тропический	
2868	migrena	NOUN	566	15	0	мед. мигрень, гемикрания	
2869	igračica	NOUN	565	14	0	танцовщица	
2870	vepar	NOUN	565	14	0	кабан, вепрь, дикая свинья	
2871	varijacija	NOUN	565	15	0	вариация	
2872	guja	NOUN	564	15	0	зоол. змея (serpens)	
2873	pedofil	NOUN	563	15	0	педофил	
2874	samouništenje	NOUN	563	15	0	самоистребление	
2875	revolucionaran	ADJ	561	191	0	революционный	
2876	galeb	NOUN	560	23	0	орнитол. чайка	
2877	izobilje	NOUN	559	15	2	изобилие, обилие	
2878	kolekcionar	NOUN	558	17	0	коллекционер	
2879	nijansa	NOUN	558	16	0	нюанс	
2880	preobratiti	VERB	557	102	0	обратить	
2881	sklop	NOUN	555	16	0	сборка	
2882	poverljivost	NOUN	554	30	0	конфиденциальность	
2883	manipulisati	VERB	553	102	0	манипулировать	
2884	dizalica	NOUN	553	14	0	кран	
2885	guba	NOUN	551	15	3	мед. лепра; проказа	
2886	dvogled	NOUN	550	15	0	бинокль	
2887	balerina	NOUN	549	15	0	балерина	
2888	histeričan	ADJ	548	191	0	истеричный; истерический	
2889	vaga	NOUN	548	17	0	весы; вес	
2890	hoditi	VERB	547	29	0	ходить	
2891	informisati	ADJ	544	109	1	информировать, осведомлять	drop_grammar
2892	bubuljica	NOUN	544	14	0	прыщ	
2893	čedo	NOUN	543	15	0	ребёнок	
2894	manipulacija	NOUN	543	15	0	манипуляция	
2895	revolucionar	NOUN	543	17	0	революционер	
2896	prekjuče	ADV	542	1	0	позавчера	
2897	korica	NOUN	542	15	1	обложка	
2898	ozbiljnost	NOUN	541	15	0	серьёзность; важность, значительность	
2899	liker	NOUN	539	15	0	ликёр	
2900	kljun	NOUN	538	16	0	анат. клюв	
2901	rupica	NOUN	538	15	0	петля (прорез в одежде для застёгивания)	
2902	tesla	NOUN	537	17	0	тесла (единица)	
2903	skakavac	NOUN	537	14	0	зоол. кузнечик; саранча	
2904	palma	NOUN	536	16	0	пальма	
2905	kiosk	NOUN	536	15	0	киоск	
2906	meditacija	NOUN	535	15	0	медитация	
2907	čitalac	NOUN	535	14	0	читатель	
2908	menstruacija	NOUN	533	15	0	физиол. менструация	
2909	nailaziti	VERB	532	29	0	находить	
2910	nezavisno	ADV	531	3	0	независимо	
2911	pacijentkinja	NOUN	531	15	0	пациентка	
2912	savana	NOUN	530	15	0	геогр. саванна	
2913	zapošljavanje	NOUN	528	15	0	трудоустройство, найм	
2914	usisivač	NOUN	527	15	0	пылесос	
2915	venac	NOUN	526	28	0	венок	
2916	tapeta	NOUN	526	15	0	обои	
2917	češalj	NOUN	525	21	0	расчёска	
2918	alatka	NOUN	525	16	0	инструмент	
2919	kupnja	NOUN	524	16	0	покупка, купля	
2920	džamija	NOUN	523	15	2	мечеть	
2921	talk	NOUN	520	14	0	минер. тальк	
2922	etički	ADJ	518	62	0	этический	
2923	crtanje	NOUN	517	15	0	рисование	
2924	radikalan	ADJ	517	191	0	радикальный	
2925	misionar	NOUN	515	15	0	миссионер	
2926	stolar	NOUN	514	17	0	столяр	
2927	pobačaj	NOUN	513	15	0	выкидыш	
2928	koincidencija	NOUN	512	15	0	совпадение	
2929	ultimatum	NOUN	511	15	0	ультиматум	
2930	trošenje	NOUN	511	15	0	изнашивание	
2931	svinjac	NOUN	511	14	1	свинарник, хлев, свинарня	
2932	odsto	ADV	510	1	0	процент	
2933	šutirati	VERB	509	109	0	ударить/ударять (по мячу)	
2934	državljanin	NOUN	508	15	0	гражданин	
2935	proliv	NOUN	507	30	1	пролив (географический)	
2936	surogat	NOUN	505	15	0	суррогат	
2937	advokatski	ADJ	505	184	0	адвокатский	
2938	temperament	NOUN	504	15	0	темперамент (аналогично русскому слову)	
2939	golo	ADV	504	3	0	голо, голый	
2940	simfonija	NOUN	503	15	0	симфония	
2941	barikada	NOUN	502	15	0	баррикада	
2942	ustanak	NOUN	502	15	0	восстание	
2943	čakra	NOUN	502	18	0	чакра	
2944	vodenjak	NOUN	501	15	0	зоол. тритон	
2945	posetnica	NOUN	501	30	0	визитная карточка, визитка	
2946	frakcija	NOUN	501	15	0	полит. фракция	
2947	imitacija	NOUN	499	15	0	имитация	
2948	kovanica	NOUN	498	15	0	монета	
2949	suzavac	NOUN	497	14	0	слезоточивый газ	
2950	kube	NOUN	497	15	0	купол	
2951	naušnica	NOUN	497	14	0	серьга	
2952	analitičar	NOUN	496	15	0	аналитик	
2953	rasizam	NOUN	496	14	0	расизм	
2954	opozicija	NOUN	496	15	0	оппозиция	
2955	tuba	NOUN	495	15	0	туба, тюбик	
2956	biljan	ADJ	494	73	0	Билян	drop_name: это личное имя или фамилия
2957	malarija	NOUN	494	15	0	мед. малярия	
2958	njuškalo	NOUN	492	15	0	разг. проныра, пролаза; шпион, шпик	
2959	sifilis	NOUN	492	7	0	мед. сифилис	
2960	obruč	NOUN	491	15	1	обруч	
2961	kateter	NOUN	490	15	0	катетер	
2962	lokomotiva	NOUN	490	15	0	локомотив	
2963	pušač	NOUN	489	15	0	курильщик	
2964	klip	NOUN	488	16	0	поршень	
2965	nadmudriti	VERB	487	102	0	обхитрить	
2966	krvotok	NOUN	483	15	0	кровообращение	
2967	državljanstvo	NOUN	482	15	1	гражданство	
2968	žabac	NOUN	477	15	0	лягушка	
2969	finansiranje	NOUN	476	15	0	фин. финансирование	
2970	čmar	NOUN	476	15	0	анус	
2971	mlin	NOUN	476	16	0	мельница	
2972	plivač	NOUN	476	15	0	пловец	
2973	vidljivost	NOUN	475	15	0	видимость	
2974	podvig	NOUN	475	14	0	подвиг (аналог русск. слову)	
2975	spaljivanje	NOUN	473	15	0	сжигание, сожжение	
2976	harmonika	NOUN	470	15	0	аккордеон	
2977	tiganj	NOUN	468	43	0	сковородка	
2978	hirurški	ADV	468	64	0	хирургический	
2979	metabolizam	NOUN	468	14	0	биол. метаболизм	
2980	gležanj	NOUN	467	22	0	анат. лодыжка, щиколотка	
2981	optimizam	NOUN	467	14	0	оптимизм	
2982	brodić	NOUN	466	15	0	лодочка, маленькая лодка	
2983	ljigav	ADJ	465	191	0	скользкий, покрытый слизью	
2984	plahta	NOUN	463	16	0	простыня	
2985	udaljavati	VERB	462	102	0	удалять, отдалять	
2986	marioneta	NOUN	462	15	0	марионетка	
2987	pijanist	NOUN	461	15	0	пианист	
2988	blagajnik	NOUN	461	15	0	кассир	
2989	talijanski	ADJ	461	184	0	итальянский	
2990	miljenik	NOUN	459	15	0	баловень	
2991	dren	NOUN	458	16	0	ботан. кизил (Cornus)	
2992	skeč	NOUN	456	15	0	театр. скетч	
2993	udica	NOUN	456	15	0	рыболовный крючок	
2994	cijanid	NOUN	456	15	0	хим. цианид	
2995	katanac	NOUN	455	14	0	замок	
2996	puma	NOUN	455	15	0	зоол. пума (аналогично русскому слову)	
2997	pupak	NOUN	455	15	0	анат. пуп, пупок	
2998	gluh	ADJ	449	191	0	глухой	
2999	grb	NOUN	449	16	0	анат. спина	
3000	poslovica	NOUN	447	15	2	пословица (аналогично русскому слову)	
3001	stolac	NOUN	446	14	0	стул	
3002	logičan	ADJ	445	191	0	логический	
3003	prodavačica	NOUN	444	16	0	продавщица	
3004	galon	NOUN	443	15	0	галлон	
3005	kotao	NOUN	442	20	0	котёл	
3006	konstantin	ADJ	442	77	0	Константин	drop_name: Konstantin je muško ime, ne pridev
3007	cilindar	NOUN	442	15	0	геометр. цилиндр	
3008	varenje	NOUN	442	15	0	переваривание, пищеварение	
3009	okno	NOUN	441	15	0	архит. окно; горн. шахта	
3010	amaterski	ADV	440	184	0	любительский	drop_grammar: это прилагательное, а не наречие; если наречие, то служебное слово
3011	jaz	NOUN	440	16	0	пропасть	
3012	obilje	NOUN	436	15	0	изобилие, обилие	
3013	gramofon	NOUN	435	15	0	граммофон	
3014	iritirati	VERB	433	109	0	раздражать	
3015	genocid	NOUN	433	15	0	геноцид (аналогично русскому слову)	
3016	lem	NOUN	433	16	0	техн. припой	
3017	poboljšavati	VERB	431	102	1	улучшать	
3018	manikir	NOUN	428	15	0	маникюр	
3019	činovnik	NOUN	428	15	0	чиновник	
3020	sabotaža	NOUN	426	15	0	саботаж	
3021	univerzalan	ADJ	424	191	0	универсальный	
3022	obim	NOUN	423	15	0	матем. объём; размах, объём, диапазон, охват	
3023	svrab	NOUN	423	7	0	зуд, свербёж	
3024	bedro	NOUN	422	15	0	анат. бедро (аналогично русскому слову)	
3025	babica	NOUN	422	15	0	акушерка	
3026	jarbol	NOUN	422	15	0	мачта; флагшток	
3027	tašt	ADJ	421	191	0	тщеславный	
3028	nezadovoljstvo	NOUN	421	15	0	неудовлетворённость, неудовольствие	
3029	tofu	NOUN	420	15	1	тофу	
3030	rastvor	NOUN	420	15	0	раствор	
3031	tvor	NOUN	419	15	0	зоол. хорёк	
3032	gong	NOUN	417	21	0	гонг	
3033	strateški	ADJ	416	184	0	стратегический	
3034	ljigavac	NOUN	416	14	0	ихтиол. угорь; перен. скользкий тип, ловкач, изворотливый человек	
3035	kruška	NOUN	416	20	0	груша (плод); груша (растение)	
3036	zubić	NOUN	414	15	0	зубик, маленький зуб	
3037	fikcija	NOUN	413	15	0	вымысел	
3038	gord	ADJ	412	191	0	гордый	
3039	šaman	NOUN	411	15	0	этногр. шаман (аналогично русскому слову)	
3040	bratić	NOUN	411	44	0	bratić	
3041	sakupljanje	NOUN	410	15	0	сбор, собирание; коллекционирование	
3042	bilion	NOUN	410	15	0	триллион	trap: «bilion» в черногорском — миллиард (как в европейской системе), а не триллион
3043	jajce	NOUN	407	31	0	Яйце	drop_name: Jajce je toponim, ne obično ime
3044	lignja	NOUN	406	17	0	зоол. кальмар	
3045	zarez	NOUN	406	16	0	запятая	
3046	mlečan	ADJ	405	382	0	молочный	
3047	matematičar	NOUN	404	17	0	математик	
3048	egzorcizam	NOUN	404	14	0	экзорцизм	
3049	nabavljati	VERB	404	102	0	приобретать	
3050	beleg	NOUN	402	42	0	знак, отметина	
3051	đumbir	NOUN	402	15	0	имбирь	
3052	škare	NOUN	398	7	0	ножницы	
3053	struna	NOUN	398	15	0	струна	
3054	mineral	NOUN	397	15	0	минерал	
3055	šuškati	VERB	397	29	0	шуршать, шелестеть; болтать, шушукаться	
3056	biolog	NOUN	397	14	1	биолог (аналогично русскому слову)	
3057	menadžment	NOUN	397	15	0	менеджмент	
3058	upitnik	NOUN	396	15	0	знак вопроса, вопросительный знак	
3059	manifest	NOUN	395	15	0	манифест	
3060	ljaga	NOUN	395	17	0	позор, позорное пятно	
3061	tiranija	NOUN	393	15	0	тирания	
3062	kaktus	NOUN	393	15	0	ботан. кактус (аналогично русскому слову)	
3063	zavod	NOUN	393	15	0	заведение, учреждение; центр (научный и т. п.); институт	
3064	obdanište	NOUN	393	15	0	ясли-сад	
3065	kobila	NOUN	392	15	1	зоол. кобыла	
3066	umešanost	NOUN	392	30	0	вмешательство	
3067	kolaps	NOUN	391	15	0	коллапс	
3068	bliskost	NOUN	391	15	0	близость	
3069	reforma	NOUN	391	18	0	реформа (аналогично русскому слову)	
3070	osamdeseti	ADJ	391	125	0	восьмидесятый	
3071	svemoćan	ADJ	389	73	0	всемогущий; всесильный, всемощный	
3072	kopito	NOUN	389	15	0	копыто	
3073	bibliotekar	NOUN	388	17	0	библиотекарь	
3074	učtiv	ADJ	387	191	0	вежливый, учтивый	
3075	gavran	NOUN	387	15	0	ворон	
3076	holesterol	NOUN	387	15	1	холестерин	
3077	bag	NOUN	386	16	0	комп. баг, ошибка в программе; жучок, устройство для прослушки	
3078	radioaktivan	ADJ	383	191	0	физ. радиоактивный	
3079	zbunjenost	NOUN	382	15	0	замешательство	
3080	konfederacija	NOUN	382	15	0	конфедерация	
3081	nostalgija	NOUN	382	15	0	ностальгия	
3082	dedica	NOUN	382	28	0	дедушка	
3083	paragraf	NOUN	382	15	0	параграф (аналогично русскому слову)	
3084	pljusak	NOUN	381	22	1	ливень, проливной дождь	
3085	mistik	NOUN	380	15	0	книжн. мистик	
3086	veto	NOUN	379	15	0	вето (аналогично русскому слову)	
3087	rizičan	ADJ	379	191	0	рискованный	
3088	dispečer	NOUN	378	15	0	диспетчер	
3089	žbun	NOUN	378	16	0	куст	
3090	trepavica	NOUN	378	15	0	ресница	
3091	besprekorno	ADV	378	2	0	безукоризненно, безупречно	
3092	nokaut	NOUN	378	15	0	нокаут	
3093	perec	NOUN	377	15	0	брецель	
3094	badnjak	NOUN	377	15	0	рождественское полено	
3095	cunami	NOUN	377	15	0	цунами (аналогично русскому слову)	
3096	spremnost	NOUN	375	15	0	готовность	
3097	bunda	NOUN	375	16	0	шуба	
3098	novorođenče	NOUN	374	14	0	новорождённый	
3099	ukidanje	NOUN	374	15	0	отмена	
3100	sarkastičan	ADJ	373	191	0	саркастический, саркастичный	
3101	bokal	NOUN	371	43	0	графин	
3102	derbi	NOUN	368	15	0	дерби	
3103	akademski	ADJ	368	184	0	академический	
3104	horda	NOUN	367	16	0	орда	
3105	jajašce	NOUN	367	17	0	анат. яйцеклетка	
3106	mećava	NOUN	367	15	0	метель, пурга, вьюга	
3107	arogancija	NOUN	367	15	0	нахальство, наглость, высокомерие, надменность	
3108	insulin	NOUN	367	85	0	биохим. инсулин	
3109	eksperimentalan	ADJ	366	191	0	экспериментальный	
3110	luster	NOUN	366	15	0	люстра	
3111	pseudonim	NOUN	364	15	0	псевдоним	
3112	komercijalan	ADJ	364	191	0	коммерческий	
3113	zubni	ADJ	364	62	0	зубной	
3114	privrženost	NOUN	363	15	0	приверженность	
3115	cvrčak	NOUN	363	14	0	сверчок	
3116	oduzimanje	NOUN	363	15	0	матем. вычитание	
3117	arhitekt	NOUN	362	14	0	архитектор	
3118	holandski	ADJ	362	184	0	нидерландский	
3119	mekušac	NOUN	360	14	0	зоол. моллюск	
3120	patriot	NOUN	360	15	1	патриот	
3121	odin	ADJ	360	70	0	один	drop_grammar: odin je broj, službena reč
3122	opatica	NOUN	360	14	0	церк. аббатиса; настоятельница	
3123	uvoz	NOUN	357	15	0	импорт	
3124	cirkulacija	NOUN	356	15	0	циркуляция	
3125	budilnik	NOUN	356	16	0	будильник	
3126	najlon	NOUN	355	15	0	нейлон	
3127	rukovodilac	NOUN	355	14	0	директор	
3128	žirafa	NOUN	355	15	3	жираф	
3129	valuta	NOUN	355	15	0	валюта	
3130	dinja	NOUN	355	15	0	ботан. дыня (Cucumis melo)	
3131	grm	NOUN	355	16	0	куст	
3132	blagostanje	NOUN	354	15	1	благосостояние	
3133	anarhija	NOUN	354	15	0	анархия	
3134	božica	NOUN	354	14	0	богиня	
3135	krafna	NOUN	354	16	0	пончик, пышка, пампушка	
3136	vandalizam	NOUN	353	14	0	вандализм	
3137	nadbiskup	NOUN	353	15	0	архиепископ	
3138	nedopustiv	ADJ	352	191	0	недопустимый	
3139	retorički	ADJ	352	62	0	риторический	
3140	zviždati	VERB	352	112	0	свистеть	
3141	okupacija	NOUN	351	15	0	оккупация	
3142	ekološki	ADV	351	184	0	экологический	
3143	kukavičluk	NOUN	351	15	0	трусость, трусливость, малодушие	
3144	bojler	NOUN	350	15	0	бойлер, водонагреватель	
3145	pedijatar	NOUN	348	14	0	педиатр	
3146	penicilin	NOUN	346	15	0	пенициллин	
3147	adut	NOUN	344	15	0	козырь	
3148	veleposlanik	NOUN	343	15	0	посол	
3149	stepenik	NOUN	343	15	0	проступь	
3150	buldog	NOUN	343	14	0	бульдог	
3151	zujati	VERB	343	29	0	жужжать	
3152	primena	NOUN	343	30	0	применение, использование	
3153	atlas	NOUN	342	15	0	а́тлас	
3154	karburator	NOUN	341	15	0	техн. карбюратор	
3155	slonovača	NOUN	341	15	0	слоновая кость	
3156	rekreacija	NOUN	340	15	0	отдых	
3157	bife	NOUN	340	15	0	буфет	
3158	menza	NOUN	338	16	0	столовая	
3159	obradovati	VERB	338	102	0	обрадовать	
3160	albino	NOUN	338	15	0	альбинос	
3161	saksofon	NOUN	337	15	0	муз. саксофон (аналогично русскому слову)	
3162	pepeljara	NOUN	336	15	0	пепельница	
3163	ljubičica	NOUN	336	15	0	ботан. фиалка	
3164	ateist	NOUN	336	15	2	атеист (аналогично русскому слову)	
3165	rukovoditi	VERB	335	102	0	распоряжаться	
3166	pilence	NOUN	334	17	0	цыплёнок	
3167	odobravanje	NOUN	334	15	0	одобрение	
3168	treniranje	NOUN	331	15	0	тренировка	
3169	bezuslovno	ADV	331	3	0	безусловно	
3170	periskop	NOUN	331	15	0	перископ	
3171	plodan	ADJ	330	191	0	плодородный	
3172	reinkarnacija	NOUN	329	15	0	религ. реинкарнация, перевоплощение	
3173	arogantno	ADV	329	3	0	высокомерно, заносчиво, надменно	
3174	jastreb	NOUN	329	15	0	орнитол. ястреб	
3175	mašna	NOUN	328	16	0	бант	
3176	domorodac	NOUN	328	27	0	абориген	
3177	objektiv	NOUN	327	15	0	объектив	
3178	šapat	NOUN	327	29	1	шёпот	
3179	gnjev	NOUN	327	16	0	гнев	
3180	verojatnost	NOUN	327	30	0	вероятность	
3181	posvećivati	VERB	326	102	0	посвящать	
3182	podmićivanje	NOUN	325	15	0	взяточничество	
3183	biblijski	ADJ	325	62	0	библейский	
3184	šara	NOUN	325	15	0	рисунок; узор, украшение, орнамент	
3185	finalan	ADJ	325	191	0	финальный	
3186	legitimacija	NOUN	323	15	0	легитимация	
3187	krut	ADJ	323	191	0	крутой, резкий	
3188	hemičar	NOUN	323	17	0	химик	
3189	natrijum	NOUN	323	15	0	хим. натрий	
3190	višnja	NOUN	323	17	0	вишня	
3191	nezaposlenost	NOUN	323	15	0	безработица	
3192	preduzetnik	NOUN	323	15	0	предприниматель	
3193	moljac	NOUN	322	14	0	моль	
3194	pljeskavica	NOUN	322	14	0	плескавица (мясное блюдо)	
3195	ujedinjenje	NOUN	322	15	0	объединение	
3196	adekvatno	ADV	321	3	0	адекватно	
3197	hematom	NOUN	321	15	0	гематома	
3198	šija	NOUN	320	15	0	анат. шея	
3199	hašiš	NOUN	320	15	0	гашиш	
3200	razmnožavanje	NOUN	319	15	0	воспроизводство	
3201	dabar	NOUN	319	23	0	бобр, бобёр	
3202	odjek	NOUN	319	15	0	эхо	
3203	kimono	NOUN	318	30	0	кимоно	
3204	veranda	NOUN	318	16	0	веранда (аналогично русскому слову)	
3205	jazavac	NOUN	317	14	0	барсук	
3206	pegla	NOUN	317	16	0	утюг	
3207	homoseksualnost	NOUN	316	15	0	гомосексуальность, гомосексуализм	
3208	šarlatan	NOUN	316	15	0	шарлатан	
3209	sirotica	NOUN	316	14	0	сирота	
3210	drvoseča	NOUN	316	28	0	дровосек	
3211	pravilan	ADJ	316	191	0	правильный	
3212	diplomat	NOUN	316	15	0	дипломат	
3213	poljoprivreda	NOUN	315	15	0	сельское хозяйство	
3214	vakuum	NOUN	314	15	0	вакуум (аналогично русскому слову)	
3215	halucinirati	VERB	314	109	0	галлюцинировать	
3216	napomenuti	VERB	313	102	0	указать; напомнить	
3217	hipoteza	NOUN	313	15	0	гипотеза	
3218	procesor	NOUN	313	15	0	комп. процессор	
3219	pega	NOUN	311	30	0	веснушка	
3220	neurološki	ADJ	311	64	0	неврологический	
3221	avokado	NOUN	311	15	0	авокадо	
3222	azot	NOUN	311	7	0	азот (аналогично русскому слову)	
3223	povorka	NOUN	311	16	0	вереница	
3224	nadahnuće	NOUN	309	15	0	наитие	
3225	trust	NOUN	309	16	0	трест	
3226	antitelo	NOUN	309	30	0	биохим. антитело	
3227	tvrdoglavost	NOUN	309	15	0	упрямство, упёртость	
3228	beležiti	VERB	308	408	0	записывать	
3229	proslavljati	VERB	307	102	0	чествовать	
3230	sirće	NOUN	307	22	0	уксус	
3231	monolog	NOUN	307	14	0	монолог	
3232	raspeće	NOUN	307	15	0	распятие	
3233	izjednačiti	ADJ	307	102	0	приравнять, сравнить	
3234	imenovanje	NOUN	306	15	0	назначение	
3235	hipnoza	NOUN	306	15	0	гипноз	
3236	globus	NOUN	305	15	0	глобус	
3237	srbin	NOUN	305	30	3	серб	
3238	trska	NOUN	304	16	0	ботан. тростник (Phragmites)	
3239	preobražaj	NOUN	304	15	0	превращение, преображение (часто внешнее, в лучшую сторону); перемена, изменение (к лучшему)	
3240	pasus	NOUN	303	15	0	абзац	
3241	presađivanje	NOUN	302	15	0	пересадка (посадка на другое место)	
3242	čestit	ADJ	302	191	0	добропорядочный	
3243	stresan	ADJ	301	73	0	нервный	
3244	vlažnost	NOUN	301	15	0	влажность	
3245	kašljati	VERB	300	29	3	кашлять	
3246	promaja	NOUN	300	15	0	сквозняк	
3247	gusenica	NOUN	300	30	0	гусеница	
3248	kreda	NOUN	299	15	1	мел (минерал)	
3249	kondukter	NOUN	299	15	0	кондуктор	
3250	veslo	NOUN	299	15	0	весло	
3251	paralelan	ADJ	298	191	0	геометр. параллельный	
3252	mikser	NOUN	297	15	0	миксер	
3253	pedalj	NOUN	297	21	0	педаль	
3254	incest	NOUN	296	15	0	инцест (аналогично русскому слову), кровосмешение	
3255	inkvizicija	NOUN	296	15	0	инквизиция	
3256	kavana	NOUN	296	15	0	кафе, кофейня	
3257	kleveta	NOUN	295	15	0	клевета (аналогично русскому слову)	
3258	slikarstvo	NOUN	295	15	0	искусств. живопись	
3259	povoljan	ADJ	295	191	0	благоприятный	
3260	parametar	NOUN	295	15	0	параметр	
3261	njušiti	VERB	295	102	0	нюхать, обонять; вынюхивать, разнюхивать	
3262	tačnost	NOUN	295	15	0	правильность	
3263	optimističan	ADJ	294	191	0	оптимистичный, оптимистический	
3264	njuh	NOUN	294	22	0	нюх	
3265	sticati	VERB	293	102	0	приобретать	
3266	vinograd	NOUN	293	15	1	виноградник	
3267	hobotnica	NOUN	293	14	0	осьминог	
3268	skraćenica	NOUN	293	15	1	аббревиатура	
3269	objektivan	ADJ	293	191	1	объективный	
3270	protestant	NOUN	292	15	0	религ. протестант	
3271	podučavanje	NOUN	291	15	0	обучение	
3272	čova	NOUN	291	14	0	чаша, кубок	
3273	krunisanje	NOUN	291	15	0	коронация, коронование	
3274	dijagram	NOUN	290	15	0	диаграмма	
3275	zaveštanje	NOUN	290	30	0	юр. завещание	
3276	dukat	NOUN	289	15	0	дукат (аналогично русскому слову)	
3277	temeljan	ADJ	289	191	0	всесторонний	
3278	opal	NOUN	289	15	1	минер. опал (аналогично русскому слову)	
3279	tamjan	NOUN	289	15	0	ладан	
3280	sprovođenje	NOUN	289	15	0	имплементация	
3281	ronilac	NOUN	288	14	0	аквалангист	
3282	bakalar	NOUN	288	15	0	зоол. треска (Gadus morhua L.)	
3283	glazben	ADJ	288	132	0	музыкальный	
3284	elektron	NOUN	288	15	1	физ. электрон	
3285	vidra	NOUN	288	16	0	зоол. выдра (Lutra)	
3286	harem	NOUN	287	15	0	гарем	
3287	produkt	NOUN	287	15	0	продукт	
3288	zloba	NOUN	286	16	0	злоба (аналогично русскому слову)	
3289	sakupljač	NOUN	286	16	0	собиратель, коллекционер; накопитель	
3290	životopis	NOUN	286	15	0	биография	
3291	jednook	ADJ	285	191	0	одноглазый	
3292	pevac	NOUN	285	56	0	певец	
3293	pijanstvo	NOUN	285	15	0	пьянство	
3294	testosteron	NOUN	285	15	0	физиол. тестостерон	
3295	maser	NOUN	284	15	0	массер	
3296	džihad	NOUN	283	15	0	религ. джихад	
3297	aperitiv	NOUN	283	15	0	гастрон. аперитив (аналогично русскому слову)	
3298	postanak	NOUN	283	15	0	возникновение	
3299	administrator	NOUN	283	15	0	администратор (аналогично русскому слову)	
3300	šezdeseti	ADJ	283	63	0	шестидесятый	
3301	atelje	NOUN	283	15	0	ателье	
3302	škripati	VERB	282	49	0	скрипеть	
3303	komentarisati	VERB	282	102	0	комментировать	
3304	otežati	VERB	281	102	0	отяжелить	
3305	obraćanje	NOUN	281	15	0	обращение	
3306	slavuj	NOUN	280	15	0	соловей	
3307	istaći	VERB	280	96	1	подчеркнуть, выделить; выдвинуть, выставить	
3308	desnica	NOUN	280	15	0	От ст.-слав. "десн"- "правый"	drop_transparent: от ст.-слав. "десн" - "правый", но это нарицательное слово, не просто этимология
3309	šakal	NOUN	280	15	0	зоол. шакал (аналогично русскому слову) (Canis aureus)	
3310	laguna	NOUN	279	15	0	геогр. лагуна	
3311	kameleon	NOUN	279	15	0	зоол. хамелеон	
3312	paun	NOUN	278	15	0	павлин	
3313	smokva	NOUN	278	18	0	инжир	
3314	klitoris	NOUN	278	15	0	анат. клитор	
3315	ravnodušan	ADJ	278	191	0	равнодушный, безразличный, безучастный	
3316	elektroda	NOUN	277	15	0	эл.-техн. электрод	
3317	umirući	ADJ	277	60	0	умирающий	
3318	kašmir	NOUN	277	29	0	кашемир	
3319	dopisnik	NOUN	277	15	0	корреспондент, репортёр	
3320	oduševljenje	NOUN	276	15	0	воодушевление	
3321	leća	NOUN	276	15	1	ботан. чечевица (Lens)	
3322	prostata	NOUN	276	15	0	анат. предстательная железа, простата	
3323	obmanuti	VERB	276	102	1	обмануть	
3324	mačevalac	NOUN	276	14	0	фехтовальщик	
3325	odbojka	NOUN	276	16	0	спорт. волейбол	
3326	adresar	NOUN	275	15	0	адресник	
3327	štitnik	NOUN	275	15	0	абажур	
3328	mentalitet	NOUN	275	15	0	менталитет, ментальность	
3329	katran	NOUN	275	15	0	хим. гудрон	
3330	dirigent	NOUN	275	14	0	дирижёр	
3331	izvod	NOUN	275	15	0	матем. производная (функции)	
3332	kontrast	NOUN	275	15	0	контраст	
3333	nepravilno	ADV	274	3	0	неправильно	
3334	kopiranje	NOUN	274	15	0	копирование	
3335	koridor	NOUN	274	15	0	коридор (аналогично русскому слову)	
3336	gaza	NOUN	274	30	1	марля, газ	
3337	primoravati	VERB	274	102	0	повелевать	
3338	anarhist	NOUN	274	15	0	анархист (аналогично русскому слову)	
3339	bočni	ADJ	273	62	0	боковой	
3340	uspavanka	NOUN	273	16	0	колыбельная песня	
3341	diplomiranje	NOUN	272	15	0	получение диплома	
3342	zahvalnica	NOUN	272	15	0	благодарность	
3343	anus	NOUN	272	15	0	анус (аналог русск. слову)	
3344	čistilište	NOUN	272	15	0	чистилище	
3345	klarinet	NOUN	272	15	0	муз. кларнет	
3346	parket	NOUN	272	15	0	паркет	
3347	pretplata	NOUN	272	15	0	абонемент	
3348	šurak	NOUN	272	15	0	деверь	
3349	štampač	NOUN	271	15	1	принтер	
3350	šrapnel	NOUN	270	15	0	воен. шрапнель	
3351	aroma	NOUN	270	15	0	аромат	
3352	apsorbovati	VERB	270	109	0	поглощать, абсорбировать	
3353	vektor	NOUN	270	15	0	матем. вектор	
3354	pedeseti	ADJ	270	126	0	пятидесятый	
3355	ljudina	NOUN	269	15	0	большой человек, великан	
3356	proton	NOUN	269	15	1	физ. протон (аналогично русскому слову)	
3357	badava	ADV	269	1	0	бесплатно	
3358	zabit	NOUN	269	15	0	провинция	
3359	amonijak	NOUN	268	7	0	аммиак	
3360	meteorit	NOUN	268	15	0	астрон. метеорит (аналогично русскому слову)	
3361	performans	NOUN	268	15	0	перформанс	
3362	pekmez	NOUN	267	16	0	мармелад	
3363	antilopa	NOUN	267	15	0	зоол. антилопа (аналогично русскому слову)	
3364	vrtlar	NOUN	267	17	0	садовник	
3365	genetika	NOUN	267	15	0	генетика	
3366	belgijski	ADJ	267	184	0	бельгийский	
3367	polet	NOUN	267	15	0	взлёт, подъём; вдохновение, восторг, воодушевление	drop_transparent
3368	milosrdan	ADJ	267	191	0	милосердный	
3369	oaza	NOUN	267	15	0	оазис	
3370	vijetnamski	ADJ	267	184	0	вьетнамский	
3371	odvijač	NOUN	266	15	0	техн. отвёртка	
3372	geografija	NOUN	266	15	1	география	
3373	termometar	NOUN	266	15	0	термометр	
3374	motivisati	ADJ	266	102	0	motivirati	
3375	manija	NOUN	265	15	0	мания	
3376	varijanta	NOUN	265	18	1	вариант	
3377	sinonim	NOUN	264	15	1	лингв. синоним	
3378	embrion	NOUN	264	15	0	биол. зародыш, эмбрион	
3379	antropolog	NOUN	264	14	0	антрополог (аналогично русскому слову)	
3380	balistički	ADJ	264	62	0	баллистический	
3381	natprirodan	ADJ	264	191	1	сверхъестественный	
3382	alva	NOUN	263	16	0	халва	
3383	flertovanje	NOUN	263	15	0	флирт	
3384	pelikan	NOUN	263	15	0	орнитол. пеликан	
3385	neograničen	ADJ	263	73	0	неограниченный; безграничный	
3386	mermer	NOUN	263	15	0	геол. мрамор	
3387	partizan	NOUN	263	15	0	партизан (аналогично русскому слову)	
3388	stereotip	NOUN	262	15	0	клише, стереотип	
3389	zabranjen	ADJ	262	191	2	запрещённый	
3390	gorila	NOUN	262	14	0	зоол. горилла (Gorilla)	
3391	pobožan	ADJ	262	191	0	набожный	
3392	kalijum	NOUN	261	15	0	хим. калий	
3393	obožavanje	NOUN	260	15	0	культ	
3394	ćup	NOUN	260	16	0	кувшин, горшок	
3395	postojeći	ADJ	260	60	0	существующий	
3396	milovati	VERB	260	102	0	ласкать	
3397	udubljenje	NOUN	259	15	0	углубление	
3398	osovina	NOUN	259	15	0	ось	
3399	transformisati	VERB	259	109	0	трансформировать, преобразовывать, превращать; (~ се) трансформироваться, преобразовываться, превращаться	
3400	uvala	NOUN	259	15	0	углубление	
3401	sneško	NOUN	259	30	0	снежный человек	
3402	novinski	ADJ	259	184	0	относящийся к прессе или новостям	
3403	apsurdan	ADJ	259	191	0	абсурдный	
3404	albatros	NOUN	259	15	0	альбатрос	
3405	dušnik	NOUN	259	15	0	гортань	
3406	samouvereno	ADV	258	6	0	самоуверенно	drop_grammar: наречие образа действия
3407	antički	ADJ	258	62	0	античный	
3408	otpuštati	VERB	258	102	0	увольнять	
3409	improvizacija	NOUN	257	15	0	импровизация	
3410	automobilski	ADJ	257	184	0	автомобильный	
3411	antraks	NOUN	257	7	0	мед. сибирская язва	
3412	falsifikovanje	NOUN	257	15	0	фальсификация	
3413	produženje	NOUN	257	15	0	пролонгирование	
3414	flamingo	NOUN	257	7	0	фламинго	
3415	musketar	NOUN	256	17	0	истор. мушкетёр	
3416	diskriminacija	NOUN	256	15	0	дискриминация	
3417	asfalt	NOUN	256	15	0	асфальт	
3418	površinski	ADJ	255	62	0	поверхностный	
3419	paganin	NOUN	255	15	0	религ. язычник	
3420	meningitis	NOUN	255	15	0	мед. менингит	
3421	dizalo	NOUN	255	15	0	лифт	
3422	turizam	NOUN	254	14	0	туризм	
3423	pešačenje	NOUN	254	30	0	ходьба	
3424	polni	ADJ	254	62	0	половой	
3425	zatvarač	NOUN	254	15	0	затвор (в оружии)	
3426	ovan	NOUN	254	15	0	баран	
3427	limen	ADJ	253	191	0	оловянный	
3428	negovati	VERB	253	204	0	ухаживать, заботиться	
3429	anonimnost	NOUN	253	15	0	анонимность	
3430	bezalkoholan	ADJ	252	191	1	безалкогольный	
3431	nozdrva	NOUN	252	15	0	ноздря	
3432	beskonačnost	NOUN	252	15	0	бесконечность	
3433	delirijum	NOUN	252	15	0	делирий	
3434	pesimist	NOUN	252	15	0	пессимист	
3435	imam	NOUN	251	15	128	религ. имам	
3436	ispravljati	VERB	251	102	0	выпрямлять	
3437	žlica	NOUN	251	15	0	ложка	
3438	jezerce	NOUN	251	21	0	пруд	
3439	celer	NOUN	251	15	0	ботан. сельдерей (Apium)	
3440	potpukovnik	NOUN	250	15	0	подполковник	
3441	enciklopedija	NOUN	250	15	0	энциклопедия	
3442	šahovski	ADJ	250	184	0	шахматный	
3443	druželjubiv	ADJ	249	191	0	дружелюбный	
3444	ćutljiv	ADJ	249	191	0	молчаливый	
3445	raskršće	NOUN	249	15	0	перекрёсток	
3446	refren	NOUN	249	15	0	припев	
3447	parobrod	NOUN	248	15	0	пароход	
3448	porcelan	NOUN	248	15	1	фарфор	
3449	blažen	ADJ	248	191	0	Блажен	drop_name: имя собственное
3450	nesanica	NOUN	248	14	0	бессонница	
3451	brbljivac	NOUN	248	14	0	болтун	
3452	ataše	NOUN	248	15	0	атташе	
3453	sporan	ADJ	248	191	0	спорный	
3454	alhemičar	NOUN	247	17	0	алхимик	
3455	sleng	NOUN	247	21	0	сленг	
3456	socijalizam	NOUN	247	14	0	полит. социализм	
3457	lavanda	NOUN	247	16	0	лаванда (аналог. русск. слову; лат. Lavandula)	
3458	provokacija	NOUN	247	15	0	провокация	
3459	spin	NOUN	247	16	0	физ. спин	
3460	varvarski	ADJ	247	184	0	варварский	
3461	pentagram	NOUN	246	15	0	пентаграмма	
3462	markov	ADJ	246	70	0	Марков (аналогично русскому слову)	drop_name: фамилия
3463	antimaterija	NOUN	246	15	0	физ. антивещество, антиматерия	
3464	manifestacija	NOUN	246	15	0	манифестация	
3465	apotekar	NOUN	246	17	0	аптекарь	
3466	nacionalnost	NOUN	245	15	0	национальность	
3467	majčinstvo	NOUN	245	15	0	материнство	
3468	aga	NOUN	245	14	0	истор., ага, начальник; господин; придворный офицер (в старой Турции)	
3469	kompenzacija	NOUN	244	15	0	вознаграждение	
3470	leukemija	NOUN	244	15	0	мед. лейкемия, лейкоз	
3471	nemogućnost	NOUN	244	15	0	невозможность	
3472	hrišćanka	NOUN	244	17	0	христианка	
3473	pajser	NOUN	244	15	0	монтировка	
3474	goran	NOUN	243	15	0	Горан	drop_name: имя собственное
3475	bodlja	NOUN	243	16	0	шип; жало	
3476	ekvator	NOUN	243	15	0	геогр. экватор	
3477	aerobik	NOUN	243	15	0	аэробика	
3478	jugozapad	NOUN	243	7	0	юго-запад	
3479	tajfun	NOUN	243	15	0	тайфун	
3480	angažman	NOUN	242	15	0	ангажемент	
3481	smola	NOUN	242	15	0	смола	
3482	okupirati	VERB	241	109	0	оккупировать	
3483	asocijacija	NOUN	241	15	0	ассоциация	
3484	finalist	NOUN	240	15	0	финалист (аналогично русскому слову)	
3485	slaganje	NOUN	240	15	0	укладка, складирование	
3486	razotkrivanje	NOUN	239	15	0	раскрытие	
3487	prefinjen	ADJ	239	264	0	изящный	
3488	dijagnostika	NOUN	239	15	0	диагностика	
3489	kompromitovati	ADJ	238	102	0	компрометировать	
3490	oganj	NOUN	238	21	0	огонь	
3491	nestašica	NOUN	238	15	0	недостаток, нехватка, отсутствие	
3492	akord	NOUN	238	15	0	аккорд; аккордная работа	
3493	jeka	NOUN	238	15	0	эхо	
3494	žvakati	VERB	237	102	0	жевать	
3495	harfa	NOUN	237	16	0	арфа	
3496	šalter	NOUN	237	15	0	окошко, кассовое окно	
3497	enzim	NOUN	237	15	0	биохим. энзим	
3498	biciklist	NOUN	237	15	0	велосипедист	
3499	ambis	NOUN	237	15	0	бездна	
3500	fasada	NOUN	237	15	0	фасад	
