rank	word	lemma_srlex	pos	best_form	count_50k	ru_ready
2	biti	biti	глаг.	je	27917376	быть
37	hteti	hteti	глаг.	će	2705288	
66	mnogo	mnogo	нареч.	više	706189	много
75	trebati	trebati	глаг.	treba	933111	быть нужным, нужно
81	kada	kada	нареч.	kada	412355	когда
82	nemati	nemati	глаг.	nema	664141	
101	željeti	želeti	глаг.	želim	900581	
105	stvarno	stvarno	нареч.	stvarno	299938	
151	značiti	značiti	глаг.	znači	221246	
155	žao	žao	нареч.	žao	200759	
168	izgledati	izgledati	глаг.	izgleda	303895	
189	voliti	voliti	глаг.	volim	334567	
214	toliko	toliko	нареч.	toliko	140894	
218	video	video	сущ.	video	139035	
224	veoma	veoma	нареч.	veoma	132774	очень
235	upravo	upravo	нареч.	upravo	124782	
243	sigurno	sigurno	нареч.	sigurno	122769	
245	jednom	jednom	нареч.	jednom	119836	одном (местн. п.)
258	puno	puno	нареч.	puno	114523	много
260	lepo	lepo	нареч.	lepo	148077	
265	pravo	pravo	сущ.	pravu	255296	прямо
266	jako	jako	нареч.	jako	119274	очень
271	izviniti	izviniti	глаг.	izvini	205722	извинить
272	daleko	daleko	нареч.	dalje	150593	далеко
279	dosta	dosta	нареч.	dosta	104646	хватит, достаточно
293	uraditi	uraditi	глаг.	uradio	397524	сделать
295	desiti	desiti	глаг.	desilo	147210	
296	sranje	sranje	сущ.	sranje	120041	
298	pomoći	pomoći	глаг.	pomoći	264023	помочь
299	ponovo	ponovo	нареч.	ponovo	96557	
306	zaista	zaista	нареч.	zaista	94598	
313	pogledati	pogledati	глаг.	pogledaj	195118	посмотреть
314	siguran	siguran	прил.	siguran	185366	уверен
318	par	par	нареч.	par	97452	
320	dugo	dugo	нареч.	dugo	106929	
325	previše	previše	нареч.	previše	88764	слишком
328	večeras	večeras	нареч.	večeras	88373	сегодня вечером
339	isto	isto	нареч.	isto	85845	
342	teško	teško	нареч.	teško	94358	трудно, тяжело
347	nadati	nadati	глаг.	nadam	124959	
349	super	super	нареч.	super	83706	
361	prav	prav	прил.	pravi	91533	
365	dešavati	dešavati	глаг.	dešava	86920	
376	sviđati	sviđati	глаг.	sviđa	103559	
383	pustiti	pustiti	глаг.	pusti	167670	
391	verovatno	verovatno	нареч.	verovatno	74411	
393	istina	istina	сущ.	istina	121351	правда
394	velik	velik	прил.	veliki	325140	большой
398	dogoditi	dogoditi	глаг.	dogodilo	109072	
405	tačno	tačno	нареч.	tačno	73478	точно
407	buditi	buditi	глаг.	budi	98042	
413	činiti	činiti	глаг.	čini	104807	
418	dete	dete	сущ.	dete	263939	
425	otići	otići	глаг.	otišao	334844	
432	zapravo	zapravo	нареч.	zapravo	66877	
442	vratiti	vratiti	глаг.	vrati	328855	
447	bar	bar	сущ.	bar	75610	
453	tip	tip	сущ.	tip	106248	
459	stati	stati	глаг.	stani	132117	
461	prestati	prestati	глаг.	prestani	130849	
480	dolar	dolar	сущ.	dolara	63571	
486	također	također	нареч.	takođe	70648	
494	uskoro	uskoro	нареч.	uskoro	55138	скоро
495	sjajno	sjajno	нареч.	sjajno	55030	
498	jednostavno	jednostavno	нареч.	jednostavno	56077	
502	trenutak	trenutak	сущ.	trenutak	94485	
503	potpuno	potpuno	нареч.	potpuno	54542	совершенно, полностью
508	uopšte	uopšte	нареч.	uopšte	54055	вообще, совсем
510	briga	briga	сущ.	briga	69275	
513	brinuti	brinuti	глаг.	brini	147391	
514	rano	rano	нареч.	ranije	68689	рано
516	stalno	stalno	нареч.	stalno	53260	постоянно
531	osećati	osećati	глаг.	osećam	153717	
532	valjda	valjda	нареч.	valjda	52254	
534	hala	hala	сущ.	halo	54362	
536	spreman	spreman	прил.	spreman	127499	готов
539	lako	lako	нареч.	lako	71391	
546	jedini	jedini	прил.	jedini	91219	
552	ozbiljno	ozbiljno	нареч.	ozbiljno	51715	серьёзно
553	čudan	čudan	прил.	čudno	82413	
557	pol	pol	сущ.	pola	52719	
562	pretpostavljati	pretpostavljati	глаг.	pretpostavljam	52615	
566	svet	svet	сущ.	svet	182850	
568	zvučiti	zvučiti	глаг.	zvuči	57188	
576	drag	drag	прил.	draga	100794	
583	jasno	jasno	нареч.	jasno	49275	
584	slučaj	slučaj	сущ.	slučaj	116488	
589	kolo	kolo	сущ.	kola	66345	
591	događati	događati	глаг.	događa	48982	
594	paziti	paziti	глаг.	pazi	76260	
597	ikada	ikada	нареч.	ikada	46844	
599	oprostiti	oprostiti	глаг.	oprosti	104323	
605	osoba	osoba	сущ.	osoba	76415	
607	polako	polako	нареч.	polako	46097	потихоньку, медленно
610	učiniti	učiniti	глаг.	učiniti	168198	
616	prilično	prilično	нареч.	prilično	45283	
624	cijel	cel	прил.	ceo	179470	
637	voditi	voditi	глаг.	vodi	106650	
643	pojam	pojam	сущ.	pojma	44027	
654	gospoda	gospoda	сущ.	gospodo	64773	
655	ostati	ostati	глаг.	ostati	181111	
657	sinoć	sinoć	нареч.	sinoć	41116	вчера вечером
667	važiti	važiti	глаг.	važi	40117	
672	dečko	dečko	сущ.	dečko	73038	
675	napolje	napolje	нареч.	napolje	39421	
694	izgubiti	izgubiti	глаг.	izgubio	135190	потерять
695	napraviti	napraviti	глаг.	napravio	171695	
696	nekako	nekako	нареч.	nekako	38387	
701	sećati	sećati	глаг.	sećaš	113846	
720	divno	divno	нареч.	divno	36540	
722	jedino	jedino	нареч.	jedino	36452	
725	sediti	sediti	глаг.	sedi	68998	
726	zaboraviti	zaboraviti	глаг.	zaboravi	131446	
728	ikad	ikad	нареч.	ikad	36189	
737	ostaviti	ostaviti	глаг.	ostavi	170549	
741	mrziti	mrziti	глаг.	mrzim	61524	
744	poruka	poruka	сущ.	poruku	60942	
750	razgovarati	razgovarati	глаг.	razgovarati	149580	разговаривать
755	sinuti	sinuti	глаг.	sine	35902	
762	pokušavati	pokušavati	глаг.	pokušavam	112851	
765	obojiti	obojiti	глаг.	oboje	35679	
768	kapetan	kapetan	сущ.	kapetane	65814	
779	bojati	bojati	глаг.	bojim	61451	
797	bratiti	bratiti	глаг.	brate	33115	
807	doktor	doktor	сущ.	doktor	89239	врач
809	dama	dama	сущ.	dame	54611	
810	bok	bok	сущ.	bok	33568	
818	ostali	ostali	прил.	ostali	117262	остались; остальные
819	pokušati	pokušati	глаг.	pokušao	106335	
836	otvoriti	otvoriti	глаг.	otvori	100970	открыть
837	boljeti	boleti	глаг.	boli	39402	
854	nastaviti	nastaviti	глаг.	nastavi	88541	
856	lud	lud	прил.	lud	74303	
860	gđa	gđa	сущ.	gđo	51952	
861	konačno	konačno	нареч.	konačno	29831	
865	obično	obično	нареч.	obično	29633	обычно
868	jutros	jutros	нареч.	jutros	29572	сегодня утром
870	jedva	jedva	нареч.	jedva	29482	
872	smešno	smešno	нареч.	smešno	29677	
880	poslati	poslati	глаг.	poslao	110228	
888	očigledno	očigledno	нареч.	očigledno	28778	
889	početi	početi	глаг.	počeo	151057	
892	svakako	svakako	нареч.	svakako	28531	
904	strašno	strašno	нареч.	strašno	28395	страшно, очень
905	sledeći	sledeći	прил.	sledeći	84320	
913	barem	barem	нареч.	barem	27544	
915	savršeno	savršeno	нареч.	savršeno	27530	
917	družiti	družiti	глаг.	druže	38199	
921	kriv	kriv	прил.	kriv	57977	
930	vest	vest	сущ.	vesti	55554	
932	sasvim	sasvim	нареч.	sasvim	27199	
940	roditelj	roditelj	сущ.	roditelji	55319	
951	proći	proći	глаг.	prošlo	109437	
955	iskreno	iskreno	нареч.	iskreno	27163	
960	inače	inače	нареч.	inače	26440	
967	zabavno	zabavno	нареч.	zabavno	27748	
976	jeben	jeben	прил.	jebeni	60274	
981	đavol	đavol	сущ.	đavola	28465	
986	prilika	prilika	сущ.	priliku	45759	
989	požuriti	požuriti	глаг.	požuri	42117	
991	nemoguć	nemoguć	прил.	nemoguće	28315	
995	napolju	napolju	нареч.	napolju	25474	на улице, снаружи
996	drugačije	drugačije	нареч.	drugačije	28854	по-другому
999	staviti	staviti	глаг.	stavi	108298	
1001	jebeno	jebeno	нареч.	jebeno	25335	
1003	vrsta	vrsta	сущ.	vrsta	50107	
1006	bitan	bitan	прил.	bitno	34639	
1007	shvatati	shvatati	глаг.	shvatam	52398	
1010	kleti	kleti	глаг.	kunem	27076	
1011	neverovatno	neverovatno	нареч.	neverovatno	25069	
1018	poznavati	poznavati	глаг.	poznajem	81362	
1023	ticati	ticati	глаг.	tiče	25858	
1034	vraćati	vraćati	глаг.	vraćam	69369	
1041	obećavati	obećavati	глаг.	obećavam	29394	
1054	gđica	gđica	сущ.	gđice	36931	
1058	napad	napad	сущ.	napad	44121	
1060	sačekati	sačekati	глаг.	sačekaj	53781	
1062	zatvor	zatvor	сущ.	zatvoru	58160	
1063	pokušaj	pokušaj	сущ.	pokušaj	30476	
1064	dom	dom	сущ.	dom	47060	
1065	sem	sem	сущ.	sem	25708	
1067	zauvek	zauvek	нареч.	zauvek	29539	
1080	lično	lično	нареч.	lično	23026	
1083	znak	znak	сущ.	znak	48882	
1085	razgovor	razgovor	сущ.	razgovor	36031	
1099	prokletstvo	prokletstvo	сущ.	prokletstvo	22968	
1113	počinjati	počinjati	глаг.	počinje	45932	
1114	ured	ured	сущ.	uredu	32786	
1117	izvoleti	izvoleti	глаг.	izvoli	42634	
1121	točno	točno	нареч.	točno	22435	
1125	upoznati	upoznati	глаг.	upoznao	105709	
1128	natrag	natrag	нареч.	natrag	21916	
1135	čast	čast	сущ.	čast	26715	
1141	kladiti	kladiti	глаг.	kladim	31317	
1147	prevod	prevod	сущ.	prevod	26433	
1150	uspeti	uspeti	глаг.	uspeo	102360	
1156	pogled	pogled	сущ.	pogled	27808	
1173	nedostajati	nedostajati	глаг.	nedostaje	50351	
1184	usluga	usluga	сущ.	uslugu	33413	
1188	ući	ući	глаг.	uđi	117085	
1189	ovuda	ovuda	нареч.	ovuda	20446	
1190	okolo	okolo	нареч.	okolo	20437	
1195	nekada	nekada	нареч.	nekada	20375	
1204	bežati	bežati	глаг.	beži	50346	
1215	slobodno	slobodno	нареч.	slobodno	19933	
1216	glupo	glupo	нареч.	glupo	20570	
1218	kafa	kafa	сущ.	kafu	35097	кофе
1221	radij	radij	сущ.	radije	19851	
1223	moć	moć	сущ.	moć	20953	
1229	gospođica	gospođica	сущ.	gospođice	27416	
1232	čestitati	čestitati	глаг.	čestitam	22600	
1238	javiti	javiti	глаг.	javi	61150	сообщить, дать знать
1247	užasno	užasno	нареч.	užasno	19535	
1248	stanje	stanje	сущ.	stanju	34137	
1255	dupe	dupe	сущ.	dupe	24091	
1256	definitivno	definitivno	нареч.	definitivno	19290	
1258	dvojica	dvojica	сущ.	dvojica	29305	
1270	pomisliti	pomisliti	глаг.	pomislio	52010	
1278	spustiti	spustiti	глаг.	spusti	38812	
1302	vjerojatno	vjerojatno	нареч.	vjerojatno	19120	
1303	ustvari	ustvari	нареч.	ustvari	18485	
1305	odvesti	odvesti	глаг.	odvesti	81904	
1309	izaći	izaći	глаг.	izaći	103444	
1314	opusteti	opusteti	глаг.	opusti	26885	
1324	obzir	obzir	сущ.	obzira	38915	
1325	pozvati	pozvati	глаг.	pozvao	105700	позвать, позвонить
1326	potreba	potreba	сущ.	potrebe	25859	
1330	odjednom	odjednom	нареч.	odjednom	18124	вдруг
1333	slagati	slagati	глаг.	slažem	45566	
1342	pomalo	pomalo	нареч.	pomalo	17973	
1350	kreniti	kreniti	глаг.	kreni	22295	
1356	pratiti	pratiti	глаг.	prati	73246	
1361	praviti	praviti	глаг.	prave	61227	
1362	ludo	ludo	нареч.	ludo	17992	
1363	karta	karta	сущ.	karte	38688	билет; карта
1364	umuknuti	umuknuti	глаг.	umukni	20036	
1368	račun	račun	сущ.	račun	39596	счёт
1371	prosto	prosto	нареч.	prosto	17538	
1378	ionako	ionako	нареч.	ionako	17437	
1391	zadovoljstvo	zadovoljstvo	сущ.	zadovoljstvo	23171	
1392	naučiti	naučiti	глаг.	naučio	64336	
1403	izvinjavati	izvinjavati	глаг.	izvinjavam	20732	
1406	slučajno	slučajno	нареч.	slučajno	17078	
1408	srećno	srećno	нареч.	srećno	17042	
1410	duboko	duboko	нареч.	duboko	21711	
1414	baciti	baciti	глаг.	baci	57733	
1422	doneti	doneti	глаг.	doneo	105964	
1423	pasti	pasti	глаг.	pao	69882	упасть
1429	visiti	visiti	глаг.	vise	24342	
1436	ukrasti	ukrasti	глаг.	ukrao	48669	
1439	skroz	skroz	нареч.	skroz	16708	
1440	šaliti	šaliti	глаг.	šališ	36592	
1454	prokti	prokti	глаг.	prokleti	16570	
1459	sjajan	sjajan	прил.	sjajan	42835	
1460	voziti	voziti	глаг.	vozi	63037	
1462	pažljivo	pažljivo	нареч.	pažljivo	16839	
1463	sklon	sklon	прил.	skloni	18575	
1465	dozvoliti	dozvoliti	глаг.	dozvoliti	71119	
1468	ser	ser	сущ.	ser	18116	
1474	iznenađenje	iznenađenje	сущ.	iznenađenje	20810	
1475	svejedno	svejedno	нареч.	svejedno	16160	
1476	sretan	sretan	прил.	sretan	31516	
1483	otkad	otkad	нареч.	otkad	16035	
1495	prekinuti	prekinuti	глаг.	prekini	45704	
1496	čudo	čudo	сущ.	čudo	22610	чудо
1503	tajna	tajna	сущ.	tajna	55171	
1509	ličiti	ličiti	глаг.	liči	25340	
1511	mišlenje	mišlenje	сущ.	mišljenje	21188	
1526	mera	mera	сущ.	meri	23426	
1527	krenuti	krenuti	глаг.	krenuo	89869	тронуться, отправиться
1530	uglavnom	uglavnom	нареч.	uglavnom	15449	в основном
1534	mnogi	mnogi	прил.	mnogi	36423	
1539	nigde	nigde	нареч.	nigde	18749	
1543	izvući	izvući	глаг.	izvući	51194	
1545	saznati	saznati	глаг.	saznati	88034	
1554	fino	fino	нареч.	fino	15159	
1559	normalno	normalno	нареч.	normalno	15131	нормально
1562	glup	glup	прил.	glup	58076	
1566	trag	trag	сущ.	trag	42911	
1567	dovesti	dovesti	глаг.	doveo	73646	
1574	nazvati	nazvati	глаг.	nazvao	72985	
1576	udariti	udariti	прил.	udario	42580	
1578	test	test	сущ.	test	24438	
1580	pametan	pametan	прил.	pametan	37887	умный
1582	odličan	odličan	прил.	odličan	31456	
1587	prijateljica	prijateljica	сущ.	prijateljica	28931	
1605	čuvati	čuvati	глаг.	čuvaj	50547	
1606	probuditi	probuditi	глаг.	probudi	43137	
1609	nikako	nikako	нареч.	nikako	14587	никак
1613	cipela	cipela	сущ.	cipele	23049	
1614	dobrodošao	dobrodošao	прил.	dobrodošli	26424	
1623	zaustaviti	zaustaviti	глаг.	zaustaviti	57972	
1625	smjeti	smeti	глаг.	smem	63586	
1634	klub	klub	сущ.	klub	31926	
1639	mirno	mirno	нареч.	mirno	14842	спокойно, тихо
1641	probati	probati	глаг.	probaj	57233	попробовать
1644	davno	davno	нареч.	davno	14203	
1646	don	don	сущ.	don	14190	
1650	ozbiljan	ozbiljan	прил.	ozbiljan	32961	
1652	obojica	obojica	сущ.	obojica	20516	
1660	delovati	delovati	глаг.	deluje	31510	
1664	prsten	prsten	сущ.	prsten	17829	
1666	obećati	obećati	глаг.	obećao	34798	
1668	pobeći	pobeći	глаг.	pobegao	65193	
1671	čisto	čisto	нареч.	čisto	14025	
1675	nažalost	nažalost	нареч.	nažalost	13984	к сожалению
1680	lik	lik	сущ.	lik	25990	
1683	dopadati	dopadati	глаг.	dopada	19016	
1684	slično	slično	нареч.	slično	13858	
1690	vana	vana	сущ.	vani	13823	
1693	trudan	trudan	прил.	trudna	15575	
1695	nevolja	nevolja	сущ.	nevolji	33850	
1701	ljut	ljut	прил.	ljut	24747	
1707	odmor	odmor	сущ.	odmor	21505	отпуск, перерыв
1711	desno	desno	нареч.	desno	13613	направо
1714	rado	rado	нареч.	rado	13591	охотно, с удовольствием
1716	zavisiti	zavisiti	глаг.	zavisi	15079	
1720	metar	metar	сущ.	metara	19324	
1727	ostajati	ostajati	глаг.	ostaje	31615	
1733	srediti	srediti	глаг.	srediti	69443	
1737	očito	očito	нареч.	očito	13446	
1739	prekasan	prekasan	прил.	prekasno	13419	
1754	snaga	snaga	сущ.	snage	39727	
1770	razmisliti	razmisliti	глаг.	razmisli	39159	
1771	pola	pola	нареч.	pol	18596	половина, пол-
1780	vrediti	vrediti	глаг.	vredi	21804	
1788	usput	usput	нареч.	usput	13013	
1815	pristup	pristup	сущ.	pristup	14509	
1824	zbilja	zbilja	нареч.	zbilja	12699	
1837	prošlost	prošlost	сущ.	prošlost	24507	
1842	let	let	сущ.	let	26582	
1867	zatvoriti	zatvoriti	глаг.	zatvori	56987	закрыть
1868	ugovor	ugovor	сущ.	ugovor	19122	договор
1869	devojčica	devojčica	сущ.	devojčica	30590	
1870	otkriti	otkriti	глаг.	otkrio	59505	
1871	spavanje	spavanje	сущ.	spavanje	15540	
1874	obrada	obrada	сущ.	obrada	13793	
1880	spasiti	spasiti	глаг.	spasiti	57172	
1882	sara	sara	сущ.	sara	19947	
1892	pokret	pokret	сущ.	pokret	21714	
1893	savet	savet	сущ.	savet	22435	
1906	totalno	totalno	нареч.	totalno	12111	
1918	detektiv	detektiv	сущ.	detektiv	28102	
1925	zamisliti	zamisliti	глаг.	zamisli	38487	
1927	kasan	kasan	прил.	kasnim	13793	
1935	odgovoriti	odgovoriti	глаг.	odgovori	37212	
1937	odluka	odluka	сущ.	odluka	33300	
1939	tiho	tiho	нареч.	tiho	16230	тихо
1953	otkaz	otkaz	сущ.	otkaz	12127	
1955	pojaviti	pojaviti	глаг.	pojavio	42022	
1957	udarac	udarac	сущ.	udarac	18869	
1964	tjedan	tjedan	сущ.	tjedan	24185	
1978	taksi	taksi	сущ.	taksi	15186	
1981	popodne	popodne	сущ.	popodne	13748	после полудня, дня
1986	mamiti	mamiti	глаг.	mami	11618	
1987	umirati	umirati	глаг.	umire	31543	
1995	napokon	napokon	нареч.	napokon	11576	
1996	uveče	uveče	нареч.	uveče	11568	вечером
2004	levo	levo	нареч.	levo	14927	
2007	umoran	umoran	прил.	umoran	23719	усталый
2008	krivica	krivica	сущ.	krivica	20634	
2014	fer	fer	нареч.	fer	11434	
2017	napustiti	napustiti	глаг.	napustio	50980	покинуть, освободить
2027	pobrinuti	pobrinuti	глаг.	pobrinuti	35235	
2029	kutak	kutak	сущ.	kuci	11954	
2036	gej	gej	сущ.	gej	11681	
2038	obožavati	obožavati	глаг.	obožavam	20646	
2040	provesti	provesti	глаг.	proveo	46484	
2049	mrdati	mrdati	глаг.	mrdaj	15621	
2057	venčanje	venčanje	сущ.	venčanje	26875	
2058	kancelarija	kancelarija	сущ.	kancelariji	34203	
2062	promeniti	promeniti	глаг.	promeniti	76904	
2064	proveriti	proveriti	прил.	proveri	63118	
2068	odeća	odeća	сущ.	odeću	29605	
2074	noćas	noćas	нареч.	noćas	11066	
2084	funta	funta	сущ.	funti	13672	
2092	prevesti	prevesti	глаг.	preveo	15098	
2096	popričati	popričati	глаг.	popričamo	29212	
2099	trčati	trčati	глаг.	trči	25058	
2104	grozno	grozno	нареч.	grozno	10933	
2105	trajati	trajati	глаг.	traje	25183	длиться
2118	osećanje	osećanje	сущ.	osećanja	14577	
2119	veličanstvo	veličanstvo	сущ.	veličanstvo	12762	
2124	podatak	podatak	сущ.	podatke	26082	
2126	uhvatiti	uhvatiti	глаг.	uhvati	76445	
2131	valjati	valjati	глаг.	valja	12638	
2137	droga	droga	сущ.	droge	30992	
2140	pozadi	pozadi	нареч.	pozadi	10752	
2148	primetiti	primetiti	глаг.	primetio	31659	
2153	skinuti	skinuti	глаг.	skini	40441	
2157	bivši	bivši	прил.	bivši	27880	
2158	heroj	heroj	сущ.	heroj	18443	
2165	pošteno	pošteno	нареч.	pošteno	10576	
2172	izlaz	izlaz	сущ.	izlaz	14671	
2177	zapamtiti	zapamtiti	глаг.	zapamti	22855	
2179	zabrinut	zabrinut	прил.	zabrinut	15150	
2180	ustati	ustati	глаг.	ustani	29502	
2189	ček	ček	сущ.	ček	12793	
2197	drugar	drugar	сущ.	drugar	17857	
2208	momče	momče	сущ.	momče	10323	
2211	zadržati	zadržati	глаг.	zadržati	44368	
2216	den	den	сущ.	deni	16266	
2221	vojska	vojska	сущ.	vojska	31620	
2222	predivno	predivno	нареч.	predivno	10256	
2226	dopustiti	dopustiti	глаг.	dopustiti	31443	
2227	činjenica	činjenica	сущ.	činjenica	23546	
2228	nijedan	nijedan	прил.	nijedan	26265	
2236	uništiti	uništiti	глаг.	uništiti	59323	
2246	madam	madam	сущ.	madam	10132	
2250	dosadno	dosadno	нареч.	dosadno	10105	
2260	nedavno	nedavno	нареч.	nedavno	10053	
2264	odvratno	odvratno	нареч.	odvratno	10025	
2266	ceniti	ceniti	глаг.	cenim	21002	
2269	sramota	sramota	сущ.	sramota	12161	
2275	blago	blago	нареч.	blago	10993	
2282	meta	meta	сущ.	meta	21093	
2284	boriti	boriti	глаг.	bori	59369	
2288	pametno	pametno	нареч.	pametno	11167	
2291	dogovoriti	dogovoriti	глаг.	dogovoreno	28340	
2293	kopile	kopile	сущ.	kopile	12291	
2301	vođa	vođa	сущ.	vođa	16771	
2302	tetka	tetka	сущ.	tetka	13842	
2308	plus	plus	сущ.	plus	9765	плюс
2309	mozgati	mozgati	глаг.	mozga	9765	
2310	ukus	ukus	сущ.	ukus	14386	
2314	kratko	kratko	нареч.	kratko	10675	коротко, ненадолго
2318	govno	govno	сущ.	govno	16635	
2322	operacija	operacija	сущ.	operaciju	30207	
2325	otprilike	otprilike	нареч.	otprilike	9678	
2329	drugačiji	drugačiji	прил.	drugačiji	18847	
2332	curiti	curiti	глаг.	cure	13152	
2344	kutija	kutija	сущ.	kutiju	28350	
2348	čudovište	čudovište	сущ.	čudovište	15537	
2354	iznenada	iznenada	нареч.	iznenada	9550	
2366	mobilan	mobilan	прил.	mobilni	14056	
2368	prokleto	prokleto	нареч.	prokleto	9460	
2370	pobediti	pobediti	глаг.	pobedio	51960	
2383	član	član	сущ.	član	23109	
2386	grudi	grudi	сущ.	grudi	12808	
2389	gomila	gomila	сущ.	gomila	24172	
2396	pucati	pucati	глаг.	pucaj	49740	
2398	odnos	odnos	сущ.	odnos	21388	
2405	pročitati	pročitati	глаг.	pročitao	34618	прочитать
2408	dugovati	dugovati	глаг.	dugujem	25017	
2415	makar	makar	нареч.	makar	9283	
2422	profesor	profesor	сущ.	profesor	24254	
2423	fantastično	fantastično	нареч.	fantastično	9252	
2434	proklet	proklet	прил.	prokleta	29929	
2435	začepiti	začepiti	глаг.	začepi	10880	
2436	naročito	naročito	нареч.	naročito	9180	
2441	kamera	kamera	сущ.	kamera	29995	
2445	poludeti	poludeti	глаг.	poludeo	25982	
2446	kretati	kretati	глаг.	kreće	37293	
2457	trik	trik	сущ.	trik	14153	
2468	milja	milja	сущ.	milja	13367	
2478	pogoditi	pogoditi	глаг.	pogodi	39980	
2484	tim	tim	сущ.	tima	20947	команда
2487	đubre	đubre	сущ.	đubre	10762	мусор
2501	nivo	nivo	сущ.	nivo	17346	
2502	zaljubljen	zaljubljen	прил.	zaljubljen	19825	
2504	poći	poći	глаг.	pođi	48242	
2510	visoko	visoko	нареч.	visoko	8905	
2511	vruće	vruće	нареч.	vruće	8903	
2522	prodati	prodati	глаг.	prodao	38104	
2529	predstavljati	predstavljati	глаг.	predstavlja	18801	
2530	osiguranje	osiguranje	сущ.	osiguranje	15617	страховка
2535	izabrati	izabrati	глаг.	izabrao	37735	
2543	letiti	letiti	глаг.	leti	20913	
2553	dirati	dirati	глаг.	diraj	21310	
2557	odgovoran	odgovoran	прил.	odgovoran	17167	
2567	faliti	faliti	глаг.	fali	11824	
2574	kučka	kučka	сущ.	kučko	21848	
2575	nasamo	nasamo	нареч.	nasamo	8681	
2583	vrag	vrag	сущ.	vraga	16910	
2586	gazda	gazda	сущ.	gazda	11250	хозяин квартиры
2587	ubrzo	ubrzo	нареч.	ubrzo	8650	вскоре
2591	potez	potez	сущ.	potez	12330	
2592	zavezati	zavezati	глаг.	zaveži	10178	
2601	žurka	žurka	сущ.	žurku	21406	
2602	kučkin	kučkin	прил.	kučkin	9918	
2603	stoj	stoj	сущ.	stoj	8599	
2611	pogrešiti	pogrešiti	глаг.	pogrešio	22357	
2615	priznati	priznati	глаг.	priznati	34414	
2617	odrastati	odrastati	глаг.	odrastao	10611	
2618	visost	visost	сущ.	visosti	9195	
2626	cveće	cveće	сущ.	cveće	14843	
2627	ces	ces	сущ.	ces	8535	
2628	oženiti	oženiti	глаг.	oženjen	29324	
2631	žaliti	žaliti	глаг.	žalim	21236	
2638	zgodan	zgodan	прил.	zgodan	21312	
2642	uključivati	uključivati	глаг.	uključujući	13846	
2643	ispravno	ispravno	нареч.	ispravno	8492	
2644	direktno	direktno	нареч.	direktno	8487	
2645	dobijati	dobijati	глаг.	dobija	28074	
2651	bomba	bomba	сущ.	bomba	25233	
2654	odelo	odelo	сущ.	odelo	15280	
2661	dvaput	dvaput	нареч.	dvaput	8408	
2672	rezultat	rezultat	сущ.	rezultat	21577	
2686	upaliti	upaliti	глаг.	upali	22254	
2692	širom	širom	нареч.	širom	8297	
2697	prijatno	prijatno	нареч.	prijatno	8809	приятного аппетита
2702	odjeb	odjeb	сущ.	odjebi	8257	
2706	čitav	čitav	прил.	čitav	21651	
2712	predlagati	predlagati	глаг.	predlažem	12989	
2718	iskustvo	iskustvo	сущ.	iskustva	19144	опыт
2721	doista	doista	нареч.	doista	8189	
2725	micati	micati	глаг.	miči	13609	
2731	poenta	poenta	сущ.	poenta	10107	
2732	jelo	jelo	сущ.	jelo	15818	блюдо
2734	stanica	stanica	сущ.	stanice	32633	станция
2744	zahvaliti	zahvaliti	глаг.	zahvalim	19750	
2745	miran	miran	прил.	miran	18383	
2751	strava	strava	сущ.	strava	8543	
2752	ponašati	ponašati	глаг.	ponašaš	33916	
2773	napasti	napasti	глаг.	napao	34035	
2777	bobi	bobi	сущ.	bobi	9166	
2783	uostalom	uostalom	нареч.	uostalom	7953	
2784	zezati	zezati	глаг.	zezaš	19047	
2788	ujak	ujak	сущ.	ujak	16670	
2793	sretno	sretno	нареч.	sretno	7912	удачи
2794	naređenje	naređenje	сущ.	naređenja	17236	
2800	prihvatiti	prihvatiti	глаг.	prihvatiti	37120	
2812	svedok	svedok	сущ.	svedoka	25900	
2814	propustiti	propustiti	глаг.	propustio	24094	
2829	međuvreme	međuvreme	сущ.	međuvremenu	7762	
2832	izuzetno	izuzetno	нареч.	izuzetno	7753	
2833	braća	braća	сущ.	braća	17378	
2837	uho	uho	сущ.	uši	14324	
2844	zamalo	zamalo	нареч.	zamalo	7723	
2849	donositi	donositi	глаг.	donosi	19225	
2862	šerif	šerif	сущ.	šerife	19773	
2874	neobično	neobično	нареч.	neobično	7620	
2876	smrditi	smrditi	глаг.	smrdi	10632	
2880	povrediti	povrediti	глаг.	povredio	53933	
2887	želja	želja	сущ.	želja	23859	
2892	ispasti	ispasti	глаг.	ispalo	25426	
2898	udati	udati	глаг.	udala	33759	
2903	osnova	osnova	сущ.	osnovu	13593	
2908	tužno	tužno	нареч.	tužno	7522	
2914	kriti	kriti	глаг.	krije	23725	
2920	iznutra	iznutra	нареч.	iznutra	7474	
2926	jediti	jediti	глаг.	jedi	7829	
2932	čvrsto	čvrsto	нареч.	čvrsto	7972	
2933	gadno	gadno	нареч.	gadno	7448	
2934	dokle	dokle	нареч.	dokle	7447	
2959	rok	rok	сущ.	rok	13067	срок
2960	sklanjati	sklanjati	глаг.	sklanjaj	9937	
2963	prelep	prelep	прил.	prelepo	24806	
2965	ekipa	ekipa	сущ.	ekipa	18773	
2976	umesto	umesto	нареч.	umjesto	7342	
2979	mašina	mašina	сущ.	mašina	19220	стиральная машина
2980	cool	cool	прил.	cool	7338	
2981	tvrditi	tvrditi	глаг.	tvrdi	17863	
2984	potpunost	potpunost	сущ.	potpunosti	7322	
2996	uzrok	uzrok	сущ.	uzrok	7817	
2998	ulaz	ulaz	сущ.	ulaz	11230	вход
3005	hitan	hitan	прил.	hitnu	21327	
3008	smejati	smejati	глаг.	smijem	49779	
3019	princ	princ	сущ.	princ	13873	
3023	rizik	rizik	сущ.	rizik	11431	
3025	nimalo	nimalo	нареч.	nimalo	7215	
3026	oda	oda	сущ.	odu	7866	
3045	oprema	oprema	сущ.	opremu	15524	
3050	krilo	krilo	сущ.	krila	15077	
3054	viski	viski	сущ.	viski	10063	
3057	istraga	istraga	сущ.	istragu	20998	
3060	kompanija	kompanija	сущ.	kompanija	21658	
3063	stil	stil	сущ.	stil	13518	
3091	skloniti	skloniti	глаг.	sklonite	16068	
3094	inspektor	inspektor	сущ.	inspektore	15340	
3099	zamoliti	zamoliti	глаг.	zamolio	22095	
3100	namjerno	namerno	нареч.	namerno	7043	
3101	saliti	saliti	глаг.	sali	7716	
3111	priznavati	priznavati	глаг.	priznajem	9847	
3116	zabrinuti	zabrinuti	глаг.	zabrinuta	10487	
3120	genij	genij	сущ.	genije	7791	
3121	podići	podići	глаг.	podigni	30411	
3122	ubojica	ubojica	сущ.	ubojica	11863	
3126	otkako	otkako	нареч.	otkako	6983	
3127	povratak	povratak	сущ.	povratak	13949	
3128	izraz	izraz	сущ.	izraz	8460	
3134	bezbedno	bezbedno	нареч.	bezbedno	7718	
3139	planet	planet	сущ.	planete	29439	
3141	boza	boza	сущ.	boze	6941	
3149	stopalo	stopalo	сущ.	stopala	11477	
3151	dovoditi	dovoditi	глаг.	dovodi	12859	
3154	ljutiti	ljutiti	глаг.	ljuti	16428	
3155	primiti	primiti	глаг.	primio	36833	
3165	jadan	jadan	прил.	jadni	24197	
3166	kamp	kamp	сущ.	kamp	12124	
3171	pozdraviti	pozdraviti	глаг.	pozdravi	19825	
3177	dnevno	dnevno	нареч.	dnevno	6870	в день, ежедневно
3191	detalj	detalj	сущ.	detalje	16112	
3194	pomjeriti	pomeriti	глаг.	pomeri	17583	
3196	popraviti	popraviti	глаг.	popraviti	25623	починить
3198	suđenje	suđenje	сущ.	suđenje	12749	
3207	utakmica	utakmica	сущ.	utakmicu	16845	
3211	uplašiti	uplašiti	глаг.	uplašio	27627	
3216	svetlost	svetlost	сущ.	svetlost	13964	
3228	neprijatno	neprijatno	нареч.	neprijatno	6755	
3229	uzbudljiv	uzbudljiv	прил.	uzbudljivo	9161	
3232	pravac	pravac	сущ.	pravcu	12123	
3233	prijem	prijem	сущ.	prijem	7906	
3235	lopov	lopov	сущ.	lopov	14008	
3249	spremiti	spremiti	глаг.	spremi	24502	
3250	izjava	izjava	сущ.	izjavu	13902	
3256	zahtevati	zahtevati	глаг.	zahteva	14711	
3257	prednost	prednost	сущ.	prednost	10291	
3258	objašnjenje	objašnjenje	сущ.	objašnjenje	8515	
3260	beliti	beliti	глаг.	beli	15722	
3269	nick	nick	сущ.	nick	7345	
3273	dokazati	dokazati	глаг.	dokazati	27454	
3279	pojesti	pojesti	глаг.	pojeo	35170	
3285	potraga	potraga	сущ.	potrazi	14038	
3286	obuka	obuka	сущ.	obuci	11187	
3287	zadovoljan	zadovoljan	прил.	zadovoljan	13327	
3288	vredno	vredno	нареч.	vredno	8930	
3289	navodno	navodno	нареч.	navodno	6621	
3293	posto	posto	нареч.	posto	6604	
3294	rešiti	rešiti	глаг.	riješiti	49388	
3308	pripremiti	pripremiti	глаг.	pripremite	19469	
3317	oblik	oblik	сущ.	oblik	16146	
3329	srednji	srednji	прил.	srednje	21253	
3333	ponavljati	ponavljati	глаг.	ponavljam	13891	
3340	leći	leći	глаг.	lezi	11003	
3343	postaviti	postaviti	глаг.	postavio	37008	
3347	guzica	guzica	сущ.	guzicu	13417	
3354	osetiti	osetiti	глаг.	osetio	33421	
3367	izgled	izgled	сущ.	izgled	10058	
3369	nevin	nevin	прил.	nevin	16829	
3377	ponuditi	ponuditi	глаг.	ponudio	20377	
3382	stoga	stoga	нареч.	stoga	6418	
3385	svrha	svrha	сущ.	svrhe	15005	
3390	trener	trener	сущ.	trener	14215	
3395	uhapsiti	uhapsiti	глаг.	uhapšen	28182	
3403	kupatilo	kupatilo	сущ.	kupatilo	13216	ванная
3414	sanjati	sanjati	глаг.	sanjao	23390	
3418	javljati	javljati	глаг.	javlja	13668	
3423	čin	čin	сущ.	čin	8671	
3426	pogotovo	pogotovo	нареч.	pogotovo	6324	
3432	iskoristiti	iskoristiti	глаг.	iskoristiti	30677	
3446	skupa	skupa	нареч.	skupa	6292	
3448	crno	crno	нареч.	crno	7215	
3449	crveno	crveno	нареч.	crveno	6287	
3451	spasti	spasti	глаг.	spasao	19318	
3457	prešati	prešati	глаг.	prešao	6278	
3459	truditi	truditi	глаг.	trudim	22250	
3463	poginuti	poginuti	глаг.	poginuo	17990	
3473	paket	paket	сущ.	paket	9052	посылка
3487	odbiti	odbiti	глаг.	odbio	28715	
3488	ućutati	ućutati	глаг.	ućuti	8162	
3490	istraživanje	istraživanje	сущ.	istraživanje	13910	
3492	sisa	sisa	сущ.	sise	8971	
3493	uzgred	uzgred	нареч.	uzgred	6201	
3503	učiti	učiti	глаг.	uči	32121	учить
3521	prirodno	prirodno	нареч.	prirodno	6133	
3528	podneti	podneti	глаг.	podnesem	22315	
3530	prolaz	prolaz	сущ.	prolaz	10015	
3540	dnevnik	dnevnik	сущ.	dnevnik	8693	
3547	korist	korist	сущ.	korist	6099	
3552	popiti	popiti	глаг.	popio	37605	
3553	ispričavati	ispričavati	глаг.	ispričavam	6863	
3554	uživo	uživo	нареч.	uživo	6083	
3555	otvoreno	otvoreno	нареч.	otvoreno	6083	открыто
3559	kucati	kucati	глаг.	kuca	9295	
3569	umalo	umalo	нареч.	umalo	6062	
3573	područje	područje	сущ.	područje	12417	
3576	projekat	projekat	сущ.	projekat	6564	
3578	dosad	dosad	нареч.	dosad	6055	
3583	besplatno	besplatno	нареч.	besplatno	6049	бесплатно
3590	sposoban	sposoban	прил.	sposoban	11744	
3592	pogodak	pogodak	сущ.	pogodak	6706	
3597	boba	boba	сущ.	bobe	7311	
3599	stvorenje	stvorenje	сущ.	stvorenja	12386	
3605	seronja	seronja	сущ.	seronja	14187	
3607	izdati	izdati	глаг.	izdao	18001	
3609	omiljen	omiljen	прил.	omiljeni	20029	
3610	pokupiti	pokupiti	глаг.	pokupi	29842	
3624	koleno	koleno	сущ.	kolena	12830	
3632	drugde	drugde	нареч.	drugde	7925	
3633	ponoviti	ponoviti	глаг.	ponoviti	18342	повторить
3644	stepenica	stepenica	сущ.	stepenice	10220	
3645	čuvar	čuvar	сущ.	čuvar	14233	
3648	osobno	osobno	нареч.	osobno	5938	
3654	uzorak	uzorak	сущ.	uzorak	12131	
3667	golf	golf	сущ.	golf	7286	
3668	kata	kata	сущ.	kate	6899	
3674	odrasti	odrasti	глаг.	odrasla	11680	
3678	mariti	mariti	глаг.	mari	11453	
3683	bend	bend	сущ.	bend	10749	
3684	izvrsno	izvrsno	нареч.	izvrsno	5879	
3687	izazov	izazov	сущ.	izazov	10229	
3689	zahtev	zahtev	сущ.	zahtev	11614	
3694	priprema	priprema	сущ.	pripremi	9456	
3695	oprezan	oprezan	прил.	oprezan	12905	осторожный
3710	setiti	setiti	глаг.	setim	36124	
3712	usporiti	usporiti	прил.	uspori	10961	
3720	krivo	krivo	нареч.	krivo	5811	
3724	iznenaditi	iznenaditi	глаг.	iznenađen	22693	
3725	unazad	unazad	нареч.	unazad	5804	
3731	sezona	sezona	сущ.	sezona	12070	сезон
3734	kartica	kartica	сущ.	karticu	17103	карта (банковская)
3736	znanje	znanje	сущ.	znanje	12811	
3748	koledž	koledž	сущ.	koledž	11586	
3751	pilot	pilot	сущ.	pilot	11782	
3752	ogroman	ogroman	прил.	ogroman	27114	
3753	slomiti	slomiti	глаг.	slomio	30765	
3756	glasina	glasina	сущ.	glasine	7886	
3760	viđenje	viđenje	сущ.	viđenja	6496	
3765	veličina	veličina	сущ.	veličine	12274	
3770	maknuti	maknuti	глаг.	makni	12574	
3772	ravno	ravno	нареч.	ravno	5725	
3782	milost	milost	сущ.	milosti	10595	
3787	kapirati	kapirati	глаг.	kapiram	10795	
3792	suprotno	suprotno	нареч.	suprotno	5687	
3798	uplašen	uplašen	прил.	uplašena	5680	
3802	muški	muški	прил.	muško	16383	
3807	obaviti	obaviti	глаг.	obaviti	29475	
3809	narediti	narediti	глаг.	naredio	12018	
3812	volja	volja	сущ.	volje	17217	
3814	sigurnost	sigurnost	сущ.	sigurnost	11030	
3817	upozorenje	upozorenje	сущ.	upozorenje	8473	
3820	stvarati	stvarati	глаг.	stvara	13280	
3823	odustati	odustati	глаг.	odustati	22184	
3825	pridružiti	pridružiti	глаг.	pridružiti	26534	
3830	teret	teret	сущ.	teret	7357	
3831	naporno	naporno	нареч.	naporno	5618	
3832	važno	važno	нареч.	važnije	5615	
3838	otisak	otisak	сущ.	otiske	17778	
3839	roba	roba	сущ.	robu	15878	
3841	robin	robin	прил.	robin	7110	
3847	hrabar	hrabar	прил.	hrabar	14239	
3855	nevjerojatno	nevjerojatno	нареч.	nevjerojatno	5584	
3856	vožnja	vožnja	сущ.	vožnju	16906	
3859	osloboditi	osloboditi	глаг.	oslobodi	28919	
3861	odrastao	odrastao	прил.	odrasli	11358	
3862	povući	povući	глаг.	povuci	28964	
3865	prijaviti	prijaviti	глаг.	prijavio	23269	заявить
3867	milijun	milijun	сущ.	milijuna	9018	
3870	ćale	ćale	сущ.	ćale	6135	
3878	upucati	upucati	глаг.	upucao	21669	
3886	izdržati	izdržati	глаг.	izdržati	16346	
3888	obezbeđenje	obezbeđenje	сущ.	obezbeđenje	8754	
3889	preklinjati	preklinjati	глаг.	preklinjem	7002	
3896	zvanično	zvanično	нареч.	zvanično	5531	
3900	spomenuti	spomenuti	глаг.	spomenuo	12127	
3906	blizak	blizak	прил.	bliski	17954	
3910	podrum	podrum	сущ.	podrumu	10877	
3914	sećanje	sećanje	сущ.	sećanja	13016	
3916	predug	predug	прил.	predugo	5486	
3917	čamac	čamac	сущ.	čamac	10525	
3918	sila	sila	сущ.	sila	15057	
3920	svirati	svirati	глаг.	svira	24269	
3922	predlog	predlog	сущ.	predlog	8985	
3926	planirati	planirati	глаг.	planirao	30455	
3932	materijal	materijal	сущ.	materijal	9939	
3946	skidati	skidati	глаг.	skidaj	12386	
3947	razvod	razvod	сущ.	razvod	8369	
3953	optužba	optužba	сущ.	optužbe	11432	
3955	nedeljno	nedeljno	нареч.	nedeljno	5415	
3958	neophodno	neophodno	нареч.	neophodno	5413	
3964	scena	scena	сущ.	scenu	15391	
3967	odeljenje	odeljenje	сущ.	odeljenje	11289	
3969	ispričati	ispričati	глаг.	ispričati	29161	
3975	nastavljati	nastavljati	глаг.	nastavlja	11796	
3978	uspeh	uspeh	сущ.	uspeh	11082	
3983	povod	povod	сущ.	povodom	6787	
3995	godišnje	godišnje	нареч.	godišnje	5367	
4001	prevoz	prevoz	сущ.	prevoz	7825	
4025	snimka	snimka	сущ.	snimke	13285	
4034	baviti	baviti	глаг.	bavi	23818	
4035	tatica	tatica	сущ.	tatice	9509	
4037	zainteresovati	zainteresovati	прил.	zainteresovan	8186	
4047	veš	veš	сущ.	veš	7157	
4050	kava	kava	сущ.	kavu	9644	
4058	sesti	sesti	глаг.	sjedni	31710	
4059	poseta	poseta	сущ.	posetu	15310	
4060	iznova	iznova	нареч.	iznova	5277	
4063	kasniti	kasniti	глаг.	kasniš	18385	опаздывать
4064	priroda	priroda	сущ.	prirode	16562	
4072	grejs	grejs	прил.	grejs	6103	
4074	unapred	unapred	нареч.	unapred	6665	
4102	čistiti	čistiti	глаг.	čisti	9926	
4106	zaštititi	zaštititi	глаг.	zaštititi	22483	
4107	tužan	tužan	прил.	tužna	14318	
4108	predivan	predivan	прил.	predivna	14784	
4117	pluća	pluća	сущ.	pluća	6466	
4122	miss	miss	сущ.	miss	5176	
4124	odmoriti	odmoriti	глаг.	odmori	14896	
4131	priznanje	priznanje	сущ.	priznanje	6869	
4135	kurvin	kurvin	прил.	kurvin	6199	
4136	izvesti	izvesti	глаг.	izvesti	23474	
4138	bukvalno	bukvalno	нареч.	bukvalno	5158	
4139	osumnjičiti	osumnjičiti	прил.	osumnjičeni	7178	
4148	svestan	svestan	прил.	svestan	13860	
4154	lagano	lagano	нареч.	lagano	5135	
4156	hodati	hodati	глаг.	hoda	27257	
4157	mator	mator	прил.	matori	9676	
4165	događaj	događaj	сущ.	događaj	17327	
4166	ugasiti	ugasiti	глаг.	ugasi	14001	погасить, выключить
4175	suzan	suzan	прил.	suzan	5105	
4176	jednako	jednako	нареч.	jednako	5105	
4177	kurs	kurs	сущ.	kurs	7197	курс
4179	skot	skot	сущ.	skot	10321	
4189	prekidati	prekidati	глаг.	prekidam	10616	
4194	izbaciti	izbaciti	глаг.	izbaci	31563	
4206	bazen	bazen	сущ.	bazen	10610	
4210	svideti	svideti	глаг.	svidelo	25086	
4215	podsećati	podsećati	глаг.	podseća	11477	
4223	privatan	privatan	прил.	privatni	17391	
4233	hraniti	hraniti	нареч.	hrani	11998	
4239	bum	bum	сущ.	bum	5030	
4246	praktično	praktično	нареч.	praktično	5023	
4253	nabaviti	nabaviti	глаг.	nabaviti	24530	
4258	dno	dno	сущ.	dna	13104	
4266	odlazak	odlazak	сущ.	odlazak	10914	
4268	duplo	duplo	нареч.	duplo	4998	
4275	novčanik	novčanik	сущ.	novčanik	6750	кошелёк
4288	sredina	sredina	сущ.	sredini	9974	
4318	slab	slab	прил.	slab	16222	
4321	sakriti	sakriti	глаг.	sakrio	27864	
4324	debeo	debeo	прил.	debeli	18180	
4325	preran	preran	прил.	prerano	4919	
4339	glasno	glasno	нареч.	glasno	7596	громко
4348	izvinjenje	izvinjenje	сущ.	izvinjenje	5950	
4349	tren	tren	сущ.	tren	8607	
4355	simbol	simbol	сущ.	simbol	6752	
4356	napredovati	napredovati	глаг.	napreduje	13316	
4364	užasan	užasan	прил.	užasan	17930	
4365	dah	dah	сущ.	dah	7446	
4372	spoj	spoj	сущ.	spoj	6436	
4373	osoblje	osoblje	сущ.	osoblje	9162	
4375	sol	sol	сущ.	so	9633	
4394	sef	sef	сущ.	sef	9310	
4406	smisliti	smisliti	глаг.	smislio	19373	
4408	uzbuditi	uzbuditi	глаг.	uzbuđen	12858	
4414	jadno	jadno	нареч.	jadno	4803	
4417	zamena	zamena	сущ.	zamenu	11413	
4424	dobit	dobit	сущ.	dobit	4788	
4427	dvorište	dvorište	сущ.	dvorištu	8842	
4437	vic	vic	сущ.	vic	6618	
4438	cina	cina	сущ.	cini	5220	
4442	ispostaviti	ispostaviti	глаг.	ispostavilo	5500	
4447	viđati	viđati	глаг.	viđam	22523	
4451	fizički	fizički	прил.	fizički	10424	
4469	javno	javno	нареч.	javno	4744	
4477	pristati	pristati	глаг.	pristao	14602	
4479	policijski	policijski	прил.	policijski	16516	
4481	preživeti	preživeti	глаг.	preživeo	33693	
4499	usuđivati	usuđivati	глаг.	usuđuješ	8276	
4511	oteti	oteti	глаг.	oteo	16927	
4514	pretnja	pretnja	сущ.	pretnja	13261	
4526	potpisati	potpisati	глаг.	potpisao	26256	подписать
4529	tehnički	tehnički	прил.	tehnički	5959	
4535	lord	lord	сущ.	lord	10719	
4539	susret	susret	сущ.	susret	8050	
4546	prepoznati	prepoznati	глаг.	prepoznao	15337	
4558	muža	muža	сущ.	mužu	4638	
4561	pregled	pregled	сущ.	pregled	8176	осмотр, приём у врача
4563	ukusno	ukusno	нареч.	ukusno	4631	
4566	pozicija	pozicija	сущ.	poziciju	13237	
4571	lekcija	lekcija	сущ.	lekciju	9996	
4579	stop	stop	сущ.	stop	4617	
4581	pardon	pardon	сущ.	pardon	4612	
4592	snimanje	snimanje	сущ.	snimanje	8112	
4594	cent	cent	сущ.	centi	6818	
4598	terati	terati	глаг.	tera	17414	
4609	predstaviti	predstaviti	глаг.	predstavim	14626	
4612	povremeno	povremeno	нареч.	povremeno	4583	
4613	slediti	slediti	глаг.	sledi	19557	
4622	stepen	stepen	сущ.	stepeni	7977	
4631	kolica	kolica	сущ.	kolica	6992	
4646	neverovatan	neverovatan	прил.	neverovatan	14626	
4649	parče	parče	сущ.	parče	4958	
4652	štap	štap	сущ.	štap	8025	
4654	amin	amin	сущ.	amin	4534	
4656	odbijati	odbijati	глаг.	odbija	10944	
4660	isključiti	isključiti	глаг.	isključi	19405	
4663	pretvarati	pretvarati	глаг.	pretvara	21076	
4665	oprezno	oprezno	нареч.	oprezno	4527	
4667	pomoćnik	pomoćnik	сущ.	pomoćnik	6699	
4669	otpustiti	otpustiti	глаг.	otpušten	20164	
4670	povesti	povesti	глаг.	povedi	21111	
4680	fakultet	fakultet	сущ.	fakultet	8895	
4695	bosti	bosti	глаг.	bo	5158	
4701	lažov	lažov	сущ.	lažov	6873	
4707	vrteti	vrteti	глаг.	vrti	6067	
4714	zbuniti	zbuniti	глаг.	zbunjen	11060	
4717	daviti	daviti	глаг.	dave	7222	
4726	naopako	naopako	нареч.	naopako	4468	
4731	ćelija	ćelija	сущ.	ćelije	13051	
4735	menadžer	menadžer	сущ.	menadžer	6878	
4745	teta	teta	сущ.	teta	7524	
4747	zatrebati	zatrebati	глаг.	zatreba	6846	
4755	upozoriti	upozoriti	прил.	upozorio	15564	
4759	pričekati	pričekati	глаг.	pričekaj	11259	
4768	osvojiti	osvojiti	глаг.	osvojio	14768	
4770	opcija	opcija	сущ.	opcija	8110	
4787	prihvatati	prihvatati	глаг.	prihvatam	9053	
4795	potom	potom	нареч.	potom	4410	
4801	trka	trka	сущ.	trka	16316	
4803	zaraditi	zaraditi	глаг.	zaradio	18092	
4813	ispočetka	ispočetka	нареч.	ispočetka	4391	
4816	žalost	žalost	сущ.	žalost	5838	
4818	pravda	pravda	сущ.	pravde	13727	
4819	zabavan	zabavan	прил.	zabavan	12172	
4821	takmičenje	takmičenje	сущ.	takmičenje	7878	
4822	rez	rez	сущ.	rez	5111	
4824	uveravati	uveravati	глаг.	uveravam	5864	
4826	mobitel	mobitel	сущ.	mobitel	6114	
4827	džul	džul	сущ.	džuli	4380	
4842	miti	miti	глаг.	mili	12154	
4848	izmisliti	izmisliti	глаг.	izmislio	8977	
4857	zen	zen	сущ.	zena	9759	
4858	pljačka	pljačka	сущ.	pljačka	11705	
4866	pad	pad	сущ.	pad	6443	
4868	poželiti	poželiti	глаг.	poželiš	16334	
4869	izlazak	izlazak	сущ.	izlazak	8358	
4872	prigovor	prigovor	сущ.	prigovor	4794	
4875	malopre	malopre	нареч.	malopre	5264	
4880	nijemac	nemac	сущ.	nemci	7472	
4886	humor	humor	сущ.	humor	4753	
4887	trojica	trojica	сущ.	trojica	6865	
4892	mreža	mreža	сущ.	mrežu	13485	
4910	pilula	pilula	сущ.	pilule	7203	
4916	silaziti	silaziti	глаг.	silazi	7242	
4917	tableta	tableta	сущ.	tablete	7226	
4924	gad	gad	сущ.	gad	8482	
4930	častan	častan	прил.	časni	9352	
4937	sofa	sofa	сущ.	sofi	4903	
4938	priuštiti	priuštiti	глаг.	priuštiti	8835	
4940	puls	puls	сущ.	puls	4962	
4950	sredstvo	sredstvo	сущ.	sredstva	9748	
4952	impresivno	impresivno	нареч.	impresivno	4240	
4953	noćni	noćni	прил.	noćna	17046	
4965	međusobno	međusobno	нареч.	međusobno	4223	
4978	čizma	čizma	сущ.	čizme	6432	
4985	obrok	obrok	сущ.	obrok	6674	
5002	karter	karter	сущ.	karter	5951	
5003	ubijanje	ubijanje	сущ.	ubijanje	7696	
5007	uticati	uticati	глаг.	utiče	11388	
5014	naručiti	naručiti	глаг.	naručio	13905	
5015	nalik	nalik	нареч.	nalik	4169	
5029	odbrana	odbrana	сущ.	odbrane	12844	
5031	podalje	podalje	нареч.	podalje	4151	
5038	gubitnik	gubitnik	сущ.	gubitnik	7704	
5039	drugarica	drugarica	сущ.	drugarica	10169	
5040	povezan	povezan	прил.	povezan	4480	
5043	mamac	mamac	сущ.	mamac	4141	
5052	skladište	skladište	сущ.	skladište	8892	
5053	kamenje	kamenje	сущ.	kamenje	6967	
5056	umiješan	umešan	прил.	umešan	4134	
5064	buka	buka	сущ.	buku	10215	шум
5086	skupo	skupo	нареч.	skupo	4732	дорого
5087	saslušati	saslušati	глаг.	saslušaj	10367	
5089	uobičajiti	uobičajiti	прил.	uobičajeno	6168	
5106	gaditi	gaditi	глаг.	gade	5526	
5111	započeti	započeti	глаг.	započeo	16538	
5115	klasa	klasa	сущ.	klase	9662	
5128	poverovati	poverovati	глаг.	poverovati	19954	
5131	nakit	nakit	сущ.	nakit	5560	
5132	faca	faca	сущ.	facu	11066	
5133	glumiti	glumiti	глаг.	glumi	14248	
5140	recept	recept	сущ.	recept	5659	рецепт
5148	živo	živo	нареч.	živo	4707	
5150	čišćenje	čišćenje	сущ.	čišćenje	5951	
5156	porazgovarati	porazgovarati	глаг.	porazgovaramo	9097	
5168	napredak	napredak	сущ.	napredak	5977	
5178	pažljiv	pažljiv	прил.	pažljiv	8682	
5198	besan	besan	прил.	besan	10431	
5199	udobno	udobno	нареч.	udobno	4965	
5200	špijun	špijun	сущ.	špijun	7217	
5203	raniti	raniti	глаг.	ranjen	8683	
5204	sveže	sveže	нареч.	sveže	3999	
5205	predalek	predalek	прил.	predaleko	3998	
5210	umetnik	umetnik	сущ.	umetnik	8692	
5215	održati	održati	глаг.	održati	14730	
5216	gol	gol	сущ.	gola	16234	
5221	prevara	prevara	сущ.	prevara	9915	
5225	visina	visina	сущ.	visine	9130	
5231	prilaziti	prilaziti	глаг.	prilazi	6872	
5232	studio	studio	сущ.	studio	9240	
5236	privremeno	privremeno	нареч.	privremeno	3981	
5239	nikuda	nikuda	нареч.	nikuda	3977	
5243	pojas	pojas	сущ.	pojas	6556	
5246	vrednost	vrednost	сущ.	vrednosti	10347	
5248	poneti	poneti	глаг.	poneo	22132	
5255	zaglaviti	zaglaviti	глаг.	zaglavio	13684	
5258	nastup	nastup	сущ.	nastup	7465	
5259	državni	državni	прил.	državni	15325	
5260	prebrz	prebrz	прил.	prebrzo	4203	
5267	slabo	slabo	нареч.	slabo	4620	слабо, плохо (об уровне)
5269	putovati	putovati	глаг.	putuje	21270	
5273	santa	santa	сущ.	santa	6602	
5277	dokazivati	dokazivati	глаг.	dokazuje	5604	
5286	tužilac	tužilac	сущ.	tužilac	8774	
5317	pojačanje	pojačanje	сущ.	pojačanje	4476	
5321	istovremeno	istovremeno	нареч.	istovremeno	3913	
5323	poprilično	poprilično	нареч.	poprilično	3913	
5325	potrajati	potrajati	глаг.	potrajati	7446	
5333	ličan	ličan	прил.	lični	16092	
5336	dosadan	dosadan	прил.	dosadan	10452	
5338	zaljubiti	zaljubiti	глаг.	zaljubio	12046	
5340	gospa	gospa	сущ.	gospo	5358	
5355	mamica	mamica	сущ.	mamice	6711	
5358	bolesno	bolesno	нареч.	bolesno	3883	
5382	užas	užas	сущ.	užas	4714	
5409	dobrodošlica	dobrodošlica	сущ.	dobrodošlicu	5012	
5412	dovde	dovde	нареч.	dovde	3838	
5413	seksualno	seksualno	нареч.	seksualno	3838	
5421	medicinski	medicinski	прил.	medicinski	15828	
5422	dušica	dušica	сущ.	dušice	4234	
5426	navići	navići	глаг.	navikao	13366	
5427	srčan	srčan	прил.	srčani	5617	
5429	nisko	nisko	нареч.	niže	7420	
5431	zajebavati	zajebavati	глаг.	zajebavaš	9922	
5437	jedanput	jedanput	нареч.	jedanput	3818	
5438	banda	banda	сущ.	bande	12599	
5439	marš	marš	сущ.	marš	4637	
5440	unajmiti	unajmiti	глаг.	unajmio	9003	
5443	pita	pita	сущ.	pite	7913	
5448	uzet	uzet	прил.	uzet	3812	
5453	posvuda	posvuda	нареч.	posvuda	3811	
5456	ministar	ministar	сущ.	ministar	8867	
5458	raspoložiti	raspoložiti	прил.	raspoložen	7043	
5460	zgodno	zgodno	нареч.	zgodno	3803	
5463	blagosloviti	blagosloviti	глаг.	blagoslovio	7626	
5467	lažan	lažan	прил.	lažni	18080	
5484	približavati	približavati	глаг.	približava	8475	
5486	povezati	povezati	глаг.	povezani	21323	
5501	emisija	emisija	сущ.	emisiju	10686	
5503	provaliti	provaliti	глаг.	provalio	11504	
5504	jezivo	jezivo	нареч.	jezivo	3766	
5505	gužva	gužva	сущ.	gužva	8517	толчея, очередь, затор
5535	slava	slava	сущ.	slava	10098	
5542	uznemiriti	uznemiriti	прил.	uznemiren	13627	
5544	snaći	snaći	глаг.	snaći	7024	
5553	sadržati	sadržati	глаг.	sadrži	4763	
5555	predpostavljati	predpostavljati	глаг.	predpostavljam	3729	
5581	porodični	porodični	прил.	porodični	10891	
5600	gay	gay	сущ.	gay	3693	
5604	komšija	komšija	сущ.	komšije	7568	сосед
5605	uključiti	uključiti	глаг.	uključi	21012	
5608	divlji	divlji	прил.	divlje	10471	
5613	visočanstvo	visočanstvo	сущ.	visočanstvo	4110	
5617	guma	guma	сущ.	gume	8570	шина, колесо
5619	zasad	zasad	нареч.	zasad	3680	
5629	izazivati	izazivati	глаг.	izaziva	8137	
5639	ružno	ružno	нареч.	ružno	3666	
5651	romantično	romantično	нареч.	romantično	3654	
5661	usuditi	usuditi	глаг.	usudio	6635	
5664	malen	malen	прил.	malena	9047	
5666	pomenuti	pomenuti	глаг.	pomenuo	8456	
5674	radovati	radovati	глаг.	radujem	8123	
5689	šifra	šifra	сущ.	šifra	9066	
5692	naredan	naredan	прил.	narednih	7360	
5698	obaveza	obaveza	сущ.	obaveza	9250	
5710	zaspati	zaspati	глаг.	zaspao	12724	
5722	papa	papa	сущ.	papa	6216	
5725	imanje	imanje	сущ.	imanje	7434	
5727	posada	posada	сущ.	posade	9844	
5731	kraljevstvo	kraljevstvo	сущ.	kraljevstvo	6884	
5751	pomisao	pomisao	сущ.	pomisao	3589	
5753	uklapati	uklapati	глаг.	uklapa	5193	
5759	brus	brus	сущ.	brus	4201	
5780	razbiti	razbiti	глаг.	razbio	16056	
5784	optužiti	optužiti	глаг.	optužen	16088	
5786	zasigurno	zasigurno	нареч.	zasigurno	3564	
5788	jednostavan	jednostavan	прил.	jednostavan	9969	
5790	propast	propast	сущ.	propast	3561	
5792	nuditi	nuditi	глаг.	nudi	12051	
5793	zaliha	zaliha	сущ.	zalihe	6176	
5798	farma	farma	сущ.	farmi	11519	
5802	krajnje	krajnje	нареч.	krajnje	3554	
5805	gurati	gurati	глаг.	guraj	11865	
5815	mračno	mračno	нареч.	mračno	3543	
5818	ubaciti	ubaciti	глаг.	ubaci	17678	
5822	stopa	stopa	сущ.	stopa	5882	
5831	lediti	lediti	глаг.	ledi	3532	
5832	sustav	sustav	сущ.	sustav	6277	
5833	pripremati	pripremati	глаг.	priprema	8420	
5837	publika	publika	сущ.	publika	9699	
5851	misao	misao	сущ.	misao	6691	
5855	ljubazno	ljubazno	нареч.	ljubazno	3516	
5856	vlasništvo	vlasništvo	сущ.	vlasništvo	5271	
5866	potrošiti	potrošiti	глаг.	potrošio	11566	
5870	rekord	rekord	сущ.	rekord	4305	
5872	forma	forma	сущ.	formi	5958	
5873	proslaviti	proslaviti	глаг.	proslavimo	6028	
5875	poglavlje	poglavlje	сущ.	poglavlje	4678	
5877	majstor	majstor	сущ.	majstor	6707	мастер
5886	kapija	kapija	сущ.	kapiju	9449	
5891	postići	postići	глаг.	postići	12910	
5893	isuviše	isuviše	нареч.	isuviše	3483	
5895	grozan	grozan	прил.	grozan	11621	
5904	birati	birati	глаг.	biram	15119	
5911	zvoniti	zvoniti	глаг.	zvoni	5209	
5914	stric	stric	сущ.	stric	7452	
5917	trošak	trošak	сущ.	troškove	7547	
5920	straža	straža	сущ.	straža	8773	
5925	sopstven	sopstven	прил.	sopstveni	17777	
5930	set	set	сущ.	set	4889	
5970	drveće	drveće	сущ.	drveće	7598	
5971	peniti	peniti	глаг.	peni	3431	
5977	sprečiti	sprečiti	глаг.	sprečiti	17617	
5989	lori	lori	сущ.	lori	3421	
5990	bolno	bolno	нареч.	bolno	3421	
5995	prekrasan	prekrasan	прил.	prekrasno	9422	
5998	izvaditi	izvaditi	глаг.	izvadi	15800	
6000	zamisao	zamisao	сущ.	zamisao	3412	
6005	ivica	ivica	сущ.	ivici	4207	
6013	polaziti	polaziti	глаг.	polazi	5042	
6032	pripaziti	pripaziti	глаг.	pripazi	6212	
6043	ispadati	ispadati	глаг.	ispada	5014	
6046	apartman	apartman	сущ.	apartman	5134	
6047	katkad	katkad	нареч.	katkad	3380	
6049	prethodno	prethodno	нареч.	prethodno	3377	
6052	vezan	vezan	прил.	vezan	7809	
6065	odneti	odneti	глаг.	odnesi	23421	
6082	obući	obući	глаг.	obučen	24146	
6086	svratiti	svratiti	глаг.	svratio	15375	
6087	krvariti	krvariti	глаг.	krvari	7723	
6090	odobrenje	odobrenje	сущ.	odobrenje	4477	
6094	provera	provera	сущ.	provjeri	9725	
6097	junak	junak	сущ.	junak	5129	
6110	nameravati	nameravati	глаг.	nameravam	17131	
6115	gubljenje	gubljenje	сущ.	gubljenje	3704	
6118	korisno	korisno	нареч.	korisno	3339	
6123	borac	borac	сущ.	borac	7018	
6125	njemački	nemački	прил.	nemački	7513	
6126	rit	rit	сущ.	rita	3718	
6128	incident	incident	сущ.	incident	6055	
6129	žica	žica	сущ.	žice	8498	
6145	donna	donna	сущ.	donna	3558	
6159	carstvo	carstvo	сущ.	carstvo	5952	
6163	radost	radost	сущ.	radost	6036	
6170	potražiti	potražiti	глаг.	potraži	15316	
6172	osuditi	osuditi	глаг.	osuđen	8559	
6173	rodan	rodan	прил.	rodni	4075	
6177	službeno	službeno	нареч.	službeno	3301	
6179	navečer	navečer	нареч.	navečer	3301	
6182	šutiti	šutiti	глаг.	šuti	3583	
6200	spolja	spolja	нареч.	spolja	3285	
6211	zajebati	zajebati	глаг.	zajebi	9376	
6212	bližiti	bližiti	глаг.	bliži	3271	
6222	lokalan	lokalan	прил.	lokalni	13439	
6223	odustajati	odustajati	глаг.	odustajem	8241	
6229	misterija	misterija	сущ.	misterija	5936	
6231	but	but	сущ.	but	4284	
6237	uspomena	uspomena	сущ.	uspomene	7213	
6239	tretman	tretman	сущ.	tretman	4209	
6244	snimati	snimati	глаг.	snima	16290	
6245	salata	salata	сущ.	salatu	6393	
6248	brend	brend	сущ.	brenda	4279	
6256	meč	meč	сущ.	meč	4432	
6258	održavati	održavati	глаг.	održava	8821	
6260	ratni	ratni	прил.	ratni	10063	
6261	upropastiti	upropastiti	глаг.	upropastio	11529	
6264	sporo	sporo	нареч.	sporo	5180	
6266	složiti	složiti	глаг.	složio	16398	сложить; согласиться (se)
6268	veština	veština	сущ.	veštine	9596	
6273	kauč	kauč	сущ.	kauču	6827	
6275	ovisiti	ovisiti	глаг.	ovisi	3235	
6287	zadužiti	zadužiti	прил.	zadužen	5379	
6304	senator	senator	сущ.	senator	8796	
6307	guverner	guverner	сущ.	guverner	7288	
6313	upadati	upadati	глаг.	upadaj	8581	
6318	skočiti	skočiti	глаг.	skoči	12778	
6323	suludo	suludo	нареч.	suludo	3206	
6329	skok	skok	сущ.	skok	4019	
6334	slušalica	slušalica	сущ.	slušalicu	4495	
6344	odvjetnik	odvjetnik	сущ.	odvjetnik	7401	
6350	savetnik	savetnik	сущ.	savetnik	6976	
6353	ekstra	ekstra	прил.	ekstra	3191	
6362	zaključati	zaključati	глаг.	zaključana	17249	
6364	profil	profil	сущ.	profil	4382	
6387	plen	plen	сущ.	plen	4893	
6393	oproštaj	oproštaj	сущ.	oproštaj	3500	
6394	prioritet	prioritet	сущ.	prioritet	4510	
6396	uveriti	uveriti	глаг.	uverim	15767	
6406	hit	hit	сущ.	hit	3157	
6408	teći	teći	глаг.	teče	4473	
6415	diviti	diviti	глаг.	divim	6959	
6433	zastrašujući	zastrašujući	прил.	zastrašujuće	4830	
6436	bezbedan	bezbedan	прил.	bezbedan	10850	
6439	napuniti	napuniti	глаг.	napuni	14840	наполнить, заправить
6444	rock	rock	сущ.	rock	3141	
6454	onoliko	onoliko	нареч.	onoliko	3136	
6456	lepotica	lepotica	сущ.	lepotice	7472	
6457	ružan	ružan	прил.	ružna	11621	
6463	levati	levati	глаг.	leva	4030	
6464	roj	roj	сущ.	roj	3693	
6469	poen	poen	сущ.	poena	5048	
6473	ponositi	ponositi	глаг.	ponosim	5492	
6482	brati	brati	глаг.	beri	3826	
6484	konobar	konobar	сущ.	konobar	4623	
6486	privlačiti	privlačiti	глаг.	privlači	5548	
6491	zamenik	zamenik	сущ.	zamenik	6483	
6492	seliti	seliti	глаг.	seli	8134	
6505	uvrnuti	uvrnuti	прил.	uvrnuto	5813	
6514	naprotiv	naprotiv	нареч.	naprotiv	3102	
6528	srušiti	srušiti	глаг.	srušio	11842	
6533	mešati	mešati	глаг.	mešaj	13926	
6539	talas	talas	сущ.	talas	8634	
6544	specijalno	specijalno	нареч.	specijalno	3087	
6546	pokvariti	pokvariti	глаг.	pokvario	18146	
6551	izvanredno	izvanredno	нареч.	izvanredno	3083	
6561	očajan	očajan	прил.	očajan	7396	
6565	uniforma	uniforma	сущ.	uniformu	9611	
6578	kriviti	kriviti	глаг.	kriviti	7869	
6593	ugodno	ugodno	нареч.	ugodno	3470	
6601	sklonište	sklonište	сущ.	sklonište	4766	
6602	predložiti	predložiti	глаг.	predložio	7487	
6635	značenje	značenje	сущ.	značenje	3586	
6648	zamak	zamak	сущ.	zamak	3037	
6653	štit	štit	сущ.	štit	6336	
6685	blag	blag	прил.	blagi	8104	
6687	vaditi	vaditi	глаг.	vadi	6629	
6689	puštati	puštati	глаг.	puštaj	14817	
6701	prepustiti	prepustiti	глаг.	prepusti	9572	
6708	zauzvrat	zauzvrat	нареч.	zauzvrat	3008	
6712	počiniti	počiniti	глаг.	počinio	6937	
6713	zona	zona	сущ.	zona	10833	
6715	pojavljivati	pojavljivati	глаг.	pojavljuje	5585	
6719	ljubavnik	ljubavnik	сущ.	ljubavnik	8572	
6737	zora	zora	сущ.	zoru	7048	
6738	staro	staro	нареч.	starije	2991	
6743	kila	kila	сущ.	kila	5002	
6744	univerzum	univerzum	сущ.	univerzum	6958	
6754	suočiti	suočiti	глаг.	suočiti	12577	
6760	mio	mio	прил.	miloga	3993	
6768	određen	određen	прил.	određene	13630	
6770	zajednica	zajednica	сущ.	zajednice	9417	
6775	dopasti	dopasti	глаг.	dopalo	11115	
6781	strogo	strogo	нареч.	strogo	2970	
6795	dozvoljavati	dozvoljavati	глаг.	dozvoljava	7522	
6802	prepoznavati	prepoznavati	глаг.	prepoznaješ	8623	
6805	pranje	pranje	сущ.	pranje	3842	
6812	nadzor	nadzor	сущ.	nadzor	6100	
6817	ostavka	ostavka	сущ.	ostavku	3545	
6829	šupak	šupak	сущ.	šupak	5061	
6832	privatno	privatno	нареч.	privatno	2942	
6837	računati	računati	глаг.	računam	13663	
6840	kloniti	kloniti	глаг.	kloni	5083	
6844	ploča	ploča	сущ.	ploče	9157	
6852	svest	svest	сущ.	svesti	6272	
6859	pristojno	pristojno	нареч.	pristojno	2926	
6860	lady	lady	сущ.	lady	2925	
6866	pravilno	pravilno	нареч.	pravilno	2922	
6868	mina	mina	сущ.	mini	7174	
6873	napuštati	napuštati	глаг.	napušta	10471	
6874	sačuvati	sačuvati	глаг.	sačuvaj	14222	
6876	bacanje	bacanje	сущ.	bacanje	4063	выбрасывание
6877	benzin	benzin	сущ.	benzin	5060	бензин
6880	otkriće	otkriće	сущ.	otkriće	5731	
6909	detinjstvo	detinjstvo	сущ.	detinjstva	7064	
6910	čuditi	čuditi	глаг.	čudi	4816	
6912	tara	tara	сущ.	tara	3648	
6915	skrenuti	skrenuti	глаг.	skreni	12207	
6917	vući	vući	глаг.	vuče	9351	
6925	gaćice	gaćice	сущ.	gaćice	3769	
6932	olakšanje	olakšanje	сущ.	olakšanje	2891	
6936	donji	donji	прил.	donji	8557	
6938	nevinost	nevinost	сущ.	nevinost	3826	
6940	komp	komp	сущ.	kompa	2888	
6943	osumnjičen	osumnjičen	прил.	osumnjičenog	5677	
6944	isteći	isteći	глаг.	isteklo	4472	
6952	očajnički	očajnički	прил.	očajnički	2884	
6962	sporazum	sporazum	сущ.	sporazum	4007	
6970	uništavati	uništavati	глаг.	uništava	7163	
6971	opis	opis	сущ.	opis	4857	
6985	oduševiti	oduševiti	глаг.	oduševljen	6905	
6987	podsetiti	podsetiti	глаг.	podseti	11452	
6990	postavljati	postavljati	глаг.	postavlja	11931	
7006	doktorka	doktorka	сущ.	doktorka	4536	
7007	utočište	utočište	сущ.	utočište	3522	
7011	generacija	generacija	сущ.	generacije	7847	
7015	zakleti	zakleti	глаг.	zakleo	6766	
7017	radni	radni	прил.	radno	14041	рабочий
7018	snažno	snažno	нареч.	snažno	3302	
7021	pružati	pružati	глаг.	pruža	5312	
7023	pritisnuti	pritisnuti	глаг.	pritisni	9063	
7031	legalno	legalno	нареч.	legalno	2847	
7034	disk	disk	сущ.	disk	4787	
7035	zagrliti	zagrliti	глаг.	zagrli	6966	
7054	dobrovoljno	dobrovoljno	нареч.	dobrovoljno	2835	
7063	savest	savest	сущ.	savest	6237	
7072	eksplodirati	eksplodirati	глаг.	eksplodira	9804	
7088	očistiti	očistiti	глаг.	očisti	12986	
7095	protekao	protekao	прил.	proteklih	3663	
7100	stranka	stranka	сущ.	stranci	5768	
7101	neprestano	neprestano	нареч.	neprestano	2814	
7114	rod	rod	сущ.	rod	5284	
7121	pecanje	pecanje	сущ.	pecanje	3495	
7122	gurnuti	gurnuti	глаг.	gurnuo	9446	
7137	primati	primati	глаг.	prima	11972	
7138	odel	odel	сущ.	odela	7544	
7143	smer	smer	сущ.	smeru	7509	
7148	prestajati	prestajati	глаг.	prestaje	5453	
7149	promašiti	promašiti	глаг.	promašio	6072	
7158	prtljag	prtljag	сущ.	prtljag	4747	багаж
7160	čip	čip	сущ.	čip	3768	
7164	diler	diler	сущ.	diler	6342	
7175	doslovno	doslovno	нареч.	doslovno	2783	
7177	izazvati	izazvati	глаг.	izazvao	11204	
7180	odsutan	odsutan	прил.	odsutan	4546	
7184	krasno	krasno	нареч.	krasno	2781	
7190	kombinacija	kombinacija	сущ.	kombinacija	5007	
7201	beleška	beleška	сущ.	beleške	3966	
7208	uistinu	uistinu	нареч.	uistinu	2772	
7218	školski	školski	прил.	školski	9431	
7221	pretpostaviti	pretpostaviti	глаг.	pretpostavimo	9541	
7222	čestitka	čestitka	сущ.	čestitke	4066	
7226	raskinuti	raskinuti	глаг.	raskinuli	8123	
7227	vizija	vizija	сущ.	viziju	8512	
7243	raspad	raspad	сущ.	raspada	3122	
7244	tuča	tuča	сущ.	tuče	6554	
7254	erin	erin	прил.	erin	2751	
7255	pretiti	pretiti	глаг.	pretio	12629	
7271	pomerati	pomerati	глаг.	pomera	9508	
7276	stres	stres	сущ.	stresom	7030	
7281	vanzemaljac	vanzemaljac	сущ.	vanzemaljci	7574	
7282	pokrenuti	pokrenuti	глаг.	pokrenuti	15683	
7299	kampanja	kampanja	сущ.	kampanju	7705	
7315	potvrda	potvrda	сущ.	potvrdu	5144	справка
7316	predomisliti	predomisliti	глаг.	predomislio	9888	
7324	kredit	kredit	сущ.	kredit	4141	
7325	opsesti	opsesti	прил.	opsednut	6175	
7330	nesporazum	nesporazum	сущ.	nesporazum	3873	
7334	uputstvo	uputstvo	сущ.	uputstva	3964	
7341	prijati	prijati	глаг.	prija	5706	
7342	odanost	odanost	сущ.	odanost	3627	
7347	nježno	nežno	нареч.	nežno	2711	
7357	zarobiti	zarobiti	глаг.	zarobljen	10794	
7363	pregledati	pregledati	глаг.	pregledao	13352	
7376	tuš	tuš	сущ.	tuš	4471	
7382	rizikovati	rizikovati	глаг.	rizikujem	13761	
7387	povlačenje	povlačenje	сущ.	povlačenje	3512	
7394	čvrst	čvrst	прил.	čvrst	8355	
7406	pop	pop	сущ.	pop	3938	
7412	južno	južno	нареч.	južno	2965	
7417	skala	skala	сущ.	skali	3298	
7431	sudnica	sudnica	сущ.	sudnici	4592	
7433	vince	vince	сущ.	vince	2673	
7435	drolja	drolja	сущ.	drolja	5229	
7436	vodič	vodič	сущ.	vodič	3750	
7437	trud	trud	сущ.	trud	5846	
7438	izluđivati	izluđivati	глаг.	izluđuje	3811	
7439	zameniti	zameniti	глаг.	zameni	17355	
7448	senka	senka	сущ.	senke	8928	
7452	nestanak	nestanak	сущ.	nestanak	5327	
7454	božji	božji	прил.	božji	11531	
7456	tužba	tužba	сущ.	tužbu	5900	
7457	prekršiti	prekršiti	глаг.	prekršio	6454	
7461	pisanje	pisanje	сущ.	pisanje	4975	
7462	tući	tući	глаг.	tukao	9525	
7465	uprava	uprava	сущ.	upravu	6762	
7466	isticati	isticati	глаг.	ističe	2916	
7467	propasti	propasti	глаг.	propao	12012	
7475	din	din	сущ.	din	2654	
7487	čitanje	čitanje	сущ.	čitanje	4400	
7496	dvostruko	dvostruko	нареч.	dvostruko	2645	
7498	provoditi	provoditi	глаг.	provodi	14566	
7499	naporan	naporan	прил.	naporan	4494	
7500	kavez	kavez	сущ.	kavez	6128	
7501	oduzeti	oduzeti	глаг.	oduzeti	12050	
7517	smestiti	smestiti	глаг.	smestio	16928	
7520	roštilj	roštilj	сущ.	roštilj	3663	
7521	premer	premer	сущ.	premijer	4742	
7532	nesrećan	nesrećan	прил.	nesrećan	6524	
7533	devica	devica	сущ.	devica	5202	
7538	odavati	odavati	глаг.	odaje	2933	
7544	moćan	moćan	прил.	moćni	14904	
7553	obavezno	obavezno	нареч.	obavezno	2623	
7558	žestoko	žestoko	нареч.	žestoko	3116	
7561	desert	desert	сущ.	desert	2935	десерт
7568	proizvoditi	proizvoditi	глаг.	proizvodi	3199	
7572	čika	čika	сущ.	čika	2618	
7573	značka	značka	сущ.	značku	4724	
7577	nebitno	nebitno	нареч.	nebitno	2618	
7580	ludnica	ludnica	сущ.	ludnica	4670	
7582	dlaka	dlaka	сущ.	dlake	6059	
7583	spavaći	spavaći	прил.	spavaćoj	8194	
7586	termin	termin	сущ.	termin	2983	
7594	pozajmiti	pozajmiti	глаг.	pozajmim	11508	
7602	opera	opera	сущ.	operi	6633	
7603	indijanac	indijanac	сущ.	indijanci	7778	
7611	opustiti	opustiti	глаг.	opušteno	6836	
7615	poslednje	poslednje	нареч.	posljednje	2598	
7617	profesionalan	profesionalan	прил.	profesionalni	6099	
7618	keš	keš	сущ.	keš	5559	
7622	karakter	karakter	сущ.	karakter	4384	
7624	mučenje	mučenje	сущ.	mučenje	3821	
7639	čudesno	čudesno	нареч.	čudesno	2584	
7640	slaviti	slaviti	глаг.	slavimo	8386	
7645	koktel	koktel	сущ.	koktel	4098	
7651	venčati	venčati	глаг.	venčali	15482	
7653	serijski	serijski	прил.	serijski	4807	
7665	zapaliti	zapaliti	глаг.	zapalio	12719	
7673	okrug	okrug	сущ.	okruga	7045	
7680	upravnik	upravnik	сущ.	upravnik	5112	
7684	svež	svež	прил.	svež	9989	
7686	grubo	grubo	нареч.	grubo	2567	
7694	uspešan	uspešan	прил.	uspešan	7999	
7713	kamionet	kamionet	сущ.	kamionet	3729	
7719	sabrati	sabrati	глаг.	saberi	4323	
7737	plamen	plamen	сущ.	plamen	5339	
7745	producent	producent	сущ.	producent	3789	
7761	strpljenje	strpljenje	сущ.	strpljenje	5395	
7762	voljan	voljan	прил.	voljan	4635	
7764	nezgodno	nezgodno	нареч.	nezgodno	2537	
7770	zaboleti	zaboleti	глаг.	zabole	3454	
7775	dina	dina	сущ.	dine	5173	
7779	show	show	сущ.	show	2774	
7785	sram	sram	сущ.	sram	3476	
7787	razjasniti	razjasniti	глаг.	razjasnimo	4588	
7790	upamtiti	upamtiti	глаг.	upamti	4548	
7808	naslov	naslov	сущ.	naslov	3411	
7821	efekat	efekat	сущ.	efekat	3006	
7822	zakasniti	zakasniti	глаг.	zakasnio	11373	
7823	udahnuti	udahnuti	глаг.	udahni	4812	
7828	ispuniti	ispuniti	глаг.	ispuniti	14995	
7829	proba	proba	сущ.	probu	5308	
7841	piliti	piliti	глаг.	pili	2513	
7848	vrištati	vrištati	глаг.	vrišti	8264	
7851	bubati	bubati	глаг.	buba	2510	
7853	saslušanje	saslušanje	сущ.	saslušanje	4239	
7860	raspolaganje	raspolaganje	сущ.	raspolaganju	2769	
7864	dvorac	dvorac	сущ.	dvorac	4544	
7865	podnositi	podnositi	глаг.	podnosim	6565	
7871	prisutan	prisutan	прил.	prisutan	6113	
7878	preterano	preterano	нареч.	preterano	2500	
7892	lane	lane	сущ.	lane	2495	
7897	objaviti	objaviti	глаг.	objaviti	13646	
7899	zgrabiti	zgrabiti	глаг.	zgrabi	8376	
7907	zaposliti	zaposliti	прил.	zaposlio	10535	
7908	bingo	bingo	сущ.	bingo	2490	
7911	poslužiti	poslužiti	глаг.	posluži	9148	
7916	franak	franak	сущ.	franaka	3944	
7918	sledeće	sledeće	нареч.	sljedeće	2488	
7920	britanski	britanski	прил.	britanski	9039	
7923	pristajati	pristajati	глаг.	pristaje	5848	
7934	svađa	svađa	сущ.	svađa	7724	
7936	okupljanje	okupljanje	сущ.	okupljanje	3838	
7938	evro	evro	сущ.	evra	2483	евро
7940	moment	moment	сущ.	momenta	5907	
7942	vezano	vezano	нареч.	vezano	2481	
7944	nauditi	nauditi	глаг.	nauditi	5474	
7950	zaklon	zaklon	сущ.	zaklon	2476	
7954	proveravati	proveravati	глаг.	proveravam	10534	
7955	težina	težina	сущ.	težinu	6562	
7958	poticati	poticati	глаг.	potiče	3586	
7959	karton	karton	сущ.	karton	3981	
7966	sukob	sukob	сущ.	sukob	5256	
7971	slatkiš	slatkiš	сущ.	slatkiše	8898	
7994	prebaciti	prebaciti	глаг.	prebaci	13134	
7998	bekstvo	bekstvo	сущ.	bekstvo	5081	
8010	razumno	razumno	нареч.	razumno	2460	
8011	mater	mater	сущ.	mater	2459	
8020	stroj	stroj	сущ.	stroj	3596	
8037	štab	štab	сущ.	štab	4234	
8044	file	file	сущ.	file	2447	
8054	razvoj	razvoj	сущ.	razvoj	4642	
8067	piletina	piletina	сущ.	piletinu	6093	
8073	logor	logor	сущ.	logor	5502	
8074	eksploziv	eksploziv	сущ.	eksploziv	4340	
8095	otpad	otpad	сущ.	otpada	4756	
8103	pobiti	pobiti	глаг.	pobiti	11005	
8109	logično	logično	нареч.	logično	2419	
8140	pozornik	pozornik	сущ.	pozorniče	4042	
8144	vreća	vreća	сущ.	vreću	7834	
8153	odred	odred	сущ.	odred	3579	
8166	severno	severno	нареч.	severno	2396	
8167	raspoloženje	raspoloženje	сущ.	raspoloženje	4483	
8175	voljno	voljno	нареч.	voljno	2393	
8177	gledanje	gledanje	сущ.	gledanje	4486	
8201	privatnost	privatnost	сущ.	privatnost	4508	
8203	mentalno	mentalno	нареч.	mentalno	2386	
8205	palačinka	palačinka	сущ.	palačinke	2923	
8210	naoružati	naoružati	прил.	naoružan	5653	
8221	komunikacija	komunikacija	сущ.	komunikacije	5911	
8224	svađati	svađati	глаг.	svađali	10273	
8231	ukupno	ukupno	нареч.	ukupno	2379	
8236	proslava	proslava	сущ.	proslavu	6425	
8237	prsa	prsa	сущ.	prsa	3335	
8238	računalo	računalo	сущ.	računalo	2916	
8242	prenos	prenos	сущ.	prenos	3590	перевод
8244	redovno	redovno	нареч.	redovno	2377	
8247	velečasni	velečasni	прил.	velečasni	2743	
8255	sportski	sportski	прил.	sportski	5688	
8264	životan	životan	прил.	životni	10353	
8269	faks	faks	сущ.	faks	5241	
8277	čudak	čudak	сущ.	čudak	4048	
8283	itekako	itekako	нареч.	itekako	2364	
8284	ponestajati	ponestajati	глаг.	ponestaje	2364	
8287	kućni	kućni	прил.	kućni	8318	
8298	preterati	preterati	глаг.	preterao	5084	
8299	okidač	okidač	сущ.	okidač	2361	
8303	preostati	preostati	глаг.	preostalo	3533	
8308	uspešno	uspešno	нареч.	uspešno	2358	
8322	posve	posve	нареч.	posve	2354	
8332	sličan	sličan	прил.	sličan	11741	
8334	videlo	videlo	сущ.	videlo	2349	
8339	dugačak	dugačak	прил.	dugačak	5486	
8345	skrivati	skrivati	глаг.	skriva	9510	
8352	belac	belac	сущ.	belac	7557	
8364	naleteti	naleteti	глаг.	naleteo	7395	
8365	opisati	opisati	глаг.	opisati	9704	
8369	ocena	ocena	сущ.	ocene	5613	
8374	skandal	skandal	сущ.	skandal	3003	
8376	široko	široko	нареч.	šire	3553	
8380	odmaći	odmaći	глаг.	odmaknite	4672	
8385	prikladno	prikladno	нареч.	prikladno	2611	
8390	posvađati	posvađati	глаг.	posvađali	3656	
8398	sijati	sijati	глаг.	sija	3321	
8403	vis	vis	сущ.	vis	2328	
8406	nazdraviti	nazdraviti	глаг.	nazdravimo	3469	
8408	sjedinjen	sjedinjen	прил.	sjedinjenih	4226	
8417	drevan	drevan	прил.	drevni	8984	
8419	odraditi	odraditi	глаг.	odradio	13944	
8427	nekretnina	nekretnina	сущ.	nekretnine	4566	
8428	praćenje	praćenje	сущ.	praćenje	2734	
8434	house	house	сущ.	house	2316	
8435	audicija	audicija	сущ.	audiciju	4690	
8437	vremenski	vremenski	прил.	vremenski	8267	
8447	slikati	slikati	глаг.	slikam	13168	
8452	impresionirati	impresionirati	глаг.	impresioniran	6225	
8457	reagovati	reagovati	глаг.	reaguje	8401	
8471	četvrt	četvrt	сущ.	četvrt	2303	
8472	dnevni	dnevni	прил.	dnevnoj	8981	
8485	up	up	сущ.	up	2296	
8491	žedan	žedan	прил.	žedan	4148	
8500	zakazati	zakazati	глаг.	zakazano	6881	
8510	ručno	ručno	нареч.	ručno	2289	
8516	interes	interes	сущ.	interesu	8691	
8526	prodavac	prodavac	сущ.	prodavac	3648	
8531	out	out	сущ.	out	2281	
8538	obrnuti	obrnuti	прил.	obrnuto	2977	
8544	kravata	kravata	сущ.	kravatu	5068	
8548	kazniti	kazniti	глаг.	kažnjen	8736	
8556	pokrivati	pokrivati	глаг.	pokriva	8604	
8558	preseliti	preseliti	глаг.	preselio	10810	
8561	zaključak	zaključak	сущ.	zaključak	4849	
8562	povezivati	povezivati	глаг.	povezuje	3176	
8564	džemper	džemper	сущ.	džemper	2768	
8573	unutrašnji	unutrašnji	прил.	unutrašnje	8030	
8591	pokretati	pokretati	глаг.	pokreće	3223	
8592	prelaziti	prelaziti	глаг.	prelazi	6792	
8597	otkrivati	otkrivati	глаг.	otkriva	4370	
8599	ur	ur	сущ.	ura	2257	
8607	opraštati	opraštati	глаг.	opraštam	4277	
8614	povrće	povrće	сущ.	povrće	3498	
8617	debelo	debelo	нареч.	debelo	2253	
8622	odbaciti	odbaciti	глаг.	odbaciti	13637	
8632	nepristojno	nepristojno	нареч.	nepristojno	2249	
8645	odlučivati	odlučivati	глаг.	odlučuje	7075	
8654	studija	studija	сущ.	studije	2871	
8662	pasulj	pasulj	сущ.	pasulj	3062	
8675	dotle	dotle	нареч.	dotle	2237	
8678	ulazak	ulazak	сущ.	ulazak	4225	
8680	uložiti	uložiti	глаг.	uložio	6445	
8681	tipično	tipično	нареч.	tipično	2235	
8692	podeliti	podeliti	глаг.	podelimo	16824	
8693	prirodan	prirodan	прил.	prirodni	10145	
8695	pokloniti	pokloniti	глаг.	poklonio	7830	
8703	zainteresovan	zainteresovan	прил.	zainteresovani	2475	
8714	profesionalno	profesionalno	нареч.	profesionalno	2227	
8715	oklop	oklop	сущ.	oklop	3348	
8718	fan	fan	сущ.	fan	3774	
8723	ormar	ormar	сущ.	ormaru	5320	
8737	poštediti	poštediti	глаг.	poštedi	3830	
8738	izdavati	izdavati	глаг.	izdaje	3009	
8742	ubediti	ubediti	глаг.	ubedio	15173	
8750	odozgo	odozgo	нареч.	odozgo	2216	
8751	provod	provod	сущ.	provod	2463	
8760	potruditi	potruditi	глаг.	potrudi	9321	
8762	preminuti	preminuti	глаг.	preminuo	4182	
8772	gadan	gadan	прил.	gadan	6459	
8775	zaprositi	zaprositi	глаг.	zaprosio	3608	
8777	zasluga	zasluga	сущ.	zasluge	3040	
8778	vezati	vezati	глаг.	vezana	13795	
8779	zavesa	zavesa	сущ.	zavese	4255	
8794	silom	silom	нареч.	silom	2205	
8813	uvaliti	uvaliti	глаг.	uvalio	5281	
8815	dići	dići	глаг.	digni	12705	
8817	pozitivno	pozitivno	нареч.	pozitivno	2198	
8828	kikiriki	kikiriki	сущ.	kikiriki	3730	
8835	vrhunski	vrhunski	прил.	vrhunski	4749	
8837	stoka	stoka	сущ.	stoku	5455	
8842	pozornost	pozornost	сущ.	pozornost	2569	
8843	pobeđivati	pobeđivati	глаг.	pobeđuje	4941	
8845	igrica	igrica	сущ.	igrice	4795	
8847	toaleta	toaleta	сущ.	toaletu	4512	
8848	fantastičan	fantastičan	прил.	fantastičan	5793	
8853	kužiti	kužiti	глаг.	kužim	3822	
8854	lečenje	lečenje	сущ.	lečenje	4752	
8858	izdanje	izdanje	сущ.	izdanje	3529	
8859	izdajnik	izdajnik	сущ.	izdajnik	4206	
8861	genijalno	genijalno	нареч.	genijalno	2184	
8862	udaja	udaja	сущ.	udaje	2455	
8868	sitnica	sitnica	сущ.	sitnica	4297	
8878	komentar	komentar	сущ.	komentar	4984	
8882	suziti	suziti	глаг.	suzi	2467	
8890	nakratko	nakratko	нареч.	nakratko	2174	
8891	tuđe	tuđe	нареч.	tuđe	2173	
8893	oglas	oglas	сущ.	oglas	3561	объявление
8897	razlikovati	razlikovati	глаг.	razlikuje	5551	
8901	metoda	metoda	сущ.	metode	4378	
8904	izvoditi	izvoditi	глаг.	izvodi	8203	
8906	gnezdo	gnezdo	сущ.	gnezdo	4142	
8907	zeznuti	zeznuti	глаг.	zeznuo	6332	
8911	ran	ran	прил.	rani	6915	
8913	nakaza	nakaza	сущ.	nakaza	4762	
8923	motel	motel	сущ.	motel	4846	
8934	svakodnevno	svakodnevno	нареч.	svakodnevno	2159	
8936	spašavanje	spašavanje	сущ.	spašavanje	3464	
8944	vrhovni	vrhovni	прил.	vrhovni	3983	
8947	namirnica	namirnica	сущ.	namirnice	3159	
8959	junior	junior	сущ.	junior	4145	
8962	hajati	hajati	глаг.	hajmo	4143	
8970	rasa	rasa	сущ.	rasa	5647	
8973	namjeran	nameran	прил.	namjerno	2149	
8978	prekršaj	prekršaj	сущ.	prekršaj	3305	
8984	kaucija	kaucija	сущ.	kauciju	3053	
8985	točka	točka	сущ.	točka	4494	
9005	salon	salon	сущ.	salon	4483	
9008	kej	kej	сущ.	kej	2139	
9010	naići	naići	глаг.	naišao	7049	
9012	ranč	ranč	сущ.	ranč	3728	
9019	uveren	uveren	прил.	uveren	5048	
9021	paljba	paljba	сущ.	paljbu	4181	
9029	preuzimati	preuzimati	глаг.	preuzimam	5962	
9034	okružiti	okružiti	прил.	okružen	4421	
9036	testiranje	testiranje	сущ.	testiranje	3524	
9039	konobarica	konobarica	сущ.	konobarica	3359	
9042	umrlo	umrlo	нареч.	umrlo	2131	
9048	doživeti	doživeti	глаг.	doživeo	6248	
9053	uokolo	uokolo	нареч.	uokolo	2128	
9054	fond	fond	сущ.	fond	3968	
9058	pogađati	pogađati	глаг.	pogađam	5357	
9062	izneveriti	izneveriti	глаг.	izneverio	6788	
9064	igranje	igranje	сущ.	igranje	3392	
9066	solo	solo	сущ.	solo	2456	
9071	ugledati	ugledati	глаг.	ugledao	4958	
9074	popularan	popularan	прил.	popularan	5381	
9075	cigara	cigara	сущ.	cigare	5335	
9086	dodatak	dodatak	сущ.	dodatak	3054	
9090	razuman	razuman	прил.	razuman	5050	
9093	ljubavnica	ljubavnica	сущ.	ljubavnica	4361	
9095	sako	sako	сущ.	sako	2679	
9104	neočekivano	neočekivano	нареч.	neočekivano	2115	
9116	guza	guza	сущ.	guzu	5400	
9117	povezanost	povezanost	сущ.	povezanost	2882	
9137	sjaj	sjaj	сущ.	sjaj	3321	
9147	bus	bus	сущ.	bus	3620	
9150	smena	smena	сущ.	smenu	8836	
9164	drama	drama	сущ.	drama	5334	
9177	pući	pući	глаг.	pukla	5796	
9178	iznenađujući	iznenađujući	прил.	iznenađujuće	2090	
9189	povlačiti	povlačiti	глаг.	povlači	6189	
9191	osnovan	osnovan	прил.	osnovne	8621	
9192	plivanje	plivanje	сущ.	plivanje	3066	
9202	bonus	bonus	сущ.	bonus	2354	
9203	zarađivati	zarađivati	глаг.	zarađuje	8264	
9207	okupiti	okupiti	глаг.	okupili	7965	
9213	mercedes	mercedes	сущ.	mercedes	2521	
9220	obavestiti	obavestiti	глаг.	obavesti	13045	
9222	zamišljati	zamišljati	глаг.	zamišljao	8011	
9225	tehnika	tehnika	сущ.	tehnika	6208	
9235	približno	približno	нареч.	približno	2074	
9243	polazak	polazak	сущ.	polazak	2840	отправление
9246	instrukcija	instrukcija	сущ.	instrukcije	2317	
9249	ritual	ritual	сущ.	ritual	3403	
9253	sigurnosni	sigurnosni	прил.	sigurnosni	6786	
9261	koristan	koristan	прил.	koristan	5127	
9268	buraz	buraz	сущ.	buraz	2066	
9296	medo	medo	сущ.	medi	3057	
9299	maršal	maršal	сущ.	maršal	3521	
9329	objekat	objekat	сущ.	objekat	2056	
9331	gasiti	gasiti	глаг.	gasi	4522	
9333	laptop	laptop	сущ.	laptop	2836	
9338	blato	blato	сущ.	blato	5080	
9345	glazba	glazba	сущ.	glazbu	5283	
9350	istraživati	istraživati	глаг.	istražujemo	12240	
9370	izbliza	izbliza	нареч.	izbliza	2045	
9371	spominjati	spominjati	глаг.	spominjem	11050	
9389	tačan	tačan	прил.	tačan	5751	
9390	popeti	popeti	глаг.	popeo	11295	
9392	opstanak	opstanak	сущ.	opstanak	2468	
9396	sudac	sudac	сущ.	sudac	4767	
9398	oprati	oprati	глаг.	oprati	9189	
9401	obrazac	obrazac	сущ.	obrazac	2528	
9405	sit	sit	прил.	siti	5344	
9416	fensi	fensi	прил.	fensi	2032	
9417	smetnja	smetnja	сущ.	smetnji	4115	
9424	poželeti	poželeti	глаг.	poželeo	5845	
9432	masa	masa	сущ.	masa	6421	
9437	mašta	mašta	сущ.	mašte	6783	
9446	prostitutka	prostitutka	сущ.	prostitutka	4865	
9460	moto	moto	сущ.	moto	2021	
9461	uputiti	uputiti	глаг.	uputio	10069	
9465	otok	otok	сущ.	otok	4290	
9473	vrhunac	vrhunac	сущ.	vrhunac	3138	
9477	negativno	negativno	нареч.	negativno	2018	
9480	približiti	približiti	глаг.	približi	7952	
9481	hrpa	hrpa	сущ.	hrpu	4672	
9483	zapadno	zapadno	нареч.	zapadno	2018	
9485	minus	minus	сущ.	minus	2268	
9489	ljubavni	ljubavni	прил.	ljubavni	8637	
9494	primerak	primerak	сущ.	primerak	3207	
9510	ego	ego	сущ.	ego	2539	
9536	daljinski	daljinski	прил.	daljinski	2586	
9542	ilegalno	ilegalno	нареч.	ilegalno	2005	
9543	poklapati	poklapati	глаг.	poklapa	3051	
9545	komšiluk	komšiluk	сущ.	komšiluku	4487	
9547	kesa	kesa	сущ.	kesi	6018	пакет
9549	fascinantno	fascinantno	нареч.	fascinantno	2003	
9552	jadnik	jadnik	сущ.	jadnik	3737	
9573	vozački	vozački	прил.	vozačku	3390	
9583	juriš	juriš	сущ.	juriš	1995	
9586	dobivati	dobivati	глаг.	dobiva	5102	
9588	nagovoriti	nagovoriti	глаг.	nagovorio	6575	
9590	nećak	nećak	сущ.	nećak	2488	
9591	umorno	umorno	нареч.	umorno	1993	
9594	apsurdno	apsurdno	нареч.	apsurdno	1993	
9601	džentlmen	džentlmen	сущ.	džentlmen	2351	
9604	ostvariti	ostvariti	глаг.	ostvariti	8203	
9606	kokica	kokica	сущ.	kokice	2507	
9611	idući	idući	прил.	iduće	4450	
9615	lejdi	lejdi	сущ.	lejdi	1988	
9625	sagnuti	sagnuti	глаг.	sagni	2585	
9628	liga	liga	сущ.	lige	6026	
9647	pribor	pribor	сущ.	pribor	2233	
9649	pelena	pelena	сущ.	pelene	3416	
9650	čekanje	čekanje	сущ.	čekanja	4902	
9661	kriminal	kriminal	сущ.	kriminala	4793	
9675	pretres	pretres	сущ.	pretres	2237	
9676	kafić	kafić	сущ.	kafić	4591	
9678	leden	leden	прил.	ledeni	8219	
9688	totalan	totalan	прил.	totalni	3698	
9689	oporavak	oporavak	сущ.	oporavak	2980	
9693	upaljač	upaljač	сущ.	upaljač	1968	
9698	steći	steći	глаг.	stekao	6029	
9704	ukratko	ukratko	нареч.	ukratko	1967	
9708	generator	generator	сущ.	generator	3038	
9716	tost	tost	сущ.	tost	2296	
9723	pridržati	pridržati	глаг.	pridrži	3301	
9725	dospeti	dospeti	глаг.	dospeo	5917	
9731	zabrljati	zabrljati	глаг.	zabrljao	4662	
9732	finale	finale	сущ.	finale	3345	
9738	japanski	japanski	прил.	japanski	5484	
9748	tuda	tuda	нареч.	tuda	1954	
9756	grand	grand	сущ.	grand	1952	
9766	trpeti	trpeti	глаг.	trpim	6778	
9768	nećaka	nećaka	сущ.	nećaka	2729	
9776	insistirati	insistirati	глаг.	insistiram	7425	
9781	diploma	diploma	сущ.	diplomu	3744	
9787	krvni	krvni	прил.	krvni	5830	
9790	kreditan	kreditan	прил.	kreditne	5298	
9791	mamin	mamin	прил.	mamin	6273	
9823	dodatno	dodatno	нареч.	dodatno	1936	
9835	smrtan	smrtan	прил.	smrtnu	6149	
9843	modrica	modrica	сущ.	modrice	3912	
9854	udaljiti	udaljiti	прил.	udaljen	10104	
9856	municija	municija	сущ.	municije	4837	
9859	značajno	značajno	нареч.	značajno	1928	
9860	strpljiv	strpljiv	прил.	strpljiv	3898	терпеливый
9861	centrala	centrala	сущ.	centrala	3364	
9866	kraljevski	kraljevski	прил.	kraljevski	8228	
9867	patrola	patrola	сущ.	patrola	5026	
9868	prepreka	prepreka	сущ.	prepreka	3635	
9877	isključivo	isključivo	нареч.	isključivo	1924	
9879	opljačkati	opljačkati	глаг.	opljačkao	8297	
9891	upola	upola	нареч.	upola	1921	
9898	obraćati	obraćati	глаг.	obraćaj	10135	
9899	farmer	farmer	сущ.	farmer	4348	
9902	ogrtač	ogrtač	сущ.	ogrtač	2191	
9903	naglo	naglo	нареч.	naglo	1918	
9907	curica	curica	сущ.	curica	3748	
9909	domaćin	domaćin	сущ.	domaćin	3533	хозяин
9912	tužiti	tužiti	глаг.	tužiti	7496	
9925	oznaka	oznaka	сущ.	oznake	4181	
9930	britanac	britanac	сущ.	britanci	3654	
9933	smanjiti	smanjiti	глаг.	smanji	8731	
9944	čestica	čestica	сущ.	čestice	3634	
9949	iznos	iznos	сущ.	iznos	2543	
9950	progovoriti	progovoriti	глаг.	progovori	6617	
9955	transport	transport	сущ.	transport	2507	
9966	prilagoditi	prilagoditi	глаг.	prilagodio	4599	
9967	duvati	duvati	глаг.	duva	3942	
9969	povratiti	povratiti	глаг.	povratiti	11477	
9987	kočnica	kočnica	сущ.	kočnice	3283	
9996	bek	bek	сущ.	beka	3138	
9999	obraditi	obraditi	глаг.	obradio	3312	
10006	ekstremno	ekstremno	нареч.	ekstremno	1891	
10010	odan	odan	прил.	odan	3392	
10016	unapređenje	unapređenje	сущ.	unapređenje	2488	
10018	sindrom	sindrom	сущ.	sindrom	2260	
10019	infarkt	infarkt	сущ.	infarkt	2289	
10026	usamljeno	usamljeno	нареч.	usamljeno	1887	
10030	drkadžija	drkadžija	сущ.	drkadžija	4881	
10032	onesvestiti	onesvestiti	глаг.	onesvestio	5377	
10033	profit	profit	сущ.	profit	2791	
10034	radoznao	radoznao	прил.	radoznao	3593	
10037	pozornica	pozornica	сущ.	pozornici	4998	
10057	najpre	najpre	нареч.	najpre	3293	
10059	vena	vena	сущ.	vene	4056	
10064	odsad	odsad	нареч.	odsad	1877	
10065	lula	lula	сущ.	lulu	2367	
10067	istočno	istočno	нареч.	istočno	1876	
10068	ekselencija	ekselencija	сущ.	ekselencijo	2267	
10075	ogledati	ogledati	глаг.	ogledala	2113	
10080	duhovit	duhovit	прил.	duhovit	3027	
10081	osvetiti	osvetiti	глаг.	osveti	6319	
10082	oblačiti	oblačiti	глаг.	oblači	5456	
10083	precizno	precizno	нареч.	precizno	2578	
10087	tkivo	tkivo	сущ.	tkivo	4003	
10088	zbivati	zbivati	глаг.	zbiva	1873	
10091	tatin	tatin	прил.	tatin	6241	
10093	rezervni	rezervni	прил.	rezervni	3868	
10111	sadržaj	sadržaj	сущ.	sadržaj	2287	
10116	osjetljiv	osetljiv	прил.	osetljiv	6379	
10128	pozadina	pozadina	сущ.	pozadini	3905	
10135	nadalje	nadalje	нареч.	nadalje	1864	
10141	izdaja	izdaja	сущ.	izdaja	2151	
10149	fon	fon	сущ.	fon	1861	
10151	nagodba	nagodba	сущ.	nagodbu	3295	
10156	izuzetak	izuzetak	сущ.	izuzetak	2832	
10160	dočekati	dočekati	глаг.	dočekati	4893	
10166	počast	počast	сущ.	počast	2522	
10171	samopouzdanje	samopouzdanje	сущ.	samopouzdanje	2920	
10173	rikati	rikati	глаг.	riči	1856	
10179	ironično	ironično	нареч.	ironično	1856	
10180	kvalitet	kvalitet	сущ.	kvalitet	3642	
10184	hvatanje	hvatanje	сущ.	hvatanje	2841	
10196	zapanjujuće	zapanjujuće	нареч.	zapanjujuće	1853	
10203	propalica	propalica	сущ.	propalica	4194	
10206	očajno	očajno	нареч.	očajno	1852	
10215	čips	čips	сущ.	čips	2493	
10222	koliba	koliba	сущ.	kolibu	5900	
10223	koka	koka	сущ.	koka	4239	
10233	ohladiti	ohladiti	глаг.	ohladi	3055	
10234	opšti	opšti	прил.	opšte	3280	
10241	kajati	kajati	глаг.	kaj	3482	
10249	derište	derište	сущ.	derište	2331	
10251	otmica	otmica	сущ.	otmice	5205	
10253	odar	odar	сущ.	odri	1844	
10260	nijekati	nekati	глаг.	nečem	6472	
10270	nacionalan	nacionalan	прил.	nacionalne	9529	
10272	slavlje	slavlje	сущ.	slavlje	2214	
10277	oštećenje	oštećenje	сущ.	oštećenja	3258	
10280	istinito	istinito	нареч.	istinito	1838	
10281	ponižavajući	ponižavajući	прил.	ponižavajuće	1838	
10282	svedočenje	svedočenje	сущ.	svedočenje	3542	
10294	sekretar	sekretar	сущ.	sekretar	3144	
10303	prekosutra	prekosutra	нареч.	prekosutra	1834	
10306	kaseta	kaseta	сущ.	kasetu	4626	
10310	ptičica	ptičica	сущ.	ptičica	3331	
10318	provala	provala	сущ.	provale	4224	
10320	šminka	šminka	сущ.	šminku	4455	
10327	marina	marina	сущ.	marina	3053	
10331	off	off	сущ.	off	1829	
10342	otkazati	otkazati	глаг.	otkazao	12471	
10345	desetina	desetina	сущ.	desetine	2392	
10346	dodatan	dodatan	прил.	dodatni	7725	
10352	poklopac	poklopac	сущ.	poklopac	1825	
10360	stražara	stražara	сущ.	stražara	2880	
10368	testo	testo	сущ.	testu	2716	
10371	nužno	nužno	нареч.	nužno	1822	
10376	podizati	podizati	глаг.	podiže	5197	
10381	navoditi	navoditi	глаг.	navodi	2433	
10388	privlačan	privlačan	прил.	privlačna	3617	
10391	odmarati	odmarati	глаг.	odmara	5603	
10392	satelit	satelit	сущ.	satelit	4024	
10402	glatko	glatko	нареч.	glatko	1816	
10405	blesav	blesav	прил.	blesav	4372	
10411	mana	mana	сущ.	mana	5057	
10415	naglas	naglas	нареч.	naglas	1813	
10422	nasilan	nasilan	прил.	nasilan	5924	
10424	grejati	grejati	глаг.	grej	3098	
10425	bivati	bivati	глаг.	biva	2429	
10430	savetovati	savetovati	глаг.	savetujem	4177	
10432	kip	kip	сущ.	kip	2187	
10441	saobraćaj	saobraćaj	сущ.	saobraćaj	3568	
10449	kompletno	kompletno	нареч.	kompletno	1807	
10451	pička	pička	сущ.	pička	5784	
10453	medij	medij	сущ.	mediji	5941	
10459	odobriti	odobriti	прил.	odobrio	7045	
10461	izvršiti	izvršiti	глаг.	izvršio	10395	
10463	pratnja	pratnja	сущ.	pratnju	5427	
10465	podržavati	podržavati	глаг.	podržava	7011	
10466	izgraditi	izgraditi	глаг.	izgradio	10082	
10475	tajming	tajming	сущ.	tajming	1801	
10484	ubuduće	ubuduće	нареч.	ubuduće	1798	
10486	svedočiti	svedočiti	глаг.	svedoči	7437	
10487	svetac	svetac	сущ.	svetac	4691	
10498	ponešto	ponešto	нареч.	ponešto	1796	
10499	sletanje	sletanje	сущ.	sletanje	3284	
10503	odati	odati	глаг.	odati	8597	
10504	muvati	muvati	глаг.	muva	3351	
10506	istinit	istinit	прил.	istinita	4157	
10510	uznemiravati	uznemiravati	глаг.	uznemiravam	7118	
10515	nastao	nastao	прил.	nastao	5492	
10529	oštro	oštro	нареч.	oštro	1791	
10531	omogućavati	omogućavati	глаг.	omogućava	2150	
10537	prevelik	prevelik	прил.	prevelika	6000	
10539	spati	spati	глаг.	spali	2637	
10560	navaliti	navaliti	глаг.	navali	3188	
10561	martini	martini	сущ.	martini	2120	
10566	odvijati	odvijati	глаг.	odvija	2852	
10577	žalba	žalba	сущ.	žalbu	3722	
10578	groznica	groznica	сущ.	groznicu	4057	
10580	zaposlen	zaposlen	прил.	zaposleni	4848	
10586	blesavo	blesavo	нареч.	blesavo	1779	
10587	odsek	odsek	сущ.	odsek	3967	
10588	zažaliti	zažaliti	глаг.	zažaliti	3226	
10589	kora	kora	сущ.	kori	4870	
10595	šefica	šefica	сущ.	šefica	3848	
10610	mrlja	mrlja	сущ.	mrlja	4180	
10626	stiditi	stiditi	глаг.	stidim	5832	
10627	servis	servis	сущ.	servis	2565	автосервис
10630	fantazija	fantazija	сущ.	fantazija	3943	
10632	čulo	čulo	сущ.	čulo	1769	
10634	trofej	trofej	сущ.	trofej	2536	
10640	izvrstan	izvrstan	прил.	izvrstan	3811	
10651	paluba	paluba	сущ.	palubi	4905	
10653	božićni	božićni	прил.	božićni	7099	
10659	peni	peni	сущ.	penija	1765	
10664	kamoli	kamoli	нареч.	kamoli	1764	
10669	munja	munja	сущ.	munja	3209	
10678	posuditi	posuditi	глаг.	posuditi	2913	
10685	genetski	genetski	прил.	genetski	3141	
10699	izuzev	izuzev	нареч.	izuzev	1758	
10707	striptiz	striptiz	сущ.	striptiz	1757	
10709	sida	sida	сущ.	side	3225	
10717	pomfrit	pomfrit	сущ.	pomfrit	2083	картошка фри
10723	severni	severni	прил.	severnoj	11086	
10729	plivati	plivati	глаг.	pliva	9502	
10734	original	original	сущ.	original	2014	
10738	okus	okus	сущ.	okus	2209	
10742	skupiti	skupiti	глаг.	skupe	8323	
10752	turneja	turneja	сущ.	turneju	4391	
10755	smeštaj	smeštaj	сущ.	smeštaj	2308	
10757	preživljavanje	preživljavanje	сущ.	preživljavanje	2807	
10759	sebičan	sebičan	прил.	sebičan	4191	
10761	pominjati	pominjati	глаг.	pominjem	8466	
10766	nezakonito	nezakonito	нареч.	nezakonito	1748	
10775	pretpostavka	pretpostavka	сущ.	pretpostavka	3801	
10779	premijera	premijera	сущ.	premijeru	2437	
10787	boks	boks	сущ.	boks	2692	
10807	sâm	sâm	прил.	sâm	1741	
10811	gluma	gluma	сущ.	gluma	4354	
10815	rub	rub	сущ.	rubu	2955	
10820	veličanstveno	veličanstveno	нареч.	veličanstveno	1739	
10831	rizično	rizično	нареч.	rizično	1736	
10834	izdajica	izdajica	сущ.	izdajica	3268	
10864	poreklo	poreklo	сущ.	poreklo	4425	
10868	unutrašnjost	unutrašnjost	сущ.	unutrašnjost	3004	
10871	ćebe	ćebe	сущ.	ćebe	1728	
10876	neuspeh	neuspeh	сущ.	neuspeh	3010	
10883	opklada	opklada	сущ.	opkladu	4047	
10888	kukuruz	kukuruz	сущ.	kukuruz	2855	
10892	ljubitelj	ljubitelj	сущ.	ljubitelj	2619	
10905	palata	palata	сущ.	palatu	6053	
10912	vatromet	vatromet	сущ.	vatromet	2085	
10915	instrument	instrument	сущ.	instrument	3883	
10935	kititi	kititi	глаг.	kiti	2956	
10942	stražar	stražar	сущ.	stražari	3274	
10945	beg	beg	сущ.	beg	5009	
10948	usrati	usrati	глаг.	usrani	8126	
10955	značaj	značaj	сущ.	značaja	3023	
10959	ispitati	ispitati	глаг.	ispitati	7293	
10961	prebiti	prebiti	глаг.	prebio	6948	
10965	spas	spas	сущ.	spas	2575	
10979	upotrebiti	upotrebiti	глаг.	upotrebiti	11360	
10988	verenica	verenica	сущ.	verenica	3028	
10991	nježan	nežan	прил.	nežan	6054	
10996	otkada	otkada	нареч.	otkada	1704	
11001	poslovno	poslovno	нареч.	poslovno	1703	
11002	pokriti	pokriti	глаг.	pokriti	9997	
11004	duhovito	duhovito	нареч.	duhovito	1702	
11012	nedaleko	nedaleko	нареч.	nedaleko	1701	
11015	dopuštati	dopuštati	глаг.	dopušta	4376	
11028	svugde	svugde	нареч.	svugde	3037	
11035	podržati	podržati	глаг.	podržati	6415	
11038	prati	prati	глаг.	peri	7941	
11056	sirot	sirot	прил.	siroti	4214	
11063	preterivati	preterivati	глаг.	preteruješ	4533	
11064	palica	palica	сущ.	palicu	5156	
11068	oboriti	oboriti	глаг.	oborio	7647	
11109	namestiti	namestiti	глаг.	namestio	8753	
11116	hitac	hitac	сущ.	hitac	2374	
11122	druženje	druženje	сущ.	druženje	2565	
11124	pozor	pozor	сущ.	pozor	1679	
11125	fizika	fizika	сущ.	fizike	3495	
11131	božiji	božiji	прил.	božije	6301	
11136	isprava	isprava	сущ.	isprave	1936	
11138	presvući	presvući	глаг.	presvučem	4926	
11140	sisati	sisati	глаг.	sisa	2718	
11143	svoditi	svoditi	глаг.	svodi	1676	
11144	sajt	sajt	сущ.	sajt	2905	
11146	jednak	jednak	прил.	jednaki	4208	
11147	litica	litica	сущ.	litice	2804	
11149	postarati	postarati	глаг.	postaraj	6520	
11152	proglašavati	proglašavati	глаг.	proglašavam	1961	
11173	puding	puding	сущ.	puding	2042	
11179	bin	bin	сущ.	bin	3777	
11183	gornji	gornji	прил.	gornji	5065	
11186	ishod	ishod	сущ.	ishod	1955	
11187	podjednako	podjednako	нареч.	podjednako	1668	
11205	kolin	kolin	сущ.	kolin	2599	
11207	master	master	сущ.	master	1666	
11214	kuja	kuja	сущ.	kuja	3135	
11224	zatražiti	zatražiti	глаг.	zatražio	5844	
11225	lira	lira	сущ.	lira	1661	
11230	tura	tura	сущ.	turu	3743	
11231	manuti	manuti	глаг.	mani	1659	
11240	promašaj	promašaj	сущ.	promašaj	1901	
11243	vodnik	vodnik	сущ.	vodniče	2683	
11252	lečiti	lečiti	глаг.	leči	5834	
11254	liv	liv	сущ.	liv	2115	
11256	ograničenje	ograničenje	сущ.	ograničenja	2286	ограничение
11267	otarasiti	otarasiti	глаг.	otarasi	7397	
11268	potvrđivati	potvrđivati	глаг.	potvrđuje	3113	
11273	podrazumevati	podrazumevati	глаг.	podrazumeva	2230	
11281	neobičan	neobičan	прил.	neobičan	5788	
11287	kuk	kuk	сущ.	kuk	4456	
11288	očev	očev	прил.	očevi	8443	
11297	horor	horor	сущ.	horor	1916	
11306	kondom	kondom	сущ.	kondom	3515	
11324	izvanredan	izvanredan	прил.	izvanredan	3927	
11327	uzrokovati	uzrokovati	глаг.	uzrokuje	4413	
11328	lokal	lokal	сущ.	lokal	2501	
11341	uvrediti	uvrediti	глаг.	uvredio	6090	
11349	frka	frka	сущ.	frke	4934	
11353	fazon	fazon	сущ.	fazonu	2805	
11354	ravnoteža	ravnoteža	сущ.	ravnotežu	3352	
11375	mornar	mornar	сущ.	mornar	4551	
11385	lansiranje	lansiranje	сущ.	lansiranje	2314	
11387	preporučivati	preporučivati	глаг.	preporučujem	2036	
11389	onuda	onuda	нареч.	onuda	1637	
11391	timski	timski	прил.	timski	1636	
11393	krofna	krofna	сущ.	krofne	3045	
11400	natpis	natpis	сущ.	natpis	2082	
11402	mornarica	mornarica	сущ.	mornarica	5257	
11410	stoni	stoni	прил.	stone	1979	
11419	probiti	probiti	глаг.	probiti	7084	
11425	zabrinutost	zabrinutost	сущ.	zabrinutost	1898	
11430	turnir	turnir	сущ.	turnir	3107	
11436	gnjaviti	gnjaviti	глаг.	gnjavi	6086	
11451	razvijati	razvijati	глаг.	razvija	3211	
11456	trajno	trajno	нареч.	trajno	1625	
11465	odrezak	odrezak	сущ.	odrezak	2001	
11468	zakletva	zakletva	сущ.	zakletvu	3565	
11477	udarati	udarati	глаг.	udaraš	7903	
11479	osigurati	osigurati	глаг.	osigurati	8656	
11487	detaljno	detaljno	нареч.	detaljno	2074	
11490	leteći	leteći	прил.	leteći	3928	
11496	iznajmiti	iznajmiti	глаг.	iznajmio	5308	
11498	uvući	uvući	глаг.	uvukao	6517	
11508	društven	društven	прил.	društveni	6108	
11516	sumrak	sumrak	сущ.	sumraka	2703	
11527	vinuti	vinuti	глаг.	vini	1855	
11536	maestro	maestro	сущ.	maestro	1609	
11541	dvostruk	dvostruk	прил.	dvostruki	3147	
11548	urednik	urednik	сущ.	urednik	2309	
11562	like	like	сущ.	like	1605	
11563	kontaktirati	kontaktirati	глаг.	kontaktirao	8703	
11568	spojiti	spojiti	глаг.	spojiti	10474	
11577	umešati	umešati	глаг.	umešana	6398	
11582	naljutiti	naljutiti	глаг.	naljutio	6249	
11588	iskušenje	iskušenje	сущ.	iskušenje	3494	
11591	dopuštenje	dopuštenje	сущ.	dopuštenje	2324	
11594	melisa	melisa	сущ.	melisa	1599	
11597	dostojanstvo	dostojanstvo	сущ.	dostojanstvo	2797	
11603	razvedriti	razvedriti	глаг.	razvedri	1850	
11614	direktan	direktan	прил.	direktan	3804	
11615	tragično	tragično	нареч.	tragično	1597	
11616	brutalno	brutalno	нареч.	brutalno	1596	
11628	prikazivati	prikazivati	глаг.	prikazuje	2539	
11664	džip	džip	сущ.	džip	2252	
11670	sirena	sirena	сущ.	sirena	3801	
11673	djelati	djelati	глаг.	djela	1588	
11679	zavera	zavera	сущ.	zavera	5828	
11689	jedinstven	jedinstven	прил.	jedinstven	6379	
11693	mlado	mlado	нареч.	mlađe	1584	
11700	ormarić	ormarić	сущ.	ormarić	3650	
11706	kauboj	kauboj	сущ.	kauboj	4931	
11720	zabrana	zabrana	сущ.	zabranu	3699	
11722	aspirin	aspirin	сущ.	aspirin	1965	
11732	četa	četa	сущ.	čete	3044	
11735	komandir	komandir	сущ.	komandir	3611	
11737	preostajati	preostajati	глаг.	preostaje	1578	
11752	krzno	krzno	сущ.	krzno	2639	
11755	osobito	osobito	нареч.	osobito	1576	
11758	raširiti	raširiti	прил.	raširi	4315	
11763	sipati	sipati	глаг.	sipaj	4965	
11765	šarm	šarm	сущ.	šarm	2818	
11768	kino	kino	сущ.	kino	1574	
11775	nepoznat	nepoznat	прил.	nepoznat	11282	
11776	opravdanje	opravdanje	сущ.	opravdanje	2472	
11778	skrovište	skrovište	сущ.	skrovište	2399	
11783	preporučiti	preporučiti	глаг.	preporučio	3272	
11785	koza	koza	сущ.	koza	3883	
11790	četvorica	četvorica	сущ.	četvorica	2212	
11796	jeftin	jeftin	прил.	jeftin	7764	дешёвый
11803	porasti	porasti	глаг.	porasla	6054	
11812	mason	mason	сущ.	mason	2510	
11825	kaliti	kaliti	глаг.	kali	1565	
11837	zadivljujući	zadivljujući	прил.	zadivljujuće	2078	
11839	ponestati	ponestati	глаг.	ponestalo	2023	
11840	načelnik	načelnik	сущ.	načelnik	3272	
11841	napiti	napiti	глаг.	napio	5440	
11849	slikanje	slikanje	сущ.	slikanje	2231	
11853	čarolija	čarolija	сущ.	čarolija	3808	
11861	naslednik	naslednik	сущ.	naslednik	3667	
11863	pozivnica	pozivnica	сущ.	pozivnicu	3730	
11866	beskorisno	beskorisno	нареч.	beskorisno	1560	
11868	seka	seka	сущ.	seko	2016	
11870	pipnuti	pipnuti	глаг.	pipnuo	4771	
11874	odvojeno	odvojeno	нареч.	odvojeno	1559	раздельно
11875	nacist	nacist	сущ.	nacisti	3441	
11876	izuzetan	izuzetan	прил.	izuzetan	4390	
11879	istražiti	istražiti	глаг.	istražiti	6840	
11885	jahati	jahati	глаг.	jaše	7843	
11888	prednji	prednji	прил.	prednji	6012	
11894	krivac	krivac	сущ.	krivac	3185	
11895	kolačić	kolačić	сущ.	kolačić	5518	
11899	bratstvo	bratstvo	сущ.	bratstvo	3495	
11903	progutati	progutati	глаг.	progutao	5713	
11921	gutljaj	gutljaj	сущ.	gutljaj	1553	
11931	štos	štos	сущ.	štos	1552	
11951	pretražiti	pretražiti	глаг.	pretražili	7590	
11960	sjeta	sjeta	сущ.	sjeti	1548	
11962	rast	rast	сущ.	rast	2565	
11964	pripravnost	pripravnost	сущ.	pripravnosti	1548	
11966	kup	kup	сущ.	kup	3008	
11967	posvetiti	posvetiti	глаг.	posvećen	9176	
11979	isporuka	isporuka	сущ.	isporuku	4359	
11983	hard	hard	сущ.	hard	1545	
11991	slepo	slepo	нареч.	slepo	1981	
11993	dostupan	dostupan	прил.	dostupan	3546	
12002	telefonirati	telefonirati	глаг.	telefoniram	4071	
12004	razviti	razviti	глаг.	razvio	6441	
12008	pišati	pišati	глаг.	pišam	4953	
12016	sastati	sastati	глаг.	sastati	5214	
12030	skrivanje	skrivanje	сущ.	skrivanje	2212	
12034	fronta	fronta	сущ.	fronta	2836	
12036	izložba	izložba	сущ.	izložbu	3950	
12040	buđenje	buđenje	сущ.	buđenje	1904	
12046	nikamo	nikamo	нареч.	nikamo	1537	
12059	portal	portal	сущ.	portal	1843	
12067	sloj	sloj	сущ.	sloj	3140	
12068	oštetiti	oštetiti	глаг.	oštećen	5989	
12073	inekcija	inekcija	сущ.	injekciju	3480	
12088	relativno	relativno	нареч.	relativno	1530	
12098	iscrpiti	iscrpiti	прил.	iscrpljen	3918	
12104	ženka	ženka	сущ.	ženka	3659	
12110	matura	matura	сущ.	mature	3583	
12114	zapisnik	zapisnik	сущ.	zapisnik	1771	
12119	iznenađivati	iznenađivati	глаг.	iznenađuje	1848	
12121	veselo	veselo	нареч.	veselo	1811	
12140	prvenstvo	prvenstvo	сущ.	prvenstvo	2534	
12152	goreti	goreti	глаг.	gorim	3158	
12155	oporaviti	oporaviti	глаг.	oporaviti	5752	
12157	bajka	bajka	сущ.	bajke	3593	
12159	ulaznica	ulaznica	сущ.	ulaznice	2643	
12164	pahuljica	pahuljica	сущ.	pahuljice	2118	
12168	daska	daska	сущ.	daske	4111	
12182	napajanje	napajanje	сущ.	napajanje	1958	
12192	pouzdan	pouzdan	прил.	pouzdan	3165	
12196	kugla	kugla	сущ.	kugle	4898	
12208	kuče	kuče	сущ.	kuče	1512	
12229	glasiti	glasiti	глаг.	glasi	1509	
12236	stidljiv	stidljiv	прил.	stidljiv	2893	
12242	skriti	skriti	глаг.	skriveni	9247	
12267	školjka	školjka	сущ.	školjke	3088	
12289	dodirnuti	dodirnuti	глаг.	dodirnuo	6216	
12293	privući	privući	глаг.	privući	6905	
12296	zadržavati	zadržavati	глаг.	zadržava	5986	
12297	zadovoljiti	zadovoljiti	прил.	zadovoljiti	4640	
12298	polomiti	polomiti	глаг.	polomio	6339	
12306	pozdravljati	pozdravljati	глаг.	pozdravlja	3829	
12321	cvetati	cvetati	глаг.	cveta	1820	
12334	isprva	isprva	нареч.	isprva	1492	
12341	zalogaj	zalogaj	сущ.	zalogaj	1766	
12345	stisnuti	stisnuti	глаг.	stisni	3571	
12348	zemljište	zemljište	сущ.	zemljište	2935	
12355	porodičan	porodičan	прил.	porodične	1822	
12359	emocionalno	emocionalno	нареч.	emocionalno	1489	
12363	teretana	teretana	сущ.	teretanu	3864	
12368	smanjivati	smanjivati	глаг.	smanjuje	1893	
12371	šatl	šatl	сущ.	šatl	2321	
12377	talentovan	talentovan	прил.	talentovan	3135	
12380	neposredno	neposredno	нареч.	neposredno	1486	
12387	sleteti	sleteti	глаг.	sleteo	6932	
12388	rešetka	rešetka	сущ.	rešetaka	2330	
12393	prepun	prepun	прил.	prepun	3839	
12405	narav	narav	сущ.	narav	2267	
12407	suv	suv	прил.	suvo	6356	
12417	pomoćnica	pomoćnica	сущ.	pomoćnica	2263	
12427	napeto	napeto	нареч.	napeto	1481	
12430	mejl	mejl	сущ.	mejl	2721	
12431	pravljenje	pravljenje	сущ.	pravljenje	2535	
12435	ološ	ološ	сущ.	ološ	2451	
12437	prestar	prestar	прил.	prestar	2402	
12443	faktor	faktor	сущ.	faktor	1960	
12450	spuštati	spuštati	глаг.	spušta	5073	
12453	doduše	doduše	нареч.	doduše	1478	
12460	terapeut	terapeut	сущ.	terapeut	2251	
12464	zdravica	zdravica	сущ.	zdravica	2457	
12468	nečuveno	nečuveno	нареч.	nečuveno	1475	
12471	originalan	originalan	прил.	originalni	4435	
12488	sadašnjost	sadašnjost	сущ.	sadašnjost	2433	
12494	runda	runda	сущ.	rundu	4687	
12502	pruga	pruga	сущ.	pruge	3348	
12503	zapovednik	zapovednik	сущ.	zapovednik	5928	
12506	vidik	vidik	сущ.	vidiku	2333	
12516	izgubljen	izgubljen	прил.	izgubljene	4157	
12520	ogrebotina	ogrebotina	сущ.	ogrebotine	3242	
12540	djelimično	delimično	нареч.	delimično	1466	
12549	post	post	сущ.	post	2378	
12565	kršenje	kršenje	сущ.	kršenje	2019	
12573	ispustiti	ispustiti	глаг.	ispustio	4232	
12582	podmetnuti	podmetnuti	глаг.	podmetnuo	3119	
12585	piškiti	piškiti	глаг.	piškim	3574	
12589	preblizu	preblizu	нареч.	preblizu	1458	
12592	napadač	napadač	сущ.	napadača	3211	
12613	gledište	gledište	сущ.	gledišta	1894	
12616	stanarina	stanarina	сущ.	stanarinu	1996	плата за квартиру
12636	odredište	odredište	сущ.	odredište	1911	
12654	lutati	lutati	глаг.	luta	4633	
12662	pobuna	pobuna	сущ.	pobuna	4555	
12668	pičkica	pičkica	сущ.	pičkica	2565	
12673	bod	bod	сущ.	bodova	3063	
12677	promaći	promaći	глаг.	promaklo	2410	
12680	pretraga	pretraga	сущ.	pretragu	3176	
12681	komadić	komadić	сущ.	komadiće	3603	
12683	kuglanje	kuglanje	сущ.	kuglanje	1444	
12686	velikodušno	velikodušno	нареч.	velikodušno	1443	
12690	isplanirati	isplanirati	глаг.	isplanirao	3774	
12693	napola	napola	нареч.	napola	1442	
12694	tak	tak	сущ.	tak	1441	
12695	stabilan	stabilan	прил.	stabilan	2708	
12701	dezert	dezert	сущ.	dezert	1441	
12702	loptica	loptica	сущ.	lopticu	3994	
12714	kajla	kajla	сущ.	kajle	2972	
12717	brojka	brojka	сущ.	brojke	1750	
12720	resiti	resiti	прил.	rešeno	3713	
12732	raščistiti	raščistiti	глаг.	raščistimo	3505	
12748	uzrujati	uzrujati	глаг.	uzrujana	2415	
12753	biro	biro	сущ.	biro	2791	
12756	premali	premali	прил.	premalo	2294	
12757	konzerva	konzerva	сущ.	konzerve	3519	
12759	korpa	korpa	сущ.	korpu	2945	
12766	parkiranje	parkiranje	сущ.	parkiranje	1672	парковка (действие)
12768	razdvojiti	razdvojiti	глаг.	razdvojeni	6862	
12769	batler	batler	сущ.	batler	1943	
12774	lani	lani	нареч.	lani	1429	
12777	fajl	fajl	сущ.	fajl	3775	
12782	sutradan	sutradan	нареч.	sutradan	1428	
12784	uprskati	uprskati	глаг.	uprskao	2891	
12785	element	element	сущ.	element	5321	
12789	sastojati	sastojati	глаг.	sastoji	1428	
12791	izgovoriti	izgovoriti	глаг.	izgovori	5833	
12798	mister	mister	сущ.	mister	1427	
12800	ispravan	ispravan	прил.	ispravan	5252	
12801	nesvest	nesvest	сущ.	nesvesti	2697	
12808	jahanje	jahanje	сущ.	jahanje	2306	
12821	organizovati	organizovati	глаг.	organizovao	8831	
12825	ometati	ometati	глаг.	ometa	4295	
12833	seći	seći	глаг.	seci	4980	
12838	jadničak	jadničak	сущ.	jadničak	1419	
12851	karma	karma	сущ.	karma	1801	
12858	nindža	nindža	сущ.	nindža	1994	
12867	dakako	dakako	нареч.	dakako	1415	
12873	predosećaj	predosećaj	сущ.	predosećaj	1929	
12874	ispaliti	ispaliti	глаг.	ispalio	4252	
12875	klasika	klasika	сущ.	klasika	1707	
12877	kompletan	kompletan	прил.	kompletan	3727	
12896	rum	rum	сущ.	rum	2158	
12898	štampati	štampati	глаг.	štampa	1411	
12910	garderoba	garderoba	сущ.	garderobu	3436	
12916	izbeći	izbeći	глаг.	izbeći	9944	
12926	obrisati	obrisati	глаг.	obriši	5275	
12927	niotkuda	niotkuda	нареч.	niotkuda	1408	
12932	pizza	pizza	сущ.	pizzu	3351	
12935	uzor	uzor	сущ.	uzor	1405	
12937	trenirati	trenirati	глаг.	trenirao	7164	
12938	magazin	magazin	сущ.	magazin	3144	
12941	vazdušan	vazdušan	прил.	vazdušni	4705	
12946	preduzeti	preduzeti	глаг.	preduzeti	4937	
12951	štrajk	štrajk	сущ.	štrajk	2084	
12957	tlak	tlak	сущ.	tlak	1403	
12962	bezbroj	bezbroj	сущ.	bezbroj	1402	
12963	konkretno	konkretno	нареч.	konkretno	1402	
12968	malčice	malčice	нареч.	malčice	1401	
12971	istražitelj	istražitelj	сущ.	istražitelj	2971	
12978	ujna	ujna	сущ.	ujna	1400	
12989	postupiti	postupiti	глаг.	postupio	3462	
12991	diplomirati	diplomirati	глаг.	diplomirao	3006	
12992	korporacija	korporacija	сущ.	korporacije	3243	
12997	skener	skener	сущ.	skener	2353	
12999	proganjati	proganjati	глаг.	proganja	2476	
13004	dućan	dućan	сущ.	dućan	2801	
13007	glasati	glasati	глаг.	glasati	8370	
13011	grickalica	grickalica	сущ.	grickalice	1790	
13012	konstantno	konstantno	нареч.	konstantno	1396	
13015	klupa	klupa	сущ.	klupi	3369	
13021	buljiti	buljiti	глаг.	buljiš	5325	
13022	inspiracija	inspiracija	сущ.	inspiracija	2692	
13023	ozlediti	ozlediti	глаг.	ozlijediti	3810	
13027	aktivirati	aktivirati	глаг.	aktivira	6787	
13036	voden	voden	прил.	vodeni	3698	
13040	gest	gest	сущ.	gest	1787	
13045	zaustavljati	zaustavljati	глаг.	zaustavlja	2608	
13052	jagoda	jagoda	сущ.	jagode	2290	
13071	popušiti	popušiti	глаг.	popuši	4151	
13085	neizbježno	neizbežno	нареч.	neizbežno	1385	
13104	šoping	šoping	сущ.	šoping	1383	
13108	naglasak	naglasak	сущ.	naglasak	1908	
13123	civil	civil	сущ.	civila	4558	
13127	kućica	kućica	сущ.	kućicu	3849	
13135	krem	krem	сущ.	krem	1379	
13146	inostranstvo	inostranstvo	сущ.	inostranstvu	2402	заграницу
13163	metod	metod	сущ.	metod	1376	
13165	zbrka	zbrka	сущ.	zbrka	3169	
13166	propusnica	propusnica	сущ.	propusnicu	2618	
13170	propadati	propadati	глаг.	propada	1726	
13171	dvor	dvor	сущ.	dvoru	3116	
13177	nipošto	nipošto	нареч.	nipošto	1375	
13179	jezgro	jezgro	сущ.	jezgro	3014	
13182	mehaničar	mehaničar	сущ.	mehaničar	1921	
13203	skitnica	skitnica	сущ.	skitnica	2435	
13218	uloviti	uloviti	глаг.	uloviti	5624	
13219	zabiti	zabiti	глаг.	zabio	3987	
13222	kuma	kuma	сущ.	kuma	1838	
13235	negativan	negativan	прил.	negativan	4287	
13254	uteha	uteha	сущ.	utehu	3705	
13258	zapis	zapis	сущ.	zapis	5075	
13261	patuljak	patuljak	сущ.	patuljak	3649	
13276	opisivati	opisivati	глаг.	opisuje	2226	
13277	kaciga	kaciga	сущ.	kacigu	2641	
13291	napetost	napetost	сущ.	napetost	2067	
13293	legnuti	legnuti	глаг.	legnem	3631	
13299	pakovanje	pakovanje	сущ.	pakovanje	2518	
13303	pseto	pseto	сущ.	pseto	1359	
13319	komora	komora	сущ.	komore	4558	
13320	položiti	položiti	глаг.	položio	4999	
13325	okup	okup	сущ.	okupu	1357	
13328	avenija	avenija	сущ.	aveniji	3494	
13331	spopasti	spopasti	глаг.	spopalo	1356	
13342	mračan	mračan	прил.	mračna	8258	
13343	tik	tik	нареч.	tik	1354	
13346	pregovor	pregovor	сущ.	pregovore	3898	
13356	specijalitet	specijalitet	сущ.	specijalitet	1351	
13357	filmski	filmski	прил.	filmska	5229	
13374	pumpati	pumpati	глаг.	pumpa	1349	
13378	goniti	goniti	глаг.	goni	2719	
13390	počistiti	počistiti	глаг.	počisti	4668	
13392	procena	procena	сущ.	procenu	5622	
13395	odstupiti	odstupiti	глаг.	odstupi	2905	
13413	komplet	komplet	сущ.	komplet	1629	
13414	žrtvovati	žrtvovati	глаг.	žrtvovao	6592	
13416	varanje	varanje	сущ.	varanje	1774	
13419	tuce	tuce	сущ.	tuce	1344	
13422	osnov	osnov	сущ.	osnove	1641	
13425	perverznjak	perverznjak	сущ.	perverznjak	2565	
13428	poduzeti	poduzeti	глаг.	poduzeti	1343	
13440	iris	iris	сущ.	iris	1341	
13441	vrelo	vrelo	сущ.	vrelo	2460	
13448	oprez	oprez	сущ.	oprezu	3094	
13455	natjecanje	natjecanje	сущ.	natjecanje	2209	
13463	strip	strip	сущ.	strip	3879	
13465	služben	služben	прил.	službeni	3053	
13476	marinac	marinac	сущ.	marinac	4646	
13480	okružni	okružni	прил.	okružni	2856	
13486	materin	materin	прил.	materinu	1801	
13492	domet	domet	сущ.	dometa	3708	
13512	mnoštvo	mnoštvo	сущ.	mnoštvo	1332	
13517	letenje	letenje	сущ.	letenja	2588	
13520	patetično	patetično	нареч.	patetično	1330	
13522	zaključiti	zaključiti	прил.	zaključio	5183	
13523	zbunjujuć	zbunjujuć	прил.	zbunjujuće	1329	
13526	stela	stela	сущ.	stela	1329	
13527	večerati	večerati	глаг.	večeramo	6118	
13545	luđak	luđak	сущ.	luđak	2236	
13549	trip	trip	сущ.	trip	1326	
13563	ciljati	ciljati	глаг.	ciljaš	3638	
13566	teoretski	teoretski	нареч.	teoretski	1325	
13569	vrisak	vrisak	сущ.	vrisak	1324	
13579	šokiran	šokiran	прил.	šokiran	2155	
13590	prikaz	prikaz	сущ.	prikaz	1321	
13591	zavisnik	zavisnik	сущ.	zavisnik	1814	
13599	bulja	bulja	сущ.	bulju	1580	
13601	limun	limun	сущ.	limun	3128	
13604	broditi	broditi	глаг.	brodi	1320	
13616	citirati	citirati	глаг.	citiram	2139	
13617	sagraditi	sagraditi	глаг.	sagradio	4182	
13624	kompleks	kompleks	сущ.	kompleks	2066	
13627	rešavati	rešavati	глаг.	rešava	4272	
13630	krema	krema	сущ.	kremu	3714	
13631	puknuti	puknuti	глаг.	pukne	2685	
13633	nalaz	nalaz	сущ.	nalaz	1867	результат анализа
13637	divota	divota	сущ.	divota	1316	
13638	vječan	večan	прил.	večni	4988	
13642	vodeći	vodeći	прил.	vodeći	1923	
13646	zoo	zoo	сущ.	zoo	1315	
13650	veseliti	veseliti	глаг.	veseli	2653	
13659	cezar	cezar	сущ.	cezare	1314	
13662	depresivan	depresivan	прил.	depresivan	2550	
13663	tragač	tragač	сущ.	tragač	2140	
13664	pravedno	pravedno	нареч.	pravedno	1313	
13666	paranoičan	paranoičan	прил.	paranoičan	2340	
13669	rika	rika	сущ.	riko	2451	
13678	bračni	bračni	прил.	bračni	3847	
13682	krdo	krdo	сущ.	krdo	2027	
13688	detektivka	detektivka	сущ.	detektivka	2464	
13698	iskrsnuti	iskrsnuti	глаг.	iskrslo	2285	
13705	držanje	držanje	сущ.	držanje	1690	
13709	izvešće	izvešće	сущ.	izvješće	2729	
13711	odvezati	odvezati	глаг.	odveži	2035	
13713	pregaziti	pregaziti	глаг.	pregazio	3153	
13719	institut	institut	сущ.	institut	2872	
13720	udaviti	udaviti	глаг.	udavio	4231	
13725	tamno	tamno	нареч.	tamno	1565	
13733	izvlačiti	izvlačiti	глаг.	izvlači	3768	
13746	ironija	ironija	сущ.	ironija	1987	
13749	kuvanje	kuvanje	сущ.	kuvanje	2141	
13752	osobina	osobina	сущ.	osobine	2398	
13760	jadnica	jadnica	сущ.	jadnica	1805	
13762	odgovarajući	odgovarajući	прил.	odgovarajuće	3605	
13772	poručnica	poručnica	сущ.	poručnice	1916	
13775	iskopati	iskopati	глаг.	iskopao	5798	
13778	mast	mast	сущ.	masti	2573	
13779	poglavica	poglavica	сущ.	poglavica	2282	
13783	juha	juha	сущ.	juhu	2199	
13788	vršiti	vršiti	глаг.	vrši	4141	
13793	gin	gin	сущ.	gina	1650	
13799	praznina	praznina	сущ.	prazninu	3252	
13802	parkirati	parkirati	глаг.	parkirao	6538	парковаться
13806	ciklus	ciklus	сущ.	ciklus	1915	
13812	električan	električan	прил.	električni	5557	
13815	pevač	pevač	сущ.	pevač	2065	
13826	popustiti	popustiti	глаг.	popusti	3758	
13842	iznositi	iznositi	глаг.	iznosi	2108	
13846	stub	stub	сущ.	stub	2810	
13853	smrtonosan	smrtonosan	прил.	smrtonosna	5373	
13869	web	web	сущ.	web	1286	
13875	strog	strog	прил.	strog	3096	
13878	uslovan	uslovan	прил.	uslovnu	2663	
13885	oslobađati	oslobađati	глаг.	oslobađa	2026	
13887	ikako	ikako	нареч.	ikako	1284	
13894	odlučan	odlučan	прил.	odlučan	2545	
13897	udruženje	udruženje	сущ.	udruženje	2872	
13898	momčina	momčina	сущ.	momčino	1283	
13901	prvak	prvak	сущ.	prvak	2167	
13903	zatvaranje	zatvaranje	сущ.	zatvaranje	2289	
13906	izum	izum	сущ.	izum	1969	
13912	uvid	uvid	сущ.	uvid	1282	
13914	zaštitnik	zaštitnik	сущ.	zaštitnik	1805	
13919	socijalan	socijalan	прил.	socijalni	6016	
13921	narkoman	narkoman	сущ.	narkoman	2220	
13925	sluškinja	sluškinja	сущ.	sluškinja	2086	
13930	spiskati	spiskati	глаг.	spiska	1280	
13943	naručje	naručje	сущ.	naručju	2035	
13945	osnovati	osnovati	глаг.	osnovao	3741	
13951	pomoliti	pomoliti	глаг.	pomolimo	2598	
13960	opekotina	opekotina	сущ.	opekotine	1777	
13961	umoriti	umoriti	глаг.	umorio	2785	
13962	uhititi	uhititi	глаг.	uhićen	5272	
13971	laboratorij	laboratorij	сущ.	laboratorij	1275	
13995	magičan	magičan	прил.	magični	4622	
13996	udavati	udavati	глаг.	udajem	2672	
14003	patolog	patolog	сущ.	patolog	2064	
14013	forenzičar	forenzičar	сущ.	forenzičari	1830	
14014	medaljon	medaljon	сущ.	medaljon	1271	
14016	usrećiti	usrećiti	глаг.	usrećiti	3509	
14022	opako	opako	нареч.	opako	1269	
14025	vrućina	vrućina	сущ.	vrućina	2894	
14042	osoban	osoban	прил.	osobni	4622	
14043	polica	polica	сущ.	police	4214	
14044	inteligencija	inteligencija	сущ.	inteligencije	3461	
14047	detektor	detektor	сущ.	detektor	1266	
14054	povišica	povišica	сущ.	povišicu	1265	прибавка к зарплате
14060	zdravstven	zdravstven	прил.	zdravstveno	3893	
14078	kurir	kurir	сущ.	kurir	1964	
14083	obožavatelj	obožavatelj	сущ.	obožavatelj	2227	
14119	postaja	postaja	сущ.	postaji	2354	
14122	nahraniti	nahraniti	глаг.	nahrani	5722	
14124	naivan	naivan	прил.	naivan	2991	
14126	omogućiti	omogućiti	глаг.	omogućiti	4477	
14138	kriket	kriket	сущ.	kriket	1501	
14142	blokirati	blokirati	глаг.	blokira	7019	
14173	rastaviti	rastaviti	глаг.	rastavi	2539	
14174	punjenje	punjenje	сущ.	punjenje	1752	
14175	kockica	kockica	сущ.	kockice	1576	
14183	ring	ring	сущ.	ring	2772	
14184	uzimanje	uzimanje	сущ.	uzimanje	1843	
14188	uzvrat	uzvrat	сущ.	uzvrat	1248	
14192	odlepiti	odlepiti	глаг.	odlepio	2210	
14194	gristi	gristi	глаг.	grize	3303	
14196	počivati	počivati	глаг.	počiva	1905	
14202	osuđivati	osuđivati	прил.	osuđujem	3998	
14206	kruh	kruh	сущ.	kruh	1878	
14212	oprost	oprost	сущ.	oprost	1245	
14221	laknuti	laknuti	глаг.	laknulo	1245	
14222	dvorana	dvorana	сущ.	dvorani	3724	
14232	napor	napor	сущ.	napor	3925	
14235	krivični	krivični	прил.	krivično	1919	
14237	uragan	uragan	сущ.	uragan	1996	
14238	ljubimac	ljubimac	сущ.	ljubimac	4323	
14239	zavet	zavet	сущ.	zavet	2625	
14254	nasilno	nasilno	нареч.	nasilno	1242	
14257	domar	domar	сущ.	domar	1702	
14258	zadugo	zadugo	нареч.	zadugo	1242	
14260	tretirati	tretirati	глаг.	tretiraju	6911	
14262	redak	redak	сущ.	retka	6331	
14266	moderno	moderno	нареч.	moderno	1241	
14270	precizan	precizan	прил.	precizan	3455	
14289	doživotan	doživotan	прил.	doživotnu	2626	
14290	litra	litra	сущ.	litara	1953	
14294	naprosto	naprosto	нареч.	naprosto	1238	
14297	otkup	otkup	сущ.	otkup	1238	
14307	stalan	stalan	прил.	stalni	5383	
14314	upoznavanje	upoznavanje	сущ.	upoznavanje	1671	
14315	vladar	vladar	сущ.	vladar	2438	
14317	osetilo	osetilo	сущ.	osjetila	1235	
14318	perfektno	perfektno	нареч.	perfektno	1235	
14336	čiko	čiko	сущ.	čiko	1233	
14337	krstarenje	krstarenje	сущ.	krstarenje	1990	
14342	smrdljiv	smrdljiv	прил.	smrdljivi	3545	
14354	svetost	svetost	сущ.	svetosti	1882	
14357	silno	silno	нареч.	silno	1231	
14372	lija	lija	сущ.	lija	1799	
14373	ponosno	ponosno	нареч.	ponosno	1229	
14389	istuširati	istuširati	глаг.	istuširam	2628	
14391	dosada	dosada	нареч.	dosada	2499	
14395	poset	poset	сущ.	posjet	4740	
14398	srž	srž	сущ.	srži	2334	
14403	bon	bon	сущ.	bon	1547	
14414	progoniti	progoniti	глаг.	progoni	1838	
14418	nasuti	nasuti	глаг.	nasu	1224	
14423	radijacija	radijacija	сущ.	radijacije	2682	
14426	omlet	omlet	сущ.	omlet	1223	
14428	uvesti	uvesti	глаг.	uvesti	1222	
14434	čopor	čopor	сущ.	čopor	2177	
14439	olako	olako	нареч.	olako	1221	
14441	pošiljka	pošiljka	сущ.	pošiljku	2947	
14448	grana	grana	сущ.	grane	3324	
14453	dvoboj	dvoboj	сущ.	dvoboj	1507	
14468	prezentacija	prezentacija	сущ.	prezentaciju	2325	
14470	izbiti	izbiti	глаг.	izbio	2782	
14471	beskućnik	beskućnik	сущ.	beskućnik	3444	
14474	pametnjaković	pametnjaković	сущ.	pametnjakoviću	2408	
14478	valer	valer	сущ.	valeri	1509	
14485	stoleće	stoleće	сущ.	stoljeća	2288	
14489	lupati	lupati	глаг.	lupa	3051	
14493	naoružanje	naoružanje	сущ.	naoružanje	1877	
14503	samrt	samrt	сущ.	samrti	1215	
14504	procenat	procenat	сущ.	procenat	1215	
14515	uzbuđivati	uzbuđivati	глаг.	uzbuđuje	2820	
14517	povećati	povećati	глаг.	povećati	5058	
14522	inteligentan	inteligentan	прил.	inteligentan	2788	
14537	monstrum	monstrum	сущ.	monstrum	2454	
14556	perje	perje	сущ.	perje	1995	
14562	romantičan	romantičan	прил.	romantičan	4229	
14565	kvariti	kvariti	глаг.	kvari	3050	
14575	bebica	bebica	сущ.	bebice	2409	
14576	poraniti	poraniti	глаг.	poranio	2425	
14577	posrećiti	posrećiti	глаг.	posrećilo	2337	
14583	plaćanje	plaćanje	сущ.	plaćanje	2309	оплата
14590	zalazak	zalazak	сущ.	zalazak	2436	
14593	publicitet	publicitet	сущ.	publicitet	1691	
14594	prtljažnik	prtljažnik	сущ.	prtljažnik	2585	
14596	svrbeti	svrbeti	глаг.	svrbi	1445	
14598	isprazniti	isprazniti	глаг.	isprazni	4190	
14602	dalek	dalek	прил.	daleka	6525	
14603	izraziti	izraziti	глаг.	izrazim	4427	
14613	koplje	koplje	сущ.	koplje	2443	
14628	prošetati	prošetati	глаг.	prošetati	2135	
14631	oporavljati	oporavljati	глаг.	oporavlja	1460	
14632	časno	časno	нареч.	časno	1201	
14634	hladnokrvno	hladnokrvno	нареч.	hladnokrvno	1201	
14637	pevanje	pevanje	сущ.	pevanje	2424	
14643	kontrolan	kontrolan	прил.	kontrolni	3665	
14645	prepasti	prepasti	глаг.	prepao	2120	
14653	rušiti	rušiti	глаг.	ruši	1668	
14655	konjak	konjak	сущ.	konjak	1606	
14657	širenje	širenje	сущ.	širenje	1680	
14665	skor	skor	сущ.	skorije	1508	
14676	bitanga	bitanga	сущ.	bitanga	3435	
14685	paliti	paliti	глаг.	palim	4199	
14686	uznemirujući	uznemirujući	прил.	uznemirujuće	1197	
14688	komesar	komesar	сущ.	komesar	3191	
14694	voljen	voljen	прил.	voljene	4089	
14697	glupača	glupača	сущ.	glupačo	2389	
14712	rezervisati	rezervisati	глаг.	rezervisao	3316	
14713	dojava	dojava	сущ.	dojavu	2249	
14715	emotivno	emotivno	нареч.	emotivno	1194	
14721	pristanak	pristanak	сущ.	pristanak	1629	
14730	naumiti	naumiti	глаг.	naumio	2075	
14732	vođstvo	vođstvo	сущ.	vođstvo	1848	
14744	partnerstvo	partnerstvo	сущ.	partnerstvo	1475	
14753	nišan	nišan	сущ.	nišanu	1629	
14758	dobitak	dobitak	сущ.	dobitak	1889	
14760	uživanje	uživanje	сущ.	uživanje	1988	
14762	komunist	komunist	сущ.	komunista	2540	
14776	izbegavati	izbegavati	глаг.	izbegavaš	6806	
14778	genije	genije	сущ.	genija	1480	
14781	promet	promet	сущ.	promet	1964	
14786	vraški	vraški	прил.	vraški	1187	
14788	kompjuterski	kompjuterski	прил.	kompjuterski	1885	
14791	pomiriti	pomiriti	глаг.	pomiriti	6333	
14796	predvideti	predvideti	глаг.	predvideo	4679	
14800	plesačica	plesačica	сущ.	plesačica	1627	
14801	povez	povez	сущ.	povez	1186	
14803	pehar	pehar	сущ.	pehar	1186	
14809	upoznavati	upoznavati	глаг.	upoznajem	2897	
14811	zahod	zahod	сущ.	zahod	1634	
14813	gospodarica	gospodarica	сущ.	gospodarice	2024	
14826	postepeno	postepeno	нареч.	postepeno	1184	
14833	nagaziti	nagaziti	глаг.	nagazi	1579	
14835	spakovati	spakovati	глаг.	spakuj	6384	
14836	užitak	užitak	сущ.	užitak	1535	
14850	polo	polo	сущ.	polo	1181	
14859	borben	borben	прил.	borbeni	4248	
14860	til	til	сущ.	til	1496	
14878	reporter	reporter	сущ.	reporter	1990	
14880	privilegija	privilegija	сущ.	privilegija	2751	
14886	uobičajen	uobičajen	прил.	uobičajeni	3917	
14888	zateći	zateći	глаг.	zatekao	3448	
14890	bataliti	bataliti	глаг.	batali	1176	
14904	iskaz	iskaz	сущ.	iskaz	1424	
14907	serum	serum	сущ.	serum	1438	
14917	ulazan	ulazan	прил.	ulazna	2211	
14921	ukapirati	ukapirati	глаг.	ukapirao	1845	
14935	ponekada	ponekada	нареч.	ponekada	1172	
14945	vođenje	vođenje	сущ.	vođenje	2134	
14946	šutnuti	šutnuti	глаг.	šutnuo	4534	
14952	neuobičajeno	neuobičajeno	нареч.	neuobičajeno	1171	
14957	pljačkaš	pljačkaš	сущ.	pljačkaš	3246	
14962	opaliti	opaliti	глаг.	opalio	2840	
14963	standardan	standardan	прил.	standardna	2477	
14964	realno	realno	нареч.	realno	1169	
14970	šiling	šiling	сущ.	šilinga	1509	
14972	posuda	posuda	сущ.	posudu	3371	
14974	latinski	latinski	прил.	latinski	2292	
14978	trema	trema	сущ.	tremu	1531	
14982	nasleđe	nasleđe	сущ.	nasleđe	1471	
14992	nuklearan	nuklearan	прил.	nuklearni	6470	
14993	podizanje	podizanje	сущ.	podizanje	1558	
14995	odseći	odseći	глаг.	odsekao	5660	
14997	rezervacija	rezervacija	сущ.	rezervaciju	2447	бронь
14999	dužnik	dužnik	сущ.	dužnik	1432	
15000	simpatičan	simpatičan	прил.	simpatičan	2132	
15004	specijalist	specijalist	сущ.	specijalista	2243	
15010	zapeti	zapeti	глаг.	zapeo	2830	
15011	obrana	obrana	сущ.	obranu	3648	
15025	jard	jard	сущ.	jardi	1874	
15027	supermen	supermen	сущ.	supermen	1560	
15037	središte	središte	сущ.	središtu	2567	
15039	uvod	uvod	сущ.	uvod	1162	
15043	prototip	prototip	сущ.	prototip	1161	
15048	kritika	kritika	сущ.	kritike	2576	
15050	sklopiti	sklopiti	глаг.	sklopio	4868	
15058	prekriti	prekriti	глаг.	prekriven	3832	
15059	razboleti	razboleti	глаг.	razboleo	3922	
15069	dodirni	dodirni	прил.	dodirni	1159	
15077	prost	prost	прил.	prost	3647	
15082	tuširanje	tuširanje	сущ.	tuširanje	1464	
15083	izvana	izvana	нареч.	izvana	1157	
15084	ušuteti	ušuteti	глаг.	ušuti	1157	
15095	štapić	štapić	сущ.	štapić	2765	
15098	gepek	gepek	сущ.	gepek	2140	
15100	kolac	kolac	сущ.	kolac	1156	
15105	donekle	donekle	нареч.	donekle	1156	
15110	magično	magično	нареч.	magično	1155	
15116	naklonost	naklonost	сущ.	naklonost	1570	
15135	fleš	fleš	сущ.	fleš	1153	
15139	znanost	znanost	сущ.	znanost	2037	
15151	nesposoban	nesposoban	прил.	nesposoban	2278	
15157	traženje	traženje	сущ.	traženje	2110	
15160	kana	kana	сущ.	kane	1881	
15164	zaklinjati	zaklinjati	глаг.	zaklinjem	1151	
15174	zbrisati	zbrisati	глаг.	zbrisao	3615	
15180	kampovanje	kampovanje	сущ.	kampovanje	1421	
15183	kasa	kasa	сущ.	kasi	2864	
15193	optuženi	optuženi	сущ.	optuženog	1500	
15194	sramotno	sramotno	нареч.	sramotno	1148	
15198	mentor	mentor	сущ.	mentor	1538	
15199	nadgledi	nadgledi	прил.	nadgleda	1148	
15214	grejanje	grejanje	сущ.	grejanje	1769	
15221	zasedati	zasedati	глаг.	zaseda	1147	
15223	sebično	sebično	нареч.	sebično	1147	
15225	finansije	finansije	сущ.	finansije	2468	
15228	braco	braco	сущ.	braco	1146	
15229	zacelo	zacelo	нареч.	zacijelo	1146	
15230	veo	veo	сущ.	veo	1424	
15231	veb	veb	сущ.	veb	1146	
15246	testirati	testirati	глаг.	testirati	8568	
15247	pločica	pločica	сущ.	pločice	2095	
15258	prikolica	prikolica	сущ.	prikolicu	3640	
15260	šokantno	šokantno	нареч.	šokantno	1143	
15265	zakopati	zakopati	глаг.	zakopao	6523	
15267	taxi	taxi	сущ.	taxi	1142	
15270	nadrediti	nadrediti	прил.	nadređeni	1819	
15273	saučesnik	saučesnik	сущ.	saučesnik	1975	
15278	dotad	dotad	нареч.	dotad	1142	
15283	otkucavati	otkucavati	глаг.	otkucava	1141	
15288	voditelj	voditelj	сущ.	voditelj	1610	
15290	nameštaljka	nameštaljka	сущ.	nameštaljka	1455	
15295	zavoj	zavoj	сущ.	zavoj	2589	
15312	lukav	lukav	прил.	lukav	2278	
15318	optužnica	optužnica	сущ.	optužnicu	2766	
15321	izbrisati	izbrisati	глаг.	izbrisati	5688	
15325	časnik	časnik	сущ.	časnik	2177	
15329	odvojiti	odvojiti	глаг.	odvojiti	8775	
15334	nosač	nosač	сущ.	nosač	2146	
15337	opadati	opadati	глаг.	opada	1137	
15340	interesovanje	interesovanje	сущ.	interesovanje	1888	
15343	roll	roll	сущ.	roll	1136	
15353	konačan	konačan	прил.	konačni	4035	
15368	umiranje	umiranje	сущ.	umiranje	2250	
15370	potpora	potpora	сущ.	potporu	1920	
15396	oterati	oterati	глаг.	oterao	6185	
15400	rover	rover	сущ.	rover	1400	
15407	upad	upad	сущ.	upad	1130	
15421	škoditi	škoditi	глаг.	škodi	2333	
15434	olakšati	olakšati	глаг.	olakšati	3505	
15441	ulov	ulov	сущ.	ulov	1582	
15450	nasljedstvo	nasledstvo	сущ.	nasledstvo	1547	
15453	greben	greben	сущ.	grebena	2729	
15459	unatrag	unatrag	нареч.	unatrag	1126	
15464	nesumnjivo	nesumnjivo	нареч.	nesumnjivo	1125	
15470	žalosno	žalosno	нареч.	žalosno	1125	
15480	elegantno	elegantno	нареч.	elegantno	1124	
15484	obiteljski	obiteljski	прил.	obiteljski	2843	
15491	pecivo	pecivo	сущ.	pecivo	1826	
15495	monsieur	monsieur	сущ.	monsieur	1123	
15496	provozati	provozati	глаг.	provozamo	2610	
15502	razmotriti	razmotriti	глаг.	razmotriti	4498	
15503	depresivno	depresivno	нареч.	depresivno	1123	
15517	vibracija	vibracija	сущ.	vibracije	1459	
15523	projektil	projektil	сущ.	projektil	2900	
15529	nekoć	nekoć	нареч.	nekoć	1121	
15534	čil	čil	прил.	čili	1692	
15538	velikodušan	velikodušan	прил.	velikodušan	2308	
15539	vređati	vređati	глаг.	vređa	4579	
15543	plač	plač	сущ.	plač	1618	
15546	ocean	ocean	сущ.	ocean	2254	
15548	dokumentarac	dokumentarac	сущ.	dokumentarac	1119	
15552	produžiti	produžiti	прил.	produži	3051	
15553	kišobran	kišobran	сущ.	kišobran	1119	зонт
15555	brik	brik	сущ.	brik	1119	
15574	različito	različito	нареч.	različito	1117	
15577	originalno	originalno	нареч.	originalno	1117	
15582	torpedo	torpedo	сущ.	torpeda	1847	
15584	ključan	ključan	прил.	ključni	4647	
15596	harati	harati	глаг.	hara	1115	
15597	down	down	сущ.	down	1115	
15602	pink	pink	нареч.	pink	1114	
15605	zakti	zakti	глаг.	zakleti	1114	
15606	nagađati	nagađati	глаг.	nagađam	1427	
15620	momentalno	momentalno	нареч.	momentalno	1113	
15630	taktika	taktika	сущ.	taktika	2338	
15638	prepuštati	prepuštati	глаг.	prepuštam	1111	
15641	iseći	iseći	глаг.	isekao	4935	
15645	moždan	moždan	прил.	moždani	3046	
15647	zrno	zrno	сущ.	zrno	2174	
15649	strasno	strasno	нареч.	strasno	1111	
15650	žuto	žuto	нареч.	žuto	1111	
15654	trauma	trauma	сущ.	trauma	3018	
15656	topiti	topiti	глаг.	topi	1482	
15665	ubosti	ubosti	глаг.	ubo	3763	
15673	formula	formula	сущ.	formulu	2849	
15674	značajan	značajan	прил.	značajan	2630	
15675	užina	užina	сущ.	užinu	1502	
15676	veran	veran	прил.	veran	3987	
15680	pogubljenje	pogubljenje	сущ.	pogubljenje	1661	
15690	svećenik	svećenik	сущ.	svećenik	2076	
15693	prekovremeno	prekovremeno	нареч.	prekovremeno	1108	
15709	štala	štala	сущ.	štali	3212	
15717	veterinar	veterinar	сущ.	veterinar	1882	
15718	čokoladni	čokoladni	прил.	čokoladni	2642	
15720	kanat	kanat	сущ.	kante	1105	
15739	komplicirano	komplicirano	нареч.	komplicirano	1104	
15742	napojnica	napojnica	сущ.	napojnicu	2348	
15743	proboj	proboj	сущ.	proboj	1367	
15744	kazino	kazino	сущ.	kazino	2535	
15745	tjedno	tjedno	нареч.	tjedno	1103	
15750	maksimalno	maksimalno	нареч.	maksimalno	1103	
15754	odvući	odvući	глаг.	odvući	4510	
15755	vatren	vatren	прил.	vatrena	4785	
15764	softver	softver	сущ.	softver	1363	
15767	gusto	gusto	нареч.	gusto	1101	
15768	smrtno	smrtno	нареч.	smrtno	1101	
15775	izlečiti	izlečiti	прил.	izleči	5730	
15783	identifikovati	identifikovati	глаг.	identifikovali	6386	
15784	siriti	siriti	глаг.	sire	1798	
15790	pritom	pritom	нареч.	pritom	1099	
15801	net	net	сущ.	netu	2381	
15811	dimenzija	dimenzija	сущ.	dimenzije	3337	
15815	doživotno	doživotno	нареч.	doživotno	1097	
15818	povraćati	povraćati	глаг.	povraća	3201	
15821	milord	milord	сущ.	milorde	1097	
15830	lonac	lonac	сущ.	lonac	1400	
15832	beskrajno	beskrajno	нареч.	beskrajno	1096	
15844	ten	ten	сущ.	ten	1095	
15849	striptizeta	striptizeta	сущ.	striptizeta	2097	
15859	fokus	fokus	сущ.	fokus	1095	
15883	stvarčica	stvarčica	сущ.	stvarčica	2645	
15892	ribica	ribica	сущ.	ribice	2524	
15895	isprika	isprika	сущ.	ispriku	2642	
15905	sprej	sprej	сущ.	sprej	1090	
15923	omega	omega	сущ.	omega	1088	
15933	online	online	нареч.	online	1087	
15956	posetilac	posetilac	сущ.	posetioce	4537	
15958	propuštati	propuštati	глаг.	propuštaš	3810	
15963	beznadežno	beznadežno	нареч.	beznadežno	1084	
15975	planiranje	planiranje	сущ.	planiranje	1908	
15976	masovno	masovno	нареч.	masovno	1084	
15996	oduzimati	oduzimati	глаг.	oduzima	1973	
15997	zarobljenik	zarobljenik	сущ.	zarobljenik	3982	
15998	označavati	označavati	глаг.	označava	1362	
16001	naučno	naučno	нареч.	naučno	1081	
16003	prstenje	prstenje	сущ.	prstenje	1081	
16007	navijačica	navijačica	сущ.	navijačica	1856	
16021	oslobađanje	oslobađanje	сущ.	oslobađanje	1375	
16024	dostava	dostava	сущ.	dostavu	2125	
16025	samac	samac	сущ.	samac	1565	
16029	lažnjak	lažnjak	сущ.	lažnjak	1079	
16034	nikud	nikud	нареч.	nikud	1079	
16041	granata	granata	сущ.	granata	2474	
16042	kari	kari	сущ.	kari	1078	
16043	razneti	razneti	глаг.	razneti	7490	
16048	ulagati	ulagati	глаг.	ulažem	1790	
16052	zbunjivati	zbunjivati	глаг.	zbunjuje	1657	
16054	blagosloven	blagosloven	прил.	blagosloven	2533	
16055	uzvratiti	uzvratiti	глаг.	uzvratiti	4902	
16064	zaredom	zaredom	нареч.	zaredom	1077	
16077	upala	upala	сущ.	upale	2126	
16082	otkrivanje	otkrivanje	сущ.	otkrivanje	1955	
16092	srodstvo	srodstvo	сущ.	srodstvu	1075	
16125	pogoršavati	pogoršavati	глаг.	pogoršava	1375	
16130	imidž	imidž	сущ.	imidž	1072	
16131	evakuacija	evakuacija	сущ.	evakuaciju	2117	
16133	skretanje	skretanje	сущ.	skretanje	1515	
16140	stadion	stadion	сущ.	stadion	2334	
16147	depresija	depresija	сущ.	depresije	3555	
16148	luda	luda	сущ.	ludom	1070	
16150	isplata	isplata	сущ.	isplate	2976	
16151	ukrcavanje	ukrcavanje	сущ.	ukrcavanje	1070	
16154	kuka	kuka	сущ.	kuku	2701	
16158	zatrudneti	zatrudneti	глаг.	zatrudnela	2338	
16162	formular	formular	сущ.	formular	1768	бланк
16164	truplo	truplo	сущ.	truplo	1569	
16167	savezni	savezni	прил.	savezni	2180	
16170	proglasiti	proglasiti	глаг.	proglašen	5820	
16171	badnji	badnji	прил.	badnje	1069	
16175	proučavati	proučavati	глаг.	proučavao	4268	
16177	izložiti	izložiti	прил.	izložen	4915	
16180	odbrojavanje	odbrojavanje	сущ.	odbrojavanje	1068	
16181	vol	vol	сущ.	vol	1532	
16186	krivnja	krivnja	сущ.	krivnja	2636	
16188	skaj	skaj	сущ.	skaj	1068	
16190	stupanj	stupanj	сущ.	stupnjeva	2147	
16192	razbijati	razbijati	глаг.	razbija	2274	
16195	madame	madame	сущ.	madame	1067	
16197	ručni	ručni	прил.	ručni	2676	
16200	oskar	oskar	сущ.	oskare	1066	
16202	udaranje	udaranje	сущ.	udaranje	1546	
16211	ferari	ferari	сущ.	ferari	1397	
16218	kabinet	kabinet	сущ.	kabinet	2717	
16219	davež	davež	сущ.	davež	1065	
16231	kapetanov	kapetanov	прил.	kapetanov	1064	
16236	naopačke	naopačke	нареч.	naopačke	1063	
16240	begunac	begunac	сущ.	begunac	2718	
16241	prihvaćati	prihvaćati	глаг.	prihvaćam	1497	
16243	nekamo	nekamo	нареч.	nekamo	1063	
16259	nevjerojatan	nevjerojatan	прил.	nevjerojatna	2579	
16265	isprati	isprati	глаг.	isprati	2085	
16267	narednica	narednica	сущ.	narednice	1370	
16273	disko	disko	сущ.	disko	1060	
16276	traga	traga	сущ.	trazi	1060	
16277	prezirati	prezirati	глаг.	prezirem	2692	
16286	scenarij	scenarij	сущ.	scenarija	3191	
16289	depozit	depozit	сущ.	depozit	1059	залог
16291	drzak	drzak	прил.	drzak	2251	
16309	otraga	otraga	нареч.	otraga	1058	
16311	statua	statua	сущ.	statua	2607	
16321	povećanje	povećanje	сущ.	povećanje	1345	
16322	preživeli	preživeli	прил.	preživelih	1441	
16327	zrakoplov	zrakoplov	сущ.	zrakoplov	1738	
16337	kop	kop	сущ.	kopa	1055	
16343	završan	završan	прил.	završni	2947	
16344	odlaganje	odlaganje	сущ.	odlaganje	1826	
16348	nogomet	nogomet	сущ.	nogomet	1055	
16351	određivati	određivati	глаг.	određuje	1774	
16356	izvršan	izvršan	прил.	izvršni	1360	
16361	grobnica	grobnica	сущ.	grobnica	3569	
16363	makro	makro	сущ.	makro	1409	
16374	uljez	uljez	сущ.	uljez	2650	
16380	razmena	razmena	сущ.	razmenu	3808	
16391	naslikati	naslikati	глаг.	naslikao	1337	
16397	uznemiravanje	uznemiravanje	сущ.	uznemiravanje	1896	
16399	nervozno	nervozno	нареч.	nervozno	1051	
16403	mrvica	mrvica	сущ.	mrvice	2260	
16411	bunker	bunker	сущ.	bunker	2000	
16417	standard	standard	сущ.	standarde	3367	
16427	šalica	šalica	сущ.	šalicu	1763	
16429	kuvarica	kuvarica	сущ.	kuvarica	1050	
16446	pronalaženje	pronalaženje	сущ.	pronalaženje	1950	
16450	skeniranje	skeniranje	сущ.	skeniranje	1362	
16451	davanje	davanje	сущ.	davanje	1947	
16468	ustanova	ustanova	сущ.	ustanova	3804	
16471	galerija	galerija	сущ.	galeriji	3408	
16473	pomaknuti	pomaknuti	глаг.	pomaknuti	2758	
16474	kuhati	kuhati	глаг.	kuhati	2656	
16483	vala	vala	сущ.	vala	1414	
16485	slanje	slanje	сущ.	slanje	1390	
16486	podsetnik	podsetnik	сущ.	podsetnik	1403	
16505	znatno	znatno	нареч.	znatno	1045	
16517	poniženje	poniženje	сущ.	poniženje	1656	
16521	ubrzavati	ubrzavati	глаг.	ubrzava	1044	
16522	služavka	služavka	сущ.	služavka	1812	
16525	sirup	sirup	сущ.	sirup	1431	
16533	plemenit	plemenit	прил.	plemeniti	3535	
16546	uperiti	uperiti	прил.	uperio	2252	
16548	znatiželjan	znatiželjan	прил.	znatiželjan	1964	
16550	blog	blog	сущ.	blog	1393	
16554	osloniti	osloniti	глаг.	osloniti	2253	
16564	tržni	tržni	прил.	tržni	2430	
16565	nebeski	nebeski	прил.	nebeski	3018	
16566	misa	misa	сущ.	misu	3207	
16574	paravan	paravan	сущ.	paravan	1039	
16575	globalno	globalno	нареч.	globalno	1039	
16577	sedativ	sedativ	сущ.	sedativ	2291	
16579	prosuti	prosuti	глаг.	prosuo	2323	
16583	populacija	populacija	сущ.	populacije	2302	
16589	mar	mar	сущ.	mara	1963	
16594	stado	stado	сущ.	stado	1581	
16600	ljutnja	ljutnja	сущ.	ljutnje	2192	
16608	rimski	rimski	прил.	rimski	3636	
16615	integritet	integritet	сущ.	integritet	1378	
16629	prizemlje	prizemlje	сущ.	prizemlju	1522	
16635	zatvoren	zatvoren	прил.	zatvorenih	2994	
16638	poslepodne	poslepodne	нареч.	poslepodne	1873	
16648	emo	emo	сущ.	emo	1034	
16651	poanta	poanta	сущ.	poanta	1034	
16665	školovanje	školovanje	сущ.	školovanje	1312	
16668	slabić	slabić	сущ.	slabić	1300	
16683	volt	volt	сущ.	volt	2523	
16689	nestali	nestali	прил.	nestalih	3435	
16694	hladiti	hladiti	глаг.	hladi	1030	
16701	stradati	stradati	глаг.	strada	4380	
16711	odašiljač	odašiljač	сущ.	odašiljač	1029	
16712	izreka	izreka	сущ.	izreka	1688	
16718	uporan	uporan	прил.	uporan	1908	
16733	pomoćan	pomoćan	прил.	pomoćni	1848	
16735	vežbanje	vežbanje	сущ.	vežbanje	1795	
16740	konac	konac	сущ.	konac	2666	
16742	kormilo	kormilo	сущ.	kormilo	1026	
16746	pevačica	pevačica	сущ.	pevačica	1325	
16748	maksimum	maksimum	сущ.	maksimum	1025	
16755	dotaći	dotaći	глаг.	dotakao	4292	
16757	nizbrdo	nizbrdo	нареч.	nizbrdo	1025	
16768	prihvatljiv	prihvatljiv	прил.	prihvatljivo	1662	
16774	huliti	huliti	глаг.	hulio	1023	
16796	ljubomora	ljubomora	сущ.	ljubomora	2307	
16817	mladunče	mladunče	сущ.	mladunče	1020	
16820	komplikacija	komplikacija	сущ.	komplikacija	1688	
16821	straga	straga	нареч.	straga	1020	
16837	moralno	moralno	нареч.	moralno	1019	
16838	ugroziti	ugroziti	глаг.	ugroziti	7189	
16848	neprikladno	neprikladno	нареч.	neprikladno	1019	
16849	luna	luna	сущ.	luna	1019	
16850	počinilac	počinilac	сущ.	počinilac	1526	
16852	zahvat	zahvat	сущ.	zahvat	1388	
16856	divizija	divizija	сущ.	divizije	2516	
16864	kardinal	kardinal	сущ.	kardinal	2049	
16866	ograničiti	ograničiti	прил.	ograničen	3628	
16868	kazeta	kazeta	сущ.	kazete	1017	
16872	džem	džem	сущ.	džema	2218	
16887	limuzina	limuzina	сущ.	limuzina	3191	
16890	pev	pev	сущ.	pjeva	1015	
16905	uklopiti	uklopiti	глаг.	uklopiti	2756	
16912	dizajnirati	dizajnirati	прил.	dizajnirao	1961	
16913	nevažan	nevažan	прил.	nevažno	1543	
16916	nevaljao	nevaljao	прил.	nevaljala	3047	
16925	čistač	čistač	сущ.	čistač	1722	дворник, уборщик улиц
16931	kažnjavati	kažnjavati	глаг.	kažnjava	2285	
16933	foto	foto	прил.	foto	1013	
16934	pregovarati	pregovarati	глаг.	pregovarati	3974	
16937	razglednica	razglednica	сущ.	razglednicu	2000	
16940	juan	juan	сущ.	juan	1339	
16941	predobar	predobar	прил.	predobro	2076	
16942	proširiti	proširiti	прил.	proširiti	4651	
16962	nezamisliv	nezamisliv	прил.	nezamislivo	1010	
16973	pokusati	pokusati	глаг.	pokusao	3181	
16975	poseći	poseći	глаг.	posekao	1448	
16982	govnar	govnar	сущ.	govnaru	2556	
16990	posaditi	posaditi	глаг.	posadi	1262	
16993	gradić	gradić	сущ.	gradić	1862	
16996	dovršiti	dovršiti	глаг.	dovrši	3657	
17002	odigrati	odigrati	глаг.	odigrati	6244	
17005	stvor	stvor	сущ.	stvor	1829	
17012	zabrinjavati	zabrinjavati	глаг.	zabrinjava	1007	
17020	zeko	zeko	сущ.	zeka	2632	
17034	nega	nega	сущ.	negu	2841	
17036	ruž	ruž	сущ.	ruž	1005	
17038	nejasno	nejasno	нареч.	nejasno	1005	
17044	izneti	izneti	глаг.	izneo	6455	
17046	ventil	ventil	сущ.	ventil	1253	
17049	semestar	semestar	сущ.	semestar	1971	
17062	žaljenje	žaljenje	сущ.	žaljenje	2128	
17068	raskid	raskid	сущ.	raskid	1809	
17071	gral	gral	сущ.	gral	1002	
17087	ovlašćenje	ovlašćenje	сущ.	ovlašćenja	1778	
17090	trezor	trezor	сущ.	trezor	1972	
17119	buket	buket	сущ.	buket	998	
17124	skalpel	skalpel	сущ.	skalpel	998	
17149	kidnapovati	kidnapovati	глаг.	kidnapovao	3218	
17151	nagon	nagon	сущ.	nagon	1560	
17152	nastajati	nastajati	глаг.	nastaje	1645	
17155	kaplar	kaplar	сущ.	kaplare	1643	
17157	siledžija	siledžija	сущ.	siledžija	1715	
17163	zezanje	zezanje	сущ.	zezanja	1829	
17170	napast	napast	сущ.	napast	994	
17177	odjebati	odjebati	глаг.	odjebite	1796	
17181	obići	obići	глаг.	obiđem	4591	
17189	svečano	svečano	нареч.	svečano	993	
17192	sličiti	sličiti	глаг.	sliči	993	
17210	upravitelj	upravitelj	сущ.	upravitelj	1741	
17216	plaća	plaća	сущ.	plaću	1816	платит
17218	doveka	doveka	нареч.	doveka	991	
17224	plemenito	plemenito	нареч.	plemenito	991	
17229	praksa	praksa	сущ.	praksu	3403	
17232	protivotrov	protivotrov	сущ.	protivotrov	990	
17235	gušiti	gušiti	глаг.	guši	2108	
17245	pozabaviti	pozabaviti	глаг.	pozabaviti	2040	
17247	pakt	pakt	сущ.	pakt	989	
17248	invazija	invazija	сущ.	invaziju	2742	
17254	preskočiti	preskočiti	глаг.	preskočiti	5456	
17258	ujed	ujed	сущ.	ujeda	1628	
17271	pomirisati	pomirisati	глаг.	pomiriši	987	
17280	izbaviti	izbaviti	глаг.	izbavi	3312	
17286	lagan	lagan	прил.	lagan	3036	
17289	očitavanje	očitavanje	сущ.	očitavanja	1333	
17292	sastojak	sastojak	сущ.	sastojak	2545	
17293	procent	procent	сущ.	procenata	1373	
17309	izbacivati	izbacivati	глаг.	izbacuje	2460	
17311	sekira	sekira	сущ.	sekiru	2468	
17314	saznanje	saznanje	сущ.	saznanje	2234	
17318	ubod	ubod	сущ.	ubod	2188	
17322	vraćanje	vraćanje	сущ.	vraćanje	1714	
17328	pomišljati	pomišljati	глаг.	pomišljaj	2351	
17330	pakleno	pakleno	нареч.	pakleno	984	
17331	stabilno	stabilno	нареч.	stabilno	984	
17342	iskupiti	iskupiti	глаг.	iskupim	2739	
17348	konvoj	konvoj	сущ.	konvoj	1266	
17370	posluga	posluga	сущ.	posluga	2288	
17375	efekt	efekt	сущ.	efekta	3274	
17378	eventualno	eventualno	нареч.	eventualno	981	
17381	prasak	prasak	сущ.	prasak	1709	
17400	dešavanje	dešavanje	сущ.	dešavanja	1221	
17401	predvorje	predvorje	сущ.	predvorju	1440	
17407	opak	opak	прил.	opak	3213	
17412	izgoreti	izgoreti	глаг.	izgoreo	4277	
17413	šoljica	šoljica	сущ.	šoljicu	1810	
17416	poduhvat	poduhvat	сущ.	poduhvat	1220	
17417	uvredljiv	uvredljiv	прил.	uvredljivo	1238	
17424	anonimno	anonimno	нареч.	anonimno	978	
17427	goriti	goriti	глаг.	gorila	1707	
17442	verovanje	verovanje	сущ.	verovanja	1889	
17444	maturski	maturski	прил.	matursko	977	
17449	spuštanje	spuštanje	сущ.	spuštanje	1282	
17450	subjekt	subjekt	сущ.	subjekt	1725	
17454	hotelski	hotelski	прил.	hotelskoj	3169	
17455	kriminalan	kriminalan	прил.	kriminalni	3060	
17457	rođendanski	rođendanski	прил.	rođendanski	2857	
17459	unesti	unesti	глаг.	unesite	3373	
17461	vidovnjak	vidovnjak	сущ.	vidovnjak	1293	
17472	karmin	karmin	сущ.	karmin	1244	
17489	vojno	vojno	нареч.	vojno	974	
17498	hemikalija	hemikalija	сущ.	hemikalije	1937	
17504	spasenje	spasenje	сущ.	spasenje	1317	
17505	sobarica	sobarica	сущ.	sobarica	1279	
17516	odložiti	odložiti	прил.	odloži	4483	
17518	premlad	premlad	прил.	premlad	2159	
17523	viti	viti	прил.	vito	1625	
17532	astronaut	astronaut	сущ.	astronaut	3093	
17539	zadiviti	zadiviti	глаг.	zadivljen	2071	
17541	prisiliti	prisiliti	глаг.	prisiljen	4649	
17545	instruktor	instruktor	сущ.	instruktor	1340	
17550	protivzakonito	protivzakonito	нареч.	protivzakonito	970	
17557	briljantno	briljantno	нареч.	briljantno	970	
17560	uredno	uredno	нареч.	uredno	970	
17568	privremen	privremen	прил.	privremeni	2324	
17585	guša	guša	сущ.	guše	967	
17608	izmet	izmet	сущ.	izmet	1405	
17612	vlasnica	vlasnica	сущ.	vlasnica	965	
17613	brojan	brojan	прил.	brojne	1987	
17621	nasmešiti	nasmešiti	глаг.	nasmeši	1522	
17625	om	om	сущ.	om	964	
17649	obračun	obračun	сущ.	obračun	1380	
17656	cimerka	cimerka	сущ.	cimerka	1619	
17664	nepravedno	nepravedno	нареч.	nepravedno	962	
17665	dragocjen	dragocen	прил.	dragoceno	3627	
17669	seminar	seminar	сущ.	seminar	1354	
17690	objava	objava	сущ.	objave	2089	
17694	mrdnuti	mrdnuti	глаг.	mrdni	2796	
17696	protok	protok	сущ.	protok	960	
17704	zabluda	zabluda	сущ.	zabludi	1605	
17709	poklapanje	poklapanje	сущ.	poklapanje	1321	
17715	poteškoća	poteškoća	сущ.	poteškoća	1567	
17717	transfer	transfer	сущ.	transfer	958	
17719	komet	komet	сущ.	kometa	2082	
17731	istraživač	istraživač	сущ.	istraživač	2495	
17732	odobravati	odobravati	глаг.	odobravam	2439	
17734	veriti	veriti	прил.	verena	3835	
17736	uverenje	uverenje	сущ.	uverenja	1887	
17741	doznati	doznati	глаг.	doznati	2496	
17742	lažljivac	lažljivac	сущ.	lažljivac	1450	
17750	bacač	bacač	сущ.	bacač	1280	
17761	rek	rek	сущ.	rek	1325	
17767	mekan	mekan	прил.	mekan	2301	
17778	učinak	učinak	сущ.	učinak	1220	
17779	obesiti	obesiti	глаг.	obesiti	6789	
17784	poreći	poreći	глаг.	poreći	1265	
17787	skupina	skupina	сущ.	skupina	1881	
17788	saopštiti	saopštiti	глаг.	saopštim	1583	
17818	psihički	psihički	прил.	psihički	1247	
17825	vešt	vešt	прил.	vešt	1792	
17836	naviknuti	naviknuti	глаг.	naviknuti	950	
17837	kočiti	kočiti	глаг.	koči	950	
17840	optuživati	optuživati	глаг.	optužuješ	3880	
17843	nagoveštaj	nagoveštaj	сущ.	nagoveštaj	950	
17847	ozlijeda	ozleda	сущ.	ozljede	1683	
17870	posedovanje	posedovanje	сущ.	posedovanje	1808	
17874	nevino	nevino	нареч.	nevino	948	
17878	srećnik	srećnik	сущ.	srećnik	948	
17885	krik	krik	сущ.	krik	1482	
17887	poboljšati	poboljšati	глаг.	poboljšati	2287	
17888	svetliti	svetliti	глаг.	svetli	947	
17889	taksist	taksist	сущ.	taksista	1231	
17890	začas	začas	нареч.	začas	947	
17898	lutalica	lutalica	сущ.	lutalica	1823	
17899	bolesnik	bolesnik	сущ.	bolesnik	1853	
17910	prespavati	prespavati	глаг.	prespavati	3771	
17914	neprekidno	neprekidno	нареч.	neprekidno	946	
17915	bitak	bitak	сущ.	bici	1946	
17918	pokolj	pokolj	сущ.	pokolj	1230	
17920	džoint	džoint	сущ.	džoint	946	
17927	formalno	formalno	нареч.	formalno	945	
17930	kongresmen	kongresmen	сущ.	kongresmen	1907	
17938	decenija	decenija	сущ.	decenije	2760	
17943	otad	otad	нареч.	otad	944	
17953	podzeman	podzeman	прил.	podzemne	4535	
17957	neophodan	neophodan	прил.	neophodna	2741	
17962	smrtonosno	smrtonosno	нареч.	smrtonosno	943	
17983	mešavina	mešavina	сущ.	mešavina	1591	
17984	narkotik	narkotik	сущ.	narkotika	2468	
17999	gama	gama	сущ.	gama	1329	
18002	jama	jama	сущ.	jamu	2811	
18004	tehničar	tehničar	сущ.	tehničar	2078	
18010	arčiti	arčiti	глаг.	arči	941	
18024	ugristi	ugristi	глаг.	ugrizao	2504	
18034	seno	seno	сущ.	sena	1856	
18036	čarobno	čarobno	нареч.	čarobno	939	
18038	pokojni	pokojni	прил.	pokojni	2448	
18065	poleteti	poleteti	глаг.	poleti	2570	
18068	veličanstven	veličanstven	прил.	veličanstven	3603	
18072	opravdavati	opravdavati	глаг.	opravdava	937	
18077	zoološki	zoološki	прил.	zoološki	1735	
18082	vika	vika	сущ.	vika	1272	
18084	potući	potući	глаг.	potukao	1880	
18087	novajlija	novajlija	сущ.	novajlija	1935	
18106	građanski	građanski	прил.	građanski	3135	
18109	ishrana	ishrana	сущ.	ishrane	2205	
18117	načisto	načisto	нареч.	načisto	934	
18118	skijanje	skijanje	сущ.	skijanje	1490	
18142	otpust	otpust	сущ.	otpust	933	
18144	smeđe	smeđe	нареч.	smeđe	932	
18157	verovatnoća	verovatnoća	сущ.	verovatnoća	1207	
18158	pretući	pretući	глаг.	pretukao	2389	
18161	struka	struka	сущ.	struka	931	
18166	potencijalno	potencijalno	нареч.	potencijalno	931	
18167	nišaniti	nišaniti	глаг.	nišani	931	
18170	primorati	primorati	прил.	primoran	2323	
18181	rastaliti	rastaliti	глаг.	rastali	930	
18187	stid	stid	сущ.	stid	1513	
18193	ispljunuti	ispljunuti	глаг.	ispljuni	929	
18203	vernost	vernost	сущ.	vernost	1181	
18209	kakao	kakao	сущ.	kakao	928	
18212	parlament	parlament	сущ.	parlament	2230	
18223	potera	potera	сущ.	potera	3095	
18228	prilaz	prilaz	сущ.	prilaz	1815	
18229	okončati	okončati	глаг.	okončati	2809	
18231	plutati	plutati	глаг.	pluta	1346	
18233	ozdraviti	ozdraviti	глаг.	ozdravi	2154	
18246	zadaća	zadaća	сущ.	zadaću	1515	
18251	taka	taka	сущ.	take	1278	
18255	deonica	deonica	сущ.	deonice	2750	
18258	preokret	preokret	сущ.	preokret	925	
18263	lomiti	lomiti	глаг.	lomi	1894	
18267	zastoj	zastoj	сущ.	zastoj	1334	
18276	govornica	govornica	сущ.	govornice	1909	
18278	rendžer	rendžer	сущ.	rendžer	2445	
18297	nacrt	nacrt	сущ.	nacrt	2286	
18306	okriviti	okriviti	глаг.	okriviti	3385	
18307	veteran	veteran	сущ.	veteran	2163	
18315	naplatiti	naplatiti	глаг.	naplatiti	2301	
18316	hvaliti	hvaliti	глаг.	hvali	4785	
18317	puštanje	puštanje	сущ.	puštanje	1335	
18318	tajms	tajms	сущ.	tajms	1559	
18319	navući	navući	глаг.	navukao	3883	
18324	nelegalno	nelegalno	нареч.	nelegalno	920	
18352	privesti	privesti	глаг.	privesti	4324	
18359	limunada	limunada	сущ.	limunadu	1712	
18361	poni	poni	сущ.	ponija	2064	
18385	uzaludno	uzaludno	нареч.	uzaludno	917	
18394	cima	cima	сущ.	cime	916	
18402	raspust	raspust	сущ.	raspust	1765	
18403	bočica	bočica	сущ.	bočicu	2128	
18412	umetnički	umetnički	прил.	umetnički	4210	
18415	zaraza	zaraza	сущ.	zaraze	2100	
18421	naprava	naprava	сущ.	naprava	1537	
18427	tvrdo	tvrdo	нареч.	tvrdo	914	
18433	dizajner	dizajner	сущ.	dizajner	1310	
18436	wall	wall	сущ.	wall	914	
18439	izigravati	izigravati	глаг.	izigravaš	2771	
18449	naspram	naspram	нареч.	naspram	913	
18459	tor	tor	сущ.	tor	2113	
18466	mod	mod	сущ.	mod	912	
18471	očitavati	očitavati	глаг.	očitavam	911	
18475	preplašiti	preplašiti	прил.	preplašen	4031	
18477	efikasno	efikasno	нареч.	efikasno	1223	
18482	kapital	kapital	сущ.	kapital	1297	
18495	ulični	ulični	прил.	ulični	2439	
18498	carski	carski	прил.	carski	1856	
18501	dohvatiti	dohvatiti	глаг.	dohvatim	3018	
18502	šlag	šlag	сущ.	šlag	1578	
18522	poslovati	poslovati	глаг.	poslovati	2532	
18527	esej	esej	сущ.	esej	908	
18529	pretežak	pretežak	прил.	preteško	1573	
18538	gazdarica	gazdarica	сущ.	gazdarica	1293	
18552	staromodan	staromodan	прил.	staromodan	2405	
18558	varka	varka	сущ.	varka	906	
18559	čudesan	čudesan	прил.	čudesna	2957	
18561	zakačiti	zakačiti	глаг.	zakačio	2124	
18568	trojka	trojka	сущ.	trojku	2831	
18584	večerašnji	večerašnji	прил.	večerašnji	3119	
18593	zaraziti	zaraziti	глаг.	zaražen	4920	
18597	kontati	kontati	глаг.	kontam	1449	
18601	party	party	сущ.	party	904	
18606	spajanje	spajanje	сущ.	spajanje	1365	
18610	počastvovati	počastvovati	прил.	počastvovan	1460	
18620	margarita	margarita	сущ.	margarita	1658	
18647	nekolicina	nekolicina	сущ.	nekolicina	1797	
18651	kleknuti	kleknuti	глаг.	klekni	1165	
18665	stih	stih	сущ.	stih	2137	
18676	nedužan	nedužan	прил.	nedužan	3071	
18680	polaskan	polaskan	прил.	polaskan	1547	
18682	zračenje	zračenje	сущ.	zračenje	1630	
18685	detonator	detonator	сущ.	detonator	899	
18687	kokoška	kokoška	сущ.	kokoške	1995	курица
18692	raspitivati	raspitivati	глаг.	raspitivao	1925	
18702	brijanje	brijanje	сущ.	brijanje	1215	
18706	vrećica	vrećica	сущ.	vrećicu	1900	
18709	smoking	smoking	сущ.	smoking	897	
18710	penjanje	penjanje	сущ.	penjanje	1170	
18728	čudno	čudno	нареч.	čudnije	896	странно
18734	kika	kika	сущ.	kiki	896	
18743	vrpca	vrpca	сущ.	vrpcu	1873	
18748	zaštitni	zaštitni	прил.	zaštitni	2509	
18753	lukavo	lukavo	нареч.	lukavo	894	
18755	zvaničan	zvaničan	прил.	zvanični	2671	
18757	učenica	učenica	сущ.	učenica	1185	
18765	žestok	žestok	прил.	žestok	2497	
18770	zapitati	zapitati	глаг.	zapitao	4762	
18776	očaj	očaj	сущ.	očaj	1863	
18780	kapiten	kapiten	сущ.	kapiten	893	
18783	jebanje	jebanje	сущ.	jebanje	1162	
18784	naizgled	naizgled	нареч.	naizgled	893	
18788	rušenje	rušenje	сущ.	rušenje	1259	
18793	poster	poster	сущ.	poster	1689	
18798	bojnik	bojnik	сущ.	bojniče	1510	
18813	neprijatnost	neprijatnost	сущ.	neprijatnosti	1318	
18816	raspraviti	raspraviti	глаг.	raspravimo	2006	
18843	duhovno	duhovno	нареч.	duhovno	890	
18847	mastiti	mastiti	глаг.	mastilo	1235	
18849	dužina	dužina	сущ.	dužine	2879	
18858	zatvorski	zatvorski	прил.	zatvorski	3538	
18862	mačje	mače	сущ.	mače	888	
18879	trač	trač	сущ.	trač	2108	
18881	nevesta	nevesta	сущ.	nevesta	1692	
18882	kraljev	kraljev	прил.	kraljev	1782	
18887	morin	morin	прил.	morin	887	
18897	neprilika	neprilika	сущ.	neprilike	2011	
18903	vešanje	vešanje	сущ.	vešanje	1147	
18909	snajperist	snajperist	сущ.	snajperista	1730	
18913	specijalac	specijalac	сущ.	specijalci	2016	
18929	hladno	hladno	нареч.	hladnije	885	холодно
18932	saobraćajni	saobraćajni	прил.	saobraćajnu	3004	
18933	lučiti	lučiti	глаг.	luče	885	
18935	iskočiti	iskočiti	глаг.	iskočio	2342	
18946	svojevoljno	svojevoljno	нареч.	svojevoljno	884	
18948	fotka	fotka	сущ.	fotke	1723	
18951	avatar	avatar	сущ.	avatar	1277	
18959	prljavština	prljavština	сущ.	prljavštinu	2680	
18960	burbon	burbon	сущ.	burbon	1210	
18969	dovući	dovući	глаг.	dovukao	3014	
18971	pogoršati	pogoršati	глаг.	pogoršati	2835	
18990	rutina	rutina	сущ.	rutina	2112	
18999	otmeno	otmeno	нареч.	otmeno	881	
19001	štimati	štimati	глаг.	štima	881	
19024	uplašeno	uplašeno	нареч.	uplašeno	880	
19025	odsesti	odsesti	глаг.	odseo	1968	
19026	školarina	školarina	сущ.	školarinu	1383	
19027	bogato	bogato	нареч.	bogato	880	
19033	mokro	mokro	нареч.	mokro	879	
19035	vrebati	vrebati	глаг.	vreba	1288	
19039	duhovan	duhovan	прил.	duhovni	2830	
19041	doseliti	doseliti	глаг.	doselio	2323	
19042	vražji	vražji	прил.	vražji	2116	
19053	hladnoća	hladnoća	сущ.	hladnoće	2961	
19061	trenutačno	trenutačno	нареч.	trenutačno	877	
19066	pastor	pastor	сущ.	pastor	1703	
19068	ubrzati	ubrzati	глаг.	ubrzati	4646	
19073	zagrevanje	zagrevanje	сущ.	zagrevanje	1230	
19099	veli	veli	глаг.	veli	1581	
19103	pohod	pohod	сущ.	pohod	1297	
19107	sastaviti	sastaviti	глаг.	sastavio	4969	
19108	profesorka	profesorka	сущ.	profesorka	874	
19109	posteljina	posteljina	сущ.	posteljinu	1247	
19115	mirovina	mirovina	сущ.	mirovinu	1269	
19117	terasa	terasa	сущ.	terasi	2063	
19124	kartel	kartel	сущ.	kartel	1584	
19126	remek	remek	прил.	remek	873	
19129	sterling	sterling	сущ.	sterling	873	
19135	predgrađe	predgrađe	сущ.	predgrađu	1934	
19143	misteriozno	misteriozno	нареч.	misteriozno	872	
19145	podzemlje	podzemlje	сущ.	podzemlje	2248	
19150	gospodstvo	gospodstvo	сущ.	gospodstvo	872	
19156	potonuti	potonuti	глаг.	potonuo	2030	
19163	papuča	papuča	сущ.	papuče	872	
19165	poletanje	poletanje	сущ.	poletanje	1200	
19172	uplesti	uplesti	глаг.	upleten	2494	
19174	pojačati	pojačati	глаг.	pojačaj	2645	
19191	silovatelj	silovatelj	сущ.	silovatelj	1374	
19202	otkačiti	otkačiti	прил.	otkačio	3653	
19203	inč	inč	сущ.	inča	1157	
19204	primećivati	primećivati	глаг.	primećuje	2899	
19209	krvavo	krvavo	нареч.	krvavo	868	
19210	plastičan	plastičan	прил.	plastične	3855	
19214	šarmantno	šarmantno	нареч.	šarmantno	868	
19215	misteriozan	misteriozan	прил.	misteriozni	2616	
19216	nošenje	nošenje	сущ.	nošenje	1242	
19231	posrednik	posrednik	сущ.	posrednik	1382	
19240	ispratiti	ispratiti	глаг.	ispratiti	2925	
19251	poslić	poslić	сущ.	poslić	866	
19252	režija	režija	сущ.	režija	866	
19253	vodoinstalater	vodoinstalater	сущ.	vodoinstalater	1403	
19254	čajnik	čajnik	сущ.	čajnik	866	
19258	okruživati	okruživati	глаг.	okružuje	1463	
19273	urnebesno	urnebesno	нареч.	urnebesno	865	
19275	garda	garda	сущ.	garda	2471	
19280	draga	draga	сущ.	dragu	1497	
19283	pogotovu	pogotovu	нареч.	pogotovu	864	
19284	tijesno	tesno	нареч.	tesno	864	
19287	rulja	rulja	сущ.	rulja	1454	
19296	kapsula	kapsula	сущ.	kapsula	2746	
19301	udoban	udoban	прил.	udoban	1619	
19308	strit	strit	сущ.	strit	1641	
19314	preuzimanje	preuzimanje	сущ.	preuzimanje	1287	
19315	spontano	spontano	нареч.	spontano	862	
19316	provalnik	provalnik	сущ.	provalnik	1578	
19318	ruševina	ruševina	сущ.	ruševine	2336	
19321	zlostavljati	zlostavljati	глаг.	zlostavljao	2242	
19329	plakanje	plakanje	сущ.	plakanje	1296	
19331	letnji	letnji	прил.	letnji	2253	
19335	samostalno	samostalno	нареч.	samostalno	861	
19347	nezvanično	nezvanično	нареч.	nezvanično	860	
19350	nestabilan	nestabilan	прил.	nestabilan	1918	
19356	kvaliteta	kvaliteta	сущ.	kvalitete	859	
19380	odleteti	odleteti	глаг.	odleti	4021	
19381	odozdo	odozdo	нареч.	odozdo	858	
19382	klizanje	klizanje	сущ.	klizanje	1152	
19398	uspaničiti	uspaničiti	глаг.	uspaničio	1281	
19406	zalaziti	zalaziti	глаг.	zalazi	856	
19417	radoznalost	radoznalost	сущ.	radoznalost	1607	
19420	proraditi	proraditi	глаг.	proradi	1413	
19425	preostao	preostao	прил.	preostale	2313	
19428	luzer	luzer	сущ.	luzer	1798	
19430	pik	pik	сущ.	pik	854	
19436	latino	latino	нареч.	latino	854	
19447	meko	meko	нареч.	meko	853	
19451	menjač	menjač	сущ.	menjač	853	
19456	pogubiti	pogubiti	глаг.	pogubljen	2356	
19464	utjecaj	utjecaj	сущ.	utjecaj	1622	
19467	pojedinost	pojedinost	сущ.	pojedinosti	852	
19471	tečaj	tečaj	сущ.	tečaj	852	
19482	kršiti	kršiti	глаг.	krši	2609	
19489	pab	pab	сущ.	pab	1931	
19499	poveriti	poveriti	глаг.	poverio	2201	
19504	drogirati	drogirati	глаг.	drogirao	5275	
19506	svadben	svadben	прил.	svadbeni	1170	
19513	prečasni	prečasni	прил.	prečasni	849	
19516	komšinica	komšinica	сущ.	komšinica	1109	
19524	inicijativa	inicijativa	сущ.	inicijativu	1667	
19528	komunicirati	komunicirati	глаг.	komunicira	3391	
19532	centralan	centralan	прил.	centralni	4564	
19533	susedstvo	susedstvo	сущ.	susjedstvu	2851	
19545	razići	razići	глаг.	razišli	1446	
19549	odoleti	odoleti	глаг.	odolim	2420	
19557	čir	čir	сущ.	čir	847	
19559	pravedan	pravedan	прил.	pravedan	1536	
19563	premeštaj	premeštaj	сущ.	premeštaj	1194	
19569	raskomotiti	raskomotiti	глаг.	raskomoti	1592	
19580	paničiti	paničiti	глаг.	paniči	1874	
19584	jelka	jelka	сущ.	jelku	1842	
19612	lutak	lutak	сущ.	lutaka	1256	
19621	veće	veće	сущ.	vijeće	1772	
19622	memorija	memorija	сущ.	memoriju	2016	
19626	recepcija	recepcija	сущ.	recepciji	1762	
19627	brusiti	brusiti	глаг.	bruse	844	
19639	zločest	zločest	прил.	zločesti	2078	
19648	napadan	napadan	прил.	napadni	1346	
19650	smilovati	smilovati	глаг.	smiluj	1312	
19651	praktički	praktički	нареч.	praktički	842	
19667	nasumično	nasumično	нареч.	nasumično	841	
19678	uneti	uneti	глаг.	uneo	2662	
19683	cedilo	cedilo	сущ.	cedilu	840	
19684	malkice	malkice	нареч.	malkice	840	
19685	protiviti	protiviti	глаг.	protivi	2305	
19687	strpiti	strpiti	глаг.	strpi	1149	
19688	prestraviti	prestraviti	глаг.	prestravljen	1844	
19690	zabrinuto	zabrinuto	нареч.	zabrinuto	839	
19693	kliziti	kliziti	глаг.	klizi	839	
19697	nalagati	nalagati	глаг.	nalaže	1086	
19703	ukazati	ukazati	глаг.	ukaže	2685	
19711	kupaći	kupaći	прил.	kupaći	1323	
19727	rodbina	rodbina	сущ.	rodbina	2255	
19741	negativac	negativac	сущ.	negativac	1394	
19750	knjižica	knjižica	сущ.	knjižicu	1215	
19756	privlačno	privlačno	нареч.	privlačno	836	
19763	lokalno	lokalno	нареч.	lokalno	836	
19766	zaobići	zaobići	глаг.	zaobići	1894	
19767	zasnivati	zasnivati	глаг.	zasniva	836	
19769	probijati	probijati	глаг.	probija	1169	
19771	ranjiv	ranjiv	прил.	ranjiv	2515	
19796	naspavati	naspavati	глаг.	naspavaj	2503	
19798	briljantan	briljantan	прил.	briljantan	1566	
19809	bijedno	bedno	нареч.	bedno	834	
19818	objekt	objekt	сущ.	objekt	3796	
19822	kupka	kupka	сущ.	kupku	1645	
19827	vitalan	vitalan	прил.	vitalni	1815	
19845	povređivati	povređivati	глаг.	povređuješ	2180	
19846	ljupko	ljupko	нареч.	ljupko	832	
19853	agentica	agentica	сущ.	agentica	1553	
19858	farmerka	farmerka	сущ.	farmerke	1095	
19866	gripa	gripa	сущ.	gripa	1596	
19888	fotoaparat	fotoaparat	сущ.	fotoaparat	829	
19898	bolan	bolan	прил.	bolna	2037	
19908	svesno	svesno	нареч.	svesno	828	
19909	trulo	trulo	нареч.	trulo	828	
19916	napaliti	napaliti	глаг.	napaljen	2368	
19920	formirati	formirati	глаг.	formiraju	2445	
19933	posumnjati	posumnjati	глаг.	posumnjao	2581	
19935	ugriz	ugriz	сущ.	ugriz	1722	
19936	plašt	plašt	сущ.	plašt	827	
19943	simpatično	simpatično	нареч.	simpatično	826	
19950	irac	irac	сущ.	irac	1346	
19953	irski	irski	прил.	irski	826	
19955	otpratiti	otpratiti	глаг.	otpratiti	3379	
19959	rabin	rabin	сущ.	rabin	1565	
19961	započinjati	započinjati	глаг.	započinje	2117	
19970	kukati	kukati	глаг.	kukaš	1067	
19976	kabl	kabl	сущ.	kabl	2528	
19984	kvarta	kvarta	сущ.	kvartu	1228	
19995	primamljiv	primamljiv	прил.	primamljivo	824	
20000	ukras	ukras	сущ.	ukras	2155	
20001	brodski	brodski	прил.	brodski	1351	
20006	doček	doček	сущ.	doček	823	
20015	raspasti	raspasti	глаг.	raspao	3815	
20020	kidnapovanje	kidnapovanje	сущ.	kidnapovanje	1210	
20034	naslovni	naslovni	прил.	naslovnu	2560	
20045	rositi	rositi	глаг.	rosi	820	
20047	smirenje	smirenje	сущ.	smirenje	820	
20051	predelo	predelo	сущ.	predjelo	1150	
20054	tipičan	tipičan	прил.	tipičan	2043	
20056	jelovnik	jelovnik	сущ.	jelovnik	1128	меню
20071	pronalazak	pronalazak	сущ.	pronalazak	1354	
20073	useliti	useliti	глаг.	uselio	4086	
20075	poraziti	poraziti	глаг.	poraziti	3719	
20076	jevrejski	jevrejski	прил.	jevrejski	2236	
20095	švedski	švedski	прил.	švedski	818	
20102	iznajmljivanje	iznajmljivanje	сущ.	iznajmljivanje	817	
20116	rendgen	rendgen	сущ.	rendgen	817	
20125	metalan	metalan	прил.	metalni	2706	
20129	utrka	utrka	сущ.	utrka	2774	
20131	snalaziti	snalaziti	глаг.	snalazim	2804	
20134	surovo	surovo	нареч.	surovo	816	
20135	audio	audio	сущ.	audio	816	
20136	prikazati	prikazati	глаг.	prikazati	3039	
20145	fudbalski	fudbalski	прил.	fudbalski	2375	
20164	gozba	gozba	сущ.	gozbu	1999	
20171	tonik	tonik	сущ.	tonik	814	
20195	sutrašnji	sutrašnji	прил.	sutrašnji	2154	
20196	uklanjanje	uklanjanje	сущ.	uklanjanje	813	
20200	udesno	udesno	нареч.	udesno	813	
20206	diskretno	diskretno	нареч.	diskretno	812	
20216	sudelovati	sudelovati	глаг.	sudjelovati	1166	
20219	skidanje	skidanje	сущ.	skidanje	1059	
20225	punč	punč	сущ.	punč	1110	
20229	generalno	generalno	нареч.	generalno	811	
20244	podudarati	podudarati	глаг.	podudara	1365	
20249	ćorsokak	ćorsokak	сущ.	ćorsokak	810	
20269	tempo	tempo	сущ.	tempo	1471	
20285	generalan	generalan	прил.	generalni	1123	
20298	zastupnik	zastupnik	сущ.	zastupnik	1742	
20304	izviđač	izviđač	сущ.	izviđač	2261	
20311	neženja	neženja	сущ.	neženja	1056	
20348	libiti	libiti	глаг.	libi	805	
20355	prejak	prejak	прил.	prejako	1661	
20362	starešina	starešina	сущ.	starešina	1518	
20365	lajati	lajati	глаг.	laje	1571	
20369	štetiti	štetiti	глаг.	šteti	804	
20381	curenje	curenje	сущ.	curenje	1213	
20392	spajati	spajati	глаг.	spaja	1604	
20393	vladin	vladin	прил.	vladin	3565	
20412	otuda	otuda	нареч.	otuda	802	
20418	bojni	bojni	прил.	bojnom	1962	
20430	obaveštajni	obaveštajni	прил.	obaveštajne	1732	
20437	vlažan	vlažan	прил.	vlažno	2665	
20444	naknada	naknada	сущ.	naknadu	1687	
20459	kampus	kampus	сущ.	kampusu	1600	
20463	posuđe	posuđe	сущ.	posuđe	1123	
20478	mladunac	mladunac	сущ.	mladunci	2410	
20493	trijumf	trijumf	сущ.	trijumf	799	
20501	zazvoniti	zazvoniti	глаг.	zazvoni	1233	
20502	pornić	pornić	сущ.	pornić	1929	
20504	jato	jato	сущ.	jato	1322	
20507	šlem	šlem	сущ.	šlem	798	
20510	pratilja	pratilja	сущ.	pratilja	1174	
20514	pristupiti	pristupiti	глаг.	pristupiti	2991	
20520	kresnuti	kresnuti	глаг.	kresnuo	3142	
20521	joga	joga	сущ.	jogu	2339	
20526	urin	urin	сущ.	urin	1410	
20539	zlikovac	zlikovac	сущ.	zlikovac	1521	
20548	oset	oset	сущ.	osjeti	795	
20556	vodstvo	vodstvo	сущ.	vodstvo	1040	
20561	kviz	kviz	сущ.	kviz	1055	
20579	jazz	jazz	сущ.	jazz	793	
20591	samoodbrana	samoodbrana	сущ.	samoodbrana	1708	
20602	smučiti	smučiti	глаг.	smučilo	792	
20609	odeljak	odeljak	сущ.	odeljak	1487	
20610	utroba	utroba	сущ.	utrobu	2319	
20611	klif	klif	сущ.	klif	1358	
20615	kavijar	kavijar	сущ.	kavijar	791	
20617	privlačnost	privlačnost	сущ.	privlačnost	1183	
20630	doživljaj	doživljaj	сущ.	doživljaj	790	
20634	karaoke	karaoke	сущ.	karaoke	790	
20636	smrznut	smrznut	прил.	smrznuti	2087	
20637	sporiti	sporiti	глаг.	spori	790	
20645	posvećenost	posvećenost	сущ.	posvećenost	1152	
20646	upućivati	upućivati	глаг.	upućuje	1287	
20648	nedugo	nedugo	нареч.	nedugo	789	
20651	poništiti	poništiti	глаг.	poništiti	1985	
20653	hemijski	hemijski	прил.	hemijsko	3922	
20654	saopštenje	saopštenje	сущ.	saopštenje	789	
20656	manira	manira	сущ.	manire	1127	
20658	milostiv	milostiv	прил.	milostivi	2123	
20665	priručnik	priručnik	сущ.	priručnik	1071	
20675	kradljivac	kradljivac	сущ.	kradljivac	1388	
20682	društveno	društveno	нареч.	društveno	788	
20684	pista	pista	сущ.	pistu	2602	
20691	navratiti	navratiti	глаг.	navratiti	4040	
20700	zabuna	zabuna	сущ.	zabune	1227	
20714	maltretirati	maltretirati	глаг.	maltretira	3194	
20718	ventilator	ventilator	сущ.	ventilator	787	
20727	debil	debil	сущ.	debil	1859	
20733	doživiti	doživiti	глаг.	doživio	2614	
20737	murjak	murjak	сущ.	murjak	1492	
20748	nesiguran	nesiguran	прил.	nesiguran	1637	
20761	meksički	meksički	прил.	meksički	2662	
20762	zarazno	zarazno	нареч.	zarazno	784	
20783	maznuti	maznuti	глаг.	maznuo	1258	
20787	pokaz	pokaz	сущ.	pokazi	783	
20816	kabriolet	kabriolet	сущ.	kabriolet	781	
20818	sekirati	sekirati	глаг.	sekiraj	1433	
20821	osvajati	osvajati	глаг.	osvaja	1062	
20831	razina	razina	сущ.	razinu	2693	
20847	poboljšanje	poboljšanje	сущ.	poboljšanje	1405	
20849	rastanak	rastanak	сущ.	rastanak	780	
20852	mesija	mesija	сущ.	mesija	780	
20861	kucanje	kucanje	сущ.	kucanje	1064	
20862	veridba	veridba	сущ.	veridbu	1579	
20863	pomilovanje	pomilovanje	сущ.	pomilovanje	1088	
20865	zidina	zidina	сущ.	zidina	1251	
20892	modni	modni	прил.	modni	1949	
20896	prestanak	prestanak	сущ.	prestanka	1115	
20922	tekila	tekila	сущ.	tekilu	1966	
20942	sramotiti	sramotiti	глаг.	sramotiš	1301	
20944	jazbina	jazbina	сущ.	jazbinu	1978	
20959	postavljanje	postavljanje	сущ.	postavljanje	1070	
20960	satelitski	satelitski	прил.	satelitski	1824	
20964	popuniti	popuniti	глаг.	popuni	5110	заполнить
20972	zverka	zverka	сущ.	zverka	774	
20976	jeziv	jeziv	прил.	jeziv	2665	
20977	ubrzanje	ubrzanje	сущ.	ubrzanje	1038	
20978	prilazak	prilazak	сущ.	prilaska	774	
20987	dosađivati	dosađivati	глаг.	dosađujem	2270	
20993	guru	guru	сущ.	guru	774	
21001	ušteđevina	ušteđevina	сущ.	ušteđevinu	1471	
21003	načiniti	načiniti	глаг.	načinio	1849	
21011	pomaganje	pomaganje	сущ.	pomaganje	1289	
21012	lepotan	lepotan	сущ.	lepotane	1611	
21020	počasni	počasni	прил.	počasni	772	
21024	klinka	klinka	сущ.	klinka	772	
21033	spoljni	spoljni	прил.	spoljni	3364	
21038	ruta	ruta	сущ.	rutu	2594	
21054	seoski	seoski	прил.	seoski	1374	
21062	zastupati	zastupati	глаг.	zastupam	1894	
21064	kašnjenje	kašnjenje	сущ.	kašnjenja	1438	
21066	dostignuće	dostignuće	сущ.	dostignuća	1388	
21072	stražnji	stražnji	прил.	stražnji	2371	
21086	prekoputa	prekoputa	нареч.	prekoputa	769	
21088	urediti	urediti	глаг.	uredio	2043	
21094	nerešeno	nerešeno	нареч.	nerešeno	769	
21100	motocikl	motocikl	сущ.	motocikl	769	
21103	pravno	pravno	нареч.	pravno	769	
21107	sitniš	sitniš	сущ.	sitniš	1030	
21110	ujediniti	ujediniti	глаг.	ujedinjeni	3677	
21121	moriti	moriti	прил.	mori	1301	
21126	poslastica	poslastica	сущ.	poslastica	1506	
21128	vatreno	vatreno	нареч.	vatreno	768	
21129	kajanje	kajanje	сущ.	kajanje	1484	
21130	petorica	petorica	сущ.	petorica	1176	
21133	protezati	protezati	глаг.	proteže	1021	
21139	rimovati	rimovati	глаг.	rimuje	767	
21150	naprimer	naprimer	нареч.	naprimer	1156	
21154	prelazak	prelazak	сущ.	prelazak	1107	
21171	sunčan	sunčan	прил.	sunčano	1791	
21173	idol	idol	сущ.	idol	1174	
21179	žuditi	žuditi	глаг.	žudi	2185	
21182	svlačionica	svlačionica	сущ.	svlačionici	1698	
21191	izbacivanje	izbacivanje	сущ.	izbacivanje	1036	
21195	prelo	prelo	сущ.	prelom	765	
21204	povetarac	povetarac	сущ.	povetarac	764	
21212	spektakularno	spektakularno	нареч.	spektakularno	764	
21223	trgovački	trgovački	прил.	trgovački	1410	
21225	propisno	propisno	нареч.	propisno	763	
21236	gaziti	gaziti	глаг.	gazi	1381	
21237	otrčati	otrčati	глаг.	otrčao	1499	
21259	izmišljati	izmišljati	глаг.	izmišljam	2401	
21260	opuštanje	opuštanje	сущ.	opuštanje	1019	
21267	direktorka	direktorka	сущ.	direktorka	761	
21274	viriti	viriti	глаг.	viri	1022	
21278	koverat	koverat	сущ.	kovertu	2849	
21286	gard	gard	сущ.	gard	761	
21296	ovisnik	ovisnik	сущ.	ovisnik	760	
21304	inspekcija	inspekcija	сущ.	inspekciju	1718	
21309	komandni	komandni	прил.	komandni	1313	
21311	poternica	poternica	сущ.	poternicu	1069	
21331	usvojiti	usvojiti	прил.	usvojen	4117	
21344	fantom	fantom	сущ.	fantom	1090	
21346	bankovan	bankovan	прил.	bankovni	1153	
21354	crtati	crtati	глаг.	crtam	2242	
21362	džeparac	džeparac	сущ.	džeparac	756	
21369	internat	internat	сущ.	internat	1172	
21370	piriti	piriti	глаг.	pire	756	
21377	zapanjiti	zapanjiti	прил.	zapanjen	1353	
21381	ovlastiti	ovlastiti	глаг.	ovlasti	1015	
21389	najam	najam	сущ.	najam	755	
21408	poznati	poznati	глаг.	poznam	1180	
21412	song	song	сущ.	song	754	
21413	maniri	maniri	сущ.	maniri	1164	
21414	maler	maler	сущ.	maler	754	
21422	tužitelj	tužitelj	сущ.	tužitelj	1473	
21435	kovati	kovati	глаг.	kuje	1386	
21436	kapetanica	kapetanica	сущ.	kapetanice	1385	
21450	kidati	kidati	глаг.	kida	752	
21455	predsedavati	predsedavati	нареч.	predsedavajući	752	
21460	vratar	vratar	сущ.	vratar	1037	
21461	poremetiti	poremetiti	глаг.	poremećen	2927	
21462	uspon	uspon	сущ.	uspon	2175	
21466	moralan	moralan	прил.	moralni	2921	
21469	izravno	izravno	нареч.	izravno	752	
21475	skuvati	skuvati	глаг.	skuvam	3837	
21476	prelaz	prelaz	сущ.	prelaz	1308	
21489	družina	družina	сущ.	družina	1313	
21491	pseći	pseći	прил.	pseće	2165	
21494	ostareti	ostareti	глаг.	ostario	1781	
21496	predah	predah	сущ.	predah	751	
21506	ćurka	ćurka	сущ.	ćurku	1712	
21509	učionica	učionica	сущ.	učionici	2009	
21510	lopata	lopata	сущ.	lopatu	1990	
21511	ljubljenje	ljubljenje	сущ.	ljubljenje	1189	
21512	patetičan	patetičan	прил.	patetičan	1789	
21514	infuzija	infuzija	сущ.	infuziju	750	
21517	ulevo	ulevo	нареч.	ulevo	1009	
21518	sređivati	sređivati	глаг.	sređujem	2817	
21529	dostojanstveno	dostojanstveno	нареч.	dostojanstveno	749	
21533	partnerka	partnerka	сущ.	partnerka	1121	
21534	mail	mail	сущ.	mail	749	
21538	zadovoljavati	zadovoljavati	глаг.	zadovoljava	749	
21551	platforma	platforma	сущ.	platformu	2655	
21553	odužiti	odužiti	глаг.	odužim	1583	
21567	rasturiti	rasturiti	глаг.	rasturio	3191	
21579	tup	tup	прил.	tupim	1758	
21582	suočavati	suočavati	глаг.	suočava	2513	
21583	smešiti	smešiti	глаг.	smeši	1327	
21588	lutkica	lutkica	сущ.	lutkice	1180	
21589	porast	porast	сущ.	porastu	1362	
21590	poricati	poricati	глаг.	poriče	3426	
21601	sanka	sanka	сущ.	sanke	1032	
21604	smak	smak	сущ.	smak	746	
21613	dinar	dinar	сущ.	dinar	1394	
21626	majčin	majčin	прил.	majčine	2971	
21637	mirovati	mirovati	глаг.	miruj	1118	
21643	otkupnina	otkupnina	сущ.	otkupninu	744	
21652	fenomenalan	fenomenalan	прил.	fenomenalan	1579	
21653	suspendovati	suspendovati	прил.	suspendovan	1052	
21654	spreda	spreda	нареч.	spreda	1119	
21662	lažljivica	lažljivica	сущ.	lažljivica	1405	
21663	vrištanje	vrištanje	сущ.	vrištanje	985	
21665	potrčko	potrčko	сущ.	potrčko	742	
21671	šljam	šljam	сущ.	šljam	742	
21686	željan	željan	прил.	željan	1544	
21698	invalid	invalid	сущ.	invalid	1296	
21716	potencijalan	potencijalan	прил.	potencijalni	2533	
21717	socijalno	socijalno	нареч.	socijalno	740	
21728	smirivati	smirivati	глаг.	smiruje	740	
21729	krštenje	krštenje	сущ.	krštenje	1003	
21730	džinovski	džinovski	прил.	džinovski	1634	
21733	vladavina	vladavina	сущ.	vladavine	1630	
21736	pokriće	pokriće	сущ.	pokriće	739	
21737	odspavati	odspavati	глаг.	odspavaj	2980	
21742	ordinacija	ordinacija	сущ.	ordinaciju	2053	
21743	istraživački	istraživački	прил.	istraživački	1017	
21749	uklet	uklet	прил.	ukleta	1707	
21752	bezobrazno	bezobrazno	нареч.	bezobrazno	739	
21753	vezivati	vezivati	глаг.	vezuje	1335	
21755	odseliti	odseliti	глаг.	odselio	2858	
21759	benzinski	benzinski	прил.	benzinskoj	2064	
21763	podela	podela	сущ.	podele	1378	
21765	impresivan	impresivan	прил.	impresivan	1344	
21767	svetica	svetica	сущ.	svetica	738	
21769	naneti	naneti	глаг.	naneo	2307	
21773	vran	vran	прил.	vrana	738	
21785	kuckati	kuckati	глаг.	kucka	737	
21791	zanimljivo	zanimljivo	нареч.	zanimljivije	737	
21797	smrzavati	smrzavati	глаг.	smrzavam	1008	
21811	pogodba	pogodba	сущ.	pogodbu	1828	
21813	berza	berza	сущ.	berzi	1898	
21818	okupati	okupati	глаг.	okupam	2695	
21835	lazanje	lazanje	сущ.	lazanje	736	
21842	pretrpeti	pretrpeti	глаг.	pretrpeo	1931	
21843	blisko	blisko	нареч.	blisko	735	
21847	žitarica	žitarica	сущ.	žitarice	1179	
21848	teretan	teretan	прил.	teretni	735	
21860	dojka	dojka	сущ.	dojke	735	
21872	fitilj	fitilj	сущ.	fitilj	734	
21873	bučno	bučno	нареч.	bučno	734	
21879	toster	toster	сущ.	toster	734	
21888	šišanje	šišanje	сущ.	šišanje	734	
21911	seksati	seksati	глаг.	seksati	2987	
21932	dodeliti	dodeliti	глаг.	dodeljen	1779	
21936	uvažiti	uvažiti	прил.	uvaženi	732	
21937	predostrožnost	predostrožnost	сущ.	predostrožnosti	732	
21938	momački	momački	прил.	momačko	732	
21939	odlučnost	odlučnost	сущ.	odlučnost	732	
21949	pipati	pipati	глаг.	pipaj	731	
21950	petica	petica	сущ.	petice	2052	
21952	uleteti	uleteti	глаг.	uleteo	1333	
21959	spektakl	spektakl	сущ.	spektakl	731	
21963	skontati	skontati	глаг.	skontao	1345	
21969	lezbijka	lezbijka	сущ.	lezbijka	1036	
21980	tajmer	tajmer	сущ.	tajmer	730	
21985	skretati	skretati	глаг.	skreće	1682	
21987	krš	krš	сущ.	krš	730	
21988	korenje	korenje	сущ.	korenje	730	
21994	bizarno	bizarno	нареч.	bizarno	730	
21997	obnoviti	obnoviti	глаг.	obnoviti	2558	
22003	filter	filter	сущ.	filter	729	
22006	nekuda	nekuda	нареч.	nekuda	729	
22014	prevrnuti	prevrnuti	глаг.	prevrnuo	1010	
22016	istupiti	istupiti	глаг.	istupi	1272	
22020	kupaonica	kupaonica	сущ.	kupaonici	2183	
22023	bridž	bridž	сущ.	bridž	728	
22028	skakanje	skakanje	сущ.	skakanje	728	
22031	dorasti	dorasti	глаг.	dorastao	1310	
22032	uvet	uvet	сущ.	uvjetima	2976	
22035	kamata	kamata	сущ.	kamate	2012	
22037	šema	šema	сущ.	šemu	2235	
22047	duda	duda	сущ.	dude	728	
22053	brana	brana	сущ.	brana	1239	
22061	naduvati	naduvati	прил.	naduvan	1429	
22062	ljuto	ljuto	нареч.	ljuto	727	остро
22065	spasitelj	spasitelj	сущ.	spasitelj	1179	
22069	gumen	gumen	прил.	gumene	1444	
22076	bežanje	bežanje	сущ.	bežanje	1318	
22082	razbijanje	razbijanje	сущ.	razbijanje	726	
22083	cinkaroš	cinkaroš	сущ.	cinkaroš	726	
22084	ručati	ručati	глаг.	ručamo	3845	
22087	rokenrol	rokenrol	сущ.	rokenrol	726	
22088	operativac	operativac	сущ.	operativac	1654	
22090	pročuti	pročuti	глаг.	pročuje	1161	
22111	ispružiti	ispružiti	глаг.	ispruži	987	
22123	uvlačiti	uvlačiti	глаг.	uvlači	1457	
22125	zreti	zreti	глаг.	zreo	2123	
22128	derati	derati	глаг.	dereš	2096	
22138	postrojenje	postrojenje	сущ.	postrojenje	1327	
22145	bogataš	bogataš	сущ.	bogataša	2404	
22154	doktorat	doktorat	сущ.	doktorat	724	
22158	izjedati	izjedati	глаг.	izjeda	723	
22159	port	port	сущ.	port	969	
22170	porcija	porcija	сущ.	porciju	1783	
22179	rikverc	rikverc	нареч.	rikverc	722	
22185	ložiti	ložiti	глаг.	loži	722	
22190	razočaranje	razočaranje	сущ.	razočaranje	962	
22199	govorni	govorni	прил.	govornu	1194	
22201	stišati	stišati	глаг.	stišaj	1299	
22211	filozof	filozof	сущ.	filozof	989	
22214	genijalan	genijalan	прил.	genijalan	1793	
22215	truliti	truliti	глаг.	truli	721	
22219	iznervirati	iznervirati	глаг.	iznervirao	1915	
22223	lebdjeti	lebdeti	глаг.	lebdi	1238	
22224	otmičar	otmičar	сущ.	otmičar	2022	
22228	dirnuti	dirnuti	глаг.	dirnut	2070	
22243	viza	viza	сущ.	vizu	1723	
22246	koska	koska	сущ.	kosku	1204	
22263	font	font	сущ.	font	719	
22264	bogalj	bogalj	сущ.	bogalj	975	
22270	ubedljivo	ubedljivo	нареч.	ubedljivo	719	
22271	tuđ	tuđ	прил.	tuđi	3877	
22273	govornik	govornik	сущ.	govornik	1354	
22274	frizer	frizer	сущ.	frizera	1203	
22311	bitno	bitno	нареч.	bitnije	717	
22313	diva	diva	сущ.	diva	717	
22334	nekud	nekud	нареч.	nekud	716	
22345	iznenadan	iznenadan	прил.	iznenadni	1656	
22359	crvenokos	crvenokos	прил.	crvenokosa	965	
22368	sastajati	sastajati	глаг.	sastajemo	2749	
22370	švabo	švabo	сущ.	švabe	1070	
22380	skromno	skromno	нареч.	skromno	714	
22381	maran	maran	прил.	marni	714	
22396	staratelj	staratelj	сущ.	staratelj	1047	
22417	poslovanje	poslovanje	сущ.	poslovanja	1674	
22426	imenik	imenik	сущ.	imeniku	1289	
22433	polovica	polovica	сущ.	polovica	1637	
22435	izlaganje	izlaganje	сущ.	izlaganje	1128	
22444	tinejdžerka	tinejdžerka	сущ.	tinejdžerka	1124	
22447	romansa	romansa	сущ.	romansa	1694	
22453	sklonost	sklonost	сущ.	sklonost	1260	
22454	naočari	naočari	сущ.	naočarima	1257	
22457	zavrtiti	zavrtiti	глаг.	zavrti	710	
22467	kritično	kritično	нареч.	kritično	710	
22471	glupavo	glupavo	нареч.	glupavo	710	
22474	kinta	kinta	сущ.	kintu	1813	
22495	požaliti	požaliti	глаг.	požaliti	1197	
22503	dimnjak	dimnjak	сущ.	dimnjak	1022	
22508	pukovnica	pukovnica	сущ.	pukovnice	708	
22509	stupati	stupati	глаг.	stupa	708	
22515	gumb	gumb	сущ.	gumb	708	
22517	nastradati	nastradati	глаг.	nastradati	2136	
22520	kasino	kasino	сущ.	kasino	1614	
22523	losion	losion	сущ.	losion	708	
22532	izričito	izričito	нареч.	izričito	707	
22536	kristalno	kristalno	нареч.	kristalno	707	
22540	nasmejati	nasmejati	глаг.	nasmejao	3197	
22542	uspostaviti	uspostaviti	глаг.	uspostaviti	3274	
22545	gulaš	gulaš	сущ.	gulaš	707	
22554	surađivati	surađivati	глаг.	surađivati	988	
22562	riskantno	riskantno	нареч.	riskantno	706	
22573	vedar	vedar	прил.	vedra	1984	
22578	definicija	definicija	сущ.	definicija	1712	
22580	otkucaj	otkucaj	сущ.	otkucaji	2389	
22581	sućut	sućut	сущ.	sućut	705	
22585	sovjet	sovjet	сущ.	sovjeti	705	
22588	protein	protein	сущ.	proteina	1564	
22592	mačo	mačo	сущ.	mačo	705	
22611	nemo	nemo	нареч.	nemo	704	
22616	osušiti	osušiti	глаг.	osuši	1249	
22618	imejl	imejl	сущ.	imejl	704	
22619	odslužiti	odslužiti	глаг.	odslužio	704	
22628	prisustvovati	prisustvovati	глаг.	prisustvovati	3187	
22635	obmana	obmana	сущ.	obmana	1418	
22637	kanalizacija	kanalizacija	сущ.	kanalizaciju	2106	
22643	sinak	sinak	сущ.	sinak	703	
22645	bombardovanje	bombardovanje	сущ.	bombardovanje	1276	
22646	podariti	podariti	глаг.	podari	1650	
22652	rubalj	rubalj	сущ.	rublja	1326	
22664	ugrožavati	ugrožavati	глаг.	ugrožava	947	
22669	morfijum	morfijum	сущ.	morfijum	1144	
22675	svirka	svirka	сущ.	svirku	1457	
22681	rutinski	rutinski	прил.	rutinski	1225	
22685	susresti	susresti	глаг.	susreo	1685	
22695	žito	žito	сущ.	žito	1223	зерно, хлеб
22699	iznimno	iznimno	нареч.	iznimno	701	
22702	pasati	pasati	глаг.	paše	946	
22706	karakteristika	karakteristika	сущ.	karakteristike	1062	
22707	pozajmica	pozajmica	сущ.	pozajmicu	1546	
22709	kablovski	kablovski	прил.	kablovsku	1263	
22710	božanstveno	božanstveno	нареч.	božanstveno	700	
22713	ginuti	ginuti	глаг.	ginu	1179	
22715	protivan	protivan	прил.	protivnom	700	
22722	predvoditi	predvoditi	глаг.	predvodi	1313	
22725	dizel	dizel	сущ.	dizel	700	дизель
22727	petljati	petljati	глаг.	petljaš	2584	
22729	đubrad	đubrad	сущ.	đubrad	699	
22731	dostići	dostići	глаг.	dostići	2627	
22734	prirediti	prirediti	глаг.	priredio	2961	
22736	agresivno	agresivno	нареч.	agresivno	699	
22754	lenj	lenj	прил.	lenj	1863	
22758	dres	dres	сущ.	dres	698	
22762	višestruk	višestruk	прил.	višestruke	1191	
22764	kritičar	kritičar	сущ.	kritičar	1477	
22765	sakupiti	sakupiti	глаг.	sakupi	3392	
22768	bled	bled	прил.	bledi	2240	
22769	sunčanje	sunčanje	сущ.	sunčanje	698	
22776	dika	dika	сущ.	diki	1266	
22777	terminal	terminal	сущ.	terminal	1306	
22787	sunašce	sunašce	сущ.	sunašce	697	
22790	nabiti	nabiti	глаг.	nabijem	2670	
22793	grč	grč	сущ.	grč	1630	
22798	kakati	kakati	глаг.	kaka	697	
22813	francuskinja	francuskinja	сущ.	francuskinja	696	
22816	pristanište	pristanište	сущ.	pristanište	1874	
22817	prvobitno	prvobitno	нареч.	prvobitno	696	
22822	zauzimati	zauzimati	глаг.	zauzima	1094	
22828	oživiti	oživiti	глаг.	oživi	961	
22829	union	union	сущ.	union	695	
22833	razdvajanje	razdvajanje	сущ.	razdvajanje	978	
22836	snabdevanje	snabdevanje	сущ.	snabdevanje	695	
22844	obrijati	obrijati	глаг.	obrijao	1072	
22850	honorar	honorar	сущ.	honorar	694	
22857	susedni	susedni	прил.	susednoj	1005	
22867	kisik	kisik	сущ.	kisika	1347	
22869	šofer	šofer	сущ.	šofer	983	
22878	nadariti	nadariti	прил.	nadaren	1102	
22879	opkoliti	opkoliti	глаг.	opkoljeni	1876	
22880	ronjenje	ronjenje	сущ.	ronjenje	944	
22883	nadzorni	nadzorni	прил.	nadzorne	1320	
22892	temeljno	temeljno	нареч.	temeljno	693	
22900	tajnica	tajnica	сущ.	tajnica	943	
22901	prepisati	prepisati	глаг.	prepisao	693	
22903	zadaviti	zadaviti	глаг.	zadavio	2430	
22906	breme	breme	сущ.	breme	693	
22919	lojalan	lojalan	прил.	lojalan	1161	
22921	zbor	zbor	сущ.	zbor	692	
22924	sivo	sivo	нареч.	sivo	692	
22933	trajanje	trajanje	сущ.	trajanja	692	
22935	flaster	flaster	сущ.	flaster	692	
22941	rebarce	rebarce	сущ.	rebarca	692	
22942	nekažnjeno	nekažnjeno	нареч.	nekažnjeno	692	
22957	upitati	upitati	глаг.	upitao	1943	
22964	naglavačke	naglavačke	нареч.	naglavačke	691	
22971	stisak	stisak	сущ.	stisak	690	
22979	zasnovati	zasnovati	прил.	zasnovan	1912	
22982	osećajan	osećajan	прил.	osećajan	980	
23001	smiješak	smešak	сущ.	smešak	1000	
23013	hipi	hipi	сущ.	hipi	689	
23018	potegnuti	potegnuti	глаг.	potegao	1043	
23023	suprotstaviti	suprotstaviti	глаг.	suprotstaviti	2111	
23030	plastika	plastika	сущ.	plastike	1799	
23037	maločas	maločas	нареч.	maločas	687	
23042	ambulantan	ambulantan	прил.	ambulantna	687	
23043	prikupljanje	prikupljanje	сущ.	prikupljanje	923	
23054	nastupati	nastupati	глаг.	nastupaš	2868	
23058	obrazovati	obrazovati	прил.	obrazovan	1375	
23068	kolja	kolja	сущ.	kolja	950	
23078	okliznuti	okliznuti	глаг.	okliznuo	1086	
23090	iskusan	iskusan	прил.	iskusan	1423	
23093	proizvođač	proizvođač	сущ.	proizvođača	1507	
23100	proteza	proteza	сущ.	protezu	1386	
23102	filati	filati	глаг.	fila	685	
23107	preseći	preseći	глаг.	presekao	1806	
23121	ekspres	ekspres	сущ.	ekspres	684	
23123	skratiti	skratiti	глаг.	skraćeno	3214	
23127	intimno	intimno	нареч.	intimno	684	
23130	marketing	marketing	сущ.	marketing	1110	
23134	probni	probni	прил.	probni	1022	
23135	sims	sims	сущ.	sims	683	
23137	odbacivati	odbacivati	глаг.	odbacuje	1725	
23139	devojački	devojački	прил.	devojačko	683	
23141	krilce	krilce	сущ.	krilca	683	
23151	žmurka	žmurka	сущ.	žmurke	682	
23162	pljačkati	pljačkati	глаг.	pljačkaju	1403	
23164	ekspedicija	ekspedicija	сущ.	ekspedicije	2361	
23168	prezivati	prezivati	глаг.	preziva	1214	
23185	oruđe	oruđe	сущ.	oruđe	681	
23191	panda	panda	сущ.	panda	934	
23200	zaustavljanje	zaustavljanje	сущ.	zaustavljanje	1160	
23204	sunđer	sunđer	сущ.	sunđer	680	
23209	odbrambeni	odbrambeni	прил.	odbrambeni	1078	
23218	znojiti	znojiti	глаг.	znojim	2158	
23224	sakupljati	sakupljati	глаг.	sakuplja	1764	
23245	drskost	drskost	сущ.	drskost	1113	
23251	prestol	prestol	сущ.	prestola	1014	
23256	trostruko	trostruko	нареч.	trostruko	679	
23286	zvan	zvan	прил.	zvanog	2124	
23292	pomešati	pomešati	глаг.	pomešao	1391	
23294	aktovka	aktovka	сущ.	aktovku	920	
23295	sanduče	sanduče	сущ.	sanduče	951	
23299	ponizno	ponizno	нареч.	ponizno	677	
23300	otada	otada	нареч.	otada	677	
23304	poštedeti	poštedeti	глаг.	poštedeti	1728	
23307	paklen	paklen	прил.	pakleni	1790	
23314	usko	usko	нареч.	usko	676	
23319	vernik	vernik	сущ.	vernik	1444	
23327	retardiran	retardiran	прил.	retardiran	1295	
23341	življenje	življenje	сущ.	življenja	676	
23347	uskakati	uskakati	глаг.	uskači	675	
23350	poroditi	poroditi	глаг.	porodila	1426	
23352	jad	jad	сущ.	jade	1616	
23359	blefirati	blefirati	глаг.	blefira	1739	
23366	nerado	nerado	нареч.	nerado	675	
23367	paprikaš	paprikaš	сущ.	paprikaš	675	
23377	klon	klon	сущ.	klon	1542	
23380	proučavanje	proučavanje	сущ.	proučavanje	1020	
23391	opravdati	opravdati	глаг.	opravdano	2363	
23407	neodoljiv	neodoljiv	прил.	neodoljiv	1185	
23419	španjolski	španjolski	прил.	španjolski	926	
23423	odvikavanje	odvikavanje	сущ.	odvikavanje	941	
23424	stažist	stažist	сущ.	stažista	960	
23435	primaran	primaran	прил.	primarni	966	
23439	strpati	strpati	глаг.	strpati	1758	
23443	mesečan	mesečan	прил.	mjesečno	672	
23444	trn	trn	сущ.	trn	672	
23447	veselje	veselje	сущ.	veselje	1034	
23449	ugovoriti	ugovoriti	глаг.	ugovorio	1438	
23450	nem	nem	прил.	nem	965	
23453	masters	masters	сущ.	masters	671	
23464	zbiti	zbiti	глаг.	zbilo	671	
23466	odgovorno	odgovorno	нареч.	odgovorno	670	
23473	nenormalno	nenormalno	нареч.	nenormalno	670	
23478	olakšavati	olakšavati	глаг.	olakšava	670	
23492	eks	eks	нареч.	eks	669	
23496	limit	limit	сущ.	limit	925	
23497	pojačavati	pojačavati	глаг.	pojačava	669	
23498	podijum	podijum	сущ.	podijumu	1303	
23500	saga	saga	сущ.	saga	669	
23503	sudnji	sudnji	прил.	sudnji	1079	
23510	blesak	blesak	сущ.	bljesak	669	
23516	sestrica	sestrica	сущ.	sestrice	989	
23525	svetlosni	svetlosni	прил.	svetlosnih	946	
23532	početan	početan	прил.	početni	1841	
23537	div	div	сущ.	div	999	
23560	vojvotkinja	vojvotkinja	сущ.	vojvotkinja	931	
23564	ponovan	ponovan	прил.	ponovnog	1514	
23579	uspavati	uspavati	глаг.	uspavao	3238	
23588	iskupljenje	iskupljenje	сущ.	iskupljenje	665	
23600	sonda	sonda	сущ.	sonda	1755	
23604	jebač	jebač	сущ.	jebač	1892	
23617	dečji	dečji	прил.	dečje	3238	
23624	razotkriti	razotkriti	глаг.	razotkriti	1463	
23631	pronalaziti	pronalaziti	глаг.	pronalazi	1420	
23640	razvaliti	razvaliti	глаг.	razvali	2357	
23646	spa	spa	сущ.	spa	663	
23651	debata	debata	сущ.	debatu	1647	
23663	izmicati	izmicati	глаг.	izmiče	663	
23671	iskusiti	iskusiti	глаг.	iskusio	1886	
23675	kas	kas	сущ.	kas	662	
23678	semeni	semeni	прил.	semena	662	
23690	kopanje	kopanje	сущ.	kopanje	943	
23696	šupa	šupa	сущ.	šupi	1409	
23699	pakovati	pakovati	глаг.	pakuj	2783	
23710	oslonac	oslonac	сущ.	oslonac	661	
23720	tegla	tegla	сущ.	teglu	1296	
23728	neodgovorno	neodgovorno	нареч.	neodgovorno	661	
23729	stran	stran	прил.	stranih	1912	
23748	patriota	patriota	сущ.	patriota	660	
23753	čistačica	čistačica	сущ.	čistačica	659	
23762	teža	teža	сущ.	teža	659	
23763	zašuteti	zašuteti	глаг.	zašuti	659	
23764	pojavljivanje	pojavljivanje	сущ.	pojavljivanje	1022	
23767	mutno	mutno	нареч.	mutno	659	
23782	preboleti	preboleti	глаг.	preboleo	3296	
23785	škripac	škripac	сущ.	škripcu	658	
23798	uhićenje	uhićenje	сущ.	uhićenje	1088	
23802	balans	balans	сущ.	balans	658	
23807	udes	udes	сущ.	udes	1109	
23808	klopka	klopka	сущ.	klopka	1795	
23810	hamer	hamer	сущ.	hamer	657	
23818	rešavanje	rešavanje	сущ.	rešavanje	1058	
23820	slatkica	slatkica	сущ.	slatkice	657	
23823	aktivno	aktivno	нареч.	aktivno	657	
23844	obogatiti	obogatiti	глаг.	obogatiti	1753	
23845	napredovanje	napredovanje	сущ.	napredovanje	656	
23846	progon	progon	сущ.	progone	913	
23854	sotona	sotona	сущ.	sotona	911	
23860	zaposlenik	zaposlenik	сущ.	zaposlenika	1749	
23868	gospon	gospon	сущ.	gospon	655	
23873	samohran	samohran	прил.	samohrana	906	
23878	dušek	dušek	сущ.	dušek	947	
23885	prouzrokovati	prouzrokovati	глаг.	prouzrokuje	2330	
23887	krumpir	krumpir	сущ.	krumpir	981	
23893	raskrsnica	raskrsnica	сущ.	raskrsnici	1208	
23897	skriviti	skriviti	глаг.	skrivio	942	
23910	karika	karika	сущ.	karika	654	
23911	pozliti	pozliti	глаг.	pozlilo	1144	
23915	pouzdano	pouzdano	нареч.	pouzdano	654	
23924	datoteka	datoteka	сущ.	datoteke	1410	
23943	dežuran	dežuran	прил.	dežurni	653	
23950	temeljiti	temeljiti	глаг.	temelji	653	
23966	preskup	preskup	прил.	preskupo	652	
23970	čašica	čašica	сущ.	čašicu	1003	
23974	dobitnik	dobitnik	сущ.	dobitnik	930	
23992	ratovanje	ratovanje	сущ.	ratovanja	998	
24010	gradilište	gradilište	сущ.	gradilištu	1630	
24018	napadaj	napadaj	сущ.	napadaj	651	
24022	ulaganje	ulaganje	сущ.	ulaganja	1267	
24023	potkrovlje	potkrovlje	сущ.	potkrovlju	1183	
24039	proceniti	proceniti	глаг.	procenio	2418	
24044	zov	zov	сущ.	zov	650	
24053	nameniti	nameniti	прил.	namenjen	1715	
24061	razmak	razmak	сущ.	razmak	908	
24065	prismotra	prismotra	сущ.	prismotrom	1060	
24070	zadobiti	zadobiti	глаг.	zadobio	891	
24073	sjeme	sjeme	сущ.	sjeme	649	семя, семена
24079	šišati	šišati	глаг.	šiša	648	
24081	štand	štand	сущ.	štand	648	
24082	sunčev	sunčev	прил.	sunčev	3177	
24088	kvalifikacija	kvalifikacija	сущ.	kvalifikacije	648	
24092	islam	islam	сущ.	islam	1056	
24099	poricanje	poricanje	сущ.	poricanje	919	
24101	robija	robija	сущ.	robija	1580	
24105	uzvodno	uzvodno	нареч.	uzvodno	648	
24109	saglasnost	saglasnost	сущ.	saglasnost	930	
24112	olupina	olupina	сущ.	olupina	1588	
24124	čokoladica	čokoladica	сущ.	čokoladice	1634	
24126	traćiti	traćiti	глаг.	traćiš	1938	
24135	neviđeno	neviđeno	нареч.	neviđeno	647	
24138	lažljiv	lažljiv	прил.	lažljivi	1504	
24147	favorit	favorit	сущ.	favorit	646	
24151	griz	griz	сущ.	griz	646	
24183	parenje	parenje	сущ.	parenja	1230	
24184	zameriti	zameriti	глаг.	zameriti	1954	
24188	kantina	kantina	сущ.	kantini	1163	
24189	potvrdno	potvrdno	нареч.	potvrdno	645	
24202	digitalan	digitalan	прил.	digitalni	1310	
24203	opuštati	opuštati	глаг.	opušta	645	
24209	premestiti	premestiti	глаг.	premjestiti	4288	
24211	pejzaž	pejzaž	сущ.	pejzaž	644	
24223	plesni	plesni	прил.	plesni	1950	
24226	izbosti	izbosti	глаг.	izboden	1804	
24232	odvod	odvod	сущ.	odvod	644	
24237	vakcina	vakcina	сущ.	vakcinu	1779	
24239	zvezdica	zvezdica	сущ.	zvezdica	1162	
24241	matematički	matematički	прил.	matematički	643	
24247	prokletnik	prokletnik	сущ.	prokletniče	1775	
24264	beskonačno	beskonačno	нареч.	beskonačno	642	
24281	snajper	snajper	сущ.	snajper	642	
24283	des	des	сущ.	des	641	
24286	donator	donator	сущ.	donator	1281	
24288	pričanje	pričanje	сущ.	pričanje	1101	
24292	ugljen	ugljen	сущ.	ugljen	890	
24306	žig	žig	сущ.	žig	640	
24309	razdvajati	razdvajati	глаг.	razdvaja	1312	
24314	daljnji	daljnji	прил.	daljnjeg	1038	
24319	uslovno	uslovno	нареч.	uslovno	640	
24320	četvrtina	četvrtina	сущ.	četvrtine	1702	
24334	mustang	mustang	сущ.	mustang	968	
24336	poniziti	poniziti	глаг.	ponizio	2584	
24342	umetnica	umetnica	сущ.	umetnica	911	
24366	kroket	kroket	сущ.	kroket	638	
24380	skuter	skuter	сущ.	skuter	638	
24381	veštački	veštački	прил.	veštački	2263	
24383	poraditi	poraditi	глаг.	poraditi	1967	
24395	pokretanje	pokretanje	сущ.	pokretanje	637	
24404	imun	imun	прил.	imuni	1403	
24406	forenzički	forenzički	прил.	forenzički	937	
24416	lom	lom	сущ.	lom	637	
24417	zimski	zimski	прил.	zimski	1619	
24419	zafrkavati	zafrkavati	глаг.	zafrkavaš	1166	
24420	tucet	tucet	сущ.	tuceta	637	
24425	boom	boom	сущ.	boom	636	
24433	uredan	uredan	прил.	uredan	924	
24434	propis	propis	сущ.	propisima	2521	
24440	indijanski	indijanski	прил.	indijanski	1262	
24442	građa	građa	сущ.	građe	899	
24443	riblji	riblji	прил.	riblje	1469	
24444	chi	chi	сущ.	chi	636	
24450	remen	remen	сущ.	remen	635	
24455	redov	redov	прил.	redov	635	
24470	članstvo	članstvo	сущ.	članstvo	635	
24471	naoružan	naoružan	прил.	naoružanih	1032	
24479	kapacitet	kapacitet	сущ.	kapacitet	883	
24482	samopoštovanje	samopoštovanje	сущ.	samopoštovanje	1106	
24484	namirisati	namirisati	глаг.	namirisao	2075	
24485	raseliti	raseliti	глаг.	rasele	634	
24487	napeti	napeti	глаг.	napeti	634	
24488	bojnica	bojnica	сущ.	bojnice	879	
24494	dopis	dopis	сущ.	dopis	634	
24501	transplantacija	transplantacija	сущ.	transplantaciju	1269	
24504	crći	crći	глаг.	crkni	1891	
24508	točan	točan	прил.	točan	1235	
24517	nelagodno	nelagodno	нареч.	nelagodno	633	
24519	izboriti	izboriti	глаг.	izborim	1898	
24522	haker	haker	сущ.	haker	1279	
24526	skupljanje	skupljanje	сущ.	skupljanje	633	
24530	unaprediti	unaprediti	глаг.	unapređen	1189	
24550	satnik	satnik	сущ.	satniče	1092	
24556	teča	teča	сущ.	teča	632	
24572	svršiti	svršiti	прил.	svrši	2930	
24573	soul	soul	сущ.	soul	632	
24575	pojedinačno	pojedinačno	нареч.	pojedinačno	631	
24580	ovdašnji	ovdašnji	прил.	ovdašnji	949	
24583	tanjur	tanjur	сущ.	tanjur	631	
24593	slupati	slupati	глаг.	slupao	631	
24595	sprava	sprava	сущ.	sprava	1493	
24609	barba	barba	сущ.	barbi	630	
24630	izbrojiti	izbrojiti	глаг.	izbrojim	629	
24644	organski	organski	прил.	organski	2023	
24660	organizovan	organizovan	прил.	organizovani	881	
24661	kreativan	kreativan	прил.	kreativni	1906	
24670	robinja	robinja	сущ.	robinja	628	
24678	bos	bos	сущ.	bos	1020	
24679	eminencija	eminencija	сущ.	eminencijo	628	
24681	momčad	momčad	сущ.	momčad	1077	
24687	mačkica	mačkica	сущ.	mačkice	1080	
24689	odvajati	odvajati	глаг.	odvaja	628	
24709	rasturati	rasturati	глаг.	rastura	869	
24731	pokopati	pokopati	глаг.	pokopati	1910	
24741	komandovati	komandovati	глаг.	komanduje	1309	
24748	svetilište	svetilište	сущ.	svetilište	625	
24751	odgoditi	odgoditi	глаг.	odgoditi	625	
24760	zakonito	zakonito	нареч.	zakonito	625	
24764	odjava	odjava	сущ.	odjava	625	выезд, выписка
24767	udružiti	udružiti	глаг.	udružimo	1819	
24769	drsko	drsko	нареч.	drsko	625	
24782	ispuštati	ispuštati	глаг.	ispušta	1232	
24786	savladati	savladati	глаг.	savladati	2732	
24794	nadgledanje	nadgledanje	сущ.	nadgledanje	624	
24807	dejstvo	dejstvo	сущ.	dejstvo	1263	
24808	stresno	stresno	нареч.	stresno	624	
24809	snob	snob	сущ.	snob	624	
24810	zanemariti	zanemariti	глаг.	zanemariti	2045	
24812	oraspoložiti	oraspoložiti	глаг.	oraspoloži	1561	
24821	tucati	tucati	глаг.	tuca	2303	
24837	razgledati	razgledati	глаг.	razgledam	1370	
24841	intervencija	intervencija	сущ.	intervencija	1489	
24846	crvotočina	crvotočina	сущ.	crvotočinu	1756	
24851	ježiti	ježiti	глаг.	ježim	622	
24865	gips	gips	сущ.	gips	622	
24869	posekotina	posekotina	сущ.	posekotina	1440	
24872	unos	unos	сущ.	unos	622	
24878	navođenje	navođenje	сущ.	navođenje	622	
24885	zakup	zakup	сущ.	zakup	622	
24894	škamp	škamp	сущ.	škampe	1508	
24899	logo	logo	сущ.	logo	621	
24903	gajiti	gajiti	глаг.	gajim	2403	
24917	svečanost	svečanost	сущ.	svečanost	1135	
24918	marker	marker	сущ.	marker	621	
24919	mekano	mekano	нареч.	mekano	620	
24920	kazalište	kazalište	сущ.	kazalište	941	
24935	operativan	operativan	прил.	operativni	890	
24936	previsok	previsok	прил.	previsoko	1277	
24946	impuls	impuls	сущ.	impuls	1211	
24948	falsifikat	falsifikat	сущ.	falsifikat	620	
24949	racionalno	racionalno	нареч.	racionalno	620	
24952	odvjetnica	odvjetnica	сущ.	odvjetnica	620	
24960	prosečan	prosečan	прил.	prosečan	1897	
24972	sprovod	sprovod	сущ.	sprovod	619	
24974	frustrirajući	frustrirajući	прил.	frustrirajuće	619	
24978	popularno	popularno	нареч.	popularno	619	
24985	venčanica	venčanica	сущ.	venčanicu	936	
24993	zanat	zanat	сущ.	zanat	941	
25001	zvučan	zvučan	прил.	zvučni	1353	
25006	isprobati	isprobati	глаг.	isprobati	2773	
25016	podnožje	podnožje	сущ.	podnožju	617	
25020	mrtvozornik	mrtvozornik	сущ.	mrtvozornik	939	
25044	region	region	сущ.	regionu	1401	
25045	hangar	hangar	сущ.	hangar	1377	
25046	nužda	nužda	сущ.	nuždu	1199	
25050	stupiti	stupiti	глаг.	stupio	3107	
25053	otkazivati	otkazivati	глаг.	otkazuje	1261	
25082	šašavo	šašavo	нареч.	šašavo	616	
25084	uvjerljivo	uverljivo	нареч.	uverljivo	616	
25093	bat	bat	сущ.	bat	1147	
25098	starati	starati	глаг.	staram	1639	
25108	registracija	registracija	сущ.	registraciju	1475	регистрация, техосмотр
25110	seljanin	seljanin	сущ.	seljani	615	
25112	umiriti	umiriti	глаг.	umiri	970	
25125	napismeno	napismeno	нареч.	napismeno	614	
25128	sajber	sajber	прил.	sajber	614	
25136	kuš	kuš	сущ.	kuš	614	
25143	herpes	herpes	сущ.	herpes	613	
25146	traćenje	traćenje	сущ.	traćenje	613	
25148	postizati	postizati	глаг.	postiže	613	
25151	smeđ	smeđ	прил.	smeđa	1472	
25158	diskusija	diskusija	сущ.	diskusije	1509	
25166	zlobno	zlobno	нареч.	zlobno	613	
25172	spomen	spomen	сущ.	spomen	889	
25173	davljenje	davljenje	сущ.	davljenje	1029	
25175	veslati	veslati	глаг.	veslaj	1465	
25177	ubijen	ubijen	прил.	ubijenog	1100	
25182	krater	krater	сущ.	krater	1056	
25189	izbegavanje	izbegavanje	сущ.	izbegavanje	1162	
25194	leopard	leopard	сущ.	leopard	1003	
25200	stjuardesa	stjuardesa	сущ.	stjuardesa	901	
25206	dizanje	dizanje	сущ.	dizanje	859	
25207	bratac	bratac	сущ.	braca	1140	
25213	napredan	napredan	прил.	napredna	2666	
25225	dokrajčiti	dokrajčiti	глаг.	dokrajči	1024	
25234	slušanje	slušanje	сущ.	slušanje	1077	
25236	otporan	otporan	прил.	otporan	978	
25243	legendaran	legendaran	прил.	legendarni	933	
25246	diplomata	diplomata	сущ.	diplomata	610	
25254	bizon	bizon	сущ.	bizona	1268	
25266	takoreći	takoreći	нареч.	takoreći	609	
25277	razočaravajući	razočaravajući	прил.	razočaravajuće	609	
25285	stožer	stožer	сущ.	stožer	878	
25291	saosećati	saosećati	глаг.	saosećam	608	
25305	religiozan	religiozan	прил.	religiozan	1997	
25308	odabir	odabir	сущ.	odabir	607	
25321	ševiti	ševiti	глаг.	ševi	1839	
25332	solarni	solarni	прил.	solarni	1968	
25334	rezervat	rezervat	сущ.	rezervat	1429	
25337	uzdizati	uzdizati	глаг.	uzdiže	898	
25353	dvojka	dvojka	сущ.	dvojka	1365	
25354	svanuti	svanuti	глаг.	svane	993	
25364	pokazivanje	pokazivanje	сущ.	pokazivanje	605	
25368	zavarati	zavarati	глаг.	zavara	1420	
25385	trol	trol	сущ.	trol	916	
25386	inicijal	inicijal	сущ.	inicijali	1104	
25387	zvaničnik	zvaničnik	сущ.	zvaničnici	1140	
25402	kačiti	kačiti	глаг.	kači	1138	
25403	faul	faul	сущ.	faul	603	
25404	žetva	žetva	сущ.	žetve	1534	жатва
25407	studentski	studentski	прил.	studentski	1527	
25412	skužiti	skužiti	глаг.	skužio	878	
25417	oglasiti	oglasiti	глаг.	oglasi	978	
25422	najebati	najebati	глаг.	najebali	1024	
25425	odlučno	odlučno	нареч.	odlučno	603	
25431	staromodno	staromodno	нареч.	staromodno	602	
25433	raketni	raketni	прил.	raketni	602	
25440	bezopasno	bezopasno	нареч.	bezopasno	602	
25448	godišnjak	godišnjak	сущ.	godišnjak	602	
25449	tvornica	tvornica	сущ.	tvornici	2167	
25451	ostriga	ostriga	сущ.	ostrige	883	
25452	otključati	otključati	глаг.	otključana	1423	
25456	est	est	сущ.	est	602	
25468	odora	odora	сущ.	odoru	1770	
25474	reditelj	reditelj	сущ.	reditelj	601	
25475	dodavanje	dodavanje	сущ.	dodavanje	601	
25476	uzvraćati	uzvraćati	глаг.	uzvraća	601	
25480	nasilnik	nasilnik	сущ.	nasilnik	1181	
25491	građevina	građevina	сущ.	građevina	1413	
25494	sardina	sardina	сущ.	sardine	947	
25498	sazvati	sazvati	глаг.	sazvao	600	
25515	prečica	prečica	сущ.	prečica	1485	
25516	domašaj	domašaj	сущ.	domašaja	600	
25525	rerna	rerna	сущ.	rernu	1372	
25526	tvar	tvar	сущ.	tvari	1032	
25533	butina	butina	сущ.	butine	599	
25543	podignuti	podignuti	глаг.	podignuti	599	
25548	brisanje	brisanje	сущ.	brisanje	599	
25556	nagnuti	nagnuti	глаг.	nagni	599	
25557	artefakt	artefakt	сущ.	artefakt	599	
25563	kritičan	kritičan	прил.	kritičnom	1406	
25579	koleginica	koleginica	сущ.	koleginica	598	
25580	pretraživati	pretraživati	глаг.	pretražuju	1593	
25594	zračan	zračan	прил.	zračne	2097	
25599	zaslužan	zaslužan	прил.	zaslužan	900	
25600	priznanica	priznanica	сущ.	priznanicu	1237	
25601	rojiti	rojiti	глаг.	roje	597	
25606	simpatija	simpatija	сущ.	simpatije	940	
25609	simulacija	simulacija	сущ.	simulacija	1323	
25618	manekenka	manekenka	сущ.	manekenka	942	
25630	inventar	inventar	сущ.	inventar	596	
25634	arapin	arapin	сущ.	arapi	1200	
25639	knez	knez	сущ.	knez	1328	
25644	srodan	srodan	прил.	srodna	1619	
25645	nacionalno	nacionalno	нареч.	nacionalno	596	
25660	osmisliti	osmisliti	глаг.	osmislio	595	
25662	netačno	netačno	нареч.	netačno	595	
25664	uočiti	uočiti	глаг.	uočio	1395	
25665	lažirati	lažirati	глаг.	lažirao	595	
25667	odšteta	odšteta	сущ.	odštetu	595	
25674	strpljivo	strpljivo	нареч.	strpljivo	595	
25683	nagraditi	nagraditi	глаг.	nagrađen	2052	
25691	utvrđenje	utvrđenje	сущ.	utvrđenje	977	
25697	kolona	kolona	сущ.	kolona	1836	
25699	alvin	alvin	прил.	alvine	594	
25705	privezak	privezak	сущ.	privezak	594	
25709	prepona	prepona	сущ.	prepone	594	
25712	poslanik	poslanik	сущ.	poslanik	875	
25718	klasično	klasično	нареч.	klasično	593	
25737	odražavati	odražavati	глаг.	odražava	593	
25738	tamnica	tamnica	сущ.	tamnicu	1836	
25745	netaknut	netaknut	прил.	netaknuta	1583	
25749	nagađanje	nagađanje	сущ.	nagađanje	1138	
25757	magacin	magacin	сущ.	magacin	1274	
25759	rov	rov	сущ.	rov	1499	
25768	elita	elita	сущ.	elite	1165	
25790	kreativno	kreativno	нареч.	kreativno	591	
25793	opstati	opstati	глаг.	opstati	954	
25800	drastično	drastično	нареч.	drastično	591	
25802	iks	iks	сущ.	iks	591	
25806	jarak	jarak	сущ.	jarku	1162	
25811	dojaditi	dojaditi	глаг.	dojadilo	591	
25822	izrada	izrada	сущ.	izrade	2040	
25829	ispovest	ispovest	сущ.	ispovest	1036	
25847	razmera	razmera	сущ.	razmera	590	
25849	vrveti	vrveti	глаг.	vrvi	590	
25869	motriti	motriti	глаг.	motri	1186	
25874	hrvatski	hrvatski	прил.	hrvatski	589	
25875	bolovati	bolovati	глаг.	boluje	589	
25876	preferirati	preferirati	глаг.	preferiram	832	
25879	ludački	ludački	прил.	ludački	589	
25882	očaran	očaran	прил.	očaran	853	
25893	uozbiljiti	uozbiljiti	глаг.	uozbilji	588	
25910	apokalipsa	apokalipsa	сущ.	apokalipsa	1476	
25916	kredibilitet	kredibilitet	сущ.	kredibilitet	588	
25920	rvanje	rvanje	сущ.	rvanje	587	
25923	ispeći	ispeći	глаг.	ispeći	1414	
25936	civilan	civilan	прил.	civilni	1597	
25942	rivera	rivera	сущ.	rivera	844	
25948	kukavički	kukavički	прил.	kukavički	587	
25949	crkven	crkven	прил.	crkveni	1585	
25958	kožni	kožni	прил.	kožne	1947	
25959	prebacivati	prebacivati	глаг.	prebacujem	1763	
25963	plac	plac	сущ.	placa	1209	
25973	trunuti	trunuti	глаг.	trune	586	
25986	genitalije	genitalije	сущ.	genitalije	586	
25991	specijal	specijal	сущ.	specijal	585	
25993	ustanoviti	ustanoviti	глаг.	ustanovili	1398	
25999	aspekt	aspekt	сущ.	aspekt	851	
26000	letak	letak	сущ.	letke	1201	
26001	opremiti	opremiti	прил.	opremljen	1381	
26002	locirati	locirati	глаг.	locirali	2130	
26005	izveštavati	izveštavati	глаг.	izveštava	855	
26007	erekcija	erekcija	сущ.	erekciju	822	
26019	nestvarno	nestvarno	нареч.	nestvarno	585	
26021	polaran	polaran	прил.	polarni	1147	
26052	umišljati	umišljati	глаг.	umišljaš	1255	
26061	dopirati	dopirati	глаг.	dopire	583	
26064	priličiti	priličiti	глаг.	priliči	583	
26068	tili	tili	прил.	tili	583	
26071	izjutra	izjutra	нареч.	izjutra	583	
26074	raport	raport	сущ.	raport	583	
26077	ustajanje	ustajanje	сущ.	ustajanje	583	
26083	stereo	stereo	сущ.	stereo	583	
26086	odvoditi	odvoditi	глаг.	odvode	1028	
26088	svitak	svitak	сущ.	svitak	582	
26091	gušenje	gušenje	сущ.	gušenje	941	
26095	rediti	rediti	глаг.	rede	832	
26096	ispiranje	ispiranje	сущ.	ispiranje	582	
26099	obavezan	obavezan	прил.	obavezan	1326	
26100	neslužbeno	neslužbeno	нареч.	neslužbeno	582	
26112	peticija	peticija	сущ.	peticiju	582	
26115	vezivanje	vezivanje	сущ.	vezivanje	1088	
26122	klozet	klozet	сущ.	klozet	833	
26126	poletati	poletati	глаг.	poleće	925	
26137	robijaš	robijaš	сущ.	robijaš	887	
26141	starinski	starinski	прил.	starinski	581	
26162	salveta	salveta	сущ.	salvete	1305	
26166	kvalifikovati	kvalifikovati	прил.	kvalifikovan	1223	
26168	zuriti	zuriti	глаг.	zuri	1923	
26180	vodka	vodka	сущ.	vodka	1395	
26184	zlatnik	zlatnik	сущ.	zlatnika	580	
26189	karo	karo	сущ.	karo	990	
26196	obostrano	obostrano	нареч.	obostrano	579	
26198	programirati	programirati	прил.	programiran	1490	
26200	četvorka	četvorka	сущ.	četvorka	1246	
26202	intenzivan	intenzivan	прил.	intenzivnoj	1643	
26210	danak	danak	сущ.	danak	820	
26221	zemljani	zemljani	прил.	zemljani	579	
26224	legalan	legalan	прил.	legalan	1644	
26226	miks	miks	сущ.	miks	579	
26229	tetak	tetak	сущ.	tetkom	578	
26234	bespomoćno	bespomoćno	нареч.	bespomoćno	578	
26260	uopšteno	uopšteno	нареч.	uopšteno	578	
26262	zavaravati	zavaravati	глаг.	zavaravam	1707	
26279	pileći	pileći	прил.	pileća	1929	
26300	unutarnji	unutarnji	прил.	unutarnje	872	
26310	evidencija	evidencija	сущ.	evidenciju	854	
26315	gnjavaža	gnjavaža	сущ.	gnjavaža	576	
26326	izvođenje	izvođenje	сущ.	izvođenje	817	
26338	aplikacija	aplikacija	сущ.	aplikaciju	1411	
26343	pobednički	pobednički	прил.	pobednički	575	
26348	pljesak	pljesak	сущ.	pljesak	575	
26349	puziti	puziti	глаг.	puzi	575	
26359	boraviti	boraviti	глаг.	boravi	1499	
26367	bedak	bedak	сущ.	bedak	574	
26372	popravak	popravak	сущ.	popravak	574	
26375	gradnja	gradnja	сущ.	gradnju	1292	
26392	maskota	maskota	сущ.	maskota	574	
26396	retkost	retkost	сущ.	retkost	574	
26398	real	real	сущ.	real	839	
26400	vešati	vešati	глаг.	vešala	573	
26401	zaštitnički	zaštitnički	прил.	zaštitnički	573	
26402	ogorčiti	ogorčiti	прил.	ogorčen	854	
26408	preuzeće	preuzeće	сущ.	preuzeću	573	
26412	laserski	laserski	прил.	laserski	573	
26428	osveženje	osveženje	сущ.	osveženje	573	
26457	zagristi	zagristi	глаг.	zagrizao	1531	
26459	uštedeti	uštedeti	глаг.	uštedeo	3014	
26461	otrcano	otrcano	нареч.	otrcano	572	
26472	boa	boa	сущ.	boo	1281	
26477	jednakost	jednakost	сущ.	jednakost	864	
26496	dozivati	dozivati	глаг.	doziva	571	
26504	pocepati	pocepati	глаг.	pocepao	890	
26505	voćni	voćni	прил.	voćni	571	
26509	zloban	zloban	прил.	zlobna	1436	
26514	alimentacija	alimentacija	сущ.	alimentaciju	829	
26516	umisliti	umisliti	глаг.	umislio	966	
26519	telesni	telesni	прил.	telesne	1093	
26529	čaura	čaura	сущ.	čaure	1221	
26531	murija	murija	сущ.	murija	888	
26535	sramiti	sramiti	глаг.	sramiti	1390	
26539	zalog	zalog	сущ.	zalog	570	
26551	predstavljanje	predstavljanje	сущ.	predstavljanje	569	
26552	pederski	pederski	прил.	pederski	569	
26576	monopol	monopol	сущ.	monopol	568	
26578	izvjesno	izvesno	нареч.	izvesno	568	
26580	izvršenje	izvršenje	сущ.	izvršenje	910	
26591	sečivo	sečivo	сущ.	sečivo	858	
26593	relikvija	relikvija	сущ.	relikvije	1248	
26595	odrastanje	odrastanje	сущ.	odrastanje	990	
26610	makarone	makarone	сущ.	makarone	568	
26611	zgaziti	zgaziti	глаг.	zgazio	1089	
26614	izvjestan	izvestan	прил.	izvesnog	2609	
26617	knjigovođa	knjigovođa	сущ.	knjigovođa	567	
26635	deljenje	deljenje	сущ.	deljenje	807	
26651	ograditi	ograditi	глаг.	ogradi	567	
26660	suđe	suđe	сущ.	suđe	566	
26671	obustaviti	obustaviti	глаг.	obustavi	895	
26673	sedenje	sedenje	сущ.	sedenje	1099	
26679	uzdah	uzdah	сущ.	uzdasi	992	
26684	nemilosrdno	nemilosrdno	нареч.	nemilosrdno	565	
26687	standardno	standardno	нареч.	standardno	565	
26695	izraditi	izraditi	глаг.	izradio	1118	
26697	objavljivati	objavljivati	глаг.	objavljuje	1388	
26698	budalaština	budalaština	сущ.	budalaština	1046	
26701	verenički	verenički	прил.	verenički	565	
26709	sijalica	sijalica	сущ.	sijalica	1496	
26718	mrzovoljan	mrzovoljan	прил.	mrzovoljan	862	
26720	pastuv	pastuv	сущ.	pastuv	895	
26742	polisa	polisa	сущ.	polisu	1237	
26750	demokrat	demokrat	сущ.	demokrata	1015	
26754	mornarički	mornarički	прил.	mornarički	1100	
26757	plakat	plakat	сущ.	plakat	917	
26766	kapela	kapela	сущ.	kapelu	1917	
26767	pogodan	pogodan	прил.	pogodan	1440	
26768	sprovoditi	sprovoditi	глаг.	sprovodi	1112	
26769	tigrov	tigrov	прил.	tigrova	563	
26774	gošća	gošća	сущ.	gošća	855	
26795	gledanost	gledanost	сущ.	gledanost	562	
26801	strano	strano	нареч.	strano	562	
26802	ručnik	ručnik	сущ.	ručnik	856	
26814	pajdo	pajdo	сущ.	pajdo	562	
26826	grah	grah	сущ.	grah	865	
26828	ciganin	ciganin	сущ.	cigani	820	
26832	ukrcati	ukrcati	глаг.	ukrcati	2963	
26833	prisluškivanje	prisluškivanje	сущ.	prisluškivanje	561	
26835	svitanje	svitanje	сущ.	svitanja	1006	
26847	maslina	maslina	сущ.	masline	866	
26862	spis	spis	сущ.	spise	1600	
26863	transporter	transporter	сущ.	transporter	560	
26878	seansa	seansa	сущ.	seansu	1789	
26894	oživljavanje	oživljavanje	сущ.	oživljavanje	560	
26900	obavest	obavest	сущ.	obavijesti	1077	
26910	otkucati	otkucati	глаг.	otkucao	890	
26923	pertla	pertla	сущ.	pertle	559	
26925	banuti	banuti	глаг.	bani	559	
26937	nemoralno	nemoralno	нареч.	nemoralno	559	
26938	muškost	muškost	сущ.	muškost	862	
26951	pomaziti	pomaziti	глаг.	pomaze	558	
26952	odmetnik	odmetnik	сущ.	odmetnik	1328	
26953	zaneti	zaneti	глаг.	zaneo	807	
26963	darežljiv	darežljiv	прил.	darežljiv	806	
26978	usrećivati	usrećivati	глаг.	usrećuje	558	
26983	oružan	oružan	прил.	oružane	1934	
27004	predviđanje	predviđanje	сущ.	predviđanja	964	
27010	rondo	rondo	сущ.	ronda	557	
27014	ćaskanje	ćaskanje	сущ.	ćaskanje	806	
27026	isporučiti	isporučiti	глаг.	isporučiti	2161	
27045	hlađenje	hlađenje	сущ.	hlađenje	556	
27046	saplesti	saplesti	глаг.	sapleo	853	
27048	razvoditi	razvoditi	глаг.	razvode	1425	
27056	sporedan	sporedan	прил.	sporedni	1454	
27061	predaja	predaja	сущ.	predaja	556	
27066	sadašnji	sadašnji	прил.	sadašnji	1548	
27069	prenoćiti	prenoćiti	глаг.	prenoćiti	1396	
27088	tečno	tečno	нареч.	tečno	555	
27093	udarni	udarni	прил.	udarni	1317	
27100	počastiti	počastiti	глаг.	počašćen	908	
27102	hranjenje	hranjenje	сущ.	hranjenje	882	
27105	nastupiti	nastupiti	глаг.	nastupi	1456	
27130	podučavati	podučavati	глаг.	podučava	1797	
27132	redatelj	redatelj	сущ.	redatelj	554	
27135	sokol	sokol	сущ.	sokola	553	
27138	kresati	kresati	глаг.	kreše	1681	
27149	problematičan	problematičan	прил.	problematičan	1398	
27151	pristalica	pristalica	сущ.	pristalica	976	
27155	pank	pank	сущ.	pank	553	
27181	rasprodati	rasprodati	глаг.	rasprodaju	552	
27186	subjekat	subjekat	сущ.	subjekat	552	
27187	špil	špil	сущ.	špil	552	
27190	uporište	uporište	сущ.	uporište	552	
27202	tisin	tisin	прил.	tisina	551	
27235	rezime	rezime	сущ.	rezime	550	
27238	peraja	peraja	сущ.	peraja	812	
27243	nabacivati	nabacivati	глаг.	nabacivao	1725	
27259	pilar	pilar	сущ.	pilar	550	
27264	sprovesti	sprovesti	глаг.	sprovesti	1742	
27270	ladica	ladica	сущ.	ladici	1155	
27271	zavesti	zavesti	глаг.	zaveo	2887	
27287	pomno	pomno	нареч.	pomno	549	
27290	nosić	nosić	сущ.	nosiću	549	
27304	gostoprimstvo	gostoprimstvo	сущ.	gostoprimstvo	1033	
27315	shvatanje	shvatanje	сущ.	shvatanja	1029	
27320	rasuđivanje	rasuđivanje	сущ.	rasuđivanje	549	
27322	omot	omot	сущ.	omot	549	
27338	portir	portir	сущ.	portir	784	
27345	nedođija	nedođija	сущ.	nedođije	875	
27347	obrađivati	obrađivati	глаг.	obrađuje	1076	
27352	kuglica	kuglica	сущ.	kuglice	855	
27355	nesvesno	nesvesno	нареч.	nesvesno	548	
27363	detinjasto	detinjasto	нареч.	detinjasto	547	
27391	upecati	upecati	глаг.	upecao	547	
27392	pobesneti	pobesneti	глаг.	pobesneo	812	
27393	sake	sake	сущ.	sake	547	
27394	božanski	božanski	прил.	božanski	1990	
27397	oticati	oticati	глаг.	otiči	546	
27400	kob	kob	сущ.	kob	784	
27406	popuštati	popuštati	глаг.	popušta	546	
27408	namamiti	namamiti	глаг.	namamio	2012	
27412	milostinja	milostinja	сущ.	milostinju	868	
27415	uveliko	uveliko	нареч.	uveliko	546	
27418	transakcija	transakcija	сущ.	transakcija	1348	
27420	izračunati	izračunati	глаг.	izračunao	1129	
27422	vilenjak	vilenjak	сущ.	vilenjak	1367	
27429	rulet	rulet	сущ.	rulet	546	
27452	preduzeće	preduzeće	сущ.	preduzeće	1033	
27453	sonar	sonar	сущ.	sonar	545	
27458	klaun	klaun	сущ.	klaun	870	
27464	extra	extra	прил.	extra	545	
27465	suradnja	suradnja	сущ.	suradnju	832	
27466	trunak	trunak	сущ.	trunke	981	
27467	označiti	označiti	прил.	označen	3512	
27476	polagati	polagati	глаг.	polaže	2146	
27478	akvarijum	akvarijum	сущ.	akvarijum	819	
27480	market	market	сущ.	market	1100	
27483	poza	poza	сущ.	poza	1474	
27488	zaći	zaći	глаг.	zađe	793	
27489	spasavati	spasavati	глаг.	spasava	1368	
27498	selam	selam	сущ.	selam	544	
27502	izmišljen	izmišljen	прил.	izmišljeni	2104	
27504	osmica	osmica	сущ.	osmica	1131	
27516	provizija	provizija	сущ.	proviziju	1094	комиссия
27531	maslo	maslo	сущ.	maslo	543	
27533	emocionalan	emocionalan	прил.	emocionalni	1806	
27534	sledbenik	sledbenik	сущ.	sledbenici	1680	
27541	mehanički	mehanički	прил.	mehanički	543	
27547	navijač	navijač	сущ.	navijači	1374	
27551	svud	svud	нареч.	svud	542	
27559	klik	klik	сущ.	klik	542	
27560	grliti	grliti	глаг.	grli	1775	
27573	oslanjati	oslanjati	глаг.	oslanja	1834	
27577	maskirati	maskirati	прил.	maskirani	542	
27578	atrakcija	atrakcija	сущ.	atrakcija	542	
27587	tuširati	tuširati	глаг.	tušira	2173	
27588	spremnik	spremnik	сущ.	spremnik	542	
27608	zemaljski	zemaljski	прил.	zemaljske	2022	
27610	ušetati	ušetati	глаг.	ušetao	1657	
27616	toksikološki	toksikološki	прил.	toksikološki	541	
27623	ugušiti	ugušiti	глаг.	ugušio	1734	
27625	putovnica	putovnica	сущ.	putovnicu	1173	
27641	odvratiti	odvratiti	глаг.	odvratiti	953	
27644	matorac	matorac	сущ.	matorci	1287	
27658	razmatranje	razmatranje	сущ.	razmatranje	885	
27660	trance	trance	сущ.	trance	540	
27663	izvinuti	izvinuti	глаг.	izvinem	1665	
27673	priključiti	priključiti	глаг.	priključio	2305	
27677	bankrot	bankrot	сущ.	bankrot	823	
27705	branilac	branilac	сущ.	branilac	872	
27709	jeza	jeza	сущ.	jeza	539	
27714	pomak	pomak	сущ.	pomak	539	
27715	baja	baja	сущ.	baja	539	
27727	fleka	fleka	сущ.	fleke	1265	
27742	brigada	brigada	сущ.	brigada	1052	
27749	najradije	najradije	нареч.	najradije	538	
27778	zvučnik	zvučnik	сущ.	zvučnik	1101	
27786	prihvatanje	prihvatanje	сущ.	prihvatanje	537	
27787	zaborav	zaborav	сущ.	zaborav	537	
27793	espreso	espreso	сущ.	espreso	537	эспрессо
27797	zbirka	zbirka	сущ.	zbirku	879	
27799	beda	beda	сущ.	bede	1575	
27801	brucoš	brucoš	сущ.	brucoš	537	
27807	presek	presek	сущ.	preseci	536	
27809	lovački	lovački	прил.	lovački	796	
27814	obiti	obiti	глаг.	obije	1134	
27822	erupcija	erupcija	сущ.	erupcija	1070	
27826	poznanik	poznanik	сущ.	poznanik	1176	
27827	poslušnost	poslušnost	сущ.	poslušnost	787	
27832	striktno	striktno	нареч.	striktno	536	
27841	hladnokrvan	hladnokrvan	прил.	hladnokrvni	535	
27842	podsticaj	podsticaj	сущ.	podsticaj	535	
27843	narodni	narodni	прил.	narodni	1438	
27846	slamka	slamka	сущ.	slamku	935	
27854	iznenadno	iznenadno	нареч.	iznenadno	535	
27859	dragon	dragon	сущ.	dragon	535	
27861	teoretičar	teoretičar	сущ.	teoretičari	535	
27862	izmeniti	izmeniti	глаг.	izmenio	2186	
27863	protivno	protivno	нареч.	protivno	535	
27866	izolacija	izolacija	сущ.	izolaciju	1674	
27871	drhtjeti	drhteti	глаг.	drhti	1683	
27873	pravosuđe	pravosuđe	сущ.	pravosuđa	773	
27876	zapečatiti	zapečatiti	глаг.	zapečaćena	1376	
27887	izražavati	izražavati	глаг.	izražava	1109	
27892	kala	kala	сущ.	kale	534	
27893	prvobitan	prvobitan	прил.	prvobitni	775	
27894	budalasto	budalasto	нареч.	budalasto	534	
27908	nastaniti	nastaniti	глаг.	nastane	534	
27911	operisati	operisati	глаг.	operiše	2457	
27912	dasa	dasa	сущ.	dasa	534	
27923	pravnik	pravnik	сущ.	pravnik	533	
27929	načelo	načelo	сущ.	načela	533	
27933	popravni	popravni	прил.	popravni	972	
27938	osvetljenje	osvetljenje	сущ.	osvetljenje	533	
27941	napuštanje	napuštanje	сущ.	napuštanje	972	
27944	vreo	vreo	прил.	vrele	1683	
27946	zadati	zadati	глаг.	zadao	533	
27949	utopiti	utopiti	глаг.	utopio	1270	
27984	testera	testera	сущ.	testeru	1329	
27985	srećnica	srećnica	сущ.	srećnica	532	
27986	suptilno	suptilno	нареч.	suptilno	532	
27988	zgrešiti	zgrešiti	глаг.	zgrešio	804	
27999	svetinja	svetinja	сущ.	svetinja	532	
28003	povlastica	povlastica	сущ.	povlastice	872	
28005	senzacija	senzacija	сущ.	senzacija	531	
28006	ručica	ručica	сущ.	ručicu	1175	
28012	rampa	rampa	сущ.	rampu	1535	
28015	country	country	сущ.	country	531	
28016	porađati	porađati	глаг.	porađa	531	
28017	prevruć	prevruć	прил.	prevruće	531	
28032	tur	tur	сущ.	tur	531	
28033	otkinuti	otkinuti	глаг.	otkinuo	1589	
28037	godište	godište	сущ.	godište	531	
28049	ekstreman	ekstreman	прил.	ekstremne	1555	
28056	govedo	govedo	сущ.	goveda	773	
28057	gađati	gađati	глаг.	gađao	3951	
28064	formacija	formacija	сущ.	formaciju	1561	
28065	namučiti	namučiti	глаг.	namučio	1061	
28069	ispravka	ispravka	сущ.	ispravka	530	
28071	meštanin	meštanin	сущ.	meštani	530	
28076	beznadežan	beznadežan	прил.	beznadežan	806	
28080	uporediti	uporediti	глаг.	uporedi	2791	
28083	bris	bris	сущ.	bris	530	
28092	uzdisati	uzdisati	глаг.	uzdiše	529	
28098	trkati	trkati	глаг.	trkamo	785	
28104	poklanjati	poklanjati	глаг.	poklanjam	962	
28106	operater	operater	сущ.	operater	811	
28113	mikro	mikro	нареч.	mikro	529	
28124	banket	banket	сущ.	banket	528	
28134	supstanca	supstanca	сущ.	supstance	1609	
28139	kvačilo	kvačilo	сущ.	kvačilo	528	
28142	proteći	proteći	глаг.	protekla	811	
28143	zmajev	zmajev	прил.	zmajev	528	
28149	bolnički	bolnički	прил.	bolnički	1199	
28157	zadavati	zadavati	глаг.	zadaje	528	
28163	revolveraš	revolveraš	сущ.	revolveraš	823	
28167	teatar	teatar	сущ.	teatar	770	
28168	razlaz	razlaz	сущ.	razlaz	527	
28169	prikriti	prikriti	глаг.	prikrije	1490	
28185	prevazilaziti	prevazilaziti	глаг.	prevazilazi	527	
28198	odmaralište	odmaralište	сущ.	odmaralište	527	
28201	prevazići	prevazići	глаг.	prevazići	1962	
28208	izostaviti	izostaviti	глаг.	izostavio	1331	
28211	larva	larva	сущ.	larve	526	
28215	nagoditi	nagoditi	глаг.	nagoditi	1972	
28221	dota	dota	сущ.	doti	526	
28227	zarazan	zarazan	прил.	zarazna	946	
28237	nemir	nemir	сущ.	nemir	1261	
28239	žila	žila	сущ.	žile	1290	
28240	načuti	načuti	глаг.	načuo	526	
28241	mešanje	mešanje	сущ.	mešanje	954	
28242	šašav	šašav	прил.	šašava	1307	
28253	uvideti	uvideti	глаг.	uvideo	1043	
28265	stezati	stezati	глаг.	steže	525	
28275	nastrojen	nastrojen	прил.	nastrojen	1119	
28280	gorko	gorko	нареч.	gorko	525	
28287	poručivati	poručivati	глаг.	poručuje	525	
28289	nalaženje	nalaženje	сущ.	nalaženje	806	
28296	poigravati	poigravati	глаг.	poigrava	525	
28299	proračun	proračun	сущ.	proračun	1777	
28312	naplaćivati	naplaćivati	глаг.	naplaćuje	1518	
28316	pustoš	pustoš	сущ.	pustoš	841	
28317	sentimentalan	sentimentalan	прил.	sentimentalan	870	
28321	vegeta	vegeta	сущ.	vegeta	524	
28327	predanost	predanost	сущ.	predanost	524	
28331	potpisivati	potpisivati	глаг.	potpisujem	1005	
28335	licemer	licemer	сущ.	licemer	523	
28340	nabolje	nabolje	нареч.	nabolje	523	
28345	izbijati	izbijati	глаг.	izbija	523	
28347	odricati	odricati	глаг.	odričem	1059	
28352	slučajan	slučajan	прил.	slučajna	1287	
28370	unositi	unositi	глаг.	unosi	1337	
28378	sekcija	sekcija	сущ.	sekcija	1502	
28379	vikendica	vikendica	сущ.	vikendicu	803	
28385	izlog	izlog	сущ.	izlog	988	
28393	okretanje	okretanje	сущ.	okretanje	522	
28395	naivno	naivno	нареч.	naivno	522	
28396	fanatik	fanatik	сущ.	fanatik	804	
28401	zamrzivač	zamrzivač	сущ.	zamrzivač	978	
28403	doslovce	doslovce	нареч.	doslovce	522	
28410	prerezati	prerezati	глаг.	prerezao	961	
28422	nesigurno	nesigurno	нареч.	nesigurno	521	
28426	obećavajući	obećavajući	прил.	obećavajuće	521	
28433	uzoran	uzoran	прил.	uzoran	521	
28437	sandala	sandala	сущ.	sandale	521	
28443	steroid	steroid	сущ.	steroide	1550	
28456	zabrinjavajući	zabrinjavajući	прил.	zabrinjavajuće	520	
28459	nastojati	nastojati	глаг.	nastojim	1086	
28463	deveruša	deveruša	сущ.	deveruša	815	
28472	ras	ras	сущ.	ras	520	
28482	taca	taca	сущ.	taco	520	
28494	udovac	udovac	сущ.	udovac	519	
28495	vanjski	vanjski	прил.	vanjski	1519	
28498	nehat	nehat	сущ.	nehata	519	
28499	nepromišljeno	nepromišljeno	нареч.	nepromišljeno	519	
28500	pipa	pipa	сущ.	pipa	1362	
28502	čeljust	čeljust	сущ.	čeljusti	882	
28509	emotivan	emotivan	прил.	emotivna	1600	
28518	marama	marama	сущ.	maramu	852	
28520	republikanac	republikanac	сущ.	republikanci	1018	
28524	prdež	prdež	сущ.	prdež	519	
28527	očuvanje	očuvanje	сущ.	očuvanje	765	
28533	žbunje	žbunje	сущ.	žbunje	1241	
28536	kujin	kujin	прил.	kujin	518	
28538	odbacivanje	odbacivanje	сущ.	odbacivanje	782	
28545	dark	dark	нареч.	dark	518	
28556	potpisivanje	potpisivanje	сущ.	potpisivanje	864	
28557	tekma	tekma	сущ.	tekmu	518	
28558	rugati	rugati	глаг.	ruga	1949	
28562	neodoljivo	neodoljivo	нареч.	neodoljivo	518	
28566	vešto	vešto	нареч.	vešto	517	
28568	merenje	merenje	сущ.	merenje	887	
28572	pripravnik	pripravnik	сущ.	pripravnik	517	
28576	pritužba	pritužba	сущ.	pritužbe	1194	
28583	cin	cin	сущ.	cin	517	
28586	suton	suton	сущ.	suton	517	
28587	podsticati	podsticati	глаг.	podstiče	517	
28589	neslaganje	neslaganje	сущ.	neslaganja	959	
28602	gađanje	gađanje	сущ.	gađanje	517	
28607	kraba	kraba	сущ.	krabe	938	
28619	predajnik	predajnik	сущ.	predajnik	516	
28620	korin	korin	прил.	korin	516	
28628	sestrinstvo	sestrinstvo	сущ.	sestrinstva	1293	
28629	masno	masno	нареч.	masno	516	
28633	rujan	rujan	сущ.	rujna	516	
28636	primanje	primanje	сущ.	primanja	970	
28638	oklevati	oklevati	глаг.	oklevao	901	
28639	laboratorijski	laboratorijski	прил.	laboratorijski	516	
28643	poreski	poreski	прил.	poreske	1526	
28652	nadmašiti	nadmašiti	глаг.	nadmašiti	1166	
28653	teritorij	teritorij	сущ.	teritorij	515	
28666	kokos	kokos	сущ.	kokos	876	
28668	dostupno	dostupno	нареч.	dostupno	515	
28673	himna	himna	сущ.	himnu	842	
28680	mašiti	mašiti	глаг.	maši	515	
28681	ružičast	ružičast	прил.	ružičasti	1354	
28686	prikladan	prikladan	прил.	prikladan	897	
28688	počinitelj	počinitelj	сущ.	počinitelj	799	
28689	tramvaj	tramvaj	сущ.	tramvaj	514	
28690	frend	frend	сущ.	frend	815	
28692	spasilački	spasilački	прил.	spasilački	828	
28707	organizator	organizator	сущ.	organizator	514	
28722	revanš	revanš	сущ.	revanš	514	
28743	otkrovenje	otkrovenje	сущ.	otkrovenje	824	
28760	otputovati	otputovati	глаг.	otputovao	1131	
28770	desetka	desetka	сущ.	desetke	1231	
28772	rađanje	rađanje	сущ.	rađanje	950	
28773	iščupati	iščupati	глаг.	iščupati	1453	
28782	izdahnuti	izdahnuti	глаг.	izdahni	757	
28785	dodela	dodela	сущ.	dodeli	1182	
28796	roditeljski	roditeljski	прил.	roditeljski	789	родительский
28811	klađenje	klađenje	сущ.	klađenje	512	
28821	drvce	drvce	сущ.	drvce	512	
28830	borilački	borilački	прил.	borilačkih	1009	
28844	celina	celina	сущ.	celine	1080	
28852	dignuti	dignuti	глаг.	dignuti	511	
28858	pin	pin	сущ.	pin	1035	
28865	klada	klada	сущ.	klade	812	
28870	beznačajno	beznačajno	нареч.	beznačajno	510	
28878	miligram	miligram	сущ.	miligrama	510	
28879	promocija	promocija	сущ.	promociju	1059	
28902	unuče	unuče	сущ.	unuče	509	
28920	železnički	železnički	прил.	železničke	1487	
28922	kemp	kemp	сущ.	kemp	509	
28926	požuda	požuda	сущ.	požuda	1234	
28927	prvenstveno	prvenstveno	нареч.	prvenstveno	509	
28929	grupni	grupni	прил.	grupni	771	
28938	genijalac	genijalac	сущ.	genijalac	788	
28949	prijestupnik	prestupnik	сущ.	prestupnik	951	
28958	statistika	statistika	сущ.	statistika	1451	
28976	otimati	otimati	глаг.	otimaju	979	
28980	razgledanje	razgledanje	сущ.	razgledanje	507	
28981	poznavanje	poznavanje	сущ.	poznavanje	507	
28982	konsultant	konsultant	сущ.	konsultant	507	
28983	udarač	udarač	сущ.	udarač	507	
29001	bezvredan	bezvredan	прил.	bezvredan	1679	
29007	nizvodno	nizvodno	нареч.	nizvodno	507	
29017	rakija	rakija	сущ.	rakiju	1220	
29021	romantika	romantika	сущ.	romantika	1404	
29024	odvajanje	odvajanje	сущ.	odvajanje	506	
29027	dohvat	dohvat	сущ.	dohvat	506	
29030	mig	mig	сущ.	mig	506	
29032	neugodnost	neugodnost	сущ.	neugodnosti	506	
29041	spokoj	spokoj	сущ.	spokoj	506	
29053	odgajati	odgajati	глаг.	odgajati	1686	
29062	zujanje	zujanje	сущ.	zujanje	506	
29068	povraćaj	povraćaj	сущ.	povraćaj	505	
29070	naplata	naplata	сущ.	naplatu	1249	
29076	oličenje	oličenje	сущ.	oličenje	505	
29086	svijećica	svećica	сущ.	svećice	505	
29106	urazumiti	urazumiti	глаг.	urazumi	1236	
29109	hiper	hiper	нареч.	hiper	505	
29112	obuzeti	obuzeti	глаг.	obuzme	1732	
29120	primedba	primedba	сущ.	primedbe	1739	
29127	večito	večito	нареч.	večito	504	
29128	atraktivan	atraktivan	прил.	atraktivna	504	
29131	povezivanje	povezivanje	сущ.	povezivanje	504	
29139	pridobiti	pridobiti	глаг.	pridobiti	820	
29142	neprirodno	neprirodno	нареч.	neprirodno	504	
29144	sirov	sirov	прил.	sirovo	2201	
29146	usredotočiti	usredotočiti	глаг.	usredotočiti	893	
29148	vanredan	vanredan	прил.	vanredno	778	
29156	magnetni	magnetni	прил.	magnetno	1376	
29162	brineta	brineta	сущ.	brineta	503	
29163	promatrati	promatrati	глаг.	promatrati	1879	
29164	poručiti	poručiti	глаг.	poručio	1395	
29174	markiza	markiza	сущ.	markiza	503	
29186	propovednik	propovednik	сущ.	propovednik	503	
29206	spektar	spektar	сущ.	spektar	821	
29214	preciznost	preciznost	сущ.	preciznost	1017	
29219	naslovnica	naslovnica	сущ.	naslovnici	1484	
29222	prestrašiti	prestrašiti	прил.	prestrašen	1902	
29223	obezbeđivati	obezbeđivati	глаг.	obezbeđuje	502	
29234	kancelar	kancelar	сущ.	kancelar	799	
29258	sarin	sarin	прил.	sarin	803	
29260	samica	samica	сущ.	samici	959	
29262	rezidencija	rezidencija	сущ.	rezidencija	758	
29265	bankomat	bankomat	сущ.	bankomata	985	
29268	izvođač	izvođač	сущ.	izvođač	896	
29270	baseball	baseball	сущ.	baseball	501	
29275	zagrevati	zagrevati	глаг.	zagreva	501	
29276	homić	homić	сущ.	homić	501	
29278	madrac	madrac	сущ.	madrac	501	
29280	istrčati	istrčati	глаг.	istrčao	835	
29288	elisa	elisa	сущ.	elise	966	
29294	ravnica	ravnica	сущ.	ravnice	1080	
29297	rata	rata	сущ.	rate	501	
29302	strjelica	strelica	сущ.	strelice	1187	
29307	uhoda	uhoda	сущ.	uhoda	817	
29310	pušiona	pušiona	сущ.	pušiona	500	
29311	trend	trend	сущ.	trend	837	
29315	kolumna	kolumna	сущ.	kolumnu	500	
29317	razmaziti	razmaziti	глаг.	razmažena	1436	
29319	ukinuti	ukinuti	глаг.	ukinuti	1651	
29333	odgojiti	odgojiti	прил.	odgojila	1211	
29360	buniti	buniti	глаг.	bune	1582	
29366	izdržavati	izdržavati	глаг.	izdržava	1224	
29370	odjavljivati	odjavljivati	глаг.	odjavljuje	864	
29376	provući	provući	глаг.	provući	1165	
29377	odležati	odležati	глаг.	odležao	499	
29381	vreti	vreti	глаг.	vreo	499	
29390	mučno	mučno	нареч.	mučno	499	
29392	kanadski	kanadski	прил.	kanadski	1062	
29401	tajanstveno	tajanstveno	нареч.	tajanstveno	498	
29412	zbližiti	zbližiti	глаг.	zbližili	858	
29417	prebacivanje	prebacivanje	сущ.	prebacivanje	498	
29433	strastven	strastven	прил.	strastven	1315	
29437	močiti	močiti	глаг.	moči	497	
29444	rejting	rejting	сущ.	rejting	497	
29445	nervoza	nervoza	сущ.	nervoza	1364	
29462	krupno	krupno	нареч.	krupno	497	
29472	selidba	selidba	сущ.	selidbe	1430	
29481	tag	tag	сущ.	tag	496	
29484	navigacija	navigacija	сущ.	navigaciju	830	
29492	zamrznuti	zamrznuti	глаг.	zamrznuti	1430	
29494	poginuli	poginuli	прил.	poginulih	496	
29496	cicati	cicati	глаг.	cica	496	
29508	osvetliti	osvetliti	глаг.	osvetli	496	
29511	nasumice	nasumice	нареч.	nasumice	496	
29515	iscrpljujuć	iscrpljujuć	прил.	iscrpljujuće	496	
29527	hepatitis	hepatitis	сущ.	hepatitis	495	
29540	puder	puder	сущ.	puder	495	
29544	bong	bong	сущ.	bong	495	
29546	dopreti	dopreti	глаг.	dopre	1571	
29550	kuhinjski	kuhinjski	прил.	kuhinjski	845	
29554	lipanj	lipanj	сущ.	lipnja	495	
29555	emitovanje	emitovanje	сущ.	emitovanje	797	
29557	smjerati	smjerati	глаг.	smjera	495	
29559	ispad	ispad	сущ.	ispade	872	
29560	ljuljati	ljuljati	глаг.	ljulja	830	
29563	poleđina	poleđina	сущ.	poleđini	494	
29575	pojasniti	pojasniti	глаг.	pojasnim	1049	
29577	izdavanje	izdavanje	сущ.	izdavanje	494	
29587	naznaka	naznaka	сущ.	naznaka	838	
29591	zagrobni	zagrobni	прил.	zagrobni	494	
29599	oproštajni	oproštajni	прил.	oproštajni	1513	
29610	kvantni	kvantni	прил.	kvantna	1298	
29614	zaruke	zaruke	сущ.	zaruke	493	
29616	belkinja	belkinja	сущ.	belkinja	493	
29623	raspitati	raspitati	глаг.	raspitao	1634	
29628	tiranin	tiranin	сущ.	tiranin	794	
29639	bezvredno	bezvredno	нареч.	bezvredno	493	
29646	tuna	tuna	сущ.	tuna	1200	
29650	rasistički	rasistički	прил.	rasistički	493	
29654	zalepiti	zalepiti	глаг.	zalepio	1122	
29661	oklevanje	oklevanje	сущ.	oklevanja	492	
29664	mimoići	mimoići	глаг.	mimoišli	492	
29668	dovod	dovod	сущ.	dovod	492	
29669	udjel	udel	сущ.	udela	492	
29677	zurka	zurka	сущ.	zurku	904	
29691	presrećan	presrećan	прил.	presrećan	864	
29698	selen	selen	сущ.	selena	492	
29702	brutalan	brutalan	прил.	brutalan	1151	
29705	najednom	najednom	нареч.	najednom	492	
29709	ohrabrujući	ohrabrujući	прил.	ohrabrujuće	492	
29741	praded	praded	сущ.	pradeda	491	
29742	sjena	sjena	сущ.	sjene	1293	
29745	genijalnost	genijalnost	сущ.	genijalnost	763	
29751	zaključavanje	zaključavanje	сущ.	zaključavanje	491	
29760	instalacija	instalacija	сущ.	instalacije	490	
29761	nesuglasica	nesuglasica	сущ.	nesuglasice	792	
29779	mentol	mentol	сущ.	mentol	490	
29780	najava	najava	сущ.	najave	1463	
29785	definisati	definisati	глаг.	definiše	859	
29791	rang	rang	сущ.	ranga	1113	
29797	bezbednosan	bezbednosan	прил.	bezbednosni	1202	
29804	dvojac	dvojac	сущ.	dvojca	489	
29811	ugrušak	ugrušak	сущ.	ugrušak	489	
29812	plaziti	plaziti	глаг.	plazi	727	
29815	broker	broker	сущ.	broker	760	
29820	bujan	bujan	прил.	bujnu	489	
29846	trkački	trkački	прил.	trkački	488	
29850	nemaran	nemaran	прил.	nemaran	488	
29862	prelak	prelak	прил.	prelako	488	
29864	takmičiti	takmičiti	глаг.	takmičiti	2450	
29865	uzbrdo	uzbrdo	нареч.	uzbrdo	488	
29868	ferrari	ferrari	сущ.	ferrari	488	
29874	snajka	snajka	сущ.	snajka	488	
29881	pešak	pešak	сущ.	pešaka	488	
29892	utišati	utišati	глаг.	utišaj	742	
29911	pristizati	pristizati	глаг.	pristižu	783	
29920	smrtnik	smrtnik	сущ.	smrtnik	1354	
29924	začudo	začudo	нареч.	začudo	486	
29935	uginuti	uginuti	глаг.	uginuo	766	
29938	stavljanje	stavljanje	сущ.	stavljanje	486	
29940	predozirati	predozirati	глаг.	predozirao	935	
29942	spokojno	spokojno	нареч.	spokojno	486	
29945	racija	racija	сущ.	racija	1170	
29950	tešiti	tešiti	глаг.	teši	486	
29958	omča	omča	сущ.	omču	729	
29968	šmokljan	šmokljan	сущ.	šmokljan	486	
29973	utešno	utešno	нареч.	utešno	485	
29981	nerazumno	nerazumno	нареч.	nerazumno	485	
29984	ugledan	ugledan	прил.	ugledni	1201	
29986	radikalno	radikalno	нареч.	radikalno	485	
29994	dočepati	dočepati	глаг.	dočepa	1866	
30005	his	his	сущ.	his	485	
30009	delikatan	delikatan	прил.	delikatna	773	
30011	trgovati	trgovati	глаг.	trguje	1083	
30014	tanga	tanga	сущ.	tange	484	
30018	vikanje	vikanje	сущ.	vikanje	484	
30020	prašak	prašak	сущ.	prašak	484	
30037	porediti	porediti	глаг.	porediti	1202	
30038	razaranje	razaranje	сущ.	razaranje	874	
30040	isterati	isterati	глаг.	isterati	2390	
30055	neudat	neudat	прил.	neudata	484	
30057	trepnuti	trepnuti	глаг.	trepneš	866	
30060	ostvarivati	ostvarivati	глаг.	ostvaruju	950	
30069	viršla	viršla	сущ.	viršle	483	
30072	poslužavnik	poslužavnik	сущ.	poslužavnik	483	
30096	sprema	sprema	сущ.	spreme	483	
30104	frustrirati	frustrirati	прил.	frustriran	752	
30112	zaručnica	zaručnica	сущ.	zaručnica	482	
30123	petao	petao	сущ.	petao	1096	
30126	ljudskost	ljudskost	сущ.	ljudskost	904	
30151	opirati	opirati	глаг.	opirao	2390	
30152	listić	listić	сущ.	listić	481	
30166	nepreveden	nepreveden	прил.	neprevedeni	481	
30169	plesanje	plesanje	сущ.	plesanje	481	
30171	bezbolno	bezbolno	нареч.	bezbolno	481	
30190	kakiti	kakiti	глаг.	kaki	797	
30193	kreacija	kreacija	сущ.	kreacija	778	
30194	okov	okov	сущ.	okove	745	
30202	potomstvo	potomstvo	сущ.	potomstvo	480	
30204	jedinac	jedinac	сущ.	jedinac	480	
30210	danonoćno	danonoćno	нареч.	danonoćno	480	
30226	šokirati	šokirati	глаг.	šokirani	1913	
30233	klanje	klanje	сущ.	klanje	813	
30234	vafl	vafl	сущ.	vafle	480	
30235	njujorški	njujorški	прил.	njujorški	1237	
30249	đubrivo	đubrivo	сущ.	đubrivo	769	
30272	lupanje	lupanje	сущ.	lupanje	479	
30277	baraka	baraka	сущ.	barake	801	
30292	predviđati	predviđati	глаг.	predviđa	1076	
30297	prenoćište	prenoćište	сущ.	prenoćište	478	
30299	barijera	barijera	сущ.	barijeru	1352	
30300	ekskluzivno	ekskluzivno	нареч.	ekskluzivno	478	
30301	ljubičast	ljubičast	прил.	ljubičasta	1178	
30302	jednoglasno	jednoglasno	нареч.	jednoglasno	478	
30305	fetiš	fetiš	сущ.	fetiš	478	
30318	ćebad	ćebad	сущ.	ćebad	478	
30321	zaokret	zaokret	сущ.	zaokret	477	
30327	gladovati	gladovati	глаг.	gladuju	1087	
30330	pokrov	pokrov	сущ.	pokrov	477	
30332	loto	loto	сущ.	loto	477	
30333	mesečina	mesečina	сущ.	mesečini	840	
30341	upetljati	upetljati	прил.	upetljao	824	
30359	obalski	obalski	прил.	obalska	732	
30364	zavist	zavist	сущ.	zavist	855	
30376	rasulo	rasulo	сущ.	rasulu	476	
30383	vađenje	vađenje	сущ.	vađenje	476	
30388	mačji	mačji	прил.	mačji	476	
30396	preokrenuti	preokrenuti	глаг.	preokrenuti	1150	
30404	pokrasti	pokrasti	глаг.	pokrao	813	
30444	zavisno	zavisno	нареч.	zavisno	475	
30453	džukela	džukela	сущ.	džukelo	882	
30455	posebice	posebice	нареч.	posebice	475	
30459	polubrat	polubrat	сущ.	polubrat	475	
30471	domaćinstvo	domaćinstvo	сущ.	domaćinstvo	1099	
30478	podesiti	podesiti	глаг.	podesio	2278	
30498	trešnja	trešnja	сущ.	trešnje	474	
30512	mamuran	mamuran	прил.	mamuran	474	
30516	navigator	navigator	сущ.	navigator	474	
30520	nećakinja	nećakinja	сущ.	nećakinja	473	
30525	strastveno	strastveno	нареч.	strastveno	473	
30531	dokazni	dokazni	прил.	dokazni	473	
30537	arla	arla	сущ.	arlo	473	
30543	pohađati	pohađati	глаг.	pohađao	1034	
30546	zakucati	zakucati	глаг.	zakucao	767	
30549	bezub	bezub	прил.	bezubi	473	
30559	buntovnik	buntovnik	сущ.	buntovnik	473	
30566	crnčuga	crnčuga	сущ.	crnčuga	1202	
30581	protuzakonito	protuzakonito	нареч.	protuzakonito	472	
30593	iskorišćavati	iskorišćavati	глаг.	iskorišćava	780	
30596	plast	plast	сущ.	plastu	472	
30605	cepati	cepati	глаг.	cepa	472	
30608	zvano	zvano	нареч.	zvano	472	
30622	sviranje	sviranje	сущ.	sviranje	471	
30625	praktičan	praktičan	прил.	praktičan	1375	
30636	hindu	hindu	сущ.	hindu	471	
30644	klinički	klinički	прил.	klinički	471	
30647	božanstvo	božanstvo	сущ.	božanstvo	729	
30651	priređivati	priređivati	глаг.	priređuje	471	
30670	veštac	veštac	сущ.	veštac	470	
30688	svinjski	svinjski	прил.	svinjske	1240	
30694	zasada	zasada	нареч.	zasada	470	
30699	nastati	nastati	глаг.	nastati	470	
30702	korumpiran	korumpiran	прил.	korumpiran	924	
30712	uzeto	uzeto	нареч.	uzeto	470	
30715	platni	platni	прил.	platnom	469	
30717	krhotina	krhotina	сущ.	krhotine	821	
30730	islednik	islednik	сущ.	islednik	719	
30732	flertovati	flertovati	глаг.	flertuje	1792	
30733	masovan	masovan	прил.	masovna	1899	
30739	obnova	obnova	сущ.	obnove	880	
30742	zaudarati	zaudarati	глаг.	zaudara	469	
30744	nevinašce	nevinašce	сущ.	nevinašce	469	
30745	udovoljiti	udovoljiti	глаг.	udovolji	1255	
30750	klarisa	klarisa	сущ.	klarisa	469	
30758	besno	besno	нареч.	besno	469	
30760	napumpati	napumpati	глаг.	napumpao	469	
30773	fascinantan	fascinantan	прил.	fascinantna	852	
30779	kalup	kalup	сущ.	kalup	468	
30784	iskrvariti	iskrvariti	глаг.	iskrvario	1430	
30787	čeličan	čeličan	прил.	čelični	1259	
30800	kasapin	kasapin	сущ.	kasapin	468	
30803	jašiti	jašiti	глаг.	jaši	468	
30806	zakopčati	zakopčati	глаг.	zakopčaj	468	
30812	razveseliti	razveseliti	глаг.	razveseliti	934	
30814	uzajamno	uzajamno	нареч.	uzajamno	467	
30827	slepac	slepac	сущ.	slepac	467	
30828	konvencija	konvencija	сущ.	konvencija	1686	
30832	izleteti	izleteti	глаг.	izleteo	1192	
30834	šik	šik	нареч.	šik	467	
30851	travanj	travanj	сущ.	travnja	467	
30858	otpuštanje	otpuštanje	сущ.	otpuštanje	855	
30865	zaplet	zaplet	сущ.	zaplet	466	
30868	snežan	snežan	прил.	snežni	1167	
30869	pusto	pusto	нареч.	pusto	466	
30871	odvlačiti	odvlačiti	глаг.	odvlači	466	
30874	otpadak	otpadak	сущ.	otpatke	466	
30875	žar	žar	сущ.	žar	857	
30881	tragati	tragati	глаг.	tragamo	2207	
30891	četka	četka	сущ.	četku	1042	
30895	članica	članica	сущ.	članica	466	
30900	podsvest	podsvest	сущ.	podsvest	820	
30909	kuhanje	kuhanje	сущ.	kuhanje	465	
30913	bubica	bubica	сущ.	bubice	713	
30926	fondacija	fondacija	сущ.	fondacija	1262	
30972	artritis	artritis	сущ.	artritis	464	
30974	doživljavati	doživljavati	глаг.	doživljava	1032	
30985	špric	špric	сущ.	špric	463	
30991	lokator	lokator	сущ.	lokator	463	
30993	knedla	knedla	сущ.	knedle	463	
30998	konjski	konjski	прил.	konjskih	1959	
31002	viknuti	viknuti	глаг.	viknuo	463	
31008	bokserice	bokserice	сущ.	bokserice	463	
31036	presresti	presresti	глаг.	presreli	1013	
31048	lotus	lotus	сущ.	lotus	462	
31049	muha	muha	сущ.	muhe	795	
31052	podlo	podlo	нареч.	podlo	462	
31054	popreko	popreko	нареч.	popreko	462	
31055	omogućivati	omogućivati	глаг.	omogućuje	462	
31056	diskrecija	diskrecija	сущ.	diskreciju	778	
31057	nalet	nalet	сущ.	nalet	462	
31068	zalutati	zalutati	глаг.	zalutali	882	
31087	tečan	tečan	прил.	tečni	461	
31090	prisluškivati	prisluškivati	глаг.	prisluškuje	1494	
31097	mladenac	mladenac	сущ.	mladenci	817	
31101	perimetar	perimetar	сущ.	perimetar	461	
31113	ozvučiti	ozvučiti	прил.	ozvučen	461	
31134	testis	testis	сущ.	testise	1376	
31136	rajh	rajh	сущ.	rajha	781	
31137	čovekov	čovekov	прил.	čovekov	712	
31138	tehnološki	tehnološki	прил.	tehnološki	460	
31142	specifično	specifično	нареч.	specifično	460	
31148	jamčevina	jamčevina	сущ.	jamčevinu	460	
31150	spremačica	spremačica	сущ.	spremačica	460	
31182	intenzivno	intenzivno	нареч.	intenzivno	459	
31187	zaroniti	zaroniti	глаг.	zaroni	459	
31190	ispaljivati	ispaljivati	глаг.	ispaljuje	459	
31192	redosled	redosled	сущ.	redosled	459	
31193	kelvin	kelvin	сущ.	kelvin	703	
31194	otvarač	otvarač	сущ.	otvarač	459	
31198	odbegao	odbegao	прил.	odbegli	459	
31213	sestrić	sestrić	сущ.	sestrić	459	
31220	bogac	bogac	сущ.	bokca	458	
31221	pljunuti	pljunuti	глаг.	pljunuo	1266	
31236	pišanje	pišanje	сущ.	pišanje	458	
31244	revija	revija	сущ.	reviju	1452	
31247	čudesa	čudesa	сущ.	čudesa	458	
31251	dramatičan	dramatičan	прил.	dramatična	904	
31257	ruksak	ruksak	сущ.	ruksak	457	
31275	gamad	gamad	сущ.	gamad	457	
31281	zadovoljavajući	zadovoljavajući	прил.	zadovoljavajuće	711	
31293	zagrejati	zagrejati	глаг.	zagreje	1635	
31295	smeštati	smeštati	глаг.	smešta	758	
31298	kockati	kockati	глаг.	kockam	1760	
31303	neodređen	neodređen	прил.	neodređeno	457	
31310	nadmetanje	nadmetanje	сущ.	nadmetanje	457	
31311	živahan	živahan	прил.	živahna	844	
31312	kreativnost	kreativnost	сущ.	kreativnost	732	
31313	obrt	obrt	сущ.	obrt	457	
31314	donor	donor	сущ.	donora	757	
31316	sanjar	sanjar	сущ.	sanjar	457	
31318	sjajiti	sjajiti	глаг.	sjaji	717	
31346	prijemni	prijemni	прил.	prijemni	698	
31365	srećka	srećka	сущ.	srećko	456	
31368	navijanje	navijanje	сущ.	navijanje	456	
31371	mora	mora	сущ.	moro	456	моря (род. п.)
31375	indijac	indijac	сущ.	indijac	800	
31377	nadesno	nadesno	нареч.	nadesno	456	
31382	pederčina	pederčina	сущ.	pederčino	755	
31389	neprofesionalno	neprofesionalno	нареч.	neprofesionalno	455	
31406	naložiti	naložiti	глаг.	naložio	455	
31409	dečje	dečje	нареч.	dječje	455	
31413	natprirodno	natprirodno	нареч.	natprirodno	455	
31414	ženskaroš	ženskaroš	сущ.	ženskaroš	455	
31423	prijavljivati	prijavljivati	глаг.	prijavljujem	1162	
31434	zvanje	zvanje	сущ.	zvanje	455	
31435	poništenje	poništenje	сущ.	poništenje	455	
31442	safari	safari	сущ.	safari	454	
31443	skapirati	skapirati	глаг.	skapirao	454	
31446	branik	branik	сущ.	branik	454	
31460	vodovod	vodovod	сущ.	vodovod	454	
31480	galama	galama	сущ.	galamu	1149	
31504	zajebancija	zajebancija	сущ.	zajebancija	799	
31512	uspraviti	uspraviti	глаг.	uspravi	453	
31518	materica	materica	сущ.	materice	1088	
31525	ker	ker	сущ.	ker	766	
31531	ogrebati	ogrebati	глаг.	ogrebao	721	
31537	bankrotirati	bankrotirati	глаг.	bankrotirao	688	
31540	nasesti	nasesti	глаг.	naseo	700	
31549	zajeban	zajeban	прил.	zajeban	745	
31557	uznemiravajući	uznemiravajući	прил.	uznemiravajuće	452	
31573	dražesno	dražesno	нареч.	dražesno	451	
31578	potresti	potresti	прил.	potresen	1094	
31587	ful	ful	нареч.	ful	451	
31589	svakodnevan	svakodnevan	прил.	svakodnevni	1392	
31590	minimalno	minimalno	нареч.	minimalno	451	
31599	izražavanje	izražavanje	сущ.	izražavanje	806	
31602	procep	procep	сущ.	procep	451	
31607	prokleti	prokleti	глаг.	prokleo	697	
31615	pansion	pansion	сущ.	pansion	451	
31620	rastati	rastati	глаг.	rastati	815	
31624	napon	napon	сущ.	napon	705	
31626	ogranak	ogranak	сущ.	ogranak	451	
31627	penzionisati	penzionisati	прил.	penzionisao	776	
31643	preteći	preteći	глаг.	pretekao	874	
31645	pancir	pancir	сущ.	pancir	450	
31647	spetljati	spetljati	глаг.	spetljao	833	
31648	tegliti	tegliti	глаг.	tegli	450	
31654	trzaj	trzaj	сущ.	trzaj	450	
31656	vaška	vaška	сущ.	vaške	450	
31658	vidovit	vidovit	прил.	vidovit	836	
31664	sluz	sluz	сущ.	sluzi	795	
31668	pokoj	pokoj	сущ.	pokoj	450	
31671	bistro	bistro	нареч.	bistro	449	
31681	pićence	pićence	сущ.	pićence	449	
31698	kapati	kapati	глаг.	kaplje	449	
31720	markica	markica	сущ.	markice	712	
31722	etiketa	etiketa	сущ.	etiketu	1138	
31727	maziti	maziti	глаг.	mazi	1393	
31733	smraditi	smraditi	глаг.	smrade	449	
31749	bajno	bajno	нареч.	bajno	448	
31750	mastan	mastan	прил.	masni	1463	
31753	otrovno	otrovno	нареч.	otrovno	448	
31759	nesigurnost	nesigurnost	сущ.	nesigurnost	843	
31760	sretnik	sretnik	сущ.	sretnik	448	
31781	založiti	založiti	глаг.	založio	447	
31784	elektro	elektro	сущ.	elektro	447	
31793	naboj	naboj	сущ.	naboj	447	
31801	rezanje	rezanje	сущ.	rezanje	447	
31810	neuredno	neuredno	нареч.	neuredno	447	
31811	invalidski	invalidski	прил.	invalidskim	741	
31816	gadost	gadost	сущ.	gadosti	447	
31820	uzdići	uzdići	глаг.	uzdići	822	
31825	western	western	сущ.	western	447	
31835	dolikovati	dolikovati	глаг.	dolikuje	446	
31845	žrtvin	žrtvin	прил.	žrtvin	1450	
31858	radnički	radnički	прил.	radničke	733	
31859	dobavljač	dobavljač	сущ.	dobavljača	814	
31861	delovanje	delovanje	сущ.	delovanje	1117	
31870	proučiti	proučiti	глаг.	proučio	1692	
31881	svojstvo	svojstvo	сущ.	svojstva	685	
31882	laziti	laziti	глаг.	lazi	764	
31885	istaknuti	istaknuti	глаг.	istaknuti	748	
31897	odgajiti	odgajiti	глаг.	odgajio	847	
31906	milenijum	milenijum	сущ.	milenijum	818	
31909	predeo	predeo	сущ.	predeo	780	
31914	pomeranje	pomeranje	сущ.	pomeranje	744	
31938	matičan	matičan	прил.	matični	789	
31953	držač	držač	сущ.	držač	444	
31962	ud	ud	сущ.	udove	1498	
31964	arlin	arlin	прил.	arlin	444	
31966	dogurati	dogurati	глаг.	dogurao	1116	
31977	bazirati	bazirati	глаг.	bazirano	1437	
31981	počinak	počinak	сущ.	počinak	443	
31989	uzica	uzica	сущ.	uzici	443	
31999	astronom	astronom	сущ.	astronomi	737	
32000	tračak	tračak	сущ.	tračak	443	
32009	bdenije	bdenje	сущ.	bdenje	443	
32033	plemstvo	plemstvo	сущ.	plemstvo	443	
32037	prevoditi	prevoditi	глаг.	prevodi	442	
32045	menjanje	menjanje	сущ.	menjanje	442	
32048	pubertet	pubertet	сущ.	pubertet	442	
32062	osiguravajući	osiguravajući	прил.	osiguravajuće	683	
32071	nemoćan	nemoćan	прил.	nemoćan	785	
32073	sužavati	sužavati	глаг.	sužava	442	
32077	raspadati	raspadati	глаг.	raspadaju	442	
32080	stuba	stuba	сущ.	stube	769	
32085	brojanje	brojanje	сущ.	brojanje	441	
32089	hidra	hidra	сущ.	hidra	441	
32095	pomirenje	pomirenje	сущ.	pomirenje	835	
32098	nesrećno	nesrećno	нареч.	nesrećno	441	
32113	nadležan	nadležan	прил.	nadležni	802	
32132	sljedovati	sledovati	глаг.	sleduje	441	
32142	civilizovati	civilizovati	прил.	civilizovani	746	
32144	izdržljivost	izdržljivost	сущ.	izdržljivost	799	
32154	takt	takt	сущ.	takta	440	
32159	dojaviti	dojaviti	глаг.	dojavio	440	
32164	porok	porok	сущ.	poroka	1400	
32166	prolećni	prolećni	прил.	prolećni	440	
32167	neuro	neuro	нареч.	neuro	440	
32178	doga	doga	сущ.	doga	440	
32183	svibanj	svibanj	сущ.	svibnja	703	
32193	lestve	lestve	сущ.	ljestve	440	
32221	golem	golem	прил.	golem	798	
32222	stideti	stideti	глаг.	stideti	716	
32223	pokretan	pokretan	прил.	pokretna	1227	
32235	katedrala	katedrala	сущ.	katedrale	1400	
32236	nasloniti	nasloniti	глаг.	nasloni	439	
32239	obratno	obratno	нареч.	obratno	439	
32261	obarati	obarati	глаг.	obara	438	
32262	ponor	ponor	сущ.	ponor	438	
32269	osama	osama	сущ.	osama	438	
32273	odbrojati	odbrojati	прил.	odbrojani	438	
32276	obveza	obveza	сущ.	obveza	1067	
32287	parti	parti	сущ.	parti	438	
32291	kandidovati	kandidovati	глаг.	kandidujem	1676	
32294	zamerati	zamerati	глаг.	zameraš	1181	
32301	kročiti	kročiti	глаг.	kročio	1080	
32306	podliti	podliti	глаг.	podli	437	
32316	propust	propust	сущ.	propust	1015	
32328	dvojnik	dvojnik	сущ.	dvojnik	833	
32339	prvoklasan	prvoklasan	прил.	prvoklasni	776	
32346	šuteti	šuteti	глаг.	šutjeti	437	
32350	šlic	šlic	сущ.	šlic	437	
32353	istražni	istražni	прил.	istražni	437	
32371	sladiti	sladiti	глаг.	slade	436	
32372	refleks	refleks	сущ.	refleks	1012	
32381	oživeti	oživeti	глаг.	oživeo	1383	
32382	živčan	živčan	прил.	živčani	713	
32389	podmititi	podmititi	глаг.	podmitio	693	
32392	teza	teza	сущ.	teze	1005	
32395	biranje	biranje	сущ.	biranje	681	
32403	brifing	brifing	сущ.	brifing	436	
32406	zavoleti	zavoleti	глаг.	zavoleo	1806	
32414	usamljenik	usamljenik	сущ.	usamljenik	435	
32429	načas	načas	нареч.	načas	435	
32430	nevreme	nevreme	сущ.	nevreme	435	
32432	krstarica	krstarica	сущ.	krstarica	714	
32443	iznajmljivati	iznajmljivati	глаг.	iznajmljuje	435	
32445	kucnuti	kucnuti	глаг.	kucnuo	740	
32449	imitator	imitator	сущ.	imitator	435	
32462	vizuelan	vizuelan	прил.	vizuelni	435	
32466	konzulat	konzulat	сущ.	konzulat	956	
32473	asistentkinja	asistentkinja	сущ.	asistentkinja	434	
32481	neznalica	neznalica	сущ.	neznalica	766	
32487	odlutati	odlutati	глаг.	odlutao	722	
32504	ušunjati	ušunjati	глаг.	ušunjao	434	
32514	melem	melem	сущ.	melem	434	
32520	nepobediv	nepobediv	прил.	nepobediv	802	
32525	speed	speed	сущ.	speed	433	
32527	stanište	stanište	сущ.	stanište	720	
32545	strujati	strujati	глаг.	struji	433	
32552	skuhati	skuhati	глаг.	skuhati	433	
32563	sorta	sorta	сущ.	sorta	690	
32565	prebroditi	prebroditi	глаг.	prebroditi	691	
32567	rajski	rajski	прил.	rajski	433	
32569	nabaciti	nabaciti	глаг.	nabaci	799	
32572	osvežiti	osvežiti	глаг.	osvežim	750	
32583	kancelarijski	kancelarijski	прил.	kancelarijski	432	
32586	prkositi	prkositi	глаг.	prkosi	432	
32592	svota	svota	сущ.	svotu	432	
32597	nastanak	nastanak	сущ.	nastanka	715	
32599	pritiskati	pritiskati	глаг.	pritiskam	1697	
32614	stražnjica	stražnjica	сущ.	stražnjicu	432	
32615	bakin	bakin	прил.	bakin	671	
32618	uzrast	uzrast	сущ.	uzrasta	698	
32621	taći	taći	глаг.	takao	432	
32627	roletna	roletna	сущ.	roletne	432	
32631	stacionirati	stacionirati	прил.	stacioniran	432	
32653	izrazito	izrazito	нареч.	izrazito	431	
32654	rudar	rudar	сущ.	rudari	1019	
32658	površno	površno	нареч.	površno	431	
32661	zaljubljivati	zaljubljivati	глаг.	zaljubljujem	990	
32668	obuti	obuti	глаг.	obuj	431	
32683	tenisica	tenisica	сущ.	tenisice	431	
32687	olimpijada	olimpijada	сущ.	olimpijadi	778	
32698	stotka	stotka	сущ.	stotku	689	
32710	građevinski	građevinski	прил.	građevinski	430	
32712	registar	registar	сущ.	registar	430	
32713	dlakav	dlakav	прил.	dlakavi	1324	
32729	pijavica	pijavica	сущ.	pijavice	762	
32741	dos	dos	сущ.	dos	429	
32745	iznutrica	iznutrica	сущ.	iznutrice	429	
32747	sočno	sočno	нареч.	sočno	429	
32748	dinosaur	dinosaur	сущ.	dinosaura	918	
32750	rezati	rezati	глаг.	rezati	732	
32751	prebivalište	prebivalište	сущ.	prebivalište	429	
32759	zamrsiti	zamrsiti	прил.	zamršeno	429	
32771	žeton	žeton	сущ.	žetone	723	
32773	nepravilnost	nepravilnost	сущ.	nepravilnosti	429	
32777	bakica	bakica	сущ.	bakice	732	
32780	izviđanje	izviđanje	сущ.	izviđanje	429	
32782	događanje	događanje	сущ.	događanja	429	
32800	trajan	trajan	прил.	trajni	1656	
32811	via	via	нареч.	via	428	
32813	prasence	prasence	сущ.	prasence	428	
32814	šestorica	šestorica	сущ.	šestorica	671	
32818	lupiti	lupiti	глаг.	lupi	793	
32822	osvrnuti	osvrnuti	глаг.	osvrni	677	
32829	smaknuće	smaknuće	сущ.	smaknuće	428	
32867	eliminisati	eliminisati	прил.	eliminisati	1408	
32868	pokazatelj	pokazatelj	сущ.	pokazatelj	427	
32871	pozivni	pozivni	прил.	pozivni	427	
32876	distanca	distanca	сущ.	distanci	712	
32890	zadovoljno	zadovoljno	нареч.	zadovoljno	427	
32894	les	les	сущ.	lijes	427	
32898	latica	latica	сущ.	latice	426	
32910	unakrsno	unakrsno	нареч.	unakrsno	426	
32913	opseg	opseg	сущ.	opseg	426	
32915	planetam	planetam	сущ.	planetama	426	
32916	dopust	dopust	сущ.	dopust	426	
32925	pult	pult	сущ.	pulta	1011	
32926	gladak	gladak	прил.	glatka	426	
32928	grdno	grdno	нареч.	grdno	426	
32929	prohteti	prohteti	глаг.	prohte	426	
32942	klešta	klešta	сущ.	klešta	426	
32950	izolovati	izolovati	прил.	izolovan	1489	
32957	ojačati	ojačati	глаг.	ojačati	1089	
32961	povodac	povodac	сущ.	povodac	425	
32964	kretenčina	kretenčina	сущ.	kretenčino	425	
32970	posetitelj	posetitelj	сущ.	posjetitelja	425	
32976	pasji	pasji	прил.	pasji	425	
33001	završen	završen	прил.	završene	425	
33015	srpanj	srpanj	сущ.	srpnja	424	
33021	režati	režati	глаг.	reži	424	
33025	naranča	naranča	сущ.	naranče	424	
33030	kucaj	kucaj	сущ.	kucaj	424	
33041	zadržavanje	zadržavanje	сущ.	zadržavanje	665	
33049	izreći	izreći	глаг.	izreći	770	
33063	davan	davan	прил.	davna	423	
33067	duet	duet	сущ.	duet	423	
33071	lim	lim	сущ.	lim	816	
33076	nadnevak	nadnevak	сущ.	nadnevak	423	
33079	polaganje	polaganje	сущ.	polaganje	423	
33088	ostanak	ostanak	сущ.	ostanak	423	
33098	mafijaš	mafijaš	сущ.	mafijaš	1015	
33101	oblikovati	oblikovati	глаг.	oblikuje	1000	
33106	stručno	stručno	нареч.	stručno	423	
33118	iznerviran	iznerviran	прил.	iznerviran	422	
33130	pikado	pikado	сущ.	pikado	422	
33142	kasetofon	kasetofon	сущ.	kasetofon	422	
33147	instinktivno	instinktivno	нареч.	instinktivno	422	
33150	čorba	čorba	сущ.	čorbu	686	похлёбка
33159	mesara	mesara	сущ.	mesara	422	
33161	frustracija	frustracija	сущ.	frustracije	687	
33162	ubeđenje	ubeđenje	сущ.	ubeđenja	422	
33172	farsa	farsa	сущ.	farsa	422	
33184	šestica	šestica	сущ.	šestica	931	
33188	dezodorans	dezodorans	сущ.	dezodorans	421	
33189	uzbudljivo	uzbudljivo	нареч.	uzbudljivije	421	
33191	jedrenje	jedrenje	сущ.	jedrenje	421	
33199	domino	domino	сущ.	domino	705	
33210	zaigrati	zaigrati	глаг.	zaigrajmo	421	
33213	avanturist	avanturist	сущ.	avanturista	421	
33215	express	express	сущ.	express	421	
33223	ublažiti	ublažiti	глаг.	ublažiti	757	
33241	kontrakcija	kontrakcija	сущ.	kontrakcije	421	
33247	kesica	kesica	сущ.	kesicu	1095	
33264	povoljno	povoljno	нареч.	povoljno	420	
33269	proseka	proseka	сущ.	proseku	670	
33275	imbecil	imbecil	сущ.	imbecil	742	
33291	viking	viking	сущ.	viking	1104	
33292	bogohuljenje	bogohuljenje	сущ.	bogohuljenje	420	
33296	nasmijati	nasmijati	глаг.	nasmijao	705	
33297	odrezati	odrezati	глаг.	odrezati	709	
33305	plejer	plejer	сущ.	plejer	420	
33309	ležaj	ležaj	сущ.	ležaj	420	
33313	kafeterija	kafeterija	сущ.	kafeteriji	419	
33319	pospan	pospan	прил.	pospan	782	
33333	iskušati	iskušati	глаг.	iskušaj	419	
33334	kruniti	kruniti	глаг.	kruni	419	
33341	malac	malac	сущ.	malac	419	
33352	kačket	kačket	сущ.	kačket	419	
33361	notes	notes	сущ.	notes	419	
33372	iskorištavati	iskorištavati	глаг.	iskorištava	418	
33376	ravnatelj	ravnatelj	сущ.	ravnatelj	690	
33386	navijati	navijati	глаг.	navijam	1244	
33396	peron	peron	сущ.	peron	689	платформа
33401	predsednički	predsednički	прил.	predsednički	418	
33402	cugati	cugati	глаг.	cuga	418	
33405	prevoziti	prevoziti	глаг.	prevozi	1074	
33407	delikatno	delikatno	нареч.	delikatno	418	
33413	opaziti	opaziti	глаг.	opazio	659	
33421	zamorno	zamorno	нареч.	zamorno	417	
33424	odenuti	odenuti	глаг.	odjenuti	656	
33431	jamčiti	jamčiti	глаг.	jamčim	681	
33437	ženica	ženica	сущ.	ženica	417	
33438	horoskop	horoskop	сущ.	horoskop	671	
33443	talisman	talisman	сущ.	talisman	417	
33446	suzuki	suzuki	сущ.	suzuki	417	
33447	solidan	solidan	прил.	solidan	417	
33448	kreker	kreker	сущ.	krekere	1259	
33453	ugraditi	ugraditi	глаг.	ugradio	1087	
33456	komponenta	komponenta	сущ.	komponente	417	
33458	grudni	grudni	прил.	grudni	702	
33463	žrtven	žrtven	прил.	žrtveno	704	
33464	nagoriti	nagoriti	глаг.	nagore	416	
33477	osuđenik	osuđenik	сущ.	osuđenik	760	
33479	donirati	donirati	глаг.	donirao	987	
33486	odiseja	odiseja	сущ.	odiseju	818	
33493	proizvesti	proizvesti	глаг.	proizvesti	1363	
33507	preglasan	preglasan	прил.	preglasno	416	
33515	pantera	pantera	сущ.	pantera	416	
33524	bruka	bruka	сущ.	bruka	415	
33525	spremanje	spremanje	сущ.	spremanje	415	
33534	toplotan	toplotan	прил.	toplotni	415	
33535	prekretnica	prekretnica	сущ.	prekretnica	415	
33538	uklanjati	uklanjati	глаг.	uklanja	415	
33553	predumišljaj	predumišljaj	сущ.	predumišljajem	415	
33554	figurativno	figurativno	нареч.	figurativno	415	
33582	napajati	napajati	глаг.	napaja	414	
33583	narudžbina	narudžbina	сущ.	narudžbinu	1038	
33600	otpadni	otpadni	прил.	otpadne	414	
33606	ugurati	ugurati	глаг.	ugurati	752	
33617	obeležje	obeležje	сущ.	obeležja	819	
33621	mlakonja	mlakonja	сущ.	mlakonja	414	
33639	teksaški	teksaški	прил.	teksaški	414	
33640	dobivanje	dobivanje	сущ.	dobivanje	414	
33647	nalepnica	nalepnica	сущ.	nalepnice	1018	
33648	presladak	presladak	прил.	presladak	1138	
33653	grmlje	grmlje	сущ.	grmlju	767	
33659	parac	parac	сущ.	parce	413	
33660	renoviranje	renoviranje	сущ.	renoviranje	413	
33666	specifičan	specifičan	прил.	specifičan	661	
33668	kadet	kadet	сущ.	kadet	652	
33672	odustajanje	odustajanje	сущ.	odustajanje	413	
33683	grešnik	grešnik	сущ.	grešnik	1493	
33684	podanik	podanik	сущ.	podanici	943	
33694	alin	alin	прил.	alina	413	
33695	pust	pust	прил.	pusta	786	
33705	sistematski	sistematski	нареч.	sistematski	413	
33711	predbračni	predbračni	прил.	predbračni	413	
33712	svodnik	svodnik	сущ.	svodnik	413	
33721	bledo	bledo	нареч.	bledo	412	
33723	bogorodica	bogorodica	сущ.	bogorodice	412	
33724	sečenje	sečenje	сущ.	sečenje	412	
33734	nežnost	nežnost	сущ.	nežnost	793	
33744	izigrati	izigrati	глаг.	izigrao	656	
33746	obilaziti	obilaziti	глаг.	obilazi	918	
33757	psić	psić	сущ.	psić	1015	
33777	heroina	heroina	сущ.	heroinom	714	
33788	obreti	obreti	глаг.	obrijem	689	
33790	zabavljanje	zabavljanje	сущ.	zabavljanje	660	
33802	nadrljati	nadrljati	глаг.	nadrljao	725	
33813	okusiti	okusiti	глаг.	okusio	955	
33818	osvestiti	osvestiti	глаг.	osvesti	715	
33820	osobnost	osobnost	сущ.	osobnost	714	
33826	postotak	postotak	сущ.	postotak	411	
33832	kvalitetno	kvalitetno	нареч.	kvalitetno	410	
33838	umeće	umeće	сущ.	umeće	410	
33839	pregovaranje	pregovaranje	сущ.	pregovaranje	713	
33842	opijanje	opijanje	сущ.	opijanje	410	
33843	skaut	skaut	сущ.	skaut	410	
33849	projekcija	projekcija	сущ.	projekcije	1047	
33855	bednik	bednik	сущ.	bednik	657	
33860	patent	patent	сущ.	patent	410	
33862	ubacivati	ubacivati	глаг.	ubacuje	944	
33865	dharma	dharma	сущ.	dharma	410	
33876	smršati	smršati	глаг.	smršao	682	
33878	polen	polen	сущ.	polen	410	
33888	trudnica	trudnica	сущ.	trudnice	746	
33889	siromah	siromah	сущ.	siromah	409	
33890	doleteti	doleteti	глаг.	doleteo	409	
33905	brutalnost	brutalnost	сущ.	brutalnost	660	
33906	složen	složen	прил.	složene	409	
33912	bala	bala	сущ.	bale	409	
33915	proklinjati	proklinjati	глаг.	proklinjem	409	
33916	kriminalno	kriminalno	нареч.	kriminalno	409	
33923	pokajanje	pokajanje	сущ.	pokajanje	662	
33927	pekar	pekar	сущ.	pekar	816	
33930	tutanj	tutanj	сущ.	tutanj	409	
33931	cmizdriti	cmizdriti	глаг.	cmizdriš	409	
33938	razmatrati	razmatrati	глаг.	razmatra	1585	
33946	goditi	goditi	глаг.	godi	409	
33956	brbljanje	brbljanje	сущ.	brbljanje	715	
33970	ostava	ostava	сущ.	ostavu	724	
33981	zaskočiti	zaskočiti	глаг.	zaskočio	684	
33989	nokautirati	nokautirati	глаг.	nokautirao	408	
34001	parnica	parnica	сущ.	parnicu	948	
34017	slegnuti	slegnuti	глаг.	slegne	408	
34018	fraktura	fraktura	сущ.	fraktura	682	
34030	pretek	pretek	сущ.	pretek	407	
34044	klijentkinja	klijentkinja	сущ.	klijentkinja	407	
34052	odsada	odsada	нареч.	odsada	407	
34059	preopćenit	preopćenit	прил.	općenito	407	
34060	panj	panj	сущ.	panj	407	
34061	poželjno	poželjno	нареч.	poželjno	407	
34064	zarđao	zarđao	прил.	zarđao	407	
34067	prolazan	prolazan	прил.	prolazna	656	
34073	nameštati	nameštati	глаг.	namešta	687	
34081	ostariti	ostariti	глаг.	ostariti	666	
34100	stajanje	stajanje	сущ.	stajanje	785	
34103	reli	reli	сущ.	reli	406	
34116	pijandura	pijandura	сущ.	pijandura	406	
34120	ogorčen	ogorčen	прил.	ogorčena	406	
34126	nerazdvojan	nerazdvojan	прил.	nerazdvojni	406	
34132	žilav	žilav	прил.	žilav	406	
34144	rekonstrukcija	rekonstrukcija	сущ.	rekonstrukciju	707	
34148	škotski	škotski	прил.	škotski	405	
34152	ovisnost	ovisnost	сущ.	ovisnost	669	
34158	smarati	smarati	глаг.	smara	1021	
34178	nanositi	nanositi	глаг.	nanosi	405	
34179	sadist	sadist	сущ.	sadista	405	
34182	smišljati	smišljati	глаг.	smišlja	1069	
34183	zaposlenje	zaposlenje	сущ.	zaposlenje	405	
34190	šorc	šorc	сущ.	šorc	405	
34202	seljačina	seljačina	сущ.	seljačina	968	
34204	regent	regent	сущ.	regent	405	
34205	preliminaran	preliminaran	прил.	preliminarni	405	
34215	nektar	nektar	сущ.	nektar	404	
34231	eskadrila	eskadrila	сущ.	eskadrila	794	
34236	tugovati	tugovati	глаг.	tuguje	655	
34238	poubijati	poubijati	глаг.	poubijati	966	
34248	bolovanje	bolovanje	сущ.	bolovanje	697	
34251	narasti	narasti	глаг.	narasla	1419	
34279	ispiti	ispiti	глаг.	ispij	403	
34287	premotati	premotati	глаг.	premotaj	403	
34288	pregovarač	pregovarač	сущ.	pregovarač	403	
34298	jučerašnji	jučerašnji	прил.	jučerašnje	1024	
34301	osvajač	osvajač	сущ.	osvajač	946	
34306	ružičasto	ružičasto	нареч.	ružičasto	403	
34308	ekskluzivan	ekskluzivan	прил.	ekskluzivni	403	
34313	baliti	baliti	глаг.	bali	403	
34317	limenka	limenka	сущ.	limenke	700	
34323	taliti	taliti	глаг.	tali	403	
34339	neopisivo	neopisivo	нареч.	neopisivo	403	
34341	nezreo	nezreo	прил.	nezreo	402	
34344	šeik	šeik	сущ.	šeik	402	
34348	kandidatura	kandidatura	сущ.	kandidaturu	402	
34358	bodi	bodi	сущ.	bodi	402	
34374	levak	levak	сущ.	levak	402	
34387	okoliš	okoliš	сущ.	okoliš	697	
34395	skoncentrisati	skoncentrisati	глаг.	skoncentriši	663	
34398	dozvoljen	dozvoljen	прил.	dozvoljene	402	
34402	kaluđerica	kaluđerica	сущ.	kaluđerica	401	
34412	boys	boys	сущ.	boys	401	
34430	oslabiti	oslabiti	глаг.	oslabio	942	
34432	ugojiti	ugojiti	глаг.	ugojio	769	
34439	opeći	opeći	глаг.	opekao	706	
34440	zumirati	zumirati	глаг.	zumiraj	401	
34447	gun	gun	сущ.	gun	401	
34448	omanuti	omanuti	глаг.	omanuo	401	
34453	lakoća	lakoća	сущ.	lakoćom	400	
34454	štivo	štivo	сущ.	štivo	400	
34457	sujeverje	sujeverje	сущ.	sujeverje	400	
34461	dugoročno	dugoročno	нареч.	dugoročno	400	
34464	semafor	semafor	сущ.	semaforu	761	
34468	rasplakati	rasplakati	глаг.	rasplakao	1285	
34471	dotaknuti	dotaknuti	глаг.	dotaknuti	757	
34475	prerušiti	prerušiti	прил.	prerušen	718	
34487	povrat	povrat	сущ.	povrat	400	
34490	sramno	sramno	нареч.	sramno	400	
34509	sastavan	sastavan	прил.	sastavni	400	
34511	neudobno	neudobno	нареч.	neudobno	400	
34515	roditeljstvo	roditeljstvo	сущ.	roditeljstvo	400	
34519	dostizati	dostizati	глаг.	dostiže	399	
34535	tast	tast	сущ.	tast	399	
34536	podvala	podvala	сущ.	podvala	399	
34541	pepermint	pepermint	сущ.	pepermint	399	
34545	guranje	guranje	сущ.	guranje	684	
34551	čupav	čupav	прил.	čupavo	399	
34563	lomača	lomača	сущ.	lomači	656	
34576	pritka	pritka	сущ.	prici	399	
34587	dostojno	dostojno	нареч.	dostojno	398	
34590	dobaciti	dobaciti	глаг.	dobaci	398	
34594	svući	svući	глаг.	svuci	398	
34604	predstojati	predstojati	глаг.	predstoji	398	
34614	zaprijetiti	zapretiti	глаг.	zapretio	398	
34622	besnilo	besnilo	сущ.	besnilo	398	
34629	suseda	suseda	сущ.	susede	398	
34631	plejboj	plejboj	сущ.	plejboj	398	
34633	spavaćica	spavaćica	сущ.	spavaćicu	398	
34644	znatiželja	znatiželja	сущ.	znatiželje	744	
34651	smuvati	smuvati	глаг.	smuvao	1009	
34654	tobogan	tobogan	сущ.	tobogan	397	
34665	šunjati	šunjati	глаг.	šunja	761	
34666	radostan	radostan	прил.	radostan	648	
34674	bendžo	bendžo	сущ.	bendži	658	
34680	koštan	koštan	прил.	koštane	397	
34685	maštati	maštati	глаг.	maštao	1065	
34701	narkomanka	narkomanka	сущ.	narkomanka	397	
34715	odjaviti	odjaviti	глаг.	odjavio	397	
34718	blues	blues	сущ.	blues	396	
34721	igde	igde	нареч.	igde	396	
34733	londonski	londonski	прил.	londonski	644	
34738	udvaranje	udvaranje	сущ.	udvaranje	396	
34746	zažmuriti	zažmuriti	глаг.	zažmuri	396	
34757	retard	retard	сущ.	retard	396	
34758	potražnja	potražnja	сущ.	potražnja	396	
34761	poligraf	poligraf	сущ.	poligraf	396	
34764	poluvreme	poluvreme	сущ.	poluvremenu	714	
34775	sletati	sletati	глаг.	sleće	688	
34792	izrastati	izrastati	глаг.	izrastao	395	
34798	vesta	vesta	сущ.	vesta	694	
34799	sushi	sushi	сущ.	sushi	395	
34808	sapunica	sapunica	сущ.	sapunice	708	
34815	bedž	bedž	сущ.	bedž	395	
34816	pobrkati	pobrkati	глаг.	pobrkao	395	
34817	prekrivati	prekrivati	глаг.	prekriva	395	
34818	terenski	terenski	прил.	terenski	395	
34840	izmaći	izmaći	глаг.	izmaklo	1041	
34841	rezanac	rezanac	сущ.	rezance	661	
34849	ništarija	ništarija	сущ.	ništarija	395	
34857	pećnica	pećnica	сущ.	pećnicu	664	
34861	nacistički	nacistički	прил.	nacistički	780	
34866	ukrcaj	ukrcaj	сущ.	ukrcaj	394	
34884	prigoda	prigoda	сущ.	prigodu	725	
34888	okršaj	okršaj	сущ.	okršaj	394	
34892	natjecati	natjecati	глаг.	natjecati	394	
34894	sedati	sedati	глаг.	seda	645	
34901	zastati	zastati	глаг.	zastao	394	
34907	ispunjenje	ispunjenje	сущ.	ispunjenje	394	
34919	zrnce	zrnce	сущ.	zrnca	680	
34921	izbrojati	izbrojati	глаг.	izbrojao	393	
34922	luksuzan	luksuzan	прил.	luksuzni	393	
34927	potisak	potisak	сущ.	potisak	393	
34929	kučence	kučence	сущ.	kučence	393	
34932	vlas	vlas	сущ.	vlasi	762	
34941	elektronika	elektronika	сущ.	elektroniku	991	
34946	uletiti	uletiti	глаг.	uleti	636	
34947	električar	električar	сущ.	električar	393	
34966	neobjašnjivo	neobjašnjivo	нареч.	neobjašnjivo	393	
34975	omara	omara	сущ.	omare	762	
34977	konsultacije	konsultacije	сущ.	konsultacije	393	
34978	ništavilo	ništavilo	сущ.	ništavilo	393	
34980	strina	strina	сущ.	strina	392	
34982	kadgod	kadgod	нареч.	kadgod	392	
35002	svraćati	svraćati	глаг.	svraćao	392	
35003	nar	nar	сущ.	nar	392	
35019	fiks	fiks	сущ.	fiks	392	
35022	kiselo	kiselo	нареч.	kiselo	392	
35025	smicalica	smicalica	сущ.	smicalica	392	
35028	garnizon	garnizon	сущ.	garnizon	392	
35045	pesmica	pesmica	сущ.	pesmicu	899	
35057	naposletku	naposletku	нареч.	naposletku	717	
35065	bušenje	bušenje	сущ.	bušenje	391	
35069	dob	dob	сущ.	dob	391	
35077	redovito	redovito	нареч.	redovito	391	
35079	zaduženje	zaduženje	сущ.	zaduženja	709	
35081	dečkić	dečkić	сущ.	dečkić	391	
35084	razbesneti	razbesneti	глаг.	razbesneo	643	
35100	sumnjivac	sumnjivac	сущ.	sumnjivac	758	
35111	katastrofalno	katastrofalno	нареч.	katastrofalno	390	
35116	tajnik	tajnik	сущ.	tajnik	390	
35120	komunistički	komunistički	прил.	komunističke	948	
35122	ljuljanje	ljuljanje	сущ.	ljuljanje	390	
35123	redovan	redovan	прил.	redovni	1479	
35164	zasrati	zasrati	глаг.	zasrao	390	
35181	proživeti	proživeti	глаг.	proživeo	881	
35185	reportaža	reportaža	сущ.	reportažu	389	
35193	maglovito	maglovito	нареч.	maglovito	389	
35205	prolupati	prolupati	глаг.	prolupao	389	
35208	fatalan	fatalan	прил.	fatalna	389	
35212	kajgana	kajgana	сущ.	kajganu	389	
35214	kvadrant	kvadrant	сущ.	kvadrantu	750	
35234	polagano	polagano	нареч.	polagano	389	
35241	fatalno	fatalno	нареч.	fatalno	389	
35248	vračati	vračati	глаг.	vračam	389	
35249	osvežavajući	osvežavajući	прил.	osvežavajuće	389	
35259	retro	retro	нареч.	retro	388	
35260	neraspoložen	neraspoložen	прил.	neraspoložen	716	
35266	verno	verno	нареч.	verno	388	
35273	nameriti	nameriti	глаг.	namerio	388	
35276	rastojanje	rastojanje	сущ.	rastojanje	388	
35278	upis	upis	сущ.	upis	388	
35287	prskanje	prskanje	сущ.	prskanje	699	
35301	navrat	navrat	сущ.	navrata	388	
35322	vestern	vestern	сущ.	vestern	387	
35324	streljati	streljati	глаг.	streljani	1200	
35326	konstrukcija	konstrukcija	сущ.	konstrukcija	675	
35327	prosvetljenje	prosvetljenje	сущ.	prosvetljenje	387	
35328	biskvit	biskvit	сущ.	biskvit	387	
35332	navikavati	navikavati	глаг.	navikavam	387	
35343	useljenje	useljenje	сущ.	useljenje	387	
35344	oriti	oriti	глаг.	ori	387	
35359	loža	loža	сущ.	lože	928	
35370	preživljavati	preživljavati	глаг.	preživljava	969	
35374	molekula	molekula	сущ.	molekule	387	
35377	opasti	opasti	глаг.	opala	678	
35389	proždirati	proždirati	глаг.	proždire	386	
35390	djelomično	djelomično	нареч.	djelomično	386	
35402	otpevati	otpevati	глаг.	otpevaj	1003	
35403	memoar	memoar	сущ.	memoare	386	
35409	lupa	lupa	сущ.	lupe	386	
35419	prisiljavati	prisiljavati	глаг.	prisiljava	386	
35432	prikrivanje	prikrivanje	сущ.	prikrivanje	386	
35433	nepouzdan	nepouzdan	прил.	nepouzdan	386	
35437	izići	izići	глаг.	izići	747	
35455	zbrkano	zbrkano	нареч.	zbrkano	385	
35459	bug	bug	сущ.	bug	385	
35463	prekratak	prekratak	прил.	prekratak	385	
35465	krivokletstvo	krivokletstvo	сущ.	krivokletstvo	385	
35475	pljuvati	pljuvati	глаг.	pljuje	1223	
35506	pokoriti	pokoriti	глаг.	pokoriti	725	
35508	implant	implant	сущ.	implant	385	
35509	procuriti	procuriti	глаг.	procuri	385	
35535	preminuo	preminuo	прил.	preminulog	384	
35537	vojnički	vojnički	прил.	vojnički	384	
35547	projektor	projektor	сущ.	projektor	384	
35548	rokovnik	rokovnik	сущ.	rokovnik	384	
35552	fascinirati	fascinirati	глаг.	fasciniran	713	
35554	alkoholičarka	alkoholičarka	сущ.	alkoholičarka	384	
35558	impotentan	impotentan	прил.	impotentan	384	
35566	sertifikat	sertifikat	сущ.	sertifikat	384	
35568	podudaranje	podudaranje	сущ.	podudaranje	384	
35569	počuti	počuti	глаг.	počujte	384	
35570	ženin	ženin	прил.	ženin	384	
35572	džepni	džepni	прил.	džepni	384	
35582	povaliti	povaliti	глаг.	povalio	677	
35585	mikrotalasan	mikrotalasan	прил.	mikrotalasnu	384	
35590	pogovor	pogovor	сущ.	pogovora	383	
35595	chip	chip	сущ.	chip	383	
35596	teniski	teniski	прил.	teniski	383	
35603	prosvetliti	prosvetliti	глаг.	prosvetli	383	
35607	uzgajati	uzgajati	глаг.	uzgaja	1232	
35613	android	android	сущ.	android	383	
35614	bezbol	bezbol	сущ.	bezbol	383	
35618	replika	replika	сущ.	replika	383	
35620	kopilot	kopilot	сущ.	kopilot	383	
35632	doticati	doticati	глаг.	dotiče	383	
35637	priredba	priredba	сущ.	priredbu	383	
35650	ispariti	ispariti	глаг.	ispario	639	
35652	surfovanje	surfovanje	сущ.	surfovanje	382	
35660	roblje	roblje	сущ.	robljem	686	
35664	šutnja	šutnja	сущ.	šutnju	382	
35665	nuspojava	nuspojava	сущ.	nuspojave	742	
35674	zamahnuti	zamahnuti	глаг.	zamahni	679	
35691	kabel	kabel	сущ.	kabel	382	
35695	radijus	radijus	сущ.	radijusu	659	
35699	oralan	oralan	прил.	oralni	382	
35700	viola	viola	сущ.	viola	382	
35713	soja	soja	сущ.	soje	739	
35717	samoubica	samoubica	сущ.	samoubica	679	
35719	primitivan	primitivan	прил.	primitivni	909	
35720	krele	krele	сущ.	krele	382	
35731	kulturno	kulturno	нареч.	kulturno	382	
35734	email	email	сущ.	email	382	
35738	namastiti	namastiti	глаг.	namaste	381	
35742	volonter	volonter	сущ.	volonter	895	
35746	prikupiti	prikupiti	глаг.	prikupiti	1626	
35748	potrčati	potrčati	глаг.	potrčao	381	
35749	dotok	dotok	сущ.	dotok	381	
35751	sinhronizacija	sinhronizacija	сущ.	sinhronizacija	381	
35755	boss	boss	сущ.	boss	381	
35765	ljutito	ljutito	нареч.	ljutito	381	
35772	bis	bis	сущ.	bis	381	
35773	odjuriti	odjuriti	глаг.	odjurio	381	
35775	preksinoć	preksinoć	нареч.	preksinoć	381	
35785	pomen	pomen	сущ.	pomena	669	
35799	pustinjski	pustinjski	прил.	pustinjski	651	
35800	proslediti	proslediti	глаг.	prosledi	381	
35801	željno	željno	нареч.	željno	381	
35811	iskopavanje	iskopavanje	сущ.	iskopavanja	688	
35816	onesposobiti	onesposobiti	глаг.	onesposobiti	1250	
35834	zamarati	zamarati	глаг.	zamarati	1189	
35835	stažiranje	stažiranje	сущ.	stažiranje	380	
35842	suho	suho	нареч.	suho	380	
35846	podvodan	podvodan	прил.	podvodni	380	
35871	tutor	tutor	сущ.	tutor	379	
35872	korveta	korveta	сущ.	korvete	379	
35874	mudrac	mudrac	сущ.	mudraca	734	
35876	putnički	putnički	прил.	putnički	379	
35878	oklada	oklada	сущ.	okladu	976	
35889	odeven	odeven	прил.	odjeven	907	
35901	mrzak	mrzak	прил.	mrsko	379	
35915	razarač	razarač	сущ.	razarač	630	
35918	dečica	dečica	сущ.	dečice	379	
35919	gladno	gladno	нареч.	gladno	379	
35943	nožni	nožni	прил.	nožni	629	
35944	step	step	сущ.	step	378	
35955	stručnost	stručnost	сущ.	stručnost	378	
35957	sedmično	sedmično	нареч.	sedmično	378	
35959	stup	stup	сущ.	stup	378	
35969	divljač	divljač	сущ.	divljač	378	
35982	čeznuti	čeznuti	глаг.	čeznem	640	
36001	stampedo	stampedo	сущ.	stampedo	378	
36011	baraba	baraba	сущ.	baraba	1080	
36015	predubok	predubok	прил.	preduboko	378	
36023	upijati	upijati	глаг.	upija	378	
36026	kepec	kepec	сущ.	kepec	378	
36041	prostirati	prostirati	глаг.	prostire	377	
36051	glupirati	glupirati	глаг.	glupiraš	729	
36054	operacioni	operacioni	прил.	operacionu	645	
36059	budalica	budalica	сущ.	budalice	377	
36075	iskrcavanje	iskrcavanje	сущ.	iskrcavanje	377	
36086	neizmerno	neizmerno	нареч.	neizmerno	377	
36092	pogrebnik	pogrebnik	сущ.	pogrebnik	377	
36105	zaplesati	zaplesati	глаг.	zaplešimo	376	
36116	zapovedništvo	zapovedništvo	сущ.	zapovjedništvo	376	
36124	nanovo	nanovo	нареч.	nanovo	376	
36130	naklon	naklon	сущ.	naklon	376	
36143	tendencija	tendencija	сущ.	tendenciju	376	
36146	sezati	sezati	глаг.	seže	376	
36147	vibrirati	vibrirati	глаг.	vibrira	376	
36156	prijemnik	prijemnik	сущ.	prijemnik	376	
36164	sviti	sviti	глаг.	sviju	376	
36165	sveza	sveza	сущ.	svezi	375	
36169	zaslon	zaslon	сущ.	zaslon	375	
36181	neukusno	neukusno	нареч.	neukusno	375	
36188	visoravan	visoravan	сущ.	visoravni	375	
36195	neizvesnost	neizvesnost	сущ.	neizvesnosti	623	
36197	blaženstvo	blaženstvo	сущ.	blaženstvo	375	
36201	shodno	shodno	нареч.	shodno	375	
36205	izumreti	izumreti	глаг.	izumrli	375	
36207	tisak	tisak	сущ.	tisak	375	
36212	taknuti	taknuti	глаг.	taknuo	1191	
36215	prnja	prnja	сущ.	prnje	375	
36217	prdnuti	prdnuti	глаг.	prdnuo	375	
36223	brižan	brižan	прил.	brižan	701	
36225	iseliti	iseliti	глаг.	iseliti	1821	
36228	prodirati	prodirati	глаг.	prodire	375	
36235	duriti	duriti	глаг.	duriš	728	
36246	lansirati	lansirati	глаг.	lansirati	662	
36249	obeležiti	obeležiti	прил.	obeležio	963	
36255	pouka	pouka	сущ.	pouka	646	мораль, поучение
36256	bilje	bilje	сущ.	bilje	718	
36260	vrač	vrač	сущ.	vrač	723	
36263	naftni	naftni	прил.	naftne	718	
36268	brošura	brošura	сущ.	brošure	746	
36270	kamiondžija	kamiondžija	сущ.	kamiondžija	615	
36272	dosezati	dosezati	глаг.	doseže	374	
36287	okaniti	okaniti	глаг.	okani	374	
36293	dragocenost	dragocenost	сущ.	dragocenosti	374	
36315	marljivo	marljivo	нареч.	marljivo	373	
36320	kontrolor	kontrolor	сущ.	kontrolor	373	
36324	odupreti	odupreti	глаг.	odupreti	1134	
36329	prikazivanje	prikazivanje	сущ.	prikazivanje	373	
36345	interesantno	interesantno	нареч.	interesantnije	373	
36348	shake	shake	сущ.	shake	373	
36361	pouzdati	pouzdati	глаг.	pouzdati	372	
36371	obrtaj	obrtaj	сущ.	obrtaja	372	
36375	prskalica	prskalica	сущ.	prskalice	372	
36381	raspadanje	raspadanje	сущ.	raspadanja	666	
36388	zaručiti	zaručiti	прил.	zaručeni	1002	
36389	pride	pride	сущ.	pride	372	
36392	gljivica	gljivica	сущ.	gljivice	625	
36399	izvedba	izvedba	сущ.	izvedba	634	
36401	jedenje	jedenje	сущ.	jedenje	857	
36404	nalevo	nalevo	нареч.	nalevo	372	
36414	ep	ep	сущ.	epa	372	
36423	punjač	punjač	сущ.	punjač	372	
36425	odlučujući	odlučujući	прил.	odlučujući	372	
36433	odušak	odušak	сущ.	oduška	372	
36434	otpočetka	otpočetka	нареч.	otpočetka	372	
36440	struk	struk	сущ.	struk	371	
36444	perionica	perionica	сущ.	perionici	915	
36445	suštinski	suštinski	нареч.	suštinski	371	
36452	pokus	pokus	сущ.	pokus	371	
36453	pecati	pecati	глаг.	peca	1601	
36459	raskidati	raskidati	глаг.	raskidaš	371	
36467	ekvivalent	ekvivalent	сущ.	ekvivalent	371	
36471	nametati	nametati	глаг.	nameće	711	
36473	živahno	živahno	нареч.	živahno	371	
36481	inat	inat	сущ.	inat	371	
36487	hir	hir	сущ.	hir	371	
36497	fantastika	fantastika	сущ.	fantastika	666	
36510	plovidba	plovidba	сущ.	plovidbu	370	
36523	lizalica	lizalica	сущ.	lizalicu	915	
36531	oblačenje	oblačenje	сущ.	oblačenje	736	
36532	intelektualno	intelektualno	нареч.	intelektualno	370	
36533	zaplakati	zaplakati	глаг.	zaplakati	1566	
36536	lavina	lavina	сущ.	lavina	370	
36537	zabavljač	zabavljač	сущ.	zabavljač	370	
36538	traumatičan	traumatičan	прил.	traumatično	370	
36544	miting	miting	сущ.	miting	370	
36551	sputavati	sputavati	глаг.	sputava	370	
36552	magnum	magnum	сущ.	magnum	370	
36557	greda	greda	сущ.	grede	649	
36558	mag	mag	сущ.	mag	370	
36565	glasač	glasač	сущ.	glasači	719	
36570	herba	herba	сущ.	herbi	369	
36573	blic	blic	сущ.	blic	369	
36591	haps	haps	сущ.	hapse	369	
36596	prokletinja	prokletinja	сущ.	prokletinju	680	
36597	kasida	kasida	сущ.	kasidi	369	
36608	tumačenje	tumačenje	сущ.	tumačenje	369	
36609	uspavljivanje	uspavljivanje	сущ.	uspavljivanje	369	
36635	promaknuće	promaknuće	сущ.	promaknuće	368	
36636	žudnja	žudnja	сущ.	žudnja	980	
36649	raspon	raspon	сущ.	raspon	368	
36660	zapaziti	zapaziti	глаг.	zapazio	368	
36662	ciničan	ciničan	прил.	ciničan	368	
36701	janje	janje	сущ.	janje	368	
36703	kecelja	kecelja	сущ.	kecelju	368	
36705	izluditi	izluditi	глаг.	izludi	367	
36726	skrbništvo	skrbništvo	сущ.	skrbništvo	367	
36728	primeniti	primeniti	глаг.	primeniti	367	
36755	naslednica	naslednica	сущ.	naslednica	367	
36757	obuhvatati	obuhvatati	глаг.	obuhvata	367	
36763	skija	skija	сущ.	skije	367	
36768	mušica	mušica	сущ.	mušice	662	
36772	zapanjujuć	zapanjujuć	прил.	zapanjujuća	704	
36773	brijeg	breg	сущ.	breg	715	
36775	sklapanje	sklapanje	сущ.	sklapanje	367	
36776	pokvarenjak	pokvarenjak	сущ.	pokvarenjak	367	
36777	pošast	pošast	сущ.	pošast	367	
36781	pešadija	pešadija	сущ.	pešadija	367	
36808	grbača	grbača	сущ.	grbače	674	
36817	zaglibiti	zaglibiti	глаг.	zaglibio	366	
36826	kotrljati	kotrljati	глаг.	kotrlja	366	
36830	preljub	preljub	сущ.	preljubu	655	
36835	zdela	zdela	сущ.	zdjelu	366	
36836	uditi	uditi	глаг.	udi	366	
36838	vinski	vinski	прил.	vinski	366	
36846	opsada	opsada	сущ.	opsadom	1194	
36853	slano	slano	нареч.	slano	366	солёно
36855	ogovaranje	ogovaranje	сущ.	ogovaranja	366	
36857	break	break	сущ.	break	365	
36858	šiljak	šiljak	сущ.	šiljak	365	
36863	kaniti	kaniti	глаг.	kanim	1349	
36868	tekući	tekući	прил.	tekući	688	
36870	ronioc	ronioc	сущ.	ronioci	365	
36875	vaspitanje	vaspitanje	сущ.	vaspitanje	365	
36903	traperice	traperice	сущ.	traperice	365	
36912	pokucati	pokucati	глаг.	pokucao	919	
36915	prikupljati	prikupljati	глаг.	prikuplja	365	
36919	objektivno	objektivno	нареч.	objektivno	365	
36926	prihvatilište	prihvatilište	сущ.	prihvatilište	365	
36940	kažnjavanje	kažnjavanje	сущ.	kažnjavanje	364	
36948	načelnica	načelnica	сущ.	načelnice	364	
36951	blam	blam	сущ.	blam	364	
36953	instikt	instikt	сущ.	instikt	364	
36974	neprocenjiv	neprocenjiv	прил.	neprocenjivo	364	
36977	zagušljiv	zagušljiv	прил.	zagušljivo	364	
36995	prelom	prelom	сущ.	preloma	658	
37002	uskrsnuće	uskrsnuće	сущ.	uskrsnuće	363	
37004	pulover	pulover	сущ.	pulover	363	
37006	fijasko	fijasko	сущ.	fijasko	363	
37007	očitanje	očitanje	сущ.	očitanja	363	
37010	palača	palača	сущ.	palaču	1224	
37013	skršten	skršten	прил.	skrštenih	363	
37021	inteligentno	inteligentno	нареч.	inteligentno	363	
37036	mreti	mreti	глаг.	mri	363	
37037	folk	folk	сущ.	folk	363	
37038	razmnožavati	razmnožavati	глаг.	razmnožavaju	363	
37050	korice	korice	сущ.	koricama	685	
37054	usporeno	usporeno	нареч.	usporeno	363	
37055	posramiti	posramiti	прил.	posramljen	625	
37064	otkazivanje	otkazivanje	сущ.	otkazivanje	616	
37075	sutrašnjica	sutrašnjica	сущ.	sutrašnjice	362	
37077	izvoran	izvoran	прил.	izvorni	362	
37087	koks	koks	сущ.	koks	362	
37088	vizitka	vizitka	сущ.	vizitku	362	
37090	grebati	grebati	глаг.	grebe	362	
37107	magare	magare	сущ.	magare	362	
37109	šačica	šačica	сущ.	šačica	362	
37121	gomilati	gomilati	глаг.	gomilaju	362	
37123	nastrano	nastrano	нареч.	nastrano	362	
37132	ismevati	ismevati	глаг.	ismevaš	622	
37137	naginjati	naginjati	глаг.	naginje	362	
37167	zaostati	zaostati	глаг.	zaostao	945	
37182	čarobnica	čarobnica	сущ.	čarobnica	361	
37186	korejski	korejski	прил.	korejski	361	
37187	znan	znan	прил.	znan	361	
37197	premija	premija	сущ.	premiju	674	
37207	narandžast	narandžast	прил.	narandžasta	667	
37208	demonski	demonski	прил.	demonski	860	
37216	majonez	majonez	сущ.	majonez	677	
37220	nilski	nilski	прил.	nilski	360	
37222	ponižavati	ponižavati	глаг.	ponižava	661	
37227	linč	linč	сущ.	linč	360	
37228	plitko	plitko	нареч.	plitko	360	
37240	pripasti	pripasti	глаг.	pripasti	630	
37244	prisećati	prisećati	глаг.	prisećam	360	
37275	lupetati	lupetati	глаг.	lupetaš	636	
37281	cijelost	celost	сущ.	celosti	360	
37283	pazuh	pazuh	сущ.	pazuha	360	
37284	pionir	pionir	сущ.	pionir	648	
37291	glečer	glečer	сущ.	glečera	926	
37297	radosno	radosno	нареч.	radosno	359	
37308	slavno	slavno	нареч.	slavno	359	
37315	ribarski	ribarski	прил.	ribarski	359	
37316	kolovoz	kolovoz	сущ.	kolovoza	359	
37317	otmen	otmen	прил.	otmena	1297	
37329	obazriv	obazriv	прил.	obazriv	606	
37336	skejt	skejt	сущ.	skejt	359	
37339	bebisiterka	bebisiterka	сущ.	bebisiterka	359	
37351	preskakati	preskakati	глаг.	preskače	359	
37374	elitan	elitan	прил.	elitne	358	
37380	psovati	psovati	глаг.	psuješ	948	
37391	ošamariti	ošamariti	глаг.	ošamarila	662	
37398	laganica	laganica	сущ.	laganica	358	
37407	skalp	skalp	сущ.	skalp	358	
37408	trovati	trovati	глаг.	truje	358	
37418	nicati	nicati	глаг.	niče	358	
37429	fotografisanje	fotografisanje	сущ.	fotografisanje	358	
37438	uvjerljiv	uverljiv	прил.	uvjerljivo	957	
37439	nazdravljati	nazdravljati	глаг.	nazdravljam	357	
37442	prileći	prileći	глаг.	prilegnem	357	
37450	ljubičasto	ljubičasto	нареч.	ljubičasto	357	
37454	razljutiti	razljutiti	глаг.	razljutio	631	
37462	kamper	kamper	сущ.	kamper	357	
37469	nagib	nagib	сущ.	nagib	357	
37478	merkur	merkur	сущ.	merkur	357	
37479	sudopera	sudopera	сущ.	sudoperu	874	
37491	sirotinja	sirotinja	сущ.	sirotinja	603	
37499	nemiran	nemiran	прил.	nemiran	911	
37505	košarkaški	košarkaški	прил.	košarkaški	357	
37507	božanstven	božanstven	прил.	božanstvena	594	
37510	krstaški	krstaški	прил.	krstaški	357	
37516	proterati	proterati	прил.	proteran	357	
37519	izbirljiv	izbirljiv	прил.	izbirljiv	356	
37521	paprika	paprika	сущ.	paprike	686	
37536	odsjaj	odsjaj	сущ.	odsjaj	356	
37541	kurvica	kurvica	сущ.	kurvica	691	
37558	prijam	prijam	сущ.	prijam	356	
37565	kolateralan	kolateralan	прил.	kolateralna	356	
37566	produžetak	produžetak	сущ.	produžetak	356	
37578	inhalator	inhalator	сущ.	inhalator	356	
37584	pretraživanje	pretraživanje	сущ.	pretraživanje	356	
37597	umanjivati	umanjivati	глаг.	umanjuje	356	
37602	trći	trći	глаг.	trgni	355	
37613	znanstven	znanstven	прил.	znanstveni	355	
37617	štićenik	štićenik	сущ.	štićenik	355	
37644	porta	porta	сущ.	porto	355	
37645	nedavan	nedavan	прил.	nedavne	897	
37647	fosil	fosil	сущ.	fosil	954	
37649	prinuditi	prinuditi	прил.	prinuđen	355	
37653	špijunski	špijunski	прил.	špijunski	355	
37654	potopiti	potopiti	глаг.	potopi	1557	
37655	požarni	požarni	прил.	požarni	355	
37666	džoker	džoker	сущ.	džoker	355	
37677	mam	mam	сущ.	mam	355	
37683	preuzet	preuzet	прил.	preuzet	355	
37696	ućutkati	ućutkati	глаг.	ućutkaj	980	
37709	brojač	brojač	сущ.	brojač	354	
37711	brand	brand	сущ.	brand	354	
37726	izdešavati	izdešavati	глаг.	izdešavalo	354	
37731	izraelac	izraelac	сущ.	izraelci	354	
37732	učtivo	učtivo	нареч.	učtivo	354	
37745	dijabetičar	dijabetičar	сущ.	dijabetičar	354	
37748	zaključavati	zaključavati	глаг.	zaključava	637	
37752	sedamdeseti	sedamdeseti	прил.	sedamdesetih	354	
37754	spoljašnji	spoljašnji	прил.	spoljašnji	630	
37757	poslušan	poslušan	прил.	poslušan	641	
37758	panel	panel	сущ.	panel	354	
37766	minski	minski	прил.	minsko	353	
37774	naviti	naviti	глаг.	naviše	353	
37775	okrznuti	okrznuti	глаг.	okrznuo	353	
37777	ciganka	ciganka	сущ.	ciganka	353	
37796	očni	očni	прил.	očne	596	
37798	kineskinja	kineskinja	сущ.	kineskinja	353	
37804	destinacija	destinacija	сущ.	destinacija	353	
37812	kukuruzni	kukuruzni	прил.	kukuruzni	353	
37819	ponizan	ponizan	прил.	ponizni	353	
37841	snop	snop	сущ.	snop	352	
37851	šivati	šivati	глаг.	šiva	352	
37872	naknadno	naknadno	нареч.	naknadno	352	
37873	majmunče	majmunče	сущ.	majmunče	352	
37875	pogodnost	pogodnost	сущ.	pogodnosti	352	
37876	oduvati	oduvati	глаг.	oduvao	838	
37879	inzistirati	inzistirati	глаг.	inzistiram	638	
37882	tviter	tviter	сущ.	tviteru	622	
37888	prepad	prepad	сущ.	prepad	352	
37899	vizuelno	vizuelno	нареч.	vizuelno	352	
37906	perverzno	perverzno	нареч.	perverzno	352	
37907	upornost	upornost	сущ.	upornost	352	
37916	presretanje	presretanje	сущ.	presretanje	351	
37924	izazovno	izazovno	нареч.	izazovno	351	
37935	otploviti	otploviti	глаг.	otplovio	351	
37939	sređivanje	sređivanje	сущ.	sređivanje	351	
37943	rastuživati	rastuživati	глаг.	rastužuje	351	
37945	saviti	saviti	глаг.	savij	602	
37964	uzgoj	uzgoj	сущ.	uzgoj	351	
37966	regija	regija	сущ.	regiji	907	
38003	obaranje	obaranje	сущ.	obaranje	350	
38009	vatrogasan	vatrogasan	прил.	vatrogasna	935	
38013	košara	košara	сущ.	košaru	350	
38027	uskratiti	uskratiti	глаг.	uskratiti	350	
38056	premac	premac	сущ.	premca	349	
38067	izumiti	izumiti	глаг.	izumio	349	
38078	žele	žele	сущ.	želea	349	
38081	samotnjak	samotnjak	сущ.	samotnjak	349	
38082	press	press	сущ.	press	349	
38083	zahvatiti	zahvatiti	глаг.	zahvatila	912	
38090	prosečno	prosečno	нареч.	prosečno	349	
38103	zračiti	zračiti	глаг.	zrači	349	
38107	osiguravati	osiguravati	глаг.	osigurava	349	
38120	genetički	genetički	прил.	genetički	349	
38126	paraliza	paraliza	сущ.	paraliza	682	
38130	kazneno	kazneno	нареч.	kazneno	348	
38157	isprašiti	isprašiti	глаг.	isprašiti	884	
38167	progres	progres	сущ.	progres	348	
38170	lepilo	lepilo	сущ.	ljepilo	348	
38171	izvoz	izvoz	сущ.	izvoz	348	
38173	domak	domak	сущ.	domaci	348	
38178	pupoljak	pupoljak	сущ.	pupoljak	348	
38184	juka	juka	сущ.	juki	348	
38215	torzo	torzo	сущ.	torzo	347	
38221	pećinski	pećinski	прил.	pećinski	347	
38223	kazaljka	kazaljka	сущ.	kazaljke	347	
38224	inspirisati	inspirisati	глаг.	inspirisan	948	
38226	aktivist	aktivist	сущ.	aktivista	347	
38230	raznolikost	raznolikost	сущ.	raznolikost	347	
38237	puki	puki	прил.	puko	347	
38241	žvakanje	žvakanje	сущ.	žvakanje	347	
38248	netaknuto	netaknuto	нареч.	netaknuto	347	
38250	omotač	omotač	сущ.	omotač	347	
38258	trk	trk	сущ.	trk	347	
38264	pozvoniti	pozvoniti	глаг.	pozvoni	347	
38268	ubodan	ubodan	прил.	ubodne	347	
38273	ketering	ketering	сущ.	ketering	347	
38275	bestseler	bestseler	сущ.	bestseler	347	
38304	sprijateljiti	sprijateljiti	глаг.	sprijateljio	933	
38305	svilen	svilen	прил.	svilene	609	
38319	istoričar	istoričar	сущ.	istoričar	346	
38324	neprimjetno	neprimetno	нареч.	neprimetno	346	
38325	zaokupiti	zaokupiti	прил.	zaokupljen	346	
38326	uskršnji	uskršnji	прил.	uskršnji	346	
38327	prespor	prespor	прил.	presporo	346	
38343	pokidati	pokidati	глаг.	pokidao	346	
38356	vuča	vuča	сущ.	vuču	346	
38359	internacionalan	internacionalan	прил.	internacionalni	345	
38360	režirati	režirati	глаг.	režirao	345	
38368	holivudski	holivudski	прил.	holivudski	345	
38381	stidan	stidan	прил.	stidne	345	
38384	gitarist	gitarist	сущ.	gitarista	345	
38387	drkati	drkati	глаг.	drkaš	1221	
38409	izrezati	izrezati	глаг.	izrezati	345	
38410	mlaz	mlaz	сущ.	mlaz	345	
38411	štetan	štetan	прил.	štetno	345	
38417	razapeti	razapeti	прил.	razapet	345	
38424	bojište	bojište	сущ.	bojištu	345	
38429	strujni	strujni	прил.	strujni	345	
38442	hvatač	hvatač	сущ.	hvatač	344	
38462	dimiti	dimiti	глаг.	dimi	344	
38464	savijati	savijati	глаг.	savija	344	
38469	ćaskati	ćaskati	глаг.	ćaskamo	344	
38474	samit	samit	сущ.	samit	344	
38475	užasavati	užasavati	глаг.	užasava	344	
38481	prečest	prečest	прил.	prečesto	344	
38484	zapasti	zapasti	глаг.	zapao	344	
38485	mlatiti	mlatiti	глаг.	mlati	344	
38493	danski	danski	прил.	danski	344	
38496	pot	pot	сущ.	pot	344	
38499	potceniti	potceniti	глаг.	potcenio	344	
38507	pištaljka	pištaljka	сущ.	pištaljku	343	
38519	uplata	uplata	сущ.	uplate	856	внесение, перевод на счёт
38521	uobražen	uobražen	прил.	uobražen	629	
38522	postrojba	postrojba	сущ.	postrojbe	343	
38527	buša	buša	сущ.	buša	611	
38541	zapošljavati	zapošljavati	глаг.	zapošljava	343	
38543	probušiti	probušiti	глаг.	probušio	343	
38549	pohvaliti	pohvaliti	глаг.	pohvaliti	586	
38559	metež	metež	сущ.	metež	343	
38568	perfektan	perfektan	прил.	perfektan	606	
38572	izmaknuti	izmaknuti	глаг.	izmakne	342	
38575	zloupotreba	zloupotreba	сущ.	zloupotreba	660	
38576	zapisivati	zapisivati	глаг.	zapisujem	586	
38579	jela	jela	сущ.	jele	342	еды (род. п.; poslije jela — после еды)
38583	upravan	upravan	прил.	upravnog	679	
38585	anestetik	anestetik	сущ.	anestetik	342	
38602	subotnji	subotnji	прил.	subotnje	342	
38616	podlac	podlac	сущ.	podlac	342	
38622	početnički	početnički	прил.	početnička	342	
38632	šiziti	šiziti	глаг.	šizim	610	
38633	mambo	mambo	сущ.	mambo	342	
38637	vrelina	vrelina	сущ.	vrelina	630	
38639	kondicija	kondicija	сущ.	kondiciji	342	
38654	prestoni	prestoni	прил.	prestone	341	
38659	oblačno	oblačno	нареч.	oblačno	341	облачно
38686	fakat	fakat	нареч.	fakat	341	
38688	rajčica	rajčica	сущ.	rajčice	341	
38692	natočiti	natočiti	глаг.	natoči	341	
38702	transfuzija	transfuzija	сущ.	transfuziju	599	
38706	okačiti	okačiti	глаг.	okači	1213	
38728	varvarin	varvarin	сущ.	varvari	340	
38732	žlezda	žlezda	сущ.	žlezde	340	
38746	ogladneti	ogladneti	глаг.	ogladneo	340	
38757	gnjavator	gnjavator	сущ.	gnjavator	340	
38765	preplaviti	preplaviti	прил.	preplavljen	582	
38808	poslovođa	poslovođa	сущ.	poslovođa	339	
38817	štetočina	štetočina	сущ.	štetočina	597	
38825	zanositi	zanositi	глаг.	zanosi	339	
38834	nečasno	nečasno	нареч.	nečasno	339	
38836	inficirati	inficirati	глаг.	inficiran	870	
38844	pozorno	pozorno	нареч.	pozorno	339	
38849	nanjušiti	nanjušiti	глаг.	nanjušio	861	
38870	izbegao	izbegao	прил.	izbjegao	594	
38878	luckast	luckast	прил.	luckasta	583	
38890	pirsing	pirsing	сущ.	pirsing	338	
38896	kvoterbek	kvoterbek	сущ.	kvoterbek	338	
38898	vibrator	vibrator	сущ.	vibrator	338	
38903	sklek	sklek	сущ.	sklekova	594	
38904	ini	ini	прил.	ina	338	
38906	zataškavanje	zataškavanje	сущ.	zataškavanje	338	
38908	morfij	morfij	сущ.	morfij	338	
38920	ubilački	ubilački	прил.	ubilački	338	
38924	sjemenka	semenka	сущ.	semenke	338	
38925	užasnuti	užasnuti	прил.	užasnut	610	
38926	ispisati	ispisati	прил.	ispisao	588	
38945	šuplje	šuplje	нареч.	šuplje	338	
38952	kampiranje	kampiranje	сущ.	kampiranje	337	
38955	nezaboravno	nezaboravno	нареч.	nezaboravno	337	
38959	siročić	siročić	сущ.	siročići	337	
38960	ispovediti	ispovediti	глаг.	ispovedim	627	
38963	podsvesno	podsvesno	нареч.	podsvesno	337	
38969	nedodirljiv	nedodirljiv	прил.	nedodirljiv	337	
38970	duplikat	duplikat	сущ.	duplikat	337	
38988	smoki	smoki	сущ.	smoki	337	
39000	udaljen	udaljen	прил.	udaljenom	855	
39014	kelner	kelner	сущ.	kelner	337	
39032	šaržer	šaržer	сущ.	šaržer	336	
39035	orgulje	orgulje	сущ.	orgulje	336	
39045	odbornik	odbornik	сущ.	odbornik	336	
39050	šljunak	šljunak	сущ.	šljunak	336	
39054	valjano	valjano	нареч.	valjano	336	
39056	pismen	pismen	прил.	pismeni	336	
39057	gratis	gratis	нареч.	gratis	336	
39062	burad	burad	сущ.	burad	583	
39075	crtani	crtani	прил.	crtani	336	
39077	prolazak	prolazak	сущ.	prolazak	590	
39104	tezga	tezga	сущ.	tezgu	574	
39110	jarko	jarko	нареч.	jarko	336	
39112	prometan	prometan	прил.	prometna	1240	
39116	preterivanje	preterivanje	сущ.	preterivanje	335	
39119	narator	narator	сущ.	narator	335	
39137	spretan	spretan	прил.	spretan	335	
39138	svekrva	svekrva	сущ.	svekrva	335	
39142	vizionar	vizionar	сущ.	vizionar	335	
39143	eliksir	eliksir	сущ.	eliksir	335	
39149	frizbi	frizbi	сущ.	frizbi	335	
39153	onomad	onomad	нареч.	onomad	335	
39154	ranjenik	ranjenik	сущ.	ranjenika	657	
39158	sjašiti	sjašiti	глаг.	sjaši	335	
39161	mašinski	mašinski	прил.	mašinsko	335	
39186	izlagati	izlagati	глаг.	izlaže	335	
39189	senior	senior	сущ.	senior	335	
39190	regrutovati	regrutovati	глаг.	regrutovao	335	
39193	nadmoć	nadmoć	сущ.	nadmoć	335	
39194	šlep	šlep	сущ.	šlep	335	
39202	planer	planer	сущ.	planer	335	
39204	samilost	samilost	сущ.	samilosti	666	
39220	zahtjevan	zahtevan	прил.	zahtevan	648	
39223	divovski	divovski	прил.	divovski	334	
39234	zaputiti	zaputiti	глаг.	zaputio	334	
39243	uraniti	uraniti	глаг.	uranio	334	
39245	džokej	džokej	сущ.	džokej	334	
39261	lančić	lančić	сущ.	lančić	334	
39274	urban	urban	прил.	urbana	334	
39275	diskutovati	diskutovati	глаг.	diskutujemo	578	
39280	utovar	utovar	сущ.	utovar	334	
39281	špijuniranje	špijuniranje	сущ.	špijuniranje	334	
39288	predavač	predavač	сущ.	predavač	334	
39304	odšetati	odšetati	глаг.	odšetao	639	
39309	ludeti	ludeti	глаг.	ludiš	333	
39312	suočavanje	suočavanje	сущ.	suočavanje	333	
39316	proročica	proročica	сущ.	proročica	333	
39330	opomena	opomena	сущ.	opomena	607	
39334	soliti	soliti	глаг.	sole	333	
39343	pijano	pijano	нареч.	pijano	333	
39348	isparenje	isparenje	сущ.	isparenja	333	
39349	kiborg	kiborg	сущ.	kiborg	333	
39353	povisiti	povisiti	прил.	povišen	333	
39361	scenarist	scenarist	сущ.	scenarista	333	
39367	jurnjava	jurnjava	сущ.	jurnjava	590	
39370	neuredan	neuredan	прил.	neuredan	602	
39382	mestašce	mestašce	сущ.	mestašce	332	
39390	eksplozivan	eksplozivan	прил.	eksplozivna	586	
39399	irvas	irvas	сущ.	irvasa	332	
39404	mus	mus	сущ.	mus	609	
39407	mokraća	mokraća	сущ.	mokraću	957	
39423	otkupiti	otkupiti	глаг.	otkupiti	1170	
39433	nemar	nemar	сущ.	nemar	332	
39436	pljuvačka	pljuvačka	сущ.	pljuvačke	871	
39439	politi	politi	глаг.	polio	332	
39442	popišati	popišati	глаг.	popišao	332	
39443	čitač	čitač	сущ.	čitač	332	
39446	imigracioni	imigracioni	прил.	imigraciono	332	
39450	zadesiti	zadesiti	глаг.	zadesila	332	
39452	jam	jam	сущ.	jam	332	
39464	istodobno	istodobno	нареч.	istodobno	331	
39482	skrasiti	skrasiti	глаг.	skrasiti	617	
39496	kamenolom	kamenolom	сущ.	kamenolom	331	
39501	upuštati	upuštati	глаг.	upuštaš	587	
39503	gradonačelnica	gradonačelnica	сущ.	gradonačelnice	600	
39523	lovina	lovina	сущ.	lovina	331	
39534	izumiranje	izumiranje	сущ.	izumiranja	603	
39536	nezahvalno	nezahvalno	нареч.	nezahvalno	331	
39540	udvarati	udvarati	глаг.	udvara	632	
39547	prisila	prisila	сущ.	prisila	330	
39548	nedolično	nedolično	нареч.	nedolično	330	
39549	otopiti	otopiti	глаг.	otopi	330	
39550	urlati	urlati	глаг.	urla	330	
39572	pivce	pivce	сущ.	pivce	330	
39590	nestrpljivo	nestrpljivo	нареч.	nestrpljivo	330	
39591	temeljito	temeljito	нареч.	temeljito	330	
39595	ofanziva	ofanziva	сущ.	ofanzivu	330	
39597	sušenje	sušenje	сущ.	sušenje	330	
39600	listopad	listopad	сущ.	listopada	330	
39611	srdačno	srdačno	нареч.	srdačno	330	
39613	stenjanje	stenjanje	сущ.	stenjanje	330	
39615	laskanje	laskanje	сущ.	laskanje	330	
39618	napomena	napomena	сущ.	napomena	330	
39620	fascikl	fascikl	сущ.	fasciklu	330	
39629	istek	istek	сущ.	isteka	330	
39630	revizija	revizija	сущ.	reviziju	330	
39632	penzionisan	penzionisan	прил.	penzionisani	329	
39639	rola	rola	сущ.	rolo	329	
39643	teretnjak	teretnjak	сущ.	teretnjak	329	
39652	forum	forum	сущ.	forum	329	
39656	dekolte	dekolte	сущ.	dekolte	329	
39658	šivenje	šivenje	сущ.	šivenje	329	
39659	planinarenje	planinarenje	сущ.	planinarenje	329	
39665	šerifov	šerifov	прил.	šerifov	596	
39666	reper	reper	сущ.	reper	329	
39667	motka	motka	сущ.	motku	329	
39685	spektakularan	spektakularan	прил.	spektakularan	329	
39688	uplatiti	uplatiti	глаг.	uplatio	329	
39690	prosidba	prosidba	сущ.	prosidbu	596	
39695	požurivati	požurivati	глаг.	požurujem	652	
39715	bespotrebno	bespotrebno	нареч.	bespotrebno	328	
39720	odbraniti	odbraniti	глаг.	odbraniti	903	
39723	studij	studij	сущ.	studij	328	
39742	otamo	otamo	нареч.	otamo	328	
39748	forca	forca	сущ.	force	328	
39753	razbijač	razbijač	сущ.	razbijač	328	
39767	pretresti	pretresti	глаг.	pretresli	328	
39768	turbulencija	turbulencija	сущ.	turbulencije	568	
39779	pool	pool	сущ.	poole	328	
39780	poželjan	poželjan	прил.	poželjan	642	
39785	baterijski	baterijski	прил.	baterijsku	328	
39800	laskav	laskav	прил.	laskavo	327	
39803	problemčić	problemčić	сущ.	problemčić	327	
39806	meriti	meriti	глаг.	meriti	807	
39808	masnoća	masnoća	сущ.	masnoće	327	
39826	pričuvati	pričuvati	глаг.	pričuvati	927	
39834	plućni	plućni	прил.	plućno	327	
39835	kušati	kušati	глаг.	kušati	588	
39838	čistoća	čistoća	сущ.	čistoća	876	
39844	lampica	lampica	сущ.	lampica	327	
39845	trem	trem	сущ.	trem	327	
39846	vampirski	vampirski	прил.	vampirski	327	
39847	kalo	kalo	сущ.	kala	327	
39860	pravdati	pravdati	глаг.	pravdam	327	
39862	bogzna	bogzna	нареч.	bogzna	327	
39863	ponoćni	ponoćni	прил.	ponoćni	327	
39883	saski	saski	прил.	saske	327	
39906	utvara	utvara	сущ.	utvara	580	
39908	potišten	potišten	прил.	potišten	326	
39910	debljina	debljina	сущ.	debljine	326	
39914	doseljenik	doseljenik	сущ.	doseljenici	326	
39919	kozak	kozak	сущ.	kozaci	326	
39920	blistati	blistati	глаг.	blista	326	
39922	uvjetan	uvjetan	прил.	uvjetnu	326	
39928	proširenje	proširenje	сущ.	proširenje	326	
39937	venčavati	venčavati	глаг.	venčavaju	625	
39953	moćno	moćno	нареч.	moćnije	326	
39964	dunuti	dunuti	глаг.	duni	326	
39965	obolenje	obolenje	сущ.	oboljenja	612	
39974	snositi	snositi	глаг.	snositi	580	
39978	neispravan	neispravan	прил.	neispravan	325	
39989	retrovizor	retrovizor	сущ.	retrovizor	325	
40001	svršavati	svršavati	глаг.	svršavam	325	
40016	treperiti	treperiti	глаг.	treperi	325	
40019	pokajati	pokajati	глаг.	pokajati	594	
40020	glavica	glavica	сущ.	glavicu	325	
40029	odigravati	odigravati	глаг.	odigrava	325	
40030	spremište	spremište	сущ.	spremište	325	
40039	paralelno	paralelno	нареч.	paralelno	325	
40055	izdržavanje	izdržavanje	сущ.	izdržavanje	325	
40064	crack	crack	сущ.	crack	324	
40082	zdravstvo	zdravstvo	сущ.	zdravstvo	606	
40096	specifikacija	specifikacija	сущ.	specifikacije	324	
40098	panter	panter	сущ.	panter	592	
40108	povratan	povratan	прил.	povratnu	1226	
40111	razmeniti	razmeniti	глаг.	razmenili	618	
40114	evoluirati	evoluirati	глаг.	evoluirali	324	
40115	bebin	bebin	прил.	bebin	641	
40118	kotač	kotač	сущ.	kotač	600	
40119	fiksan	fiksan	прил.	fiksni	324	
40126	raspuštati	raspuštati	глаг.	raspušta	324	
40159	ošamutiti	ošamutiti	прил.	ošamućen	323	
40174	metropolis	metropolis	сущ.	metropolis	323	
40180	promicati	promicati	глаг.	promiče	323	
40181	obveznik	obveznik	сущ.	obveznika	323	
40184	stanodavac	stanodavac	сущ.	stanodavac	323	
40187	petarda	petarda	сущ.	petarde	323	
40193	mjesečev	mesečev	прил.	mesečev	323	
40195	patološki	patološki	прил.	patološki	323	
40198	purica	purica	сущ.	puricu	323	
40209	stadijum	stadijum	сущ.	stadijumu	639	
40211	smeškati	smeškati	глаг.	smeškaš	594	
40213	njuškati	njuškati	глаг.	njuškao	936	
40216	izbacivač	izbacivač	сущ.	izbacivač	323	
40221	toka	toka	сущ.	toki	323	
40223	macan	macan	сущ.	macane	323	
40243	operator	operator	сущ.	operator	322	
40267	naslaga	naslaga	сущ.	naslage	322	
40275	pretinac	pretinac	сущ.	pretinac	590	
40298	predigra	predigra	сущ.	predigra	322	
40309	iskrasti	iskrasti	глаг.	iskrao	632	
40326	koštac	koštac	сущ.	koštac	321	
40354	papirni	papirni	прил.	papirne	611	
40356	komunikator	komunikator	сущ.	komunikator	321	
40369	pražnjenje	pražnjenje	сущ.	pražnjenje	321	
40375	friz	friz	сущ.	friza	321	
40378	lupus	lupus	сущ.	lupus	321	
40391	figurica	figurica	сущ.	figurice	321	
40404	obazirati	obazirati	глаг.	obaziri	570	
40413	taliban	taliban	сущ.	talibani	320	
40414	vladanje	vladanje	сущ.	vladanje	633	
40427	pramen	pramen	сущ.	pramen	320	
40446	crkavati	crkavati	глаг.	crkava	320	
40449	služenje	služenje	сущ.	služenje	571	
40453	tikvica	tikvica	сущ.	tikvice	320	
40474	inspirativno	inspirativno	нареч.	inspirativno	320	
40477	krstiti	krstiti	глаг.	krstim	629	
40482	stenje	stenje	сущ.	stenje	320	
40493	pimpek	pimpek	сущ.	pimpek	320	
40507	basket	basket	сущ.	basket	319	
40508	reality	reality	сущ.	reality	319	
40518	katalizator	katalizator	сущ.	katalizator	319	
40520	utešiti	utešiti	глаг.	uteši	584	
40521	drek	drek	сущ.	drek	319	
40532	ožujak	ožujak	сущ.	ožujka	319	
40535	hodočašće	hodočašće	сущ.	hodočašće	319	
40537	divljački	divljački	нареч.	divljački	319	
40542	doprinositi	doprinositi	глаг.	doprinosi	319	
40548	odlagati	odlagati	глаг.	odlaže	319	
40565	podešavanje	podešavanje	сущ.	podešavanja	637	
40577	sekač	sekač	сущ.	sekač	318	
40581	prditi	prditi	глаг.	prdi	318	
40600	civilizovan	civilizovan	прил.	civilizovan	318	
40603	sisica	sisica	сущ.	sisice	318	
40613	obasjavati	obasjavati	глаг.	obasjava	318	
40625	tačkica	tačkica	сущ.	tačkice	318	
40627	najavljivati	najavljivati	глаг.	najavljuje	318	
40630	preozbiljan	preozbiljan	прил.	preozbiljno	318	
40638	butik	butik	сущ.	butik	318	
40657	složeno	složeno	нареч.	složenije	318	
40674	neposredan	neposredan	прил.	neposrednoj	318	
40683	zavlačiti	zavlačiti	глаг.	zavlači	317	
40685	vodica	vodica	сущ.	vodica	604	
40690	grabiti	grabiti	глаг.	grabi	317	
40692	izvršavati	izvršavati	глаг.	izvršava	607	
40695	loj	loj	сущ.	loju	317	
40696	zavijati	zavijati	глаг.	zavija	317	
40697	pridruživati	pridruživati	глаг.	pridružuje	317	
40709	merač	merač	сущ.	merač	317	
40726	snabdevati	snabdevati	глаг.	snabdeva	317	
40732	muškarčina	muškarčina	сущ.	muškarčina	317	
40737	tab	tab	сущ.	tabu	317	
40742	okrilje	okrilje	сущ.	okriljem	317	
40746	neutralan	neutralan	прил.	neutralan	852	
40749	pričljiv	pričljiv	прил.	pričljiv	317	
40757	bombon	bombon	сущ.	bombon	317	
40758	sablasno	sablasno	нареч.	sablasno	317	
40760	grafikon	grafikon	сущ.	grafikon	317	
40788	ohrabrivati	ohrabrivati	глаг.	ohrabruje	316	
40798	kroše	kroše	сущ.	kroše	316	
40801	otkopčati	otkopčati	глаг.	otkopčaj	316	
40810	vajda	vajda	сущ.	vajde	316	
40811	kladioničar	kladioničar	сущ.	kladioničar	568	
40816	dominacija	dominacija	сущ.	dominaciju	316	
40824	brvnara	brvnara	сущ.	brvnaru	316	
40831	presuditi	presuditi	глаг.	presudio	566	
40833	kazneni	kazneni	прил.	kazneni	316	
40839	prisutno	prisutno	нареч.	prisutno	316	
40853	zbivanje	zbivanje	сущ.	zbivanja	316	
40869	dovođenje	dovođenje	сущ.	dovođenje	315	
40877	naručivati	naručivati	глаг.	naručuje	315	
40882	zgoditak	zgoditak	сущ.	zgoditak	315	
40886	nadgrobni	nadgrobni	прил.	nadgrobni	315	
40900	ratovati	ratovati	глаг.	ratuje	905	
40902	naduvavanje	naduvavanje	сущ.	naduvavanje	315	
40903	zreo	zreo	прил.	zrele	612	
40904	siječanj	siječanj	сущ.	siječnja	315	
40907	prerasti	prerasti	глаг.	prerasla	613	
40912	kombinezon	kombinezon	сущ.	kombinezon	315	
40917	solidno	solidno	нареч.	solidno	315	
40933	iskrcati	iskrcati	глаг.	iskrcali	565	
40936	zavisan	zavisan	прил.	zavisna	553	
40939	toaletni	toaletni	прил.	toaletni	315	
40953	suptilan	suptilan	прил.	suptilan	314	
40962	jezgra	jezgra	сущ.	jezgre	314	
40964	maslinov	maslinov	прил.	maslinovo	314	
40968	autentičnost	autentičnost	сущ.	autentičnost	314	
40973	latiti	latiti	глаг.	late	314	
40975	potrepština	potrepština	сущ.	potrepštine	314	
40977	monsinjor	monsinjor	сущ.	monsinjor	314	
40982	navodni	navodni	прил.	navodni	587	
40990	intervjuisati	intervjuisati	глаг.	intervjuišem	314	
40993	dovlačiti	dovlačiti	глаг.	dovlači	314	
41001	mehurić	mehurić	сущ.	mehurići	563	
41002	nebitan	nebitan	прил.	nebitan	583	
41006	berba	berba	сущ.	berba	314	
41007	udruga	udruga	сущ.	udruge	314	
41016	svetogrđe	svetogrđe	сущ.	svetogrđe	314	
41018	jednostavnost	jednostavnost	сущ.	jednostavnost	314	
41020	poništavati	poništavati	глаг.	poništava	314	
41028	hemoterapija	hemoterapija	сущ.	hemoterapiju	314	
41032	medijski	medijski	прил.	medijski	314	
41037	dogodine	dogodine	нареч.	dogodine	314	
41060	drum	drum	сущ.	drum	562	
41063	obuzimati	obuzimati	глаг.	obuzima	313	
41066	liječnica	liječnica	сущ.	liječnica	313	
41068	spaziti	spaziti	глаг.	spazio	313	
41085	kran	kran	сущ.	kran	313	
41086	mesni	mesni	прил.	mesne	313	
41093	ustreliti	ustreliti	глаг.	ustrelio	1194	
41095	besprekoran	besprekoran	прил.	besprekoran	313	
41097	kuharica	kuharica	сущ.	kuharica	313	
41104	desetar	desetar	сущ.	desetaru	609	
41106	kreirati	kreirati	глаг.	kreirao	313	
41110	skrb	skrb	сущ.	skrb	553	
41111	stalak	stalak	сущ.	stalak	313	
41114	kvalitetan	kvalitetan	прил.	kvalitetan	313	
41117	šećerni	šećerni	прил.	šećerne	599	
41130	prodor	prodor	сущ.	prodor	313	
41139	patos	patos	сущ.	patos	313	
41143	prizivati	prizivati	глаг.	priziva	593	
41150	pravilnik	pravilnik	сущ.	pravilnik	312	
41156	otirač	otirač	сущ.	otirač	312	
41160	dužiti	dužiti	глаг.	dužim	312	
41170	istući	istući	глаг.	istući	594	
41172	nepredvidiv	nepredvidiv	прил.	nepredvidiv	312	
41173	skeptičan	skeptičan	прил.	skeptičan	312	
41183	sklapati	sklapati	глаг.	sklapa	816	
41187	predvidljiv	predvidljiv	прил.	predvidljiv	312	
41190	prizivanje	prizivanje	сущ.	prizivanje	312	
41196	predskazanje	predskazanje	сущ.	predskazanje	312	
41199	polin	polin	прил.	polin	609	
41208	burno	burno	нареч.	burno	312	
41217	afro	afro	нареч.	afro	312	
41228	osvrtati	osvrtati	глаг.	osvrći	311	
41236	zaželeti	zaželeti	глаг.	zaželi	311	
41251	opuštajući	opuštajući	прил.	opuštajuće	311	
41257	roban	roban	прил.	robnoj	596	
41269	postava	postava	сущ.	postava	606	
41283	blistav	blistav	прил.	blistava	579	
41287	medijum	medijum	сущ.	medijum	311	
41294	prekovremeni	prekovremeni	прил.	prekovremeni	311	
41297	afrodizijak	afrodizijak	сущ.	afrodizijak	311	
41301	vulgarno	vulgarno	нареч.	vulgarno	311	
41304	ubrizgati	ubrizgati	глаг.	ubrizgao	311	
41312	pakiranje	pakiranje	сущ.	pakiranje	310	
41320	naklonjen	naklonjen	прил.	naklonjen	310	
41322	slutiti	slutiti	глаг.	sluti	618	
41333	strop	strop	сущ.	strop	310	
41339	propatiti	propatiti	глаг.	propatila	620	
41357	programer	programer	сущ.	programer	310	
41370	patrolni	patrolni	прил.	patrolni	572	
41375	australijski	australijski	прил.	australijski	310	
41376	tvit	tvit	сущ.	tvit	310	
41379	pripovedač	pripovedač	сущ.	pripovedač	310	
41389	trojstvo	trojstvo	сущ.	trojstva	310	
41424	saučesništvo	saučesništvo	сущ.	saučesništvo	309	
41425	nastran	nastran	прил.	nastran	309	
41429	prikrivati	prikrivati	глаг.	prikriva	309	
41431	serž	serž	сущ.	serž	309	
41433	strahopoštovanje	strahopoštovanje	сущ.	strahopoštovanje	309	
41437	neprimjereno	neprimereno	нареч.	neprimereno	309	
41438	mutiti	mutiti	глаг.	muti	309	
41442	isploviti	isploviti	глаг.	isplovio	309	
41448	football	football	сущ.	football	309	
41450	dosluh	dosluh	сущ.	dosluhu	309	
41455	obračunati	obračunati	глаг.	obračunati	309	
41459	svariti	svariti	глаг.	svari	309	
41462	raga	raga	сущ.	ragu	309	
41463	servirati	servirati	глаг.	servira	309	
41465	konverzacija	konverzacija	сущ.	konverzaciju	309	
41478	profesionalka	profesionalka	сущ.	profesionalka	309	
41479	dašak	dašak	сущ.	dašak	309	
41485	relevantan	relevantan	прил.	relevantno	309	
41487	lekarski	lekarski	прил.	lekarski	309	
41492	kaskader	kaskader	сущ.	kaskader	309	
41501	prekrivač	prekrivač	сущ.	prekrivač	308	
41502	sekvenca	sekvenca	сущ.	sekvencu	598	
41510	opsesivno	opsesivno	нареч.	opsesivno	308	
41516	letos	letos	нареч.	letos	308	
41532	perverzan	perverzan	прил.	perverzni	594	
41533	pokrivanje	pokrivanje	сущ.	pokrivanje	308	
41542	spržiti	spržiti	прил.	spržen	1123	
41552	perla	perla	сущ.	perle	308	
41573	sudarati	sudarati	глаг.	sudaraju	308	
41594	strahovito	strahovito	нареч.	strahovito	307	
41600	znamenitost	znamenitost	сущ.	znamenitosti	307	
41612	skenirati	skenirati	глаг.	skeniram	1361	
41621	narandžasto	narandžasto	нареч.	narandžasto	307	
41622	kabare	kabare	сущ.	kabare	307	
41625	penal	penal	сущ.	penal	307	
41636	trnje	trnje	сущ.	trnje	307	
41638	izazivač	izazivač	сущ.	izazivač	307	
41643	bežičan	bežičan	прил.	bežični	307	
41651	stanka	stanka	сущ.	stanku	307	
41652	dijamantski	dijamantski	прил.	dijamantski	307	
41657	bačva	bačva	сущ.	bačve	560	
41678	delegacija	delegacija	сущ.	delegacija	307	
41681	začuđujući	začuđujući	прил.	začuđujuće	307	
41684	odsvirati	odsvirati	глаг.	odsvirati	599	
41703	rastrojen	rastrojen	прил.	rastrojen	306	
41705	odlikovati	odlikovati	прил.	odlikovan	306	
41707	mangup	mangup	сущ.	mangup	306	
41713	nepovratno	nepovratno	нареч.	nepovratno	306	
41730	brojčano	brojčano	нареч.	brojčano	306	
41738	folirati	folirati	глаг.	folira	561	
41756	narcis	narcis	сущ.	narcis	306	
41772	južnjački	južnjački	прил.	južnjački	305	
41773	trljati	trljati	глаг.	trljaj	824	
41784	sustići	sustići	глаг.	sustići	305	
41798	rijaliti	rijaliti	сущ.	rijaliti	305	
41800	huk	huk	сущ.	huk	305	
41811	nevaljalo	nevaljalo	нареч.	nevaljalo	305	
41813	nemarno	nemarno	нареч.	nemarno	305	
41821	histerija	histerija	сущ.	histerija	305	
41827	prosinac	prosinac	сущ.	prosinca	305	
41833	reflektor	reflektor	сущ.	reflektor	305	
41834	upotrebljavati	upotrebljavati	глаг.	upotrebljava	305	
41837	naivčina	naivčina	сущ.	naivčine	599	
41841	tučnjava	tučnjava	сущ.	tučnjava	560	
41844	bezazlen	bezazlen	прил.	bezazleno	305	
41845	budalast	budalast	прил.	budalasti	566	
41854	srednjoškolski	srednjoškolski	прил.	srednjoškolski	305	
41872	uvoditi	uvoditi	глаг.	uvodi	304	
41873	stajalište	stajalište	сущ.	stajalište	591	
41874	navala	navala	сущ.	navale	304	
41894	rođakinja	rođakinja	сущ.	rođakinja	304	
41895	celzijus	celzijus	сущ.	celzijusa	304	
41897	duel	duel	сущ.	duel	304	
41898	izgladiti	izgladiti	глаг.	izgladiti	304	
41910	usni	usni	прил.	usna	304	
41920	obilno	obilno	нареч.	obilno	304	
41924	kanister	kanister	сущ.	kanister	304	
41928	nalazište	nalazište	сущ.	nalazište	567	
41932	padanje	padanje	сущ.	padanje	304	
41938	zvončić	zvončić	сущ.	zvončići	304	
41965	inozemstvo	inozemstvo	сущ.	inozemstvu	303	
41967	steznik	steznik	сущ.	steznik	303	
41972	obavezivati	obavezivati	глаг.	obavezuje	303	
41981	useljavati	useljavati	глаг.	useljava	303	
41997	curry	curry	сущ.	curry	303	
42000	krpica	krpica	сущ.	krpice	303	
42006	stotinak	stotinak	сущ.	stotinak	303	
42014	usavršiti	usavršiti	глаг.	usavršio	303	
42020	zasluženo	zasluženo	нареч.	zasluženo	303	
42023	učesnik	učesnik	сущ.	učesnici	890	
42027	isporučivati	isporučivati	глаг.	isporučuje	303	
42028	zavođenje	zavođenje	сущ.	zavođenje	303	
42038	teleportirati	teleportirati	глаг.	teleportirati	303	
42057	ošišati	ošišati	глаг.	ošišao	541	
42058	tesak	tesak	сущ.	teska	302	
42062	gordo	gordo	нареч.	gordo	302	
42077	škrt	škrt	прил.	škrt	302	
42085	pora	pora	сущ.	pore	302	
42096	sobni	sobni	прил.	sobna	302	
42102	hendikep	hendikep	сущ.	hendikep	302	
42120	defibrilator	defibrilator	сущ.	defibrilator	302	
42121	uzvisiti	uzvisiti	прил.	uzvišeno	891	
42126	kres	kres	сущ.	kres	302	
42136	identično	identično	нареч.	identično	302	
42142	reptil	reptil	сущ.	reptila	302	
42151	propeler	propeler	сущ.	propeler	302	
42156	udesiti	udesiti	глаг.	udesio	302	
42161	tresnuti	tresnuti	глаг.	tresnuo	301	
42187	lepljiv	lepljiv	прил.	lepljive	851	
42189	urgentan	urgentan	прил.	urgentnom	592	
42190	blenuti	blenuti	глаг.	bleneš	301	
42196	uznemirivati	uznemirivati	глаг.	uznemiruje	301	
42199	sedan	sedan	сущ.	sedan	301	
42201	mladica	mladica	сущ.	mladicu	301	
42209	utuviti	utuviti	глаг.	utuvi	301	
42215	podloga	podloga	сущ.	podlogu	546	
42220	maturirati	maturirati	глаг.	maturirao	301	
42224	našaliti	našaliti	глаг.	našalio	301	
42235	poriv	poriv	сущ.	poriv	301	
42239	diktirati	diktirati	глаг.	diktira	301	
42241	smernica	smernica	сущ.	smernice	301	
42249	radža	radža	сущ.	radža	301	
42253	salsa	salsa	сущ.	salsa	301	
42255	savremen	savremen	прил.	savremeni	559	
42261	premeštati	premeštati	глаг.	premeštaju	300	
42264	zastrašiti	zastrašiti	глаг.	zastrašiti	300	
42267	santimetar	santimetar	сущ.	santimetara	300	
42281	snošaj	snošaj	сущ.	snošaj	300	
42294	podupirati	podupirati	глаг.	podupire	300	
42295	dlačica	dlačica	сущ.	dlačice	300	
42297	grančica	grančica	сущ.	grančica	570	
42299	room	room	сущ.	room	300	
42309	pohvalno	pohvalno	нареч.	pohvalno	300	
42317	remetiti	remetiti	глаг.	remeti	300	
42318	glavešina	glavešina	сущ.	glavešine	300	
42320	iskaznica	iskaznica	сущ.	iskaznicu	300	
42332	maloljetan	maloletan	прил.	maloletna	300	
42335	živcirati	živcirati	глаг.	živcira	299	
42344	skoknuti	skoknuti	глаг.	skoknem	299	
42353	maturalni	maturalni	прил.	maturalnu	299	
42358	novčan	novčan	прил.	novčanu	1102	
42362	smaknuti	smaknuti	глаг.	smaknuti	299	
42378	brokoli	brokoli	сущ.	brokoli	299	
42390	predujam	predujam	сущ.	predujam	299	
42402	sika	sika	сущ.	sike	299	
42421	svršetak	svršetak	сущ.	svršetak	299	
42429	samostrel	samostrel	сущ.	samostrel	299	
42440	zavodnik	zavodnik	сущ.	zavodnik	298	
42443	bankarski	bankarski	прил.	bankarski	298	
42445	grumen	grumen	сущ.	grumen	298	
42449	soj	soj	сущ.	soj	298	
42453	neoprezan	neoprezan	прил.	neoprezan	298	
42468	kopča	kopča	сущ.	kopča	563	
42480	plantaža	plantaža	сущ.	plantaže	839	
42484	bejbe	bejbe	сущ.	bejbe	298	
42494	priviđati	priviđati	глаг.	priviđa	549	
42496	debljati	debljati	глаг.	deblja	298	
42501	prinudno	prinudno	нареч.	prinudno	298	
42504	višestruko	višestruko	нареч.	višestruko	298	
42505	ambient	ambient	сущ.	ambijent	298	
42530	kamuflaža	kamuflaža	сущ.	kamuflaža	298	
42534	suradnica	suradnica	сущ.	suradnici	297	
42541	listing	listing	сущ.	listing	297	
42551	kragna	kragna	сущ.	kragnu	297	
42557	supernova	supernova	сущ.	supernove	557	
42561	kancer	kancer	сущ.	kancer	297	
42568	taster	taster	сущ.	taster	297	
42577	opeklina	opeklina	сущ.	opekline	297	
42579	neo	neo	сущ.	neo	297	
42587	bombardovati	bombardovati	глаг.	bombarduju	575	
42606	vidokrug	vidokrug	сущ.	vidokruga	297	
42612	prilagođavati	prilagođavati	глаг.	prilagođava	297	
42615	dodo	dodo	сущ.	dodo	297	
42618	iver	iver	сущ.	iver	297	
42626	svinuti	svinuti	глаг.	svini	297	
42631	enigma	enigma	сущ.	enigma	296	
42640	odlomak	odlomak	сущ.	odlomak	296	
42642	zbrinuti	zbrinuti	прил.	zbrinuti	564	
42643	zastavnik	zastavnik	сущ.	zastavniče	296	
42654	domina	domina	сущ.	domine	296	
42667	pristan	pristan	сущ.	pristani	296	
42670	taft	taft	сущ.	taft	296	
42673	smejanje	smejanje	сущ.	smejanje	296	
42676	teg	teg	сущ.	tegove	296	
42687	nezrelo	nezrelo	нареч.	nezrelo	296	
42690	primitivno	primitivno	нареч.	primitivno	296	
42695	uzdignuti	uzdignuti	глаг.	uzdigne	296	
42696	epski	epski	прил.	epski	296	
42711	neto	neto	нареч.	neto	296	
42712	saputnik	saputnik	сущ.	saputnik	296	
42716	mrkva	mrkva	сущ.	mrkve	296	
42722	sesija	sesija	сущ.	sesija	874	
42727	upravnica	upravnica	сущ.	upravnica	295	
42744	nezaustavljiv	nezaustavljiv	прил.	nezaustavljiv	295	
42749	zapleniti	zapleniti	глаг.	zaplenili	295	
42750	rodno	rodno	нареч.	rodno	295	
42754	paničariti	paničariti	глаг.	paničariti	295	
42757	isprobavati	isprobavati	глаг.	isprobavam	295	
42764	zamorac	zamorac	сущ.	zamorče	295	
42780	motoran	motoran	прил.	motorne	818	
42782	kresanje	kresanje	сущ.	kresanje	295	
42786	odlikovanje	odlikovanje	сущ.	odlikovanje	534	
42795	karamela	karamela	сущ.	karamele	295	
42804	trzati	trzati	глаг.	trza	295	
42818	nemilost	nemilost	сущ.	nemilost	295	
42820	boravište	boravište	сущ.	boravište	295	
42831	napravica	napravica	сущ.	napravicu	295	
42834	prepametan	prepametan	прил.	prepametan	295	
42846	uzdati	uzdati	глаг.	uzdam	295	
42868	podmuklo	podmuklo	нареч.	podmuklo	294	
42874	pustolovina	pustolovina	сущ.	pustolovina	542	
42882	box	box	сущ.	box	294	
42883	vez	vez	сущ.	vez	294	
42885	dražestan	dražestan	прил.	dražesna	294	
42886	smirenost	smirenost	сущ.	smirenost	294	
42888	istrebljenje	istrebljenje	сущ.	istrebljenje	565	
42899	probijanje	probijanje	сущ.	probijanje	294	
42901	detinjast	detinjast	прил.	detinjast	294	
42916	humanost	humanost	сущ.	humanost	547	
42920	rvač	rvač	сущ.	rvač	294	
42928	zločesto	zločesto	нареч.	zločesto	294	
42943	lisac	lisac	сущ.	lisac	294	
42947	kosmički	kosmički	прил.	kosmički	294	
42950	klingonski	klingonski	прил.	klingonski	294	
42960	razmirica	razmirica	сущ.	razmirice	294	
42961	stanovište	stanovište	сущ.	stanovišta	294	
42962	zum	zum	сущ.	zum	293	
42963	samoubilački	samoubilački	прил.	samoubilački	542	
42967	psihijatrijski	psihijatrijski	прил.	psihijatrijski	1102	
42972	zaostajati	zaostajati	глаг.	zaostaje	293	
42982	površan	površan	прил.	površna	293	
42985	prisluškivač	prisluškivač	сущ.	prisluškivač	293	
42989	isprečiti	isprečiti	глаг.	ispreči	293	
42990	svojevremeno	svojevremeno	нареч.	svojevremeno	293	
43002	morbidno	morbidno	нареч.	morbidno	293	
43013	zelembać	zelembać	сущ.	zelembaća	293	
43015	adaptirati	adaptirati	глаг.	adaptirao	293	
43019	hitro	hitro	нареч.	hitro	293	
43021	poteći	poteći	глаг.	potekla	293	
43022	krevetac	krevetac	сущ.	krevetac	293	
43031	cipelica	cipelica	сущ.	cipelice	293	
43037	pravednost	pravednost	сущ.	pravednosti	293	
43042	negirati	negirati	глаг.	negira	293	
43045	tupav	tupav	прил.	tupavi	293	
43046	autentično	autentično	нареч.	autentično	293	
43049	surfer	surfer	сущ.	surfer	293	
43063	današnjica	današnjica	сущ.	današnjice	292	
43076	holokaust	holokaust	сущ.	holokaust	292	
43081	prilagodba	prilagodba	сущ.	prilagodba	292	
43084	prognati	prognati	прил.	prognan	292	
43101	trubiti	trubiti	глаг.	trubi	292	
43109	plitak	plitak	прил.	plitka	559	
43117	prigušivač	prigušivač	сущ.	prigušivač	292	
43141	detektivski	detektivski	прил.	detektivski	292	
43142	bide	bide	сущ.	bide	292	
43147	alias	alias	сущ.	alias	292	
43151	zavoditi	zavoditi	глаг.	zavodi	292	
43152	stručan	stručan	прил.	stručni	292	
43156	graditelj	graditelj	сущ.	graditelji	563	
43160	tablet	tablet	сущ.	tablet	291	
43163	mrtvački	mrtvački	прил.	mrtvačka	568	
43165	izvršilac	izvršilac	сущ.	izvršilac	291	
43168	kubik	kubik	сущ.	kubika	291	
43169	prtljaga	prtljaga	сущ.	prtljage	291	
43172	nesmotreno	nesmotreno	нареч.	nesmotreno	291	
43181	istopiti	istopiti	глаг.	istopi	541	
43182	predodrediti	predodrediti	прил.	predodređen	291	
43183	železo	železo	сущ.	željeza	539	
43185	ograničavati	ograničavati	глаг.	ograničava	291	
43196	analni	analni	прил.	analni	291	
43199	nepošten	nepošten	прил.	nepošten	291	
43202	nadanje	nadanje	сущ.	nadanja	291	
43205	transkript	transkript	сущ.	transkript	291	
43212	pomagač	pomagač	сущ.	pomagač	291	
43221	odstojanje	odstojanje	сущ.	odstojanju	291	
43223	pozorišni	pozorišni	прил.	pozorišni	291	
43224	grozota	grozota	сущ.	grozota	581	
43225	zakonit	zakonit	прил.	zakoniti	808	
43243	suzbijanje	suzbijanje	сущ.	suzbijanje	291	
43248	mineralan	mineralan	прил.	mineralnu	290	
43256	protresti	protresti	глаг.	protresi	290	
43267	grupno	grupno	нареч.	grupno	290	
43269	nominacija	nominacija	сущ.	nominaciju	290	
43273	posred	posred	нареч.	posred	290	
43277	spelovati	spelovati	глаг.	speluje	290	
43279	playboy	playboy	сущ.	playboy	290	
43292	kapak	kapak	сущ.	kapke	290	
43293	potrošnja	potrošnja	сущ.	potrošnju	555	
43305	devetka	devetka	сущ.	devetka	290	
43312	nekadašnji	nekadašnji	прил.	nekadašnji	290	
43319	nedogled	nedogled	сущ.	nedogled	290	
43329	neveran	neveran	прил.	neverna	579	
43330	voajer	voajer	сущ.	voajer	290	
43335	volontirati	volontirati	глаг.	volontiram	290	
43349	maloletnik	maloletnik	сущ.	maloletnika	551	
43358	kažnjiv	kažnjiv	прил.	kažnjivo	290	
43382	runa	runa	сущ.	rune	289	
43396	pustinjak	pustinjak	сущ.	pustinjak	289	
43397	ovlašćen	ovlašćen	прил.	ovlašćen	289	
43401	pomorski	pomorski	прил.	pomorski	289	
43404	postolje	postolje	сущ.	postolje	289	
43410	brazda	brazda	сущ.	brazde	289	
43411	spaljivati	spaljivati	глаг.	spaljuju	531	
43417	georgina	georgina	сущ.	georgina	289	
43423	tajnovitost	tajnovitost	сущ.	tajnovitost	289	
43424	prisilno	prisilno	нареч.	prisilno	289	
43429	pametnica	pametnica	сущ.	pametnice	571	
43430	inostran	inostran	прил.	inostranih	289	
43437	pojačalo	pojačalo	сущ.	pojačalo	289	
43440	dvadeseti	dvadeseti	прил.	dvadesetim	541	
43442	naseliti	naseliti	глаг.	naseli	289	
43447	uslikati	uslikati	глаг.	uslikao	289	
43456	prositi	prositi	глаг.	prosim	799	
43474	crtaći	crtaći	прил.	crtaća	289	
43478	kloniranje	kloniranje	сущ.	kloniranje	289	
43485	hiljadarka	hiljadarka	сущ.	hiljadarki	288	
43535	primenjivati	primenjivati	глаг.	primenjuje	288	
43562	promisliti	promisliti	глаг.	promisli	288	
43563	obučavati	obučavati	глаг.	obučavao	288	
43568	vetrobran	vetrobran	сущ.	vetrobran	288	
43579	nažao	nažao	нареч.	nažao	288	
43581	nadolaziti	nadolaziti	глаг.	nadolazi	288	
43585	ljigavo	ljigavo	нареч.	ljigavo	288	
43598	narušavanje	narušavanje	сущ.	narušavanje	288	
43600	pilates	pilates	сущ.	pilates	288	
43603	žmarac	žmarac	сущ.	žmarci	287	
43619	prehladiti	prehladiti	глаг.	prehladio	566	
43622	razbistriti	razbistriti	глаг.	razbistrim	527	
43623	lišiti	lišiti	прил.	lišen	287	
43627	tifus	tifus	сущ.	tifus	287	
43634	ninja	ninja	сущ.	ninja	287	
43635	prekoračiti	prekoračiti	глаг.	prekoračio	287	
43636	upadljivo	upadljivo	нареч.	upadljivo	287	
43644	golupčić	golupčić	сущ.	golupčići	287	
43653	odnedavno	odnedavno	нареч.	odnedavno	287	
43656	propovedati	propovedati	глаг.	propoveda	287	
43657	opčiniti	opčiniti	прил.	opčinjen	287	
43663	tuđinac	tuđinac	сущ.	tuđinci	287	
43676	pljačkanje	pljačkanje	сущ.	pljačkanje	287	
43682	osumnjičenik	osumnjičenik	сущ.	osumnjičenik	537	
43685	jagnjetina	jagnjetina	сущ.	jagnjetinu	287	
43689	vestica	vestica	сущ.	vestica	287	
43702	gostionica	gostionica	сущ.	gostionici	525	
43705	valijum	valijum	сущ.	valijum	287	
43711	lap	lap	сущ.	lap	287	
43714	pletenica	pletenica	сущ.	pletenice	287	
43727	zasmejavati	zasmejavati	глаг.	zasmejava	530	
43749	proticati	proticati	глаг.	protiče	286	
43759	galamiti	galamiti	глаг.	galami	286	
43762	traganje	traganje	сущ.	traganje	286	
43776	tempirati	tempirati	прил.	tempirana	286	
43777	raniji	raniji	прил.	ranijim	286	
43779	udruživanje	udruživanje	сущ.	udruživanje	286	
43783	okruglo	okruglo	нареч.	okruglo	286	
43788	balav	balav	прил.	balavi	286	
43799	investirati	investirati	глаг.	investirao	286	
43815	tonuti	tonuti	глаг.	tonemo	558	
43826	ujedati	ujedati	глаг.	ujedaju	286	
43827	klanica	klanica	сущ.	klanica	286	
43835	bezuspešno	bezuspešno	нареч.	bezuspešno	285	
43837	proćaskati	proćaskati	глаг.	proćaskamo	285	
43841	beneficija	beneficija	сущ.	beneficije	285	
43848	vetrov	vetrov	прил.	vetrova	285	
43849	dripac	dripac	сущ.	dripac	285	
43850	krajolik	krajolik	сущ.	krajolik	285	
43854	psovka	psovka	сущ.	psovke	285	
43856	murja	murja	сущ.	murja	285	
43857	tačdaun	tačdaun	сущ.	tačdaun	285	
43863	đakuzi	đakuzi	сущ.	đakuzi	285	
43868	slijepilo	slepilo	сущ.	slepilo	285	
43869	rotacija	rotacija	сущ.	rotaciju	566	
43878	telegraf	telegraf	сущ.	telegraf	285	
43887	škorpija	škorpija	сущ.	škorpija	285	
43893	nenamerno	nenamerno	нареч.	nenamerno	285	
43911	usijati	usijati	прил.	usijana	285	
43916	uprtiti	uprtiti	глаг.	uprte	285	
43919	trio	trio	сущ.	trio	285	
43922	cafe	cafe	сущ.	cafe	285	
43930	vokal	vokal	сущ.	vokal	284	
43934	desetleće	desetleće	сущ.	desetljeća	284	
43942	usedelica	usedelica	сущ.	usedelica	284	
43946	časak	časak	сущ.	časak	284	
43948	rastava	rastava	сущ.	rastavu	284	
43949	zamenjivati	zamenjivati	глаг.	zamenjuje	284	
43954	pridržavati	pridržavati	глаг.	pridržavati	284	
43955	pomagalo	pomagalo	сущ.	pomagalo	284	
43956	stanovanje	stanovanje	сущ.	stanovanje	284	
43969	pospremiti	pospremiti	глаг.	pospremiti	531	
43970	streljivo	streljivo	сущ.	streljivo	529	
43977	mrena	mrena	сущ.	mrena	284	
43997	posavetovati	posavetovati	глаг.	posavetujem	284	
43998	umanjiti	umanjiti	глаг.	umanjiti	284	
44007	matoro	matoro	нареч.	matoro	284	
44010	bočno	bočno	нареч.	bočno	284	
44027	klipan	klipan	сущ.	klipan	533	
44031	muževan	muževan	прил.	muževan	284	
44036	blesan	blesan	сущ.	blesane	283	
44037	štampanje	štampanje	сущ.	štampanje	283	
44038	presudno	presudno	нареч.	presudno	283	
44041	dioksid	dioksid	сущ.	dioksid	532	
44056	prostranstvo	prostranstvo	сущ.	prostranstvo	520	
44070	periferija	periferija	сущ.	periferiji	283	
44074	predsednikov	predsednikov	прил.	predsednikov	283	
44091	ispis	ispis	сущ.	ispis	283	
44099	potpala	potpala	сущ.	potpalu	283	
44112	indeks	indeks	сущ.	indeks	283	
44122	duo	duo	сущ.	duo	283	
44135	preturati	preturati	глаг.	preturao	283	
44141	sočan	sočan	прил.	sočne	556	
44153	odstupanje	odstupanje	сущ.	odstupanje	282	
44155	iskazati	iskazati	глаг.	iskažem	559	
44159	obožavateljka	obožavateljka	сущ.	obožavateljka	282	
44173	rendgenski	rendgenski	прил.	rendgenski	282	
44195	griža	griža	сущ.	grižu	282	
44197	odvažan	odvažan	прил.	odvažan	282	
44200	entitet	entitet	сущ.	entitet	282	
44206	zaštitar	zaštitar	сущ.	zaštitar	282	
44208	rastajati	rastajati	глаг.	rastajemo	282	
44211	odstraniti	odstraniti	глаг.	odstraniti	282	
44221	metaforički	metaforički	прил.	metaforički	282	
44230	direkt	direkt	сущ.	direkt	282	
44233	darovati	darovati	глаг.	darovao	282	
44234	atleta	atleta	сущ.	atleta	282	
44242	podmetanje	podmetanje	сущ.	podmetanje	282	
44244	fax	fax	сущ.	fax	282	
44259	sačmarica	sačmarica	сущ.	sačmaricu	281	
44271	trgovinski	trgovinski	прил.	trgovinski	281	
44283	udvostručiti	udvostručiti	глаг.	udvostručiti	543	
44285	neoženjen	neoženjen	прил.	neoženjen	281	
44294	nestašan	nestašan	прил.	nestašan	281	
44299	razvodnik	razvodnik	сущ.	razvodnik	281	
44309	obavezati	obavezati	глаг.	obavezao	281	
44315	transvestit	transvestit	сущ.	transvestit	281	
44320	izravan	izravan	прил.	izravan	281	
44326	diplomac	diplomac	сущ.	diplomac	281	
44330	zavaditi	zavaditi	глаг.	zavadi	281	
44340	šifrovati	šifrovati	прил.	šifrovano	281	
44342	iva	iva	сущ.	ivo	281	
44346	ostavljanje	ostavljanje	сущ.	ostavljanje	281	
44349	odgurnuti	odgurnuti	глаг.	odgurnuo	281	
44357	svečan	svečan	прил.	svečanu	783	
44368	lega	lega	сущ.	lego	280	
44373	nasledan	nasledan	прил.	nasledno	280	
44378	džuboks	džuboks	сущ.	džuboks	280	
44383	eliminacija	eliminacija	сущ.	eliminacije	280	
44386	izmeriti	izmeriti	глаг.	izmeriti	553	
44392	rekorder	rekorder	сущ.	rekorder	280	
44396	streljački	streljački	прил.	streljački	280	
44414	pion	pion	сущ.	pion	280	
44435	transportni	transportni	прил.	transportni	280	
44449	obaveštajac	obaveštajac	сущ.	obaveštajci	549	
44455	fliper	fliper	сущ.	fliper	279	
44456	zrelost	zrelost	сущ.	zrelost	530	
44458	stas	stas	сущ.	stas	279	
44459	sugestija	sugestija	сущ.	sugestije	279	
44471	katkada	katkada	нареч.	katkada	279	
44480	izdvajati	izdvajati	глаг.	izdvaja	279	
44482	međunarodno	međunarodno	нареч.	međunarodno	279	
44488	skandalozno	skandalozno	нареч.	skandalozno	279	
44494	portugalski	portugalski	прил.	portugalski	279	
44495	lokva	lokva	сущ.	lokvi	279	
44497	izaslati	izaslati	глаг.	izasla	279	
44504	vrisnuti	vrisnuti	глаг.	vrisnula	279	
44505	odgristi	odgristi	глаг.	odgrizao	279	
44507	opterećenje	opterećenje	сущ.	opterećenje	279	
44508	skliznuti	skliznuti	глаг.	sklizne	558	
44529	pregršt	pregršt	сущ.	pregršt	279	
44548	televizijski	televizijski	прил.	televizijski	279	
44553	klanjati	klanjati	глаг.	klanjam	279	
44559	grabljivica	grabljivica	сущ.	grabljivica	279	
44567	odzvanjati	odzvanjati	глаг.	odzvanja	279	
44622	klupko	klupko	сущ.	klupko	278	
44625	žiža	žiža	сущ.	žiži	278	
44626	slobodnjak	slobodnjak	сущ.	slobodnjak	278	
44633	nizati	nizati	глаг.	nižu	278	
44637	cviliti	cviliti	глаг.	cvili	278	
44653	veljača	veljača	сущ.	veljače	278	
44654	sumorno	sumorno	нареч.	sumorno	278	
44667	dominantan	dominantan	прил.	dominantna	278	
44670	zagrejan	zagrejan	прил.	zagrejan	278	
44674	izazivanje	izazivanje	сущ.	izazivanje	278	
44682	instalirati	instalirati	глаг.	instalirao	278	
44685	intelekt	intelekt	сущ.	intelekt	278	
44688	podivljati	podivljati	глаг.	podivljao	523	
44700	dremnuti	dremnuti	глаг.	dremnem	277	
44710	vertikalno	vertikalno	нареч.	vertikalno	277	
44722	opsednutost	opsednutost	сущ.	opsednutost	277	
44732	zlatokos	zlatokos	прил.	zlatokosa	277	
44745	krika	krika	сущ.	krike	277	
44746	golotinja	golotinja	сущ.	golotinje	526	
44752	crpiti	crpiti	глаг.	crpi	277	
44757	sramežljiv	sramežljiv	прил.	sramežljiv	277	
44766	pogačica	pogačica	сущ.	pogačice	277	
44777	programiranje	programiranje	сущ.	programiranje	277	
44788	zagađenje	zagađenje	сущ.	zagađenja	537	
44796	zaključivati	zaključivati	глаг.	zaključujem	277	
44799	žigolo	žigolo	сущ.	žigolo	277	
44802	kazanov	kazanov	прил.	kazanova	277	
44807	tov	tov	сущ.	tov	277	
44823	dosegnuti	dosegnuti	глаг.	dosegnuti	533	
44825	pismeno	pismeno	нареч.	pismeno	276	
44835	mitologija	mitologija	сущ.	mitologiji	276	
44838	propadanje	propadanje	сущ.	propadanje	276	
44842	vetrovito	vetrovito	нареч.	vetrovito	276	
44845	čekovni	čekovni	прил.	čekovnu	276	
44846	polusestra	polusestra	сущ.	polusestra	276	
44848	omamljivanje	omamljivanje	сущ.	omamljivanje	276	
44849	zaslepiti	zaslepiti	прил.	zaslepljen	276	
44854	iscrpljivati	iscrpljivati	глаг.	iscrpljuje	276	
44872	komadant	komadant	сущ.	komadant	276	
44882	duševno	duševno	нареч.	duševno	276	
44891	masin	masin	прил.	masina	276	
44895	honorarno	honorarno	нареч.	honorarno	276	
44902	kidnaper	kidnaper	сущ.	kidnaper	276	
44910	sveštenica	sveštenica	сущ.	sveštenica	276	
44913	očitati	očitati	глаг.	očita	276	
44914	usisavati	usisavati	глаг.	usisava	276	
44920	protuotrov	protuotrov	сущ.	protuotrov	276	
44924	zaklati	zaklati	глаг.	zaklao	276	
44926	automatik	automatik	сущ.	automatik	276	
44944	dekoracija	dekoracija	сущ.	dekoracija	800	
44946	besvest	besvest	сущ.	besvesti	275	
44959	rogonja	rogonja	сущ.	rogonja	275	
44969	središnji	središnji	прил.	središnji	275	
44971	zvižduk	zvižduk	сущ.	zvižduk	275	
44979	pričest	pričest	сущ.	pričest	275	
44989	kaubojski	kaubojski	прил.	kaubojski	275	
44991	falsifikovati	falsifikovati	глаг.	falsifikovao	275	
44992	kanarinac	kanarinac	сущ.	kanarinac	275	
44997	gilda	gilda	сущ.	gilda	275	
44998	iskakati	iskakati	глаг.	iskače	520	
44999	tvrdoglavo	tvrdoglavo	нареч.	tvrdoglavo	275	
45010	bordo	bordo	сущ.	bordo	275	
45028	vaspitati	vaspitati	прил.	vaspitan	275	
45035	zaostatak	zaostatak	сущ.	zaostatku	275	
45036	terminator	terminator	сущ.	terminator	275	
45043	prenizak	prenizak	прил.	prenisko	275	
45052	junakinja	junakinja	сущ.	junakinja	275	
45058	žalostan	žalostan	прил.	žalosna	518	
45061	izumitelj	izumitelj	сущ.	izumitelj	275	
45065	presretan	presretan	прил.	presretan	275	
45100	fair	fair	сущ.	fair	274	
45123	casino	casino	сущ.	casino	274	
45128	odraziti	odraziti	глаг.	odraziti	274	
45132	nepoznanica	nepoznanica	сущ.	nepoznanica	274	
45139	plovilo	plovilo	сущ.	plovila	526	
45158	ubeđivanje	ubeđivanje	сущ.	ubeđivanja	274	
45160	grafički	grafički	прил.	grafički	274	
45169	unovčiti	unovčiti	глаг.	unovčiti	274	
45174	glasovati	glasovati	глаг.	glasovati	273	
45179	naježiti	naježiti	глаг.	naježim	537	
45190	preslab	preslab	прил.	preslab	273	
45192	isplovljavati	isplovljavati	глаг.	isplovljava	273	
45200	efektivno	efektivno	нареч.	efektivno	273	
45201	posrati	posrati	глаг.	posrao	273	
45213	znanstveno	znanstveno	нареч.	znanstveno	273	
45215	osetljivost	osetljivost	сущ.	osetljivost	273	
45225	frizerka	frizerka	сущ.	frizerka	273	
45249	patkica	patkica	сущ.	patkice	273	
45251	jeti	jeti	сущ.	jeti	273	
45259	rap	rap	сущ.	rap	273	
45270	obnavljati	obnavljati	глаг.	obnavlja	273	
45271	nitro	nitro	нареч.	nitro	273	
45276	pretrpati	pretrpati	прил.	pretrpan	273	
45284	usprotiviti	usprotiviti	глаг.	usprotivio	273	
45289	smelost	smelost	сущ.	smelosti	273	
45296	poučno	poučno	нареч.	poučno	272	
45299	izabran	izabran	прил.	izabrane	272	
45300	brujiti	brujiti	глаг.	bruji	272	
45323	hemisfera	hemisfera	сущ.	hemisferi	272	
45341	umakati	umakati	глаг.	umakao	272	
45349	simbolizovati	simbolizovati	глаг.	simbolizuje	272	
45352	davitelj	davitelj	сущ.	davitelj	272	
45356	romantik	romantik	сущ.	romantik	272	
45362	skladištenje	skladištenje	сущ.	skladištenje	272	
45365	novogodišnji	novogodišnji	прил.	novogodišnje	272	
45370	zabeleška	zabeleška	сущ.	zabeleške	272	
45375	patrolirati	patrolirati	глаг.	patroliraju	272	
45378	začaran	začaran	прил.	začarani	272	
45382	neopaženo	neopaženo	нареч.	neopaženo	272	
45407	striko	striko	сущ.	striko	272	
45412	bezobzirno	bezobzirno	нареч.	bezobzirno	272	
45416	sledovanje	sledovanje	сущ.	sledovanje	529	
45423	razbesniti	razbesniti	глаг.	razbesni	271	
45425	bungalov	bungalov	сущ.	bungalov	271	
45432	raznosač	raznosač	сущ.	raznosač	271	
45436	pojedini	pojedini	прил.	pojedini	524	
45439	sagledati	sagledati	глаг.	sagledati	271	
45446	gegati	gegati	глаг.	gega	271	
45456	nespreman	nespreman	прил.	nespremnog	271	
45459	dešnjak	dešnjak	сущ.	dešnjak	271	
45462	snimatelj	snimatelj	сущ.	snimatelj	271	
45486	crtaće	crtaće	нареч.	crtaće	271	
45488	zdesna	zdesna	нареч.	zdesna	271	
45499	dugmići	dugmići	сущ.	dugmiće	271	
45511	senzacionalno	senzacionalno	нареч.	senzacionalno	271	
45512	olabaviti	olabaviti	глаг.	olabavi	271	
45534	ženidba	ženidba	сущ.	ženidbu	270	
45538	ridati	ridati	глаг.	rida	270	
45546	utroje	utroje	нареч.	utroje	270	
45552	ganjati	ganjati	глаг.	ganja	270	
45561	poznanstvo	poznanstvo	сущ.	poznanstva	515	
45569	isplivati	isplivati	глаг.	ispliva	270	
45572	vradžbina	vradžbina	сущ.	vradžbina	537	
45575	podmukao	podmukao	прил.	podmukli	270	
45588	učen	učen	прил.	učeni	270	
45606	muvanje	muvanje	сущ.	muvanje	270	
45620	hazard	hazard	сущ.	hazard	270	
45623	poštivati	poštivati	глаг.	poštivati	270	
45644	podpredsednik	podpredsednik	сущ.	podpredsednik	270	
45646	nenajavljen	nenajavljen	прил.	nenajavljen	270	
45655	iskušavati	iskušavati	глаг.	iskušavaj	533	
45656	mutan	mutan	прил.	mutna	269	
45664	krznen	krznen	прил.	krzneni	269	
45675	pačje	pače	сущ.	pače	269	
45677	uglađen	uglađen	прил.	uglađen	269	
45678	sakrivanje	sakrivanje	сущ.	sakrivanje	269	
45679	verbalno	verbalno	нареч.	verbalno	269	
45684	premoriti	premoriti	прил.	premoren	269	
45724	ovogodišnji	ovogodišnji	прил.	ovogodišnji	269	
45741	sentimentalno	sentimentalno	нареч.	sentimentalno	269	
45748	zbir	zbir	сущ.	zbir	269	
45762	folija	folija	сущ.	foliju	269	
45781	hipik	hipik	сущ.	hipici	268	
45784	prethodnik	prethodnik	сущ.	prethodnika	534	
45785	umarati	umarati	глаг.	umara	268	
45794	smajli	smajli	сущ.	smajli	268	
45806	posveta	posveta	сущ.	posvetu	268	
45814	pramac	pramac	сущ.	pramac	268	
45825	trap	trap	сущ.	trap	268	
45834	spavalica	spavalica	сущ.	spavalice	268	
45838	prepirka	prepirka	сущ.	prepirke	268	
45841	neželjen	neželjen	прил.	neželjene	268	
45851	umirujuće	umirujuće	нареч.	umirujuće	268	
45860	krntija	krntija	сущ.	krntija	268	
45861	osrednji	osrednji	прил.	osrednji	268	
45865	obraniti	obraniti	глаг.	obraniti	268	
45868	radijator	radijator	сущ.	radijator	268	
45873	sastavljati	sastavljati	глаг.	sastavljam	268	
45882	zabadati	zabadati	глаг.	zabadam	268	
45886	regionalan	regionalan	прил.	regionalni	267	
45904	piano	piano	сущ.	piano	267	
45907	brusnica	brusnica	сущ.	brusnice	267	
45911	ushićen	ushićen	прил.	ushićen	267	
45926	tikvan	tikvan	сущ.	tikvane	267	
45939	talog	talog	сущ.	talog	267	
45940	umrli	umrli	прил.	umrlih	267	
45945	temeljac	temeljac	сущ.	temeljac	267	
45947	nepravedan	nepravedan	прил.	nepravedan	267	
45951	uznemirenost	uznemirenost	сущ.	uznemirenost	267	
45958	zatočiti	zatočiti	прил.	zatočen	267	
45966	govorkanje	govorkanje	сущ.	govorkanja	267	
45973	pozivanje	pozivanje	сущ.	pozivanje	267	
45975	snalažljiv	snalažljiv	прил.	snalažljiv	267	
45982	smejurija	smejurija	сущ.	smejurija	267	
45993	renesansa	renesansa	сущ.	renesanse	267	
45996	smračiti	smračiti	глаг.	smrači	267	
45998	suvišno	suvišno	нареч.	suvišno	267	
46006	preselenje	preselenje	сущ.	preseljenje	267	
46013	oživljavati	oživljavati	глаг.	oživljava	267	
46024	putokaz	putokaz	сущ.	putokaz	266	
46026	farmaceutski	farmaceutski	прил.	farmaceutske	266	
46031	takmičarski	takmičarski	прил.	takmičarski	266	
46032	olujan	olujan	прил.	olujni	266	
46033	simbolično	simbolično	нареч.	simbolično	266	
46037	tipka	tipka	сущ.	tipku	509	
46043	olakšica	olakšica	сущ.	olakšice	266	
46056	hostesa	hostesa	сущ.	hostesa	266	
46057	rižoto	rižoto	сущ.	rižoto	266	
46060	babaroga	babaroga	сущ.	babaroga	266	
46063	zastavica	zastavica	сущ.	zastavice	502	
46072	zev	zev	сущ.	zev	266	
46073	neuništiv	neuništiv	прил.	neuništiv	266	
46074	svitati	svitati	глаг.	sviće	266	
46076	kolosjek	kolosek	сущ.	koloseka	519	
46081	znojenje	znojenje	сущ.	znojenje	266	
46085	glinen	glinen	прил.	glineni	266	
46089	vriti	vriti	глаг.	vrio	266	
46096	žandar	žandar	сущ.	žandar	508	
46101	užasavajući	užasavajući	прил.	užasavajuće	266	
46114	sanatorijum	sanatorijum	сущ.	sanatorijum	266	
46115	staja	staja	сущ.	staji	266	
46134	branitelj	branitelj	сущ.	branitelj	265	
46148	grabljivac	grabljivac	сущ.	grabljivac	265	
46151	poravnanje	poravnanje	сущ.	poravnanje	265	
46153	kraljičin	kraljičin	прил.	kraljičin	265	
46177	kravlji	kravlji	прил.	kravlje	265	
46183	prepodne	prepodne	сущ.	prepodne	265	
46194	oralno	oralno	нареч.	oralno	265	
46195	kolonjski	kolonjski	прил.	kolonjsku	504	
46197	higijena	higijena	сущ.	higijenu	265	
46199	potaknuti	potaknuti	глаг.	potaknuti	265	
46202	pokretač	pokretač	сущ.	pokretač	265	
46203	izjavljivati	izjavljivati	глаг.	izjavljujem	265	
46208	izvidnica	izvidnica	сущ.	izvidnica	265	
46217	štoviše	štoviše	нареч.	štoviše	265	
46218	otplatiti	otplatiti	глаг.	otplatiti	265	
46233	sakrivati	sakrivati	глаг.	sakriva	265	
46240	kružan	kružan	прил.	kružni	265	
46247	prisetiti	prisetiti	глаг.	prisetim	265	
46259	zastareti	zastareti	глаг.	zastarelo	763	
46281	pravosudni	pravosudni	прил.	pravosudni	264	
46293	kalcijum	kalcijum	сущ.	kalcijum	264	
46307	brut	brut	нареч.	brut	264	
46314	preopterećenje	preopterećenje	сущ.	preopterećenje	264	
46315	pijun	pijun	сущ.	pijun	264	
46324	praonica	praonica	сущ.	praonici	264	
46332	ispomoć	ispomoć	сущ.	ispomoć	264	
46333	indirektno	indirektno	нареч.	indirektno	264	
46334	kumče	kumče	сущ.	kumče	264	
46337	nepredvidljiv	nepredvidljiv	прил.	nepredvidljiv	264	
46339	pobuniti	pobuniti	глаг.	pobunili	264	
46345	rabiti	rabiti	глаг.	rabi	264	
46358	registrovan	registrovan	прил.	registrovani	264	
46361	školarac	školarac	сущ.	školarac	264	
46382	komunikacioni	komunikacioni	прил.	komunikacioni	263	
46385	pregrada	pregrada	сущ.	pregrade	263	
46386	šupljina	šupljina	сущ.	šupljine	263	
46390	pričinjavati	pričinjavati	глаг.	pričinjava	263	
46408	neograničeno	neograničeno	нареч.	neograničeno	263	
46409	batist	batist	сущ.	batista	263	
46420	pravednik	pravednik	сущ.	pravednika	263	
46428	deaktivirati	deaktivirati	глаг.	deaktivirati	263	
46460	jagodica	jagodica	сущ.	jagodice	263	
46470	sašiti	sašiti	глаг.	sašila	263	
46479	izdvojiti	izdvojiti	глаг.	izdvojiti	263	
46488	provaljivati	provaljivati	глаг.	provaljuje	263	
46490	vjerski	verski	прил.	verski	263	
46495	šišak	šišak	сущ.	šiške	263	
46502	lokalac	lokalac	сущ.	lokalci	262	
46515	trbušnjak	trbušnjak	сущ.	trbušnjake	262	
46527	prozvati	prozvati	глаг.	prozvali	262	
46536	prastar	prastar	прил.	prastari	262	
46556	sazvežđe	sazvežđe	сущ.	sazvežđa	262	
46559	trenerka	trenerka	сущ.	trenerku	262	
46571	ohrabrenje	ohrabrenje	сущ.	ohrabrenje	262	
46579	kopač	kopač	сущ.	kopač	262	
46592	mesiti	mesiti	глаг.	mesi	262	
46601	prebrojavanje	prebrojavanje	сущ.	prebrojavanje	262	
46602	popriličan	popriličan	прил.	popriličan	262	
46605	poticaj	poticaj	сущ.	poticaj	262	
46635	prizvati	prizvati	глаг.	prizvao	261	
46639	umotati	umotati	прил.	umotan	520	
46647	utući	utući	прил.	utučen	261	
46653	suspenzija	suspenzija	сущ.	suspenzija	769	
46656	parčić	parčić	сущ.	parčiće	261	
46660	pogurati	pogurati	глаг.	pogurati	261	
46661	čini	čini	сущ.	činima	261	делает (čini mi se — мне кажется)
46664	živnuti	živnuti	глаг.	živni	261	
46679	kočenje	kočenje	сущ.	kočenja	261	
46687	podudarnost	podudarnost	сущ.	podudarnost	261	
46693	šljokica	šljokica	сущ.	šljokice	261	
46697	proljetni	proljetni	прил.	proljetni	261	
46712	una	una	сущ.	uno	261	
46713	talentiran	talentiran	прил.	talentiran	501	
46714	poj	poj	сущ.	pojima	261	
46722	rita	rita	сущ.	rite	261	
46724	humano	humano	нареч.	humano	261	
46726	glamur	glamur	сущ.	glamur	261	
46730	zločinački	zločinački	прил.	zločinački	261	
46734	škrtica	škrtica	сущ.	škrtica	261	
46735	auspuh	auspuh	сущ.	auspuh	261	
46740	tanker	tanker	сущ.	tanker	261	
46743	templar	templar	сущ.	templari	261	
46750	brlog	brlog	сущ.	brlog	261	
46756	osmatranje	osmatranje	сущ.	osmatranje	260	
46771	gliser	gliser	сущ.	gliser	260	
46773	klošar	klošar	сущ.	klošar	260	
46786	uskladiti	uskladiti	глаг.	uskladiti	260	
46790	šarmer	šarmer	сущ.	šarmer	260	
46793	katolkinja	katolkinja	сущ.	katolkinja	260	
46799	nasušni	nasušni	прил.	nasušni	260	
46802	kasting	kasting	сущ.	kasting	260	
46803	antihrist	antihrist	сущ.	antihrist	260	
46805	podosta	podosta	нареч.	podosta	260	
46821	fun	fun	сущ.	fun	260	
46833	slušni	slušni	прил.	slušni	260	
46834	zamrzavanje	zamrzavanje	сущ.	zamrzavanje	260	
46841	kolera	kolera	сущ.	kolera	260	
46845	bezbrižno	bezbrižno	нареч.	bezbrižno	260	
46849	čarter	čarter	сущ.	čarter	260	
46854	pudlica	pudlica	сущ.	pudlica	260	
46862	kalifornijski	kalifornijski	прил.	kalifornijski	260	
46866	alijansa	alijansa	сущ.	alijanse	260	
46874	neumorno	neumorno	нареч.	neumorno	260	
46887	izraelski	izraelski	прил.	izraelski	260	
46889	poverenik	poverenik	сущ.	poverenik	260	
46899	opraštanje	opraštanje	сущ.	opraštanje	260	
46916	izborni	izborni	прил.	izborni	502	
46917	ulizica	ulizica	сущ.	ulizica	259	
46920	zatvorenica	zatvorenica	сущ.	zatvorenica	259	
46925	intelektualac	intelektualac	сущ.	intelektualac	259	
46927	pretopao	pretopao	прил.	pretoplo	259	
46930	tražen	tražen	прил.	najtraženijih	259	
46931	rt	rt	сущ.	rta	259	
46932	žvakaći	žvakaći	прил.	žvakaću	259	
46939	konkretan	konkretan	прил.	konkretan	259	
46951	izvestiti	izvestiti	глаг.	izvestim	259	
46985	pozajmljivati	pozajmljivati	глаг.	pozajmljujem	259	
46994	opiranje	opiranje	сущ.	opiranje	259	
47008	luđakinja	luđakinja	сущ.	luđakinja	259	
47010	vikar	vikar	сущ.	vikar	259	
47015	poklopiti	poklopiti	глаг.	poklopi	259	
47028	idealist	idealist	сущ.	idealista	259	
47031	usvajati	usvajati	глаг.	usvaja	259	
47046	oblina	oblina	сущ.	obline	258	
47048	blistavo	blistavo	нареч.	blistavo	258	
47053	legitimno	legitimno	нареч.	legitimno	258	
47061	klauzula	klauzula	сущ.	klauzulu	515	
47065	urna	urna	сущ.	urnu	258	
47067	isključivanje	isključivanje	сущ.	isključivanje	258	
47068	sjati	sjati	глаг.	sja	258	
47075	otporno	otporno	нареч.	otporno	258	
47089	posmrtni	posmrtni	прил.	posmrtni	258	
47096	protumačiti	protumačiti	глаг.	protumačiti	258	
47098	trola	trola	сущ.	trola	258	
47106	igrački	igrački	прил.	igračkom	258	
47108	borbeno	borbeno	нареч.	borbeno	258	
47122	podrska	podrska	сущ.	podrsku	258	
47132	rasan	rasan	прил.	rasne	258	
47141	zadovoljenje	zadovoljenje	сущ.	zadovoljenje	258	
47158	dedin	dedin	прил.	dedin	258	
47165	nebrojeno	nebrojeno	нареч.	nebrojeno	257	
47183	studeni	studeni	сущ.	studenog	257	
47194	goblin	goblin	сущ.	goblin	500	
47200	neminovno	neminovno	нареч.	neminovno	257	
47202	korektno	korektno	нареч.	korektno	257	
47220	bezosećajno	bezosećajno	нареч.	bezosećajno	257	
47259	porezati	porezati	глаг.	porezao	257	
47260	iritantno	iritantno	нареч.	iritantno	257	
47265	grubijan	grubijan	сущ.	grubijan	257	
47284	neurolog	neurolog	сущ.	neurolog	257	
47286	spol	spol	сущ.	spol	257	
47301	prvoklasno	prvoklasno	нареч.	prvoklasno	256	
47321	kriška	kriška	сущ.	kriške	256	
47324	okolica	okolica	сущ.	okolici	256	
47325	sportaš	sportaš	сущ.	sportaš	256	
47326	ohrabriti	ohrabriti	глаг.	ohrabrio	256	
47338	prepoznat	prepoznat	прил.	prepoznat	256	
47339	obavljanje	obavljanje	сущ.	obavljanje	256	
47342	sažaliti	sažaliti	глаг.	sažalio	256	
47345	potop	potop	сущ.	potop	256	
47359	pripravan	pripravan	прил.	pripravni	256	
47362	beat	beat	сущ.	beat	256	
47370	zaledeti	zaledeti	глаг.	zaledi	256	
47372	pribrati	pribrati	прил.	pribran	256	
47380	gnjida	gnjida	сущ.	gnjido	497	
47383	sofisticiran	sofisticiran	прил.	sofisticiran	256	
47384	orentacija	orentacija	сущ.	orijentaciju	256	
47399	bratanac	bratanac	сущ.	bratanac	256	
47408	izjašnjavati	izjašnjavati	глаг.	izjašnjavate	256	
47417	suzdržati	suzdržati	глаг.	suzdržati	256	
47420	kočijaš	kočijaš	сущ.	kočijaš	256	
47427	zalagaonica	zalagaonica	сущ.	zalagaonice	256	
47430	opažanje	opažanje	сущ.	opažanje	511	
47437	razvijanje	razvijanje	сущ.	razvijanje	255	
47442	goveđi	goveđi	прил.	goveđi	255	
47447	skorašnji	skorašnji	прил.	skorašnje	255	
47449	racionalan	racionalan	прил.	racionalan	255	
47456	neznanac	neznanac	сущ.	neznanac	255	
47473	koreografija	koreografija	сущ.	koreografiju	255	
47497	deterdžent	deterdžent	сущ.	deterdžent	255	
47501	glamurozno	glamurozno	нареч.	glamurozno	255	
47508	ubacivanje	ubacivanje	сущ.	ubacivanje	255	
47511	cisterna	cisterna	сущ.	cisterna	255	
47516	polog	polog	сущ.	polog	255	
47522	akcelerator	akcelerator	сущ.	akcelerator	255	
47538	ljiljan	ljiljan	сущ.	ljiljani	255	
47569	kov	kov	сущ.	kova	254	
47572	srebrnjak	srebrnjak	сущ.	srebrnjaka	254	
47577	registarski	registarski	прил.	registarske	254	
47580	gnusno	gnusno	нареч.	gnusno	254	
47582	potrošač	potrošač	сущ.	potrošača	254	
47589	dolazni	dolazni	прил.	dolazni	254	
47594	robijati	robijati	глаг.	robijao	254	
47597	mafijaški	mafijaški	прил.	mafijaški	254	
47602	dokučiti	dokučiti	глаг.	dokučiti	254	
47603	klimatski	klimatski	прил.	klimatske	254	
47605	pisan	pisan	прил.	pisani	493	
47627	džukac	džukac	сущ.	džukac	254	
47629	kopnen	kopnen	прил.	kopnene	254	
47646	polizati	polizati	глаг.	poliži	254	
47658	skiper	skiper	сущ.	skiperu	254	
47667	žurno	žurno	нареч.	žurno	254	
47677	neprimjeren	neprimeren	прил.	neprimjereno	254	
47681	spontan	spontan	прил.	spontana	507	
47682	preceniti	preceniti	прил.	precenjena	254	
47685	književan	književan	прил.	književni	254	
47687	tržnica	tržnica	сущ.	tržnici	254	
47688	ispovraćati	ispovraćati	глаг.	ispovraćao	254	
47689	munuti	munuti	глаг.	muni	254	
47690	imperativ	imperativ	сущ.	imperativ	254	
47693	pobednica	pobednica	сущ.	pobjednici	254	
47696	majčinski	majčinski	прил.	majčinski	253	
47699	memorandum	memorandum	сущ.	memorandum	253	
47707	zaplašiti	zaplašiti	глаг.	zaplaši	253	
47711	peščan	peščan	прил.	peščani	253	
47723	obod	obod	сущ.	obodu	253	
47729	komotno	komotno	нареч.	komotno	253	
47736	šaputanje	šaputanje	сущ.	šaputanja	253	
47738	obramben	obramben	прил.	obrambeni	253	
47755	treptaj	treptaj	сущ.	treptaj	253	
47761	parcela	parcela	сущ.	parcela	253	
47767	nagoveštavati	nagoveštavati	глаг.	nagoveštava	253	
47777	bušiti	bušiti	глаг.	buši	253	
47788	pila	pila	сущ.	pilu	253	
47815	kavaljer	kavaljer	сущ.	kavaljer	252	
47825	cijelokupan	celokupan	прил.	celokupnu	252	
47830	paramparčad	paramparčad	сущ.	paramparčad	252	
47833	supervizor	supervizor	сущ.	supervizor	252	
47842	paketić	paketić	сущ.	paketić	252	
47846	klizaljka	klizaljka	сущ.	klizaljke	252	
47847	dokopati	dokopati	глаг.	dokopa	494	
47853	glista	glista	сущ.	gliste	252	
47855	obrieti	obrieti	глаг.	obrij	252	
47858	zaribati	zaribati	глаг.	zaribao	252	
47863	tarot	tarot	сущ.	tarot	252	
47865	otpadati	otpadati	глаг.	otpadaju	252	
47867	ogledalce	ogledalce	сущ.	ogledalce	252	
47896	zasedanje	zasedanje	сущ.	zasedanje	252	
47897	detonacija	detonacija	сущ.	detonacije	252	
47900	labaratorij	labaratorij	сущ.	labaratoriju	501	
47909	zloća	zloća	сущ.	zloća	252	
47911	smješten	smješten	прил.	smješten	252	
47925	poligon	poligon	сущ.	poligon	252	
47932	šepuriti	šepuriti	глаг.	šepuri	252	
47934	rukovodstvo	rukovodstvo	сущ.	rukovodstvo	251	
47936	posegnuti	posegnuti	глаг.	posegnuo	251	
47938	gostinski	gostinski	прил.	gostinskoj	500	
47939	full	full	сущ.	full	251	
47942	prodreti	prodreti	глаг.	prodre	251	
47943	cepivo	cepivo	сущ.	cjepivo	251	
47989	reciklaža	reciklaža	сущ.	reciklažu	251	
47991	tumačiti	tumačiti	глаг.	tumači	251	
47995	zdanje	zdanje	сущ.	zdanje	251	
48001	opijati	opijati	глаг.	opija	251	
48003	korporativan	korporativan	прил.	korporativni	251	
48006	miroljubiv	miroljubiv	прил.	miroljubivi	251	
48012	špijunaža	špijunaža	сущ.	špijunažu	251	
48013	potisnik	potisnik	сущ.	potisnike	251	
48014	doktorov	doktorov	прил.	doktorova	251	
48019	čarlston	čarlston	сущ.	čarlston	251	
48032	putni	putni	прил.	putne	251	
48033	odonda	odonda	нареч.	odonda	251	
48052	pritajiti	pritajiti	глаг.	pritaji	493	
48061	pokemon	pokemon	сущ.	pokemon	251	
48079	strankinja	strankinja	сущ.	strankinja	250	
48083	pojuriti	pojuriti	глаг.	pojurio	250	
48086	matrica	matrica	сущ.	matricu	250	
48105	zovnuti	zovnuti	глаг.	zovnem	250	
48116	savetnica	savetnica	сущ.	savetnice	487	
48120	zvučno	zvučno	нареч.	zvučno	250	
48126	kuglana	kuglana	сущ.	kuglani	250	
48127	mršavljenje	mršavljenje	сущ.	mršavljenje	250	
48128	obasjati	obasjati	глаг.	obasja	250	
48131	grubost	grubost	сущ.	grubosti	250	
48132	evakuisati	evakuisati	глаг.	evakuisati	250	
48145	promatranje	promatranje	сущ.	promatranje	250	
48147	darivanje	darivanje	сущ.	darivanje	250	
48149	usmeravati	usmeravati	глаг.	usmerava	250	
48150	maći	maći	глаг.	makao	250	
48151	prebijanje	prebijanje	сущ.	prebijanje	250	
48152	testenina	testenina	сущ.	testeninu	250	
48154	raznositi	raznositi	глаг.	raznosi	250	
48162	zodijak	zodijak	сущ.	zodijak	250	
48167	prevladati	prevladati	глаг.	prevladati	250	
48179	naočit	naočit	прил.	naočit	250	
48191	teletina	teletina	сущ.	teletinu	249	
48194	azijat	azijat	сущ.	azijat	249	
48207	miljenica	miljenica	сущ.	miljenica	249	
48213	maženje	maženje	сущ.	maženje	249	
48232	adresirati	adresirati	прил.	adresirano	249	
48236	svitac	svitac	сущ.	svici	249	
48242	impulsivno	impulsivno	нареч.	impulsivno	249	
48249	punk	punk	сущ.	punk	249	
48250	erotski	erotski	прил.	erotski	249	
48254	spokojan	spokojan	прил.	spokojan	249	
48257	indigo	indigo	сущ.	indigo	249	
48279	pripisati	pripisati	глаг.	pripisati	249	
48294	proklizavanje	proklizavanje	сущ.	proklizavanja	249	
48299	pozirati	pozirati	глаг.	pozira	489	
48307	zapalenje	zapalenje	сущ.	zapaljenje	249	
48317	obalni	obalni	прил.	obalna	249	
48322	bostonski	bostonski	прил.	bostonski	249	
48343	konstantan	konstantan	прил.	konstantna	248	
48356	nadjačati	nadjačati	прил.	nadjačani	248	
48361	nanizati	nanizati	глаг.	naniže	248	
48370	koljač	koljač	сущ.	koljač	248	
48372	postupno	postupno	нареч.	postupno	248	
48377	indicija	indicija	сущ.	indicije	248	
48379	lopatica	lopatica	сущ.	lopatice	248	
48416	prigodno	prigodno	нареч.	prigodno	248	
48417	reskirati	reskirati	глаг.	reskirati	248	
48420	procvetati	procvetati	глаг.	procveta	248	
48429	priseban	priseban	прил.	priseban	248	
48435	doprineti	doprineti	глаг.	doprineo	248	
48442	berberin	berberin	сущ.	berberin	248	
48462	uobraziti	uobraziti	прил.	uobraženi	248	
48463	napadno	napadno	нареч.	napadno	248	
48468	toples	toples	сущ.	toplesu	247	
48474	glasovni	glasovni	прил.	glasovnu	247	
48487	varirati	varirati	глаг.	varira	247	
48498	jestiv	jestiv	прил.	jestivo	247	
48514	primarno	primarno	нареч.	primarno	247	
48520	piroman	piroman	сущ.	piroman	247	
48525	oponašati	oponašati	глаг.	oponaša	247	
48538	maneken	maneken	сущ.	maneken	247	
48550	maškara	maškara	сущ.	maškare	247	
48551	nadaleko	nadaleko	нареч.	nadaleko	247	
48555	darežljivo	darežljivo	нареч.	darežljivo	247	
48558	zanosno	zanosno	нареч.	zanosno	247	
48568	mikročip	mikročip	сущ.	mikročip	247	
48580	preleteti	preleteti	глаг.	preleteo	247	
48586	implikacija	implikacija	сущ.	implikacije	247	
48595	veštičarenje	veštičarenje	сущ.	veštičarenje	246	
48598	mačor	mačor	сущ.	mačor	246	
48603	vojnica	vojnica	сущ.	vojnice	246	
48620	labavo	labavo	нареч.	labavo	246	
48628	smotan	smotan	прил.	smotan	246	
48635	tribunal	tribunal	сущ.	tribunal	246	
48644	histerično	histerično	нареч.	histerično	246	
48646	postrance	postrance	нареч.	postrance	246	
48647	zinuti	zinuti	глаг.	zini	246	
48650	trijada	trijada	сущ.	trijade	246	
48674	spoznati	spoznati	глаг.	spoznati	246	
48678	opoziv	opoziv	сущ.	opoziv	246	
48679	bogastvo	bogastvo	сущ.	bogastvo	246	
48683	srdačan	srdačan	прил.	srdačan	246	
48687	neodlučan	neodlučan	прил.	neodlučan	246	
48703	susretati	susretati	глаг.	susrećemo	246	
48706	perač	perač	сущ.	perač	246	
48712	logorski	logorski	прил.	logorske	245	
48715	lomljenje	lomljenje	сущ.	lomljenje	245	
48723	diplomski	diplomski	прил.	diplomski	245	
48734	ophoditi	ophoditi	глаг.	ophodi	245	
48752	formiranje	formiranje	сущ.	formiranje	245	
48764	odbojan	odbojan	прил.	odbojan	245	
48770	prevrtati	prevrtati	глаг.	prevrće	245	
48777	zataškati	zataškati	глаг.	zataška	245	
48782	budno	budno	нареч.	budno	245	
48788	počinuti	počinuti	глаг.	počine	245	
48793	patriotski	patriotski	прил.	patriotski	245	
48802	kockarnica	kockarnica	сущ.	kockarnice	245	
48823	eksperimentisati	eksperimentisati	глаг.	eksperimentisao	245	
48837	nategnuti	nategnuti	прил.	nategnuto	245	
48849	gađenje	gađenje	сущ.	gađenje	244	
48850	prijavak	prijavak	сущ.	prijavak	244	
48855	preko	preko	нареч.	prijeko	244	
48858	hes	hes	сущ.	hes	244	
48860	dildo	dildo	сущ.	dildo	244	
48862	čun	čun	сущ.	čun	244	
48878	nulti	nulti	прил.	nulti	244	
48883	nedovršen	nedovršen	прил.	nedovršena	244	
48888	humanitaran	humanitaran	прил.	humanitarne	244	
48900	nasumičan	nasumičan	прил.	nasumične	244	
48905	odmet	odmet	сущ.	odmet	244	
48933	urezati	urezati	глаг.	urezao	244	
48937	božićnjak	božićnjak	сущ.	božićnjak	244	
48938	ukrug	ukrug	нареч.	ukrug	244	
48943	preduzimati	preduzimati	глаг.	preduzima	244	
48946	zaposjesti	zaposesti	глаг.	zaposeo	244	
48953	topljenje	topljenje	сущ.	topljenje	244	
48982	čistina	čistina	сущ.	čistinu	243	
48995	upiškiti	upiškiti	глаг.	upiškio	243	
49019	vrst	vrst	сущ.	vrst	243	
49022	zagrijati	zagrijati	глаг.	zagrijati	243	
49032	iznuda	iznuda	сущ.	iznuda	481	
49053	neformalno	neformalno	нареч.	neformalno	243	
49059	interni	interni	прил.	interna	243	
49090	nesvestan	nesvestan	прил.	nesvestan	243	
49092	razglas	razglas	сущ.	razglas	243	
49101	bazni	bazni	прил.	bazni	243	
49115	iscelitelj	iscelitelj	сущ.	iscelitelj	242	
49117	parni	parni	прил.	parni	242	
49158	respirator	respirator	сущ.	respirator	242	
49168	dugogodišnji	dugogodišnji	прил.	dugogodišnji	242	
49169	prepirati	prepirati	глаг.	prepirati	242	
49177	aneurizma	aneurizma	сущ.	aneurizmu	242	
49181	beskonačan	beskonačan	прил.	beskonačan	242	
49185	račić	račić	сущ.	račića	242	
49196	skvoš	skvoš	сущ.	skvoš	242	
49206	nuklearka	nuklearka	сущ.	nuklearke	242	
49225	usisavanje	usisavanje	сущ.	usisavanje	242	
49229	kroasan	kroasan	сущ.	kroasan	242	
49230	dekorater	dekorater	сущ.	dekorater	242	
49239	kazan	kazan	сущ.	kazan	242	
49240	promovisati	promovisati	глаг.	promoviše	242	
49249	tajiti	tajiti	глаг.	tajiti	241	
49250	prokockati	prokockati	глаг.	prokockao	241	
49256	prestrog	prestrog	прил.	prestrog	241	
49257	ritualno	ritualno	нареч.	ritualno	241	
49258	koještarija	koještarija	сущ.	koještarije	241	
49259	zečica	zečica	сущ.	zečica	241	
49263	opstajati	opstajati	глаг.	opstaje	241	
49274	rezač	rezač	сущ.	rezač	241	
49275	hunta	hunta	сущ.	hunta	241	
49277	teretiti	teretiti	глаг.	tereti	241	
49283	duhan	duhan	сущ.	duhan	241	
49287	nevernik	nevernik	сущ.	nevernika	241	
49292	upustiti	upustiti	глаг.	upustio	241	
49302	koordinator	koordinator	сущ.	koordinator	241	
49303	naciljati	naciljati	глаг.	naciljaj	241	
49305	izloženost	izloženost	сущ.	izloženost	241	
49310	pešačiti	pešačiti	глаг.	pešačim	241	
49319	galaktika	galaktika	сущ.	galaktika	241	
49323	pročistiti	pročistiti	глаг.	pročistiti	482	
49331	grobar	grobar	сущ.	grobar	241	
49353	raspoloživ	raspoloživ	прил.	raspoložive	241	
49356	telepat	telepat	сущ.	telepata	241	
49365	hodočasnik	hodočasnik	сущ.	hodočasnici	241	
49384	uganuti	uganuti	глаг.	uganuo	240	
49413	maštarija	maštarija	сущ.	maštarija	240	
49433	obližnji	obližnji	прил.	obližnje	240	
49449	poprište	poprište	сущ.	poprište	240	
49457	kockarski	kockarski	прил.	kockarski	240	
49470	reklamni	reklamni	прил.	reklamni	240	
49490	žad	žad	сущ.	žad	240	
49492	arka	arka	сущ.	arku	240	
49503	vidno	vidno	нареч.	vidno	240	
49510	levoruk	levoruk	прил.	levoruk	240	
49525	odricanje	odricanje	сущ.	odricanje	240	
49529	beznadno	beznadno	нареч.	beznadno	239	
49533	nepoverenje	nepoverenje	сущ.	nepoverenje	239	
49544	bilježnica	bilježnica	сущ.	bilježnicu	239	
49547	vapaj	vapaj	сущ.	vapaj	239	
49551	nezdravo	nezdravo	нареч.	nezdravo	239	
49560	percepcija	percepcija	сущ.	percepcija	239	
49567	sretnica	sretnica	сущ.	sretnica	239	
49570	izvirati	izvirati	глаг.	izvire	239	
49576	žiri	žiri	сущ.	žiri	239	
49577	unosan	unosan	прил.	unosan	239	
49578	primat	primat	сущ.	primata	239	
49581	tribun	tribun	сущ.	tribune	239	
49588	nasamariti	nasamariti	глаг.	nasamario	239	
49594	rasporediti	rasporediti	глаг.	rasporedi	239	
49600	prodavanje	prodavanje	сущ.	prodavanje	239	
49622	dotrčati	dotrčati	глаг.	dotrčao	239	
49627	zalagati	zalagati	глаг.	zalaže	239	
49628	klimnuti	klimnuti	глаг.	klimni	239	
49630	konzola	konzola	сущ.	konzolu	239	
49638	momčić	momčić	сущ.	momčić	239	
49651	prohladan	prohladan	прил.	prohladno	239	
49652	privlačenje	privlačenje	сущ.	privlačenje	239	
49656	proglas	proglas	сущ.	proglas	239	
49660	saveznički	saveznički	прил.	savezničke	239	
49667	neobavezno	neobavezno	нареч.	neobavezno	239	
49670	matematik	matematik	сущ.	matematikom	239	
49682	apostol	apostol	сущ.	apostola	238	
49694	privržen	privržen	прил.	privržen	238	
49695	stabilizovati	stabilizovati	глаг.	stabilizuje	238	
49701	glasovanje	glasovanje	сущ.	glasovanje	238	
49723	surfanje	surfanje	сущ.	surfanje	238	
49727	luksuzno	luksuzno	нареч.	luksuzno	238	
49728	odbrojavati	odbrojavati	глаг.	odbrojava	238	
49736	autocesta	autocesta	сущ.	autocesti	238	
49751	trčkarati	trčkarati	глаг.	trčkara	238	
49756	zavrnuti	zavrnuti	глаг.	zavrnuo	238	
49772	dozvati	dozvati	глаг.	dozvati	238	
49773	ogovarati	ogovarati	глаг.	ogovaraju	238	
49776	zavistan	zavistan	прил.	zavistan	238	
49782	bombaški	bombaški	прил.	bombaški	238	
49786	nes	nes	сущ.	nesa	238	
49790	množina	množina	сущ.	množina	238	
49795	uslužiti	uslužiti	глаг.	uslužiti	238	
49796	odazivati	odazivati	глаг.	odaziva	238	
49811	brushalter	brushalter	сущ.	brushalter	237	
49817	postignuće	postignuće	сущ.	postignuće	237	
49825	stimulans	stimulans	сущ.	stimulans	237	
49829	komunikacijski	komunikacijski	прил.	komunikacijski	237	
49838	nadmašivati	nadmašivati	глаг.	nadmašuje	237	
49840	izginuti	izginuti	глаг.	izginuti	237	
49848	neiskusan	neiskusan	прил.	neiskusan	237	
49855	porezni	porezni	прил.	porezne	237	
49876	nesebično	nesebično	нареч.	nesebično	237	
49885	mešanac	mešanac	сущ.	mešanac	237	
49887	povremen	povremen	прил.	povremeni	237	
49892	glazbenik	glazbenik	сущ.	glazbenik	237	
49895	dekret	dekret	сущ.	dekret	237	
49912	zaluđenik	zaluđenik	сущ.	zaluđenik	237	
49913	iziskivati	iziskivati	глаг.	iziskuje	237	
49929	logički	logički	нареч.	logički	237	
49930	regulator	regulator	сущ.	regulator	237	
49933	masnica	masnica	сущ.	masnice	237	
49940	guz	guz	сущ.	guzove	237	
49975	očuvati	očuvati	глаг.	očuvati	236	
49987	poniznost	poniznost	сущ.	poniznost	236	
49993	demokracija	demokracija	сущ.	demokracija	236	
49994	ljeti	ljeti	нареч.	ljeti	236	летом
